scenario,profile,mode,seed,stop_reason,collected,collected_ratio,collected_mass_kg,collected_mass_per_meter,path_length_m,sim_time_s,goal_count,evaluated_goal_count,empty_goal_arrivals,empty_goal_arrivals_per_km,wasted_path_to_empty_goals,wasted_path_ratio,wasted_time_to_empty_goals,wasted_time_ratio,goal_success_rate,route_false_visits,capture_contacts,terminal_capture_attempts,successful_captures,missed_capture_count,missed_captures,partial_contact_events,throughput_limit_events,bin_full_events,collection_precision,pushed_away_events,pushed_away_debris_count,info_gain_total,unload_events,auc_collected_by_path,collected_ratio_at_1km,collected_ratio_at_2km,collected_ratio_at_3km,map_precision,map_recall,map_f1,map_iou,map_brier,count_mae,detection_precision,detection_recall,false_detection_count,true_detection_count,camera_detection_precision,camera_detection_recall,camera_false_detection_count,camera_true_detection_count,radar_detection_precision,radar_detection_recall,radar_false_detection_count,radar_true_detection_count,near_range_detection_precision,near_range_detection_count,mid_range_detection_precision,mid_range_detection_count,far_range_detection_precision,far_range_detection_count,config_hash,git_commit,git_dirty,runner
static_calm,nominal,lawnmower_collect,0,time_budget,0,0.0,0.0,0.0,3194.7000000012067,5401.0,34,33,33,10.329608413931679,3095.2500000011464,0.9688703164616325,5233.0,0.9688946491390483,0.0,0,0,0,0,0,0,0,0,0,0.0,0,0,-0.0839899160661942,0,0.0,0.0,0.0,0.0,0.0,0.0,0.0,0.0,0.014701495973727347,0.01981958475381063,0.791828793774319,0.2,428,1628,0.5972222222222222,0.03333333333333333,29,43,0.7988911290322581,0.2,399,1585,0.20481927710843373,83,0.7864357864357865,693,0.8328125,1280,3bcd58746886,317f685,False,run_experiments
static_calm,nominal,lawnmower_collect,1,time_budget,11,0.07333333333333333,4.060171930837208,0.0012709086708722803,3194.7000000012067,5401.0,34,33,27,8.451497793216829,1972.9500000007952,0.6175697248568097,3347.0,0.6197000555452694,0.18181818181818182,0,111,13,11,2,2,98,0,0,0.8461538461538461,0,0,-0.16009239879177256,0,0.03890916666665837,0.02666666666666667,0.04,0.07333333333333333,0.2564102564102564,0.07246376811594203,0.11299435028248588,0.059880239520958084,0.015003274760980616,0.029750831594582267,0.9471834976765272,0.44666666666666666,466,8357,0.9819958847736625,0.2733333333333333,35,1909,0.9373455444105248,0.44666666666666666,431,6448,0.9712722298221614,2193,0.9572004028197382,3972,0.9123401053423627,2658,93ebb4662848,317f685,False,run_experiments
static_calm,nominal,lawnmower_collect,2,time_budget,7,0.04666666666666667,2.8911020240930596,0.0009049682361698963,3194.7000000012067,5401.0,34,33,27,8.451497793216829,1973.2500000006535,0.617663630387801,3348.0,0.6198852064432513,0.18181818181818182,0,71,8,7,1,1,63,0,0,0.875,0,0,-0.1535574380604794,0,0.021805277777771144,0.006666666666666667,0.02666666666666667,0.04,0.18421052631578946,0.04895104895104895,0.07734806629834254,0.040229885057471264,0.0160753804511602,0.030602341286459965,0.9308463580064877,0.44666666666666666,469,6313,0.9777411376751854,0.16666666666666666,27,1186,0.920632070389657,0.44666666666666666,442,5127,0.9569657184536834,1371,0.9410887397464579,2682,0.9076584829607915,2729,3b9d4f9290c8,317f685,False,run_experiments
static_calm,nominal,lawnmower_collect,3,time_budget,17,0.11333333333333333,6.691002643000681,0.002094407187841786,3194.7000000012067,5401.0,34,33,22,6.886405609287786,1037.2500000002278,0.32467837355615115,1776.0,0.32882799481577485,0.3333333333333333,0,188,20,17,3,3,165,3,0,0.85,0,0,-0.1805854340602498,0,0.05283722222220606,0.02,0.05333333333333334,0.1,0.23484848484848486,0.2421875,0.23846153846153847,0.13537117903930132,0.017480665406490015,0.04579059121490465,0.9663680534467052,0.6266666666666667,443,12729,0.9925163704396632,0.3933333333333333,24,3183,0.9579528349222278,0.6266666666666667,419,9546,0.9853411513859275,3752,0.9727288222260099,5867,0.9358288770053476,3553,b48f1de66202,317f685,False,run_experiments
static_calm,nominal,lawnmower_collect,4,time_budget,18,0.12,5.821364409311964,0.0018221943873633721,3194.7000000012067,5401.0,34,33,22,6.886405609287786,1391.7000000005514,0.43562775847498225,2366.0,0.4380670246250694,0.3333333333333333,0,206,24,18,6,6,182,0,0,0.75,0,0,-0.18260186104396978,0,0.06161305555554078,0.03333333333333333,0.06666666666666667,0.12,0.2159090909090909,0.14728682170542637,0.17511520737327188,0.09595959595959595,0.01602715747046393,0.039882137367486165,0.9610170918582134,0.6,463,11414,0.9890400604686319,0.35333333333333333,29,2617,0.9529845087206154,0.6,434,8797,0.981038234379857,3217,0.9671002295332823,5228,0.932983682983683,3432,c26cfed22dd2,317f685,False,run_experiments
static_calm,nominal,lawnmower_collect,5,time_budget,3,0.02,1.5245645205216851,0.00047721680299280347,3194.7000000012067,5401.0,34,33,30,9.390553103574254,2534.2500000009354,0.7932669734247279,4290.0,0.7942973523421588,0.09090909090909091,0,24,3,3,0,0,21,0,0,1.0,0,0,-0.142130717225699,0,0.01107083333333107,0.006666666666666667,0.013333333333333334,0.02,0.21739130434782608,0.03496503496503497,0.060240963855421686,0.031055900621118012,0.015111697483116174,0.027141523426880032,0.9162195625257945,0.4,406,4440,0.9653284671532847,0.12666666666666668,19,529,0.90995812005584,0.4,387,3911,0.9210110584518167,633,0.9312221672439387,2021,0.9010036496350365,2192,ed4516ac721a,317f685,False,run_experiments
static_calm,nominal,lawnmower_collect,6,time_budget,9,0.06,2.895928211291564,0.0009064789217424077,3194.7000000012067,5401.0,34,33,24,7.512442482859403,1412.1000000007384,0.44201333458547126,2405.0,0.4452879096463618,0.2727272727272727,0,88,11,9,2,2,77,0,0,0.8181818181818182,0,0,-0.1655168886729577,0,0.03749416666666257,0.02666666666666667,0.04,0.06,0.35714285714285715,0.03571428571428571,0.06493506493506494,0.03355704697986577,0.014126955169776256,0.02626421590249582,0.9385315879339784,0.6,432,6596,0.966702470461869,0.16,31,900,0.9342299491553223,0.6,401,5696,0.9535315985130112,1076,0.9428786170612552,2661,0.9301124278334852,3291,aed1d61db02b,317f685,False,run_experiments
static_calm,nominal,lawnmower_collect,7,time_budget,8,0.05333333333333334,1.969520832838231,0.0006164963323121067,3194.7000000012067,5401.0,34,33,27,8.451497793216829,1973.2500000006535,0.617663630387801,3348.0,0.6198852064432513,0.18181818181818182,0,118,13,8,5,5,105,0,0,0.6153846153846154,0,0,-0.17891289546904726,0,0.03140749999999544,0.02,0.03333333333333333,0.05333333333333334,0.28378378378378377,0.14788732394366197,0.19444444444444442,0.1076923076923077,0.016020469111648436,0.03565510789175712,0.9540900690594301,0.5666666666666667,472,9809,0.9861687413554634,0.32666666666666666,30,2139,0.9455128205128205,0.5666666666666667,442,7670,0.9749568221070811,2316,0.9643923240938166,4690,0.9245801526717558,3275,641b119c0b4a,317f685,False,run_experiments
static_calm,nominal,lawnmower_collect,8,time_budget,16,0.10666666666666667,5.683118433004939,0.0017789208479678192,3194.7000000012067,5401.0,34,33,24,7.512442482859403,1411.9500000005637,0.4419663818198987,2403.0,0.4449176078503981,0.2727272727272727,0,143,17,16,1,1,126,0,0,0.9411764705882353,0,0,-0.1899979924645931,0,0.0699716666666608,0.04,0.08666666666666667,0.1,0.20754716981132076,0.08396946564885496,0.11956521739130435,0.06358381502890173,0.015199442918978323,0.034082310494583976,0.9509477192251614,0.6066666666666667,471,9131,0.988089073019161,0.2733333333333333,23,1908,0.9415982270890366,0.6066666666666667,448,7223,0.9762624082865775,2317,0.9609756097560975,3895,0.9221238938053097,3390,6c74bf1e4154,317f685,False,run_experiments
static_calm,nominal,lawnmower_collect,9,time_budget,7,0.04666666666666667,3.1110767676369484,0.0009738243865263634,3194.7000000012067,5401.0,34,33,28,8.764516230002636,2159.700000000863,0.6760259179265806,3662.0,0.6780225884095538,0.15151515151515152,0,79,9,7,2,2,70,0,0,0.7777777777777778,0,0,-0.16984038517500774,0,0.025764166666662352,0.02,0.02666666666666667,0.04666666666666667,0.25396825396825395,0.11188811188811189,0.15533980582524273,0.08421052631578947,0.016042325992402035,0.03378246617268638,0.9388789913663149,0.46,446,6851,0.9840865690642903,0.22666666666666666,25,1546,0.9264757247642333,0.46,421,5305,0.9714434060228453,1926,0.9493132766514062,3058,0.8979680069174233,2313,495ac75c2652,317f685,False,run_experiments
static_calm,nominal,greedy,0,time_budget,34,0.22666666666666666,12.575217725151724,0.00355071450398345,3541.6020384190083,5401.0,218,217,183,51.67153113614433,3058.9049064918418,0.8637065580234855,4725.0,0.8748379929642659,0.15668202764976957,0,555,51,34,17,17,499,5,0,0.6666666666666666,0,0,-0.10668042180802009,0,0.10020141832157861,0.06,0.09333333333333334,0.18,0.1836734693877551,0.23478260869565218,0.20610687022900764,0.1148936170212766,0.017944676282526238,0.048770499853532635,0.9516978594643057,0.5933333333333334,431,8492,0.993439226519337,0.5666666666666667,19,2877,0.9316409490625519,0.5933333333333334,412,5615,0.9893238434163701,3934,0.9522184300341296,3516,0.8499660556687033,1473,589c4955b6df,317f685,False,run_experiments
static_calm,nominal,greedy,1,time_budget,57,0.38,19.928668269229025,0.005722413069064549,3482.5637416780874,5401.0,241,240,184,52.834639549580466,2799.958033725027,0.8039933340533362,4406.0,0.815774856508054,0.23333333333333334,0,822,72,57,15,15,740,10,0,0.7916666666666666,0,0,-0.14919705454672166,0,0.1956180467403448,0.06,0.24666666666666667,0.3466666666666667,0.2054794520547945,0.16129032258064516,0.18072289156626503,0.09933774834437085,0.011297109211037562,0.031383661392201626,0.9586088216647043,0.8866666666666667,457,10584,0.9930575643621637,0.8533333333333334,24,3433,0.9429061181434599,0.8866666666666667,433,7151,0.9871382636655949,4665,0.9628269848554383,4358,0.8835480673934589,2018,8fd7a01a90b2,317f685,False,run_experiments
static_calm,nominal,greedy,2,time_budget,64,0.4266666666666667,23.292183469089487,0.006863192089420549,3393.7828295661207,5401.0,247,246,183,53.92213031598009,2708.348481566995,0.798032348437936,4359.0,0.8070727643029069,0.25609756097560976,0,757,75,64,11,11,682,0,0,0.8533333333333334,0,0,-0.1819295406152778,0,0.22749748104458503,0.19333333333333333,0.24,0.38666666666666666,0.17543859649122806,0.23255813953488372,0.2,0.1111111111111111,0.0130521031911395,0.04036281950947518,0.9584898391601656,0.98,431,9952,0.9950116395078151,0.8666666666666667,15,2992,0.9436008676789588,0.98,416,6960,0.9860811135109191,4167,0.9615585774058577,3824,0.9055183946488294,2392,9878e6b38928,317f685,False,run_experiments
static_calm,nominal,greedy,3,time_budget,79,0.5266666666666666,29.598934822467957,0.008400012352657183,3523.677535200874,5401.0,239,237,162,45.97469501157542,2469.0237830212295,0.7006951567946124,3913.0,0.7244954638029995,0.31645569620253167,0,1090,103,79,24,24,970,17,0,0.7669902912621359,0,0,-0.1817831478059753,1,0.355746752870561,0.28,0.4266666666666667,0.49333333333333335,0.25,0.2857142857142857,0.26666666666666666,0.15384615384615385,0.00936271503709625,0.02885448714127034,0.9597742340082422,1.0,449,10713,0.9928057553956835,0.9666666666666667,24,3312,0.9456938410426783,1.0,425,7401,0.9908178518043989,4683,0.9585241730279899,3930,0.9046684974499803,2549,bdcb668c267c,317f685,False,run_experiments
static_calm,nominal,greedy,4,time_budget,57,0.38,19.490942363004994,0.005737192787027402,3397.2960446922316,5401.0,246,245,190,55.926830485334555,2772.893263824281,0.8162059553675085,4469.0,0.8274393630809109,0.22448979591836735,0,792,73,57,16,16,718,1,0,0.7808219178082192,0,0,-0.1924614717454988,0,0.20419284882079297,0.08666666666666667,0.26,0.3466666666666667,0.375,0.0989010989010989,0.1565217391304348,0.08490566037735849,0.009088631492040864,0.025525651413147655,0.9643164566867517,1.0,456,12323,0.9925947023639988,0.9866666666666667,26,3485,0.9536037980146741,1.0,430,8838,0.9887052917799624,4781,0.967266775777414,4888,0.9221864951768489,3110,6fc6ad17831d,317f685,False,run_experiments
static_calm,nominal,greedy,5,time_budget,50,0.3333333333333333,17.23973503992026,0.005305831556100138,3249.2051166041374,5401.0,260,259,210,64.63119208044294,2683.2687310710444,0.8258231274347574,4569.0,0.8459544528790964,0.1891891891891892,0,776,66,50,16,16,702,8,0,0.7575757575757576,0,0,-0.1775385123860385,0,0.24192952240357177,0.18,0.29333333333333333,0.32666666666666666,0.25675675675675674,0.19,0.21839080459770116,0.12258064516129032,0.012443177394147567,0.03390290604802496,0.965748268593797,0.7333333333333333,455,12829,0.9941070971047912,0.6866666666666666,23,3880,0.9539494723377039,0.7333333333333333,432,8949,0.9895833333333334,5280,0.9689265536723164,5310,0.9127691165553081,2694,8d63081014ba,317f685,False,run_experiments
static_calm,nominal,greedy,6,time_budget,44,0.29333333333333333,14.846945713229722,0.004194601667573375,3539.536501881679,5401.0,222,221,178,50.28907030775699,3040.4831237927074,0.8590060088874161,4662.0,0.863173486391409,0.19457013574660634,0,626,61,44,17,17,565,0,0,0.7213114754098361,0,0,-0.13739355401631273,0,0.14622649965192971,0.04666666666666667,0.17333333333333334,0.26666666666666666,0.17721518987341772,0.13333333333333333,0.15217391304347824,0.08235294117647059,0.01364141828035942,0.031416352296904496,0.9447338618346546,0.6733333333333333,488,8342,0.9896702423520064,0.52,26,2491,0.9268176778076984,0.6733333333333333,462,5851,0.9812711083819465,3257,0.9528412419449326,3414,0.8767948124131543,2159,5f2b596e208c,317f685,False,run_experiments
static_calm,nominal,greedy,7,time_budget,45,0.3,16.546436071919068,0.004836850267823939,3420.9113691177336,5401.0,239,239,196,57.29467350992761,2816.603935234447,0.8233489942654844,4552.0,0.8428068876134049,0.1799163179916318,0,601,60,45,15,15,541,0,0,0.75,0,0,-0.16778833132326992,0,0.17630681011807345,0.13333333333333333,0.17333333333333334,0.2733333333333333,0.21212121212121213,0.13333333333333333,0.16374269005847955,0.08917197452229299,0.012601909047555324,0.03396927355638722,0.9463509494394875,0.8666666666666667,469,8273,0.9903225806451613,0.7133333333333334,24,2456,0.9289364420312999,0.8666666666666667,445,5817,0.9818775995246584,3366,0.9501420006311139,3169,0.8867240598096964,2207,e37bbe85f4a1,317f685,False,run_experiments
static_calm,nominal,greedy,8,time_budget,66,0.44,22.070216478361225,0.006658475840528706,3314.604874590755,5401.0,257,256,193,58.2271514410384,2489.5397897476296,0.7510819189436587,4216.0,0.7805961858915016,0.24609375,0,819,80,66,14,14,722,17,0,0.825,0,0,-0.20179619330774695,0,0.2681413594988521,0.19333333333333333,0.31333333333333335,0.4266666666666667,0.21052631578947367,0.23809523809523808,0.22346368715083798,0.12578616352201258,0.01197739449862991,0.03714063109233018,0.9617584828775174,0.92,488,12273,0.9918470621310093,0.86,29,3528,0.9501303780964798,0.92,459,8745,0.986855831420822,4793,0.9656496261871085,4949,0.9155349453461411,3019,0dff01c41974,317f685,False,run_experiments
static_calm,nominal,greedy,9,time_budget,50,0.3333333333333333,19.0331068717169,0.005598791331114584,3399.502811605566,5401.0,242,241,191,56.18468658062141,2925.42559897426,0.8605451329491909,4648.0,0.860581373819663,0.2074688796680498,0,766,72,50,22,22,694,0,0,0.6944444444444444,0,0,-0.13031921586721684,0,0.15809238902693146,0.12,0.13333333333333333,0.28,0.1728395061728395,0.14,0.15469613259668508,0.08383233532934131,0.013362280084433357,0.03639701935881325,0.9535789473684211,0.76,441,9059,0.9877800407331976,0.6666666666666666,36,2910,0.9382056759231004,0.76,405,6149,0.9811505507955937,4085,0.9622277364212848,3627,0.8730425055928411,1788,1ff63c81db95,317f685,False,run_experiments
static_calm,nominal,confirmed_route,0,path_budget,38,0.25333333333333335,13.112607145644795,0.0036422562634829615,3600.1330486025904,4351.0,111,110,73,20.277028380474803,2821.8977361932184,0.7838315134738012,3348.0,0.7694782808549758,0.33636363636363636,59,532,52,38,14,14,476,4,0,0.7307692307692307,0,0,-0.1507649954846783,0,0.12274505112819241,0.06666666666666667,0.16666666666666666,0.21333333333333335,0.19696969696969696,0.11711711711711711,0.14689265536723164,0.07926829268292683,0.014264556858905654,0.037536017356975725,0.9474630167288816,0.86,380,6853,0.9877986781901372,0.6066666666666667,24,1943,0.9323965058868211,0.86,356,4910,0.9799518845228549,2494,0.9498109315916122,2909,0.8994535519125683,1830,13fb2903f2be,317f685,False,run_experiments
static_calm,nominal,confirmed_route,1,path_budget,39,0.26,12.13631861990557,0.0033709941581874614,3600.2194161116868,4366.0,113,112,74,20.55430279300076,2668.7618024557055,0.7412775428387709,3231.0,0.7400366468163079,0.3392857142857143,65,575,57,39,18,18,497,21,0,0.6842105263157895,0,0,-0.11327148392864293,0,0.15758977721505077,0.08666666666666667,0.19333333333333333,0.24,0.20512820512820512,0.07207207207207207,0.10666666666666667,0.056338028169014086,0.012349615720695982,0.026060412431130987,0.9447529961999416,0.6466666666666666,378,6464,0.9899521531100478,0.4266666666666667,21,2069,0.9248737373737373,0.6466666666666666,357,4395,0.9808575803981623,2612,0.9475683890577508,2632,0.8811013767209012,1598,cb71c5b9f4dd,317f685,False,run_experiments
static_calm,nominal,confirmed_route,2,path_budget,41,0.2733333333333333,14.825733766051092,0.00411803761341379,3600.193868496696,4647.0,146,145,104,28.887333237814342,2871.3280272562997,0.7975481688310461,3703.0,0.7968581880783301,0.2827586206896552,95,563,52,41,11,11,504,7,0,0.7884615384615384,0,0,-0.15129714376393041,0,0.136884456203022,0.08666666666666667,0.13333333333333333,0.24,0.22321428571428573,0.22935779816513763,0.2262443438914027,0.12755102040816327,0.014791382029934252,0.0405617681869569,0.956805125939019,0.8533333333333334,391,8661,0.9885466034755134,0.6466666666666666,29,2503,0.944478527607362,0.8533333333333334,362,6158,0.9845605700712589,3368,0.9664852477800058,3491,0.8987688098495212,2193,51a6fbc22a9a,317f685,False,run_experiments
static_calm,nominal,confirmed_route,3,path_budget,54,0.36,19.087033593708824,0.005301918574856,3600.0239015792936,4582.0,144,143,89,24.72205808438011,2612.54983024687,0.725703467996635,3294.0,0.7189000436490616,0.3776223776223776,79,777,75,54,21,21,694,8,0,0.72,0,0,-0.16113224447373517,0,0.19887958700456249,0.13333333333333333,0.23333333333333334,0.31333333333333335,0.19101123595505617,0.18478260869565216,0.18784530386740333,0.10365853658536585,0.012351411914896804,0.035450241563852805,0.9607996099463676,0.92,402,9853,0.9938847763115546,0.7266666666666667,19,3088,0.9464185786233912,0.92,383,6765,0.9876106194690265,3955,0.9665629860031104,3858,0.9082719082719083,2442,d079ed95c133,317f685,False,run_experiments
static_calm,nominal,confirmed_route,4,path_budget,66,0.44,20.62152055445731,0.005727858374837038,3600.2148106610625,5024.0,197,196,131,36.38671770697652,2572.8517059243786,0.7146383872166666,3634.0,0.723328025477707,0.33163265306122447,127,931,89,66,23,23,826,16,0,0.7415730337078652,0,0,-0.16697594025171547,0,0.2456767565844491,0.17333333333333334,0.3,0.36666666666666664,0.16831683168316833,0.20238095238095238,0.18378378378378382,0.10119047619047619,0.012120961983787325,0.03477251384428268,0.9709719281469845,0.9266666666666666,425,14216,0.9937590014402304,0.8466666666666667,26,4140,0.961909307875895,0.9266666666666666,399,10076,0.9887045534768797,5666,0.9730506647502695,5566,0.9381050161337635,3409,a6e9e09793a1,317f685,False,run_experiments
static_calm,nominal,confirmed_route,5,path_budget,59,0.3933333333333333,19.931283960749838,0.005536219031084108,3600.161743753638,4886.0,177,176,119,33.05407047515787,2678.3204358662683,0.7439444743040268,3644.0,0.745804338927548,0.32386363636363635,111,907,89,59,30,30,808,10,0,0.6629213483146067,0,0,-0.14925671309417027,0,0.20783860711894536,0.08,0.26666666666666666,0.36,0.14634146341463414,0.13333333333333333,0.13953488372093023,0.075,0.012955772321986496,0.038330711872182885,0.9670778531165755,0.76,403,11838,0.9945054945054945,0.6866666666666666,20,3620,0.9554702941518428,0.76,383,8218,0.989922940130409,5061,0.965222823823407,4802,0.9222035323801514,2378,224ea33284ba,317f685,False,run_experiments
static_calm,nominal,confirmed_route,6,path_budget,54,0.36,19.407392036272498,0.005390751265743987,3600.1275294593006,4653.0,151,150,96,26.66572203746853,2260.9912889130524,0.6280308879093036,3005.0,0.6458199011390501,0.36,88,745,73,54,19,19,665,7,0,0.7397260273972602,0,0,-0.15132308127326444,0,0.2020260932615158,0.12666666666666668,0.25333333333333335,0.32,0.1346153846153846,0.14736842105263157,0.1407035175879397,0.07567567567567568,0.014013934658395524,0.04199345755225812,0.9602921510132703,0.8933333333333333,386,9335,0.9869281045751634,0.7266666666666667,36,2718,0.9497631692263528,0.8933333333333333,350,6617,0.984743411927878,3605,0.9592050209205021,3824,0.9236474694589878,2292,85921c496a42,317f685,False,run_experiments
static_calm,nominal,confirmed_route,7,path_budget,42,0.28,13.625934737024552,0.003784978928873863,3600.002798715355,4273.0,103,102,63,17.49998639514427,2423.4201017107475,0.6731717271374162,2878.0,0.6735314767142523,0.38235294117647056,54,716,67,42,25,25,649,0,0,0.6268656716417911,0,0,-0.14781344625384374,0,0.16249478338939494,0.11333333333333333,0.20666666666666667,0.24,0.1111111111111111,0.07407407407407407,0.08888888888888888,0.046511627906976744,0.014399952523445813,0.0369005544491246,0.9466737768297561,0.9,400,7101,0.9940339605323543,0.6066666666666667,13,2166,0.9272829763246899,0.9,387,4935,0.9796220822526862,2699,0.9475574712643678,2784,0.9013875123885035,2018,7988a1739c64,317f685,False,run_experiments
static_calm,nominal,confirmed_route,8,path_budget,56,0.37333333333333335,18.485938292406033,0.005134756811308227,3600.158483006366,4794.0,169,168,112,31.109741565174858,2403.0320962835744,0.6674795311446641,3303.0,0.6889862327909887,0.3333333333333333,106,716,64,56,8,8,649,3,0,0.875,0,0,-0.20290145707707452,0,0.20374145591722628,0.1025917299871838,0.26,0.31333333333333335,0.1895424836601307,0.3118279569892473,0.23577235772357727,0.1336405529953917,0.015098750560128302,0.04982827976887231,0.9600643259179844,1.0,447,10746,0.9928871645651471,0.92,22,3071,0.9475308641975309,1.0,425,7675,0.9864532019704434,4060,0.9649651972157772,4310,0.9146298264257882,2823,8e4390e9c7d6,317f685,False,run_experiments
static_calm,nominal,confirmed_route,9,path_budget,31,0.20666666666666667,10.158011747936998,0.0028216435182894283,3600.033697415864,4273.0,94,93,62,17.222061016957742,2948.8156650166165,0.8191077953335,3447.0,0.8066931897963959,0.3333333333333333,54,438,43,31,12,12,395,0,0,0.7209302325581395,0,0,-0.1392709677466895,0,0.10654148718095173,0.07333333333333333,0.12,0.16666666666666666,0.15853658536585366,0.1092436974789916,0.12935323383084577,0.06914893617021277,0.015725567687055603,0.03771329570759009,0.9374142661179699,0.6333333333333333,365,5467,0.989480198019802,0.44,17,1599,0.9174573055028463,0.6333333333333333,348,3868,0.9789976133651551,2095,0.9442413162705667,2188,0.8715300193673338,1549,c31cc09f249d,317f685,False,run_experiments
static_calm,nominal,belief_horizon,0,time_budget,69,0.46,24.261485515217917,0.008609210133778513,2818.084950677089,5401.0,228,166,104,36.90449430029154,1630.6931492931215,0.5786529426308891,2993.0,0.5541566376596927,0.37349397590361444,0,797,91,69,22,22,688,18,0,0.7582417582417582,0,0,-0.15052843469720176,0,0.2769675040810638,0.17333333333333334,0.3333333333333333,0.46,0.07142857142857142,0.025,0.03703703703703704,0.018867924528301886,0.00955288181622903,0.021141090331034496,0.959910078681154,0.88,428,10248,0.9929667519181585,0.8533333333333334,22,3106,0.9462109167991521,0.88,406,7142,0.9850037490627344,4001,0.9674681753889675,4242,0.9054665022605837,2433,5ee0f3529332,317f685,False,run_experiments
static_calm,nominal,belief_horizon,1,time_budget,54,0.36,18.03921547832102,0.006216433068294845,2901.859519782321,5401.0,215,160,111,38.25133478836581,1817.728368930881,0.6264012287773446,3252.0,0.6021107202369932,0.30625,0,738,86,54,32,32,652,0,0,0.627906976744186,0,0,-0.14944902961328616,0,0.22756492825900712,0.14666666666666667,0.26666666666666666,0.36,0.13924050632911392,0.11578947368421053,0.1264367816091954,0.06748466257668712,0.013092744192754304,0.03370538395377541,0.9581944088227751,0.86,489,11208,0.9903791737408036,0.7866666666666666,34,3500,0.9442606884723753,0.86,455,7708,0.9855534310601233,4707,0.961250550418318,4542,0.8999183006535948,2448,161f8f9e2342,317f685,False,run_experiments
static_calm,nominal,belief_horizon,2,time_budget,66,0.44,21.27338012193906,0.007546519018581202,2818.9659456975173,5401.0,214,148,94,33.34556068102515,1604.1485786399735,0.5690556784087178,2949.0,0.546009998148491,0.36486486486486486,0,773,89,66,23,23,683,1,0,0.7415730337078652,0,0,-0.1607153797897894,0,0.28486021893565006,0.12666666666666668,0.3933333333333333,0.44,0.2222222222222222,0.09523809523809523,0.13333333333333333,0.07142857142857142,0.00936551443382428,0.0207956094449327,0.9552703228315831,0.98,460,9824,0.9897470950102529,0.8733333333333333,30,2896,0.9415602065778744,0.98,430,6928,0.9846872566831041,3853,0.9608138658628486,3981,0.9,2450,8fee4c3ad4ba,317f685,False,run_experiments
static_calm,nominal,belief_horizon,3,time_budget,85,0.5666666666666667,31.05591552233077,0.011336154768083851,2739.545829928727,5401.0,238,161,96,35.042304805135366,1092.9303525607336,0.39894581817934677,2300.0,0.425847065358267,0.40372670807453415,0,941,110,85,25,25,830,1,0,0.7727272727272727,0,0,-0.17527135334712116,1,0.37014023547386427,0.24,0.48,0.5666666666666667,0.12987012987012986,0.15625,0.14184397163120568,0.07633587786259542,0.010241537366615469,0.03228775894430835,0.9629166991958779,0.9933333333333333,475,12334,0.9933110367892977,0.9466666666666667,26,3861,0.9496749607711276,0.9933333333333333,449,8473,0.9875431199693369,5218,0.9688870327834621,4789,0.9068522483940042,2802,8d2f8c8cd1dc,317f685,False,run_experiments
static_calm,nominal,belief_horizon,4,time_budget,81,0.54,27.518486628912772,0.009422698734158028,2920.4464034444914,5401.0,221,161,88,30.13237972667784,1285.3348923666822,0.44011589832660747,2411.0,0.44639881503425294,0.453416149068323,0,908,105,81,24,24,797,6,0,0.7714285714285715,0,0,-0.19520069626531272,1,0.33097340490408883,0.2,0.3933333333333333,0.54,0.1794871794871795,0.20588235294117646,0.19178082191780824,0.10606060606060606,0.010091912333740486,0.03200731671556314,0.9674510356488657,1.0,462,13732,0.9920533196616252,0.94,31,3870,0.9581268823472263,1.0,431,9862,0.9882305194805194,4928,0.9679098005203816,5765,0.9374464438731791,3501,175c5a473780,317f685,False,run_experiments
static_calm,nominal,belief_horizon,5,time_budget,67,0.44666666666666666,21.166215624016736,0.00782572689997713,2704.6964319798326,5401.0,235,143,88,32.535998849817005,1232.002565190086,0.4555049323181391,2437.0,0.45121273838178116,0.38461538461538464,0,691,80,67,13,13,606,5,0,0.8375,0,0,-0.1340720012728639,0,0.31107485740097524,0.18666666666666668,0.42,0.44666666666666666,0.1891891891891892,0.0875,0.11965811965811968,0.06363636363636363,0.009400006443270112,0.023301345274874655,0.9601137070267389,0.7933333333333333,449,10808,0.9912383177570093,0.72,30,3394,0.94650836205796,0.7933333333333333,419,7414,0.9867160278745645,4592,0.96783152048137,4321,0.8937713310580204,2344,d7a865f874fa,317f685,False,run_experiments
static_calm,nominal,belief_horizon,6,time_budget,58,0.38666666666666666,21.031445318757267,0.007234211947603977,2907.2199530624803,5401.0,209,151,105,36.11697831441768,1880.2688280316397,0.6467583665456599,3367.0,0.6234030735049065,0.304635761589404,0,675,78,58,20,20,597,0,0,0.7435897435897436,0,0,-0.12371825393890484,0,0.2616709953556201,0.19333333333333333,0.32,0.38666666666666666,0.125,0.02197802197802198,0.03738317757009346,0.01904761904761905,0.009751340114135577,0.016889997969804917,0.946784673986108,0.6466666666666666,475,8451,0.9915286869464767,0.5866666666666667,22,2575,0.9284247116448096,0.6466666666666666,453,5876,0.9808306709265175,3443,0.9525222551928784,3370,0.882158069096072,2113,5bd595cbfca0,317f685,False,run_experiments
static_calm,nominal,belief_horizon,7,time_budget,70,0.4666666666666667,23.018254536134666,0.008220796220771154,2800.0030554188133,5401.0,210,163,103,36.78567414441398,1620.1703551572039,0.5786316382840037,3150.0,0.5832253286428439,0.36809815950920244,0,780,90,70,20,20,688,2,0,0.7777777777777778,0,0,-0.15889080457009544,0,0.2835854121222269,0.17333333333333334,0.32666666666666666,0.4666666666666667,0.07317073170731707,0.0375,0.049586776859504134,0.025423728813559324,0.010257030111055119,0.024726182710344314,0.9566432119205298,0.9533333333333334,419,9245,0.9916331994645248,0.8333333333333334,25,2963,0.9409826243259437,0.9533333333333334,394,6282,0.9865174255914525,3931,0.9601683029453015,3565,0.8966789667896679,2168,948e4c759a60,317f685,False,run_experiments
static_calm,nominal,belief_horizon,8,time_budget,74,0.49333333333333335,23.311150014557377,0.008692110567388722,2681.874538275748,5401.0,245,168,104,38.778846107717065,1286.0030296511127,0.4795164767394078,2606.0,0.48250324014071466,0.38095238095238093,0,723,83,74,9,9,640,0,0,0.891566265060241,0,0,-0.14548301989856577,0,0.33550526892332383,0.20666666666666667,0.43333333333333335,0.49333333333333335,0.14814814814814814,0.05333333333333334,0.0784313725490196,0.04081632653061224,0.008787316528882818,0.01827122732923114,0.9629814907453726,0.9,444,11550,0.991210079109288,0.84,30,3383,0.9517538748397623,0.9,414,8167,0.9861325115562404,4543,0.9671140939597316,4470,0.9215028513921503,2981,339fdeb4c0d4,317f685,False,run_experiments
static_calm,nominal,belief_horizon,9,time_budget,78,0.52,25.476048976388128,0.009595426039844158,2655.0200971380623,5401.0,243,172,108,40.677658190390694,1135.8084081774628,0.42779653886680175,2440.0,0.45176819107572674,0.37209302325581395,0,911,108,78,30,30,799,4,0,0.7222222222222222,0,0,-0.1703630430192741,0,0.3114463151578896,0.14666666666666667,0.36666666666666664,0.52,0.12745098039215685,0.18055555555555555,0.14942528735632182,0.08074534161490683,0.012020909341161647,0.03539647098232923,0.9625859218654833,0.9933333333333333,430,11063,0.99298934380258,0.8866666666666667,25,3541,0.948908792733695,0.9933333333333333,405,7522,0.9873106835857552,4886,0.9649356413670661,4506,0.900047596382675,2101,fd3a6770cc71,317f685,False,run_experiments
static_calm,nominal,belief_horizon_no_efficiency,0,time_budget,48,0.32,17.998519345049345,0.005850955135144299,3076.1677246403046,5401.0,90,82,43,13.978431558060763,1473.1123546021395,0.4788790750265056,2553.0,0.47269024254767633,0.47560975609756095,0,538,66,48,18,18,468,4,0,0.7272727272727273,0,0,-0.10789633691816426,0,0.18501672524782303,0.1,0.2,0.31333333333333335,0.15,0.0297029702970297,0.04958677685950413,0.025423728813559324,0.011264600695407903,0.019346279926714196,0.9594843462246777,0.5133333333333333,462,10941,0.9898697539797395,0.44,35,3420,0.9462757926522396,0.5133333333333333,427,7521,0.9880952380952381,4368,0.9603016189842537,4509,0.9085510688836105,2526,ad99ab2a83a9,317f685,False,run_experiments
static_calm,nominal,belief_horizon_no_efficiency,1,time_budget,35,0.23333333333333334,11.344012802109875,0.0036263297261891303,3128.2353394905354,5401.0,62,53,25,7.991726096947521,1392.3966823648261,0.4451061161503252,2354.0,0.43584521384928715,0.5283018867924528,0,395,46,35,11,11,344,5,0,0.7608695652173914,0,0,-0.1454963427225511,0,0.1193187794011448,0.06,0.12666666666666668,0.22666666666666666,0.16417910447761194,0.09565217391304348,0.12087912087912085,0.06432748538011696,0.01458802783851021,0.03721609564852682,0.9577763436894994,0.7466666666666667,458,10389,0.9890373415553272,0.56,32,2887,0.9462663975782039,0.7466666666666667,426,7502,0.9848612279226241,3567,0.9608597285067874,4420,0.9192307692307692,2860,69a865866df4,317f685,False,run_experiments
static_calm,nominal,belief_horizon_no_efficiency,2,time_budget,32,0.21333333333333335,11.513305037139176,0.003658201366123941,3147.2584160499987,5401.0,61,49,25,7.94342144658605,1425.180690178055,0.45283243438482684,2417.0,0.44750972042214404,0.4897959183673469,0,382,43,32,11,11,333,6,0,0.7441860465116279,0,0,-0.11600196116828543,0,0.1123632696612442,0.04666666666666667,0.14666666666666667,0.2,0.0967741935483871,0.025423728813559324,0.04026845637583893,0.02054794520547945,0.013658509303376764,0.024972816485665846,0.9533191536997649,0.46,417,8516,0.9862896315338475,0.3466666666666667,32,2302,0.9416578269434763,0.46,385,6214,0.9803779069767442,2752,0.965008201202843,3658,0.9068569163694015,2523,06b9d35b62cd,317f685,False,run_experiments
static_calm,nominal,belief_horizon_no_efficiency,3,time_budget,57,0.38,20.609167730547384,0.006822008109159195,3020.9825905773428,5401.0,89,78,38,12.57868884068537,1273.2318059662293,0.4214628081398181,2318.0,0.42917978152194036,0.5128205128205128,0,650,74,57,17,17,561,15,0,0.7702702702702703,0,0,-0.15969546816015207,0,0.2133436930308261,0.12,0.23333333333333334,0.37333333333333335,0.17142857142857143,0.06741573033707865,0.0967741935483871,0.05084745762711865,0.010535609847385252,0.02514000995896328,0.969270078033285,0.9266666666666666,445,14036,0.9953785211267606,0.7333333333333333,21,4523,0.9573311864747912,0.9266666666666666,424,9513,0.9898520811833506,5814,0.9752004475107217,5363,0.9234261501210653,3304,ffa0951970a0,317f685,False,run_experiments
static_calm,nominal,belief_horizon_no_efficiency,4,time_budget,39,0.26,13.18447094074407,0.004301580872100635,3065.0291910716915,5401.0,75,66,36,11.74540200297817,1668.3382922254648,0.5443139977541709,2901.0,0.537122755045362,0.45454545454545453,0,510,59,39,20,20,451,0,0,0.6610169491525424,0,0,-0.18122467181447127,0,0.14435081394714736,0.08666666666666667,0.16,0.25333333333333335,0.16326530612244897,0.14678899082568808,0.15458937198067632,0.08376963350785341,0.015260844373376485,0.043234351726704354,0.9782566679551604,0.86,450,20246,0.99568345323741,0.5933333333333334,24,5536,0.9718551797040169,0.86,426,14710,0.9928795215038451,7022,0.9779513091410198,8708,0.9581151832460733,4966,e0a075bb1e9f,317f685,False,run_experiments
static_calm,nominal,belief_horizon_no_efficiency,5,time_budget,42,0.28,14.141881784822406,0.004673040109530184,3026.2701482021293,5401.0,85,76,40,13.217590644960602,1519.6136342821658,0.5021407739110634,2745.0,0.5082392149601925,0.47368421052631576,0,439,54,42,12,12,385,0,0,0.7777777777777778,0,0,-0.08657998823574052,0,0.18467488175362393,0.11333333333333333,0.21333333333333335,0.28,0.0,0.0,0.0,0.0,0.010473549684857154,0.013912001757206556,0.9263814016172507,0.5333333333333333,437,5499,0.9846238330587589,0.3933333333333333,28,1793,0.9006075334143377,0.5333333333333333,409,3706,0.9769789983844911,2476,0.9301487156376747,2219,0.8186946011281225,1241,90211d08785c,317f685,False,run_experiments
static_calm,nominal,belief_horizon_no_efficiency,6,time_budget,45,0.3,16.844810481949615,0.0054536516898567155,3088.7213632068574,5401.0,78,68,29,9.388998420333655,1202.1109603905215,0.3891937209714614,2070.0,0.3832623588224403,0.5735294117647058,0,437,53,45,8,8,381,3,0,0.8490566037735849,0,0,-0.12140763382737933,0,0.18201733011513221,0.11333333333333333,0.23333333333333334,0.3,0.3,0.028846153846153848,0.052631578947368425,0.02702702702702703,0.010647960538828005,0.017253117712200474,0.9562343694176492,0.6333333333333333,490,10706,0.9915032679738562,0.5133333333333333,26,3034,0.9429695181907571,0.6333333333333333,464,7672,0.9853255069370331,3748,0.9577922077922078,4620,0.9151343705799151,2828,1ea4502a0f22,317f685,False,run_experiments
static_calm,nominal,belief_horizon_no_efficiency,7,time_budget,30,0.2,10.342196816650713,0.0034382702823789173,3007.965042671111,5401.0,83,74,46,15.292730915234113,1694.0808673593576,0.5631983228950668,3071.0,0.5685984077022773,0.3783783783783784,0,319,39,30,9,9,280,0,0,0.7692307692307693,0,0,-0.10327040769455582,0,0.11951855573226812,0.07333333333333333,0.13333333333333333,0.2,0.09259259259259259,0.041666666666666664,0.0574712643678161,0.029585798816568046,0.01475972440756892,0.02910821962072903,0.9323701198893329,0.52,440,6066,0.9886363636363636,0.32,19,1653,0.9129085643359537,0.52,421,4413,0.9779653070792311,2133,0.9408945686900958,2504,0.8689138576779026,1869,8e19e919567e,317f685,False,run_experiments
static_calm,nominal,belief_horizon_no_efficiency,8,time_budget,52,0.3466666666666667,17.282129460071964,0.005815997974105952,2971.4813411241967,5401.0,94,80,39,13.124766916841947,1328.4285888193806,0.4470593742031703,2445.0,0.45269394556563597,0.5125,0,587,66,52,14,14,488,33,0,0.7878787878787878,0,0,-0.17091399978806562,0,0.2081320989106025,0.12666666666666668,0.25333333333333335,0.3466666666666667,0.16842105263157894,0.16666666666666666,0.1675392670157068,0.09142857142857143,0.013595325837660648,0.036304975753763805,0.9666201117318436,0.8533333333333334,478,13842,0.9936708860759493,0.72,24,3768,0.9568768996960486,0.8533333333333334,454,10074,0.9882252194390923,4671,0.9705321546195181,5769,0.9347938144329897,3880,63c5b24fe761,317f685,False,run_experiments
static_calm,nominal,belief_horizon_no_efficiency,9,time_budget,34,0.22666666666666666,11.703486118344784,0.003863488363813323,3029.2536216656963,5401.0,80,67,34,11.223886886468229,1321.493830843648,0.4362440376045496,2412.0,0.44658396593223476,0.4925373134328358,0,344,42,34,8,8,301,1,0,0.8095238095238095,0,0,-0.07232452332200036,0,0.14293041520904276,0.09333333333333334,0.18,0.22666666666666666,0.09523809523809523,0.017241379310344827,0.029197080291970802,0.014814814814814815,0.012824983352407808,0.02023726364897533,0.9335094671950682,0.35333333333333333,453,6360,0.988819320214669,0.2733333333333333,25,2211,0.9064889665719904,0.35333333333333333,428,4149,0.9763864042933811,2795,0.9378612716763006,2768,0.828,1250,d4c254cf6b4a,317f685,False,run_experiments
static_calm,nominal,belief_horizon_no_track_prediction,0,time_budget,69,0.46,24.261485515217917,0.008609210133778513,2818.084950677089,5401.0,228,166,104,36.90449430029154,1630.6931492931215,0.5786529426308891,2993.0,0.5541566376596927,0.37349397590361444,0,797,91,69,22,22,688,18,0,0.7582417582417582,0,0,-0.15052843469720203,0,0.2769675040810638,0.17333333333333334,0.3333333333333333,0.46,0.07142857142857142,0.025,0.03703703703703704,0.018867924528301886,0.00955288181622903,0.021141090331034496,0.959910078681154,0.88,428,10248,0.9929667519181585,0.8533333333333334,22,3106,0.9462109167991521,0.88,406,7142,0.9850037490627344,4001,0.9674681753889675,4242,0.9054665022605837,2433,aaa7bbe8b92c,317f685,False,run_experiments
static_calm,nominal,belief_horizon_no_track_prediction,1,time_budget,54,0.36,18.03921547832102,0.006216433068294845,2901.859519782321,5401.0,215,160,111,38.25133478836581,1817.728368930881,0.6264012287773446,3252.0,0.6021107202369932,0.30625,0,738,86,54,32,32,652,0,0,0.627906976744186,0,0,-0.14944902961328616,0,0.22756492825900712,0.14666666666666667,0.26666666666666666,0.36,0.13924050632911392,0.11578947368421053,0.1264367816091954,0.06748466257668712,0.013092744192754304,0.03370538395377541,0.9581944088227751,0.86,489,11208,0.9903791737408036,0.7866666666666666,34,3500,0.9442606884723753,0.86,455,7708,0.9855534310601233,4707,0.961250550418318,4542,0.8999183006535948,2448,504dde211c3c,317f685,False,run_experiments
static_calm,nominal,belief_horizon_no_track_prediction,2,time_budget,66,0.44,21.27338012193906,0.007546519018581202,2818.9659456975173,5401.0,214,148,94,33.34556068102515,1604.1485786399735,0.5690556784087178,2949.0,0.546009998148491,0.36486486486486486,0,773,89,66,23,23,683,1,0,0.7415730337078652,0,0,-0.1607153797897894,0,0.28486021893565006,0.12666666666666668,0.3933333333333333,0.44,0.2222222222222222,0.09523809523809523,0.13333333333333333,0.07142857142857142,0.00936551443382428,0.0207956094449327,0.9552703228315831,0.98,460,9824,0.9897470950102529,0.8733333333333333,30,2896,0.9415602065778744,0.98,430,6928,0.9846872566831041,3853,0.9608138658628486,3981,0.9,2450,36fd378c344a,317f685,False,run_experiments
static_calm,nominal,belief_horizon_no_track_prediction,3,time_budget,85,0.5666666666666667,31.05591552233077,0.011336154768083851,2739.545829928727,5401.0,238,161,96,35.042304805135366,1092.9303525607336,0.39894581817934677,2300.0,0.425847065358267,0.40372670807453415,0,941,110,85,25,25,830,1,0,0.7727272727272727,0,0,-0.17527135334712116,1,0.37014023547386427,0.24,0.48,0.5666666666666667,0.12987012987012986,0.15625,0.14184397163120568,0.07633587786259542,0.010241537366615469,0.03228775894430835,0.9629166991958779,0.9933333333333333,475,12334,0.9933110367892977,0.9466666666666667,26,3861,0.9496749607711276,0.9933333333333333,449,8473,0.9875431199693369,5218,0.9688870327834621,4789,0.9068522483940042,2802,8ae3a1214d4a,317f685,False,run_experiments
static_calm,nominal,belief_horizon_no_track_prediction,4,time_budget,81,0.54,27.518486628912772,0.009422698734158028,2920.4464034444914,5401.0,221,161,88,30.13237972667784,1285.3348923666822,0.44011589832660747,2411.0,0.44639881503425294,0.453416149068323,0,908,105,81,24,24,797,6,0,0.7714285714285715,0,0,-0.19520069626531272,1,0.33097340490408883,0.2,0.3933333333333333,0.54,0.1794871794871795,0.20588235294117646,0.19178082191780824,0.10606060606060606,0.010091912333740486,0.03200731671556314,0.9674510356488657,1.0,462,13732,0.9920533196616252,0.94,31,3870,0.9581268823472263,1.0,431,9862,0.9882305194805194,4928,0.9679098005203816,5765,0.9374464438731791,3501,96e4076a1646,317f685,False,run_experiments
static_calm,nominal,belief_horizon_no_track_prediction,5,time_budget,67,0.44666666666666666,21.166215624016736,0.00782572689997713,2704.6964319798326,5401.0,235,143,88,32.535998849817005,1232.002565190086,0.4555049323181391,2437.0,0.45121273838178116,0.38461538461538464,0,691,80,67,13,13,606,5,0,0.8375,0,0,-0.1340720012728639,0,0.31107485740097524,0.18666666666666668,0.42,0.44666666666666666,0.1891891891891892,0.0875,0.11965811965811968,0.06363636363636363,0.009400006443270112,0.023301345274874655,0.9601137070267389,0.7933333333333333,449,10808,0.9912383177570093,0.72,30,3394,0.94650836205796,0.7933333333333333,419,7414,0.9867160278745645,4592,0.96783152048137,4321,0.8937713310580204,2344,96f9f66268ee,317f685,False,run_experiments
static_calm,nominal,belief_horizon_no_track_prediction,6,time_budget,58,0.38666666666666666,21.031445318757267,0.007234211947603977,2907.2199530624803,5401.0,209,151,105,36.11697831441768,1880.2688280316397,0.6467583665456599,3367.0,0.6234030735049065,0.304635761589404,0,675,78,58,20,20,597,0,0,0.7435897435897436,0,0,-0.12371825393890484,0,0.2616709953556201,0.19333333333333333,0.32,0.38666666666666666,0.125,0.02197802197802198,0.03738317757009346,0.01904761904761905,0.009751340114135577,0.016889997969804917,0.946784673986108,0.6466666666666666,475,8451,0.9915286869464767,0.5866666666666667,22,2575,0.9284247116448096,0.6466666666666666,453,5876,0.9808306709265175,3443,0.9525222551928784,3370,0.882158069096072,2113,70c5fd856f14,317f685,False,run_experiments
static_calm,nominal,belief_horizon_no_track_prediction,7,time_budget,70,0.4666666666666667,23.018254536134666,0.008220796220771154,2800.0030554188133,5401.0,210,163,103,36.78567414441398,1620.1703551572039,0.5786316382840037,3150.0,0.5832253286428439,0.36809815950920244,0,780,90,70,20,20,688,2,0,0.7777777777777778,0,0,-0.15889080457009544,0,0.2835854121222269,0.17333333333333334,0.32666666666666666,0.4666666666666667,0.07317073170731707,0.0375,0.049586776859504134,0.025423728813559324,0.010257030111055119,0.024726182710344314,0.9566432119205298,0.9533333333333334,419,9245,0.9916331994645248,0.8333333333333334,25,2963,0.9409826243259437,0.9533333333333334,394,6282,0.9865174255914525,3931,0.9601683029453015,3565,0.8966789667896679,2168,c6d42af7fb56,317f685,False,run_experiments
static_calm,nominal,belief_horizon_no_track_prediction,8,time_budget,74,0.49333333333333335,23.311150014557377,0.008692110567388722,2681.874538275748,5401.0,245,168,104,38.778846107717065,1286.0030296511127,0.4795164767394078,2606.0,0.48250324014071466,0.38095238095238093,0,723,83,74,9,9,640,0,0,0.891566265060241,0,0,-0.14548301989856577,0,0.33550526892332383,0.20666666666666667,0.43333333333333335,0.49333333333333335,0.14814814814814814,0.05333333333333334,0.0784313725490196,0.04081632653061224,0.008787316528882818,0.01827122732923114,0.9629814907453726,0.9,444,11550,0.991210079109288,0.84,30,3383,0.9517538748397623,0.9,414,8167,0.9861325115562404,4543,0.9671140939597316,4470,0.9215028513921503,2981,046090f39bef,317f685,False,run_experiments
static_calm,nominal,belief_horizon_no_track_prediction,9,time_budget,78,0.52,25.476048976388128,0.009595426039844158,2655.0200971380623,5401.0,243,172,108,40.677658190390694,1135.8084081774628,0.42779653886680175,2440.0,0.45176819107572674,0.37209302325581395,0,911,108,78,30,30,799,4,0,0.7222222222222222,0,0,-0.1703630430192741,0,0.3114463151578896,0.14666666666666667,0.36666666666666664,0.52,0.12745098039215685,0.18055555555555555,0.14942528735632182,0.08074534161490683,0.012020909341161647,0.03539647098232923,0.9625859218654833,0.9933333333333333,430,11063,0.99298934380258,0.8866666666666667,25,3541,0.948908792733695,0.9933333333333333,405,7522,0.9873106835857552,4886,0.9649356413670661,4506,0.900047596382675,2101,acc23c510526,317f685,False,run_experiments
static_calm,nominal,belief_horizon_no_refinement,0,time_budget,75,0.5,26.232790076669215,0.00889031231020607,2950.7163709596566,5401.0,189,188,121,41.006991112686094,2036.4469607104957,0.6901534084240653,3739.0,0.6922792075541566,0.35638297872340424,0,766,91,75,16,16,668,7,0,0.8241758241758241,0,0,-0.14831687891281065,0,0.2848326273361039,0.18,0.3,0.5,0.16417910447761194,0.14666666666666667,0.15492957746478875,0.08396946564885496,0.010852596245526518,0.03113204943853857,0.9596977329974811,0.8666666666666667,432,10287,0.9902146464646465,0.82,31,3137,0.9468944510660839,0.8666666666666667,401,7150,0.9858919177427068,4182,0.9641670621737067,4214,0.9044339216530348,2323,0ba55f183234,317f685,False,run_experiments
static_calm,nominal,belief_horizon_no_refinement,1,time_budget,46,0.30666666666666664,14.886659698293096,0.004806782400279734,3097.0113599123515,5401.0,150,149,112,36.16389705563421,2570.711371769381,0.8300619768608581,4458.0,0.8254027032031105,0.2483221476510067,0,502,60,46,14,14,440,2,0,0.7666666666666667,0,0,-0.11616580103680488,0,0.19054639075225274,0.14666666666666667,0.24666666666666667,0.30666666666666664,0.21875,0.0673076923076923,0.10294117647058824,0.05426356589147287,0.0114867698940097,0.02381924605604996,0.9249923617476321,0.6333333333333333,491,6055,0.9874274661508704,0.54,26,2042,0.8961589995533721,0.6333333333333333,465,4013,0.9790235081374322,2765,0.9256335687577898,2407,0.8151382823871907,1374,df085affeaf3,317f685,False,run_experiments
static_calm,nominal,belief_horizon_no_refinement,2,time_budget,56,0.37333333333333335,20.433195113501707,0.006593560744577569,3098.962139736957,5401.0,170,169,116,37.43188679608916,2264.739797009795,0.7308058940023153,3929.0,0.7274578781707092,0.3136094674556213,0,677,78,56,22,22,591,8,0,0.717948717948718,0,0,-0.1602819460545934,0,0.2094759847642705,0.14666666666666667,0.23333333333333334,0.35333333333333333,0.2222222222222222,0.14893617021276595,0.178343949044586,0.0979020979020979,0.011775486034749831,0.032276366347102355,0.9507345631282448,0.86,446,8607,0.9895591647331786,0.7266666666666667,27,2559,0.9352095252822019,0.86,419,6048,0.9829164124466138,3278,0.9555491826785202,3487,0.8972902097902098,2288,7cd98ef7ad81,317f685,False,run_experiments
static_calm,nominal,belief_horizon_no_refinement,3,time_budget,74,0.49333333333333335,26.300009276788533,0.008757657487066197,3003.0872200277154,5401.0,185,184,116,38.62691673634755,2000.9710704548888,0.6663046804336312,3579.0,0.6626550638770599,0.3695652173913043,0,806,95,74,21,21,711,0,0,0.7789473684210526,0,0,-0.14702289716864841,0,0.35706715194035354,0.2733333333333333,0.44666666666666666,0.49333333333333335,0.21739130434782608,0.0684931506849315,0.10416666666666664,0.054945054945054944,0.0077841877865631485,0.01744391760286019,0.9569632044713554,0.9933333333333333,462,10273,0.9885664028144239,0.8866666666666667,39,3372,0.9422446750409612,0.9933333333333333,423,6901,0.9843540455967814,4474,0.9569646040234275,3927,0.9044558697514996,2334,b7f601afb9ca,317f685,False,run_experiments
static_calm,nominal,belief_horizon_no_refinement,4,time_budget,71,0.47333333333333333,24.10175379659683,0.008314037078825725,2898.9230584476736,5401.0,191,190,122,42.0845940165549,1935.7243612548725,0.667739130093167,3631.0,0.6722829105721163,0.35789473684210527,0,791,91,71,20,20,692,8,0,0.7802197802197802,0,0,-0.1996425167373596,0,0.3065499257578487,0.24666666666666667,0.36666666666666664,0.47333333333333333,0.20224719101123595,0.23076923076923078,0.2155688622754491,0.12080536912751678,0.01080796244394486,0.036271608104003226,0.9656706929434202,1.0,486,13671,0.9925238463521526,0.9533333333333334,29,3850,0.955536096516832,1.0,457,9821,0.9879541864139021,5064,0.9669124258226938,5561,0.931766704416761,3532,d246eab21c99,317f685,False,run_experiments
static_calm,nominal,belief_horizon_no_refinement,5,time_budget,78,0.52,25.844878248672043,0.009221746397288665,2802.601279110303,5401.0,178,177,107,38.17881651505118,1518.2511960113072,0.5417292881894645,3079.0,0.5700796148861322,0.3954802259887006,0,808,97,78,19,19,705,6,0,0.8041237113402062,0,0,-0.13107797747839237,0,0.3133415059657398,0.13333333333333333,0.38666666666666666,0.52,0.06521739130434782,0.041666666666666664,0.05084745762711864,0.02608695652173913,0.010368055966780037,0.026180604934343318,0.9626184626184626,0.72,426,10970,0.993321718931475,0.6866666666666666,23,3421,0.9493209255533199,0.72,403,7549,0.9863960749330954,4484,0.969104245387864,4499,0.9063406547865728,2413,2a3d9b0464ec,317f685,False,run_experiments
static_calm,nominal,belief_horizon_no_refinement,6,time_budget,59,0.3933333333333333,20.010322619133852,0.006752973239968264,2963.187015269128,5401.0,171,170,113,38.13461634980096,1897.512181648298,0.6403619386392184,3477.0,0.6437696722829106,0.3352941176470588,0,689,80,59,21,21,609,0,0,0.7375,0,0,-0.12187705052248107,0,0.24812614164689012,0.17333333333333334,0.30666666666666664,0.3933333333333333,0.16666666666666666,0.044444444444444446,0.07017543859649122,0.03636363636363636,0.01006983851669393,0.01844366594740609,0.9548523631966139,0.6466666666666666,448,9475,0.9889311656866137,0.5866666666666667,32,2859,0.9408418657565415,0.6466666666666666,416,6616,0.9851340589328378,3767,0.9577464788732394,3905,0.8991559306974678,2251,efed514e573d,317f685,False,run_experiments
static_calm,nominal,belief_horizon_no_refinement,7,time_budget,50,0.3333333333333333,18.118563999561943,0.006273635263671779,2888.0486732277236,5401.0,151,150,104,36.01047342590945,1885.2817271468675,0.6527873801516823,3611.0,0.6685798926124792,0.30666666666666664,0,678,75,50,25,25,601,2,0,0.6666666666666666,0,0,-0.17878763046685986,0,0.21761882428314683,0.12666666666666668,0.2733333333333333,0.3333333333333333,0.17857142857142858,0.15,0.16304347826086957,0.08875739644970414,0.013849009038506265,0.04051667452511646,0.9611577260299802,0.98,412,10195,0.994226678821027,0.8266666666666667,19,3272,0.9462821213778021,0.98,393,6923,0.9909491193737769,4088,0.962531017369727,4030,0.9100040176777823,2489,e876f825bf04,317f685,False,run_experiments
static_calm,nominal,belief_horizon_no_refinement,8,time_budget,74,0.49333333333333335,24.90892404311171,0.008619197303667963,2889.9354737489925,5401.0,185,184,115,39.79327602453881,1939.7885872911738,0.6712221102898077,3677.0,0.6807998518792816,0.375,0,779,89,74,15,15,681,9,0,0.8314606741573034,0,0,-0.1594280278776846,0,0.33978298370370996,0.24,0.41333333333333333,0.49333333333333335,0.07142857142857142,0.04,0.05128205128205128,0.02631578947368421,0.010064759924674229,0.023699757130318064,0.9613156252785453,0.92,434,10785,0.9921408362150267,0.8533333333333334,25,3156,0.9491166956954467,0.92,409,7629,0.9856912070159243,4333,0.9635141622659625,4166,0.9191176470588235,2720,039ff9059f7d,317f685,False,run_experiments
static_calm,nominal,belief_horizon_no_refinement,9,time_budget,43,0.2866666666666667,13.482561313000616,0.004619357733960469,2918.709069418869,5401.0,146,145,102,34.94695688197137,1959.6950173363414,0.6714252673790908,3675.0,0.680429550083318,0.296551724137931,0,474,56,43,13,13,418,0,0,0.7678571428571429,0,0,-0.1253131716618567,0,0.20012049174646374,0.13333333333333333,0.24666666666666667,0.2866666666666667,0.15625,0.04672897196261682,0.07194244604316546,0.03731343283582089,0.011928316697524258,0.022544470710608597,0.9328878145883691,0.72,472,6561,0.9849889624724062,0.5133333333333333,34,2231,0.9081375838926175,0.72,438,4330,0.9815331010452961,2870,0.9375224416517056,2785,0.8222060957910015,1378,d465e76ea5ac,317f685,False,run_experiments
static_calm,nominal,belief_orienteering,0,time_budget,46,0.30666666666666664,17.117034427748017,0.005833482905032126,2934.2735217381683,5401.0,152,112,80,27.263988652499783,1940.0963517696973,0.6611845614925658,3474.0,0.643214219588965,0.2857142857142857,0,546,61,46,15,15,485,0,0,0.7540983606557377,0,0,-0.11864935295504325,0,0.2071387824105556,0.16,0.25333333333333335,0.30666666666666664,0.2,0.13592233009708737,0.16184971098265896,0.0880503144654088,0.012632697921476341,0.029162185719397667,0.9541471367434278,0.6466666666666666,450,9364,0.990722968650032,0.5733333333333334,29,3097,0.9370514354066986,0.6466666666666666,421,6267,0.9852293340243586,3859,0.9599402836526499,4019,0.8801652892561983,1936,c5bf6658c663,317f685,False,run_experiments
static_calm,nominal,belief_orienteering,1,time_budget,52,0.3466666666666667,17.71476046206221,0.006053104640288802,2926.5577773354025,5401.0,156,123,74,25.285678817992157,1614.607801640471,0.5517088417473696,2958.0,0.5476763562303277,0.3983739837398374,0,621,69,52,17,17,552,0,0,0.7536231884057971,0,0,-0.1531071203473581,0,0.19510539493910795,0.08666666666666667,0.24666666666666667,0.3466666666666667,0.13253012048192772,0.1134020618556701,0.12222222222222222,0.0650887573964497,0.013954026373341357,0.03585926025835409,0.9666108913903255,0.9133333333333333,439,12709,0.9933993399339934,0.8,26,3913,0.9551525681398632,0.9133333333333333,413,8796,0.9891681994686287,4893,0.9708388562772202,5281,0.9219905850706119,2974,94e4ea0131b0,317f685,False,run_experiments
static_calm,nominal,belief_orienteering,2,time_budget,65,0.43333333333333335,22.646730374090797,0.007701502623474646,2940.559976576804,5401.0,163,125,74,25.165274842020285,1392.7540677870334,0.4736356608540871,2581.0,0.4778744676911683,0.408,0,734,85,65,20,20,648,1,0,0.7647058823529411,0,0,-0.1666924720203101,0,0.25008288363071585,0.12666666666666668,0.31333333333333335,0.43333333333333335,0.1650485436893204,0.2,0.18085106382978725,0.09941520467836257,0.012914625028310254,0.039774304917424896,0.9616299089940149,1.0,468,11729,0.9929019929019929,0.9266666666666666,26,3637,0.9482071713147411,1.0,442,8092,0.9885129490392648,4788,0.9666807254323071,4742,0.9043869516310461,2667,d7bfd5a05775,317f685,False,run_experiments
static_calm,nominal,belief_orienteering,3,time_budget,60,0.4,19.56298053674548,0.006824727394317838,2866.485268412818,5401.0,181,135,86,30.001898473951854,1553.4339983649943,0.5419298733131587,2975.0,0.5508239214960192,0.362962962962963,0,694,80,60,20,20,613,1,0,0.75,0,0,-0.17523364274035985,0,0.2508366626272431,0.14666666666666667,0.2866666666666667,0.4,0.25,0.09302325581395349,0.13559322033898305,0.07272727272727272,0.009450905632773158,0.02410796710790275,0.9595491874890791,1.0,463,10983,0.9911213416639263,0.86,27,3014,0.9481261154074956,1.0,436,7969,0.984488366274706,3997,0.9627842866988284,4353,0.9228036175710594,3096,acc6f9f18f98,317f685,False,run_experiments
static_calm,nominal,belief_orienteering,4,time_budget,62,0.41333333333333333,21.011442358657987,0.007359065679871794,2855.1779903429315,5401.0,163,114,65,22.76565601859131,1326.0635432587264,0.4644416382249622,2451.0,0.45380485095352713,0.4298245614035088,0,723,85,62,23,23,629,9,0,0.7294117647058823,0,0,-0.16710385578441417,0,0.24424331087847354,0.13333333333333333,0.29333333333333333,0.41333333333333333,0.14754098360655737,0.10344827586206896,0.12162162162162163,0.06474820143884892,0.011457817677155304,0.031335923157303276,0.9752204728669588,0.9066666666666666,458,18025,0.9957215091404122,0.7866666666666666,22,5120,0.9673187916947755,0.9066666666666666,436,12905,0.991153052196992,6782,0.9774798927613941,7460,0.945767507663287,4241,3f9d74446f97,317f685,False,run_experiments
static_calm,nominal,belief_orienteering,5,time_budget,49,0.32666666666666666,17.88789450352483,0.006213973872492832,2878.656214296058,5401.0,170,114,72,25.011670251706928,1535.0752542960277,0.5332610565556584,2865.0,0.5304573227180152,0.3684210526315789,0,515,62,49,13,13,453,0,0,0.7903225806451613,0,0,-0.10963360717478936,0,0.2114114312194241,0.14666666666666667,0.24,0.32666666666666666,0.15151515151515152,0.05154639175257732,0.07692307692307691,0.04,0.011343368231277242,0.022352561954070656,0.9314472252448314,0.6666666666666666,441,5992,0.988011988011988,0.5333333333333333,24,1978,0.9058903182125931,0.6666666666666666,417,4014,0.9793049590003905,2561,0.9334745762711865,2360,0.8472222222222222,1512,5140baea94ec,317f685,False,run_experiments
static_calm,nominal,belief_orienteering,6,time_budget,50,0.3333333333333333,17.99173758790227,0.006093781573343428,2952.4749732752375,5401.0,145,111,73,24.72501906392781,1721.6544385348607,0.5831224495105529,3094.0,0.5728568783558601,0.34234234234234234,0,539,64,50,14,14,475,0,0,0.78125,0,0,-0.13379115888435827,0,0.20466236132180207,0.14666666666666667,0.23333333333333334,0.3333333333333333,0.16666666666666666,0.06060606060606061,0.08888888888888888,0.046511627906976744,0.011726395767356141,0.02549844049515683,0.9554521276595744,0.6466666666666666,469,10059,0.9911937377690803,0.5866666666666667,27,3039,0.9407665505226481,0.6466666666666666,442,7020,0.9847483477376716,3934,0.960348162475822,4136,0.9003254678600489,2458,28c00f266fe6,317f685,False,run_experiments
static_calm,nominal,belief_orienteering,7,time_budget,55,0.36666666666666664,18.119808398426244,0.006394963175283997,2833.4499983452292,5401.0,171,134,86,30.35169141866809,1702.1266360953132,0.6007258420262849,3248.0,0.6013701166450657,0.3582089552238806,0,629,72,55,17,17,557,0,0,0.7638888888888888,0,0,-0.16517626818312453,0,0.20991177712859999,0.10666666666666667,0.22,0.36666666666666664,0.17525773195876287,0.17894736842105263,0.17708333333333334,0.09714285714285714,0.013409846262614315,0.03715157423758383,0.9510979102577702,0.9733333333333334,461,8966,0.9930172730613744,0.8066666666666666,19,2702,0.9340888756337609,0.9733333333333334,442,6264,0.9847036328871893,3661,0.9541547277936963,3490,0.8923550087873462,2276,182fce3ac40e,317f685,False,run_experiments
static_calm,nominal,belief_orienteering,8,time_budget,67,0.44666666666666666,22.620987521817316,0.007830503125222009,2888.8293842773955,5401.0,169,127,72,24.923590292962178,1213.658165323174,0.42012109539198533,2317.0,0.42899463062395854,0.4330708661417323,0,759,88,67,21,21,665,6,0,0.7613636363636364,0,0,-0.15873102664373265,0,0.2728307756659199,0.16666666666666666,0.31333333333333335,0.44666666666666666,0.09090909090909091,0.036585365853658534,0.05217391304347826,0.026785714285714284,0.010032436476414223,0.02367584135390531,0.9682584269662922,0.92,452,13788,0.9946782776971457,0.7933333333333333,22,4112,0.9574510191965169,0.92,430,9676,0.9907868067072048,5427,0.972963164579931,5511,0.9233797698364627,3302,ac087e9f2d84,317f685,False,run_experiments
static_calm,nominal,belief_orienteering,9,time_budget,63,0.42,22.752186079534592,0.007893817232266813,2882.279309246308,5401.0,179,130,73,25.327177614541768,1227.0287104103422,0.4257147135165051,2375.0,0.43973338270690615,0.43846153846153846,0,721,87,63,24,24,627,7,0,0.7241379310344828,0,0,-0.12027660648131988,0,0.25799750783437786,0.16,0.29333333333333333,0.42,0.15384615384615385,0.06896551724137931,0.09523809523809525,0.05,0.010508619535824175,0.02259693965779832,0.9642198154833533,0.7266666666666667,446,12019,0.9948822927328557,0.6266666666666667,20,3888,0.9502161972653967,0.7266666666666667,426,8131,0.9887683965917893,5164,0.9696729435084241,5045,0.8958333333333334,2256,2efc7b2f1fb0,317f685,False,run_experiments
static_calm,nominal,belief_orienteering_depth1,0,time_budget,48,0.32,16.61187405662828,0.005503595076223204,3018.367780797573,5401.0,116,93,54,17.890463959872726,1621.2813837678964,0.5371384475020765,2842.0,0.5261988520644325,0.41935483870967744,0,532,62,48,14,14,468,2,0,0.7741935483870968,0,0,-0.1712144606614068,0,0.18779692684557583,0.13333333333333333,0.20666666666666667,0.32,0.17543859649122806,0.19801980198019803,0.18604651162790697,0.10256410256410256,0.01517405955455318,0.04840276113297448,0.9657231485071733,0.96,442,12453,0.9932379713914175,0.8533333333333334,26,3819,0.9540331491712707,0.96,416,8634,0.9874947894956232,4798,0.9737190395159766,5289,0.9134615384615384,2808,d34a1df3d66d,317f685,False,run_experiments
static_calm,nominal,belief_orienteering_depth1,1,time_budget,46,0.30666666666666664,16.600289237532124,0.005423457233277728,3060.831592010093,5401.0,124,98,58,18.949098719250525,1726.1023058052087,0.5639324653832561,2957.0,0.5474912053323459,0.40816326530612246,0,505,57,46,11,11,448,0,0,0.8070175438596491,0,0,-0.1555226341318521,0,0.15556032994779936,0.09333333333333334,0.14,0.29333333333333333,0.17894736842105263,0.1650485436893204,0.1717171717171717,0.09392265193370165,0.01436962402549934,0.04099753106466533,0.9628857381150959,0.8933333333333333,445,11545,0.9904386951631046,0.78,34,3522,0.9512686744130898,0.8933333333333333,411,8023,0.986420302760463,4492,0.9698275862068966,4872,0.9097486671744097,2626,d4f5c5c2d420,317f685,False,run_experiments
static_calm,nominal,belief_orienteering_depth1,2,time_budget,56,0.37333333333333335,18.318242397206966,0.006107343489539514,2999.3797513733975,5401.0,131,95,51,17.00351546903903,1409.0706307746188,0.4697873385753885,2500.0,0.46287724495463806,0.4631578947368421,0,648,75,56,19,19,573,0,0,0.7466666666666667,0,0,-0.18703508330201152,0,0.19792301498839987,0.10666666666666667,0.22,0.37333333333333335,0.13740458015267176,0.19148936170212766,0.16,0.08695652173913043,0.01581184814297,0.04820447743598903,0.9680129925151815,0.9866666666666667,453,13709,0.9941089837997055,0.8533333333333334,24,4050,0.9574742268041238,0.9866666666666667,429,9659,0.9871695178849145,5144,0.9743722050223598,5814,0.9257178526841449,3204,5b6ccef100d5,317f685,False,run_experiments
static_calm,nominal,belief_orienteering_depth1,3,time_budget,56,0.37333333333333335,19.460989408415077,0.0064026131121825425,3039.5385551855024,5401.0,120,99,53,17.436857285320873,1502.163317692332,0.49420768660085485,2673.0,0.49490835030549896,0.46464646464646464,0,644,76,56,20,20,564,4,0,0.7368421052631579,0,0,-0.14391476348492266,0,0.18781745100307912,0.08,0.18,0.36666666666666664,0.13636363636363635,0.06593406593406594,0.08888888888888889,0.046511627906976744,0.01120362950871133,0.029286191092468567,0.9625,0.86,456,11704,0.9923892362054906,0.6666666666666666,28,3651,0.9495342530361985,0.86,428,8053,0.9885331025530073,4622,0.9636363636363636,4730,0.9177350427350427,2808,092bf9ee1444,317f685,False,run_experiments
static_calm,nominal,belief_orienteering_depth1,4,time_budget,61,0.4066666666666667,19.249115387434315,0.006457726725965423,2980.788163431706,5401.0,133,97,47,15.76764178568466,1235.0482935402547,0.4143361506502947,2172.0,0.4021477504165895,0.5154639175257731,0,718,77,61,16,16,597,44,0,0.7922077922077922,0,0,-0.18629722912336524,0,0.23853553639392014,0.12666666666666668,0.28,0.4066666666666667,0.1388888888888889,0.11235955056179775,0.12422360248447205,0.06622516556291391,0.012518227078942925,0.035923349786742366,0.9737210932025228,0.9133333333333333,450,16674,0.9949671772428884,0.8066666666666666,23,4547,0.9659869364346025,0.9133333333333333,427,12127,0.9904547032280459,5762,0.9789148158560584,7114,0.9423258003766478,4248,3763ecfe0d1c,317f685,False,run_experiments
static_calm,nominal,belief_orienteering_depth1,5,time_budget,48,0.32,14.597659932109032,0.005061279799616796,2884.183548440508,5401.0,131,102,61,21.14983286448014,1610.9549266697265,0.5585479910045177,3031.0,0.5611923717830032,0.4019607843137255,0,597,68,48,20,20,529,0,0,0.7058823529411765,0,0,-0.13821840298113552,0,0.18676978392424878,0.1,0.21333333333333335,0.32,0.1511627906976744,0.12871287128712872,0.13903743315508021,0.07471264367816093,0.014276381163274223,0.03790319324144641,0.9682950061232821,0.7133333333333334,466,14232,0.990347923681257,0.68,43,4412,0.9587035048325686,0.7133333333333334,423,9820,0.9898459976307328,5909,0.9699780738741778,5929,0.9202797202797203,2860,8ac3f7b6ca1f,317f685,False,run_experiments
static_calm,nominal,belief_orienteering_depth1,6,time_budget,46,0.30666666666666664,15.556143686080553,0.0051747057714880565,3006.189022725281,5401.0,146,107,69,22.952648512250764,1828.3046174711824,0.6081801921469729,3181.0,0.5889650064802814,0.35514018691588783,0,526,63,46,17,17,463,0,0,0.7301587301587301,0,0,-0.14542769302949907,0,0.17970818638854072,0.12666666666666668,0.2,0.30666666666666664,0.1111111111111111,0.04854368932038835,0.06756756756756756,0.03496503496503497,0.012837489965247221,0.027181750511249096,0.9595672991665188,0.6533333333333333,456,10822,0.9902379499694935,0.5466666666666666,32,3246,0.947,0.6533333333333333,424,7576,0.9863214460185638,4094,0.9645139960326207,4537,0.9097091046467699,2647,489a2bb84e25,317f685,False,run_experiments
static_calm,nominal,belief_orienteering_depth1,7,time_budget,49,0.32666666666666666,15.7988942581389,0.00532403516520103,2967.4661732897002,5401.0,122,98,56,18.871318737870908,1424.9498940647475,0.48019077922127207,2652.0,0.49102018144788,0.42857142857142855,0,599,72,49,23,23,526,1,0,0.6805555555555556,0,0,-0.13875697231112552,0,0.1838893765153095,0.08,0.21333333333333335,0.32666666666666666,0.24,0.0594059405940594,0.09523809523809523,0.05,0.011032755880279783,0.0230181706888461,0.9531653105774955,0.7666666666666667,472,9606,0.9946737683089214,0.5666666666666667,16,2988,0.9355385920271416,0.7666666666666667,456,6618,0.9832301341589267,3876,0.9537869062901155,3895,0.9016038144776767,2307,e9f0d7fe8fe5,317f685,False,run_experiments
static_calm,nominal,belief_orienteering_depth1,8,time_budget,45,0.3,14.807926967999117,0.005017480289512855,2951.267591214955,5401.0,122,101,63,21.346759672871496,1495.3031587788264,0.5066647169609082,2786.0,0.5158304017774487,0.37623762376237624,0,515,61,45,16,16,454,0,0,0.7377049180327869,0,0,-0.17590765900456917,0,0.1936719505640959,0.15333333333333332,0.22666666666666666,0.3,0.2079207920792079,0.20388349514563106,0.20588235294117646,0.11475409836065574,0.015637761816566637,0.050477186313063575,0.9607810961601575,0.8533333333333334,478,11710,0.9926013613495117,0.7333333333333333,25,3354,0.948575320694744,0.8533333333333334,453,8356,0.9885727089401748,4463,0.9654530409598676,4834,0.9100657212037357,2891,918930f088ff,317f685,False,run_experiments
static_calm,nominal,belief_orienteering_depth1,9,time_budget,34,0.22666666666666666,11.31861883034339,0.0037996584251095062,2978.8516661250114,5401.0,118,96,69,23.16328831833291,1846.9954325162062,0.6200360540002446,3341.0,0.6185891501573783,0.28125,0,412,45,34,11,11,367,0,0,0.7555555555555555,0,0,-0.11915190349333481,0,0.15282407484580973,0.12,0.16,0.22666666666666666,0.15789473684210525,0.25862068965517243,0.19607843137254902,0.10869565217391304,0.019876387304006284,0.05995221595549115,0.945777464126088,0.6933333333333334,461,8041,0.9882998171846435,0.62,32,2703,0.92561123634472,0.6933333333333334,429,5338,0.9835446452657135,3707,0.9527535359614806,3323,0.8349184782608695,1472,324b6bda4639,317f685,False,run_experiments
static_calm,nominal,belief_orienteering_no_opportunity_cost,0,time_budget,64,0.4266666666666667,22.770546244324372,0.00784126511932433,2903.937808225323,5401.0,167,128,80,27.54879934873337,1602.0266140041274,0.5516738717566305,2946.0,0.5454545454545454,0.375,0,669,80,64,16,16,578,11,0,0.8,0,0,-0.1486165654407567,0,0.24278653185900276,0.14,0.29333333333333333,0.4266666666666667,0.09523809523809523,0.09302325581395349,0.09411764705882353,0.04938271604938271,0.01342875289947803,0.034734922680925734,0.9681643711898849,0.86,423,12864,0.9908051689860835,0.78,37,3987,0.9583288351505992,0.86,386,8877,0.9883720930232558,5160,0.9757290686735653,5315,0.9167852062588905,2812,64fecc15c472,317f685,False,run_experiments
static_calm,nominal,belief_orienteering_no_opportunity_cost,1,time_budget,57,0.38,17.881886226084276,0.0060886010910701244,2936.94494985241,5401.0,153,124,76,25.877230012029752,1730.4584716730574,0.5892035776019628,3134.0,0.5802629142751342,0.3870967741935484,0,649,75,57,18,18,574,0,0,0.76,0,0,-0.1563302386321299,0,0.21106096594801638,0.08666666666666667,0.24,0.38,0.17777777777777778,0.17204301075268819,0.1748633879781421,0.09580838323353294,0.013038055533482855,0.03794630009397294,0.9682782760883832,0.9133333333333333,435,13278,0.9953238251110591,0.84,20,4257,0.9560194997880458,0.9133333333333333,415,9021,0.9908290535583272,5452,0.9733259749816041,5436,0.9150442477876106,2825,ccf166c2905d,317f685,False,run_experiments
static_calm,nominal,belief_orienteering_no_opportunity_cost,2,time_budget,61,0.4066666666666667,20.161857038093675,0.007023497367965894,2870.6292580177674,5401.0,169,127,77,26.82338716674622,1507.2138016134572,0.5250464849836518,2788.0,0.5162007035734123,0.3937007874015748,0,818,95,61,34,34,722,1,0,0.6421052631578947,0,0,-0.18149911378447153,0,0.24005827686637943,0.12666666666666668,0.2866666666666667,0.4066666666666667,0.15873015873015872,0.11235955056179775,0.13157894736842105,0.07042253521126761,0.011210144485773565,0.028355500607286005,0.9700035625222657,0.98,421,13614,0.9935419771485345,0.86,26,4000,0.9605355180337696,0.98,395,9614,0.9896551724137931,5220,0.9724063787851639,5581,0.9341372912801484,3234,f471452b5a24,317f685,False,run_experiments
static_calm,nominal,belief_orienteering_no_opportunity_cost,3,time_budget,69,0.46,25.654872709564533,0.008868151503126604,2892.922239828617,5401.0,173,132,75,25.925342536840244,1309.3876767034812,0.4526176537607358,2490.0,0.4610257359748195,0.4318181818181818,0,764,92,69,23,23,668,4,0,0.75,0,0,-0.15096170348626053,0,0.30358137147679715,0.20666666666666667,0.38666666666666666,0.46,0.30434782608695654,0.08860759493670886,0.1372549019607843,0.07368421052631578,0.008604155960010606,0.019348784579044,0.9648185081771041,0.9666666666666667,441,12094,0.9932061667102169,0.8466666666666667,26,3801,0.9523426734037667,0.9666666666666667,415,8293,0.9866220735785953,5083,0.9674029594681536,4663,0.9207601290785228,2789,27665a4615ce,317f685,False,run_experiments
static_calm,nominal,belief_orienteering_no_opportunity_cost,4,time_budget,47,0.31333333333333335,15.388824763221013,0.005352044584650016,2875.3169970513854,5401.0,183,108,73,25.388505015224723,1586.0751031403802,0.5516174754877071,2822.0,0.5224958341047954,0.32407407407407407,0,571,63,47,16,16,500,8,0,0.746031746031746,0,0,-0.1623915566559999,0,0.20095310018216989,0.12666666666666668,0.25333333333333335,0.31333333333333335,0.22580645161290322,0.06862745098039216,0.10526315789473685,0.05555555555555555,0.011159605721535806,0.023264102216805603,0.9710536472404477,0.9,450,15096,0.995411791695343,0.8,20,4339,0.9615625279342094,0.9,430,10757,0.9921470640728182,5603,0.9733143849676299,6333,0.9343490304709141,3610,a17c4ec872ed,317f685,False,run_experiments
static_calm,nominal,belief_orienteering_no_opportunity_cost,5,time_budget,54,0.36,17.249148546626724,0.005966481393451443,2891.008520626354,5401.0,163,104,65,22.483503433575965,1402.7783279965113,0.4852210977547002,2603.0,0.48194778744676914,0.375,0,643,73,54,19,19,570,0,0,0.7397260273972602,0,0,-0.1336278232265547,0,0.19609058963693754,0.10666666666666667,0.18666666666666668,0.36,0.15584415584415584,0.12631578947368421,0.13953488372093026,0.075,0.013026738813311864,0.03408012564062968,0.9630653266331658,0.72,441,11499,0.9928688974218322,0.68,26,3620,0.9499638292741741,0.72,415,7879,0.9885219492549335,4966,0.9696707105719238,4616,0.8965224766751484,2358,0faa0a1a5e80,317f685,False,run_experiments
static_calm,nominal,belief_orienteering_no_opportunity_cost,6,time_budget,43,0.2866666666666667,15.92758773946942,0.005309822306521467,2999.646093600407,5401.0,166,116,78,26.003067550671744,1978.7890408990227,0.6596741679362339,3413.0,0.6319200148120718,0.3275862068965517,0,422,52,43,9,9,370,0,0,0.8269230769230769,0,0,-0.13378666674177309,0,0.18509085481892187,0.10666666666666667,0.24666666666666667,0.2866666666666667,0.17647058823529413,0.02830188679245283,0.04878048780487805,0.025,0.011031888248105482,0.020710984087843255,0.9576486055028641,0.6466666666666666,451,10198,0.9918619791666666,0.56,25,3047,0.9437772205358321,0.6466666666666666,426,7151,0.9874003599897145,3889,0.9599151143598208,4241,0.907899960301707,2519,974a9a260a62,317f685,False,run_experiments
static_calm,nominal,belief_orienteering_no_opportunity_cost,7,time_budget,55,0.36666666666666664,18.119808398426244,0.006394963175283997,2833.4499983452292,5401.0,171,134,86,30.35169141866809,1702.1266360953132,0.6007258420262849,3248.0,0.6013701166450657,0.3582089552238806,0,629,72,55,17,17,557,0,0,0.7638888888888888,0,0,-0.16517626818312453,0,0.20991177712859999,0.10666666666666667,0.22,0.36666666666666664,0.17525773195876287,0.17894736842105263,0.17708333333333334,0.09714285714285714,0.013409846262614315,0.03715157423758383,0.9510979102577702,0.9733333333333334,461,8966,0.9930172730613744,0.8066666666666666,19,2702,0.9340888756337609,0.9733333333333334,442,6264,0.9847036328871893,3661,0.9541547277936963,3490,0.8923550087873462,2276,7aeba89b93b7,317f685,False,run_experiments
static_calm,nominal,belief_orienteering_no_opportunity_cost,8,time_budget,58,0.38666666666666666,21.3104619662311,0.0075808236593184015,2811.1011314761463,5401.0,180,117,73,25.968471636474614,1312.9982674516,0.46707614064461894,2534.0,0.4691723754860211,0.37606837606837606,0,645,73,58,15,15,560,12,0,0.7945205479452054,0,0,-0.1843432088865223,0,0.2521510458044716,0.17333333333333334,0.3,0.38666666666666666,0.18681318681318682,0.18888888888888888,0.1878453038674033,0.10365853658536585,0.012979252801651896,0.042258034997307355,0.9684092028424681,0.9333333333333333,449,13764,0.9929221435793731,0.8066666666666666,28,3928,0.9589548600955445,0.9333333333333333,421,9836,0.9892273402674592,5384,0.9704688076781101,5418,0.9322779243623571,3411,125a32676109,317f685,False,run_experiments
static_calm,nominal,belief_orienteering_no_opportunity_cost,9,time_budget,61,0.4066666666666667,21.632664408504482,0.007433913919968384,2909.996623769957,5401.0,169,129,76,26.116868789194857,1383.899328989601,0.4755673314825818,2635.0,0.48787261618218847,0.4108527131782946,0,698,82,61,21,21,609,7,0,0.7439024390243902,0,0,-0.12964299343523503,0,0.2542097028984758,0.16,0.29333333333333333,0.4066666666666667,0.18867924528301888,0.11235955056179775,0.14084507042253522,0.07575757575757576,0.011159719424032499,0.02593241276540699,0.962415996017589,0.7866666666666666,453,11600,0.993390250619664,0.6533333333333333,24,3607,0.9490619805271907,0.7866666666666666,429,7993,0.9875285803367283,4811,0.9675522206448997,4931,0.8991778450887062,2311,f8f6613a1aa0,317f685,False,run_experiments
static_calm,nominal,belief_orienteering_density_disabled,0,time_budget,53,0.35333333333333333,19.32198897168601,0.006557705725515944,2946.4556325704607,5401.0,148,122,74,25.114920849985133,1740.4211446527308,0.590682963426944,3154.0,0.5839659322347713,0.39344262295081966,0,562,66,53,13,13,493,3,0,0.803030303030303,0,0,-0.11630180165246368,0,0.19289564635450948,0.09333333333333334,0.20666666666666667,0.35333333333333333,0.20689655172413793,0.0625,0.09600000000000002,0.05042016806722689,0.010611767047585062,0.021034806971783764,0.9608331849741855,0.6466666666666666,440,10794,0.9912503528083545,0.5733333333333334,31,3512,0.9468209595631257,0.6466666666666666,409,7282,0.9860924181247196,4458,0.9680087051142546,4595,0.8940852819807428,2181,3f1e61298b80,317f685,False,run_experiments
static_calm,nominal,belief_orienteering_density_disabled,1,time_budget,51,0.34,15.197848361425072,0.005227165726997262,2907.473984023739,5401.0,162,126,82,28.203175832554756,1687.087829973701,0.5802589599233113,3085.0,0.5711905202740233,0.3492063492063492,0,597,68,51,17,17,519,10,0,0.75,0,0,-0.15537662269325903,0,0.181077952081488,0.08,0.20666666666666667,0.34,0.19298245614035087,0.2222222222222222,0.20657276995305165,0.11518324607329843,0.014829245433010348,0.04409136267175858,0.963466803559206,0.88,427,11261,0.9935174746335964,0.8133333333333334,23,3525,0.9503685503685504,0.88,404,7736,0.9893262174783188,4497,0.9670050761421319,4728,0.9094600081201787,2463,1c5ec7fbc15a,317f685,False,run_experiments
static_calm,nominal,belief_orienteering_density_disabled,2,time_budget,56,0.37333333333333335,19.117242278633036,0.006410725574148516,2982.071538941553,5401.0,161,121,73,24.47962734854791,1617.8752103404647,0.5425340033642211,2853.0,0.528235511942233,0.39669421487603307,0,715,79,56,23,23,635,1,0,0.7088607594936709,0,0,-0.18189932593045346,0,0.19053649530427672,0.1,0.18,0.37333333333333335,0.13178294573643412,0.18085106382978725,0.1524663677130045,0.0825242718446602,0.015644353529016285,0.0482178913752995,0.959939019225883,0.9733333333333334,473,11334,0.993434795583408,0.8466666666666667,22,3329,0.9466650898770104,0.9733333333333334,451,8005,0.9851590106007068,4245,0.9652100127280441,4714,0.913623595505618,2848,43cefd715244,317f685,False,run_experiments
static_calm,nominal,belief_orienteering_density_disabled,3,time_budget,76,0.5066666666666667,28.44106465769429,0.009315297958106518,3053.1567305309673,5401.0,152,118,63,20.6343812520374,1269.8215449109748,0.4159044742816538,2324.0,0.4302906869098315,0.4661016949152542,0,798,95,76,19,19,690,13,0,0.8,0,0,-0.13101336865289034,1,0.33650266771119397,0.2,0.4066666666666667,0.5066666666666667,0.3333333333333333,0.04225352112676056,0.075,0.03896103896103896,0.0076211154553164065,0.015341374706108446,0.9578559330477234,0.8933333333333333,423,9614,0.9913322632423756,0.7533333333333333,27,3088,0.9427911008379081,0.8933333333333333,396,6526,0.9887005649717514,4071,0.950784207679827,3698,0.9140211640211641,2268,6e95e4e71e9f,317f685,False,run_experiments
static_calm,nominal,belief_orienteering_density_disabled,4,time_budget,59,0.3933333333333333,20.25947744336198,0.007188816191841932,2818.1938309054276,5401.0,182,117,67,23.77409220943269,1296.4303583004753,0.4600217146469159,2398.0,0.4439918533604888,0.42735042735042733,0,706,82,59,23,23,615,9,0,0.7195121951219512,0,0,-0.17532703592331272,0,0.23977075792701438,0.13333333333333333,0.29333333333333333,0.3933333333333333,0.22058823529411764,0.16666666666666666,0.18987341772151897,0.1048951048951049,0.011252981920213121,0.03069502431866876,0.9744005365826394,0.9066666666666666,458,17433,0.9955202606393809,0.7866666666666666,22,4889,0.9664098613251155,0.9066666666666666,436,12544,0.990619713978164,6503,0.9775529998614383,7217,0.9436585950611364,4171,83534d089799,317f685,False,run_experiments
static_calm,nominal,belief_orienteering_density_disabled,5,time_budget,59,0.3933333333333333,18.80534900119614,0.006607994748084526,2845.8480549863166,5401.0,184,110,66,23.19168090663131,1301.7924869807998,0.4574356964349803,2438.0,0.451397889279763,0.4,0,649,77,59,18,18,562,10,0,0.7662337662337663,0,0,-0.13760241561032432,0,0.2100390485760303,0.1,0.2,0.3933333333333333,0.14035087719298245,0.2696629213483146,0.1846153846153846,0.1016949152542373,0.017761965755240725,0.05925048176204293,0.9556236323851204,0.6866666666666666,507,10918,0.9925265881000287,0.6733333333333333,26,3453,0.9394663981877674,0.6866666666666666,481,7465,0.984260696076258,4511,0.9643662607126748,4434,0.8879032258064516,2480,8dfa47125e9a,317f685,False,run_experiments
static_calm,nominal,belief_orienteering_density_disabled,6,time_budget,44,0.29333333333333333,15.651921899410443,0.005028357580151878,3112.7304790717944,5401.0,138,102,68,21.845771889726016,1799.6768179993958,0.5781666064888642,3047.0,0.5641547861507128,0.3333333333333333,0,442,53,44,9,9,389,0,0,0.8301886792452831,0,0,-0.13591330416424952,0,0.19623560353218764,0.14666666666666667,0.24,0.29333333333333333,0.1875,0.05714285714285714,0.08759124087591241,0.04580152671755725,0.011549322866564037,0.02580858241264209,0.9505030181086519,0.72,492,9448,0.9889081455805893,0.6,32,2853,0.9347980155917789,0.72,460,6595,0.9836065573770492,3599,0.9582278481012658,3950,0.8879130071099958,2391,870a870c6ea4,317f685,False,run_experiments
static_calm,nominal,belief_orienteering_density_disabled,7,time_budget,60,0.4,19.602954717160987,0.006922434269502346,2831.800773251726,5401.0,182,144,97,34.253822131920664,1657.3526150346715,0.5852645534564043,3172.0,0.5872986483984447,0.3263888888888889,0,710,79,60,19,19,605,26,0,0.759493670886076,0,0,-0.20026364281072495,0,0.2329733303341072,0.12666666666666668,0.2733333333333333,0.4,0.17105263157894737,0.14444444444444443,0.15662650602409636,0.08496732026143791,0.011885435310346514,0.03436889735476049,0.95950621902179,1.0,433,10260,0.993607305936073,0.88,21,3264,0.9443844492440605,1.0,412,6996,0.987984583994559,4411,0.9612785862785863,3848,0.9050944946589975,2434,3466e5939562,317f685,False,run_experiments
static_calm,nominal,belief_orienteering_density_disabled,8,time_budget,66,0.44,22.659822939891725,0.007723406040716072,2933.9157905766183,5401.0,167,128,73,24.88142305735807,1277.2837270066525,0.43535118871139145,2433.0,0.4504721347898537,0.4296875,0,656,76,66,10,10,559,21,0,0.868421052631579,0,0,-0.15162565746940782,0,0.29481887455077194,0.21333333333333335,0.36,0.44,0.07692307692307693,0.060240963855421686,0.06756756756756757,0.03496503496503497,0.012118835886265054,0.02789177075590384,0.9601810713387543,0.8933333333333333,475,11454,0.9908045977011494,0.8066666666666666,32,3448,0.9475677594981655,0.8933333333333333,443,8006,0.9850912327547842,4494,0.9630916196265741,4606,0.9158713326263698,2829,dbdbea6e1423,317f685,False,run_experiments
static_calm,nominal,belief_orienteering_density_disabled,9,time_budget,53,0.35333333333333333,18.76575647526762,0.0064055657364254556,2929.6017319056677,5401.0,163,132,86,29.355526064649794,1648.18285380139,0.562596217721809,3050.0,0.5647102388446584,0.3484848484848485,0,579,69,53,16,16,510,0,0,0.7681159420289855,0,0,-0.09657386516940278,0,0.22135361685245009,0.14666666666666667,0.26,0.35333333333333333,0.16666666666666666,0.030927835051546393,0.052173913043478265,0.026785714285714284,0.010591251546965554,0.016886001195397946,0.9295168234731302,0.5733333333333334,442,5829,0.9868035190615836,0.47333333333333333,27,2019,0.901775147928994,0.5733333333333334,415,3810,0.9807272727272728,2750,0.92894280762565,2308,0.8145094806265457,1213,f678bfba8cb0,317f685,False,run_experiments
static_calm,nominal,oracle_current_physics,0,done,150,1.0,52.872430006813836,0.029088760791754237,1817.6240089884316,2584.0,153,150,2,1.1003375781293,35.219973423602426,0.019376930129352505,51.0,0.019736842105263157,0.9866666666666667,0,1540,191,150,41,41,1337,12,0,0.7853403141361257,0,0,-0.12667089447084012,1,0.7617948805480809,0.5066666666666667,0.9933333333333333,0.9933333333333333,0.0,0.0,0.0,0.0,0.015052517983814306,0.059378471351095016,0.9540964555490994,1.0,237,4926,0.9923161361141603,1.0,14,1808,0.9332535169111045,1.0,223,3118,0.992109634551495,2408,0.9580838323353293,1837,0.8464052287581699,918,ab5385869bfe,317f685,False,run_experiments
static_calm,nominal,oracle_current_physics,1,done,150,1.0,50.8182193007545,0.028483151153295583,1784.1501815319575,2563.0,156,153,5,2.8024546653952407,42.71365400402638,0.023940615787932367,82.0,0.03199375731564573,0.9673202614379085,0,1594,197,150,47,47,1379,18,0,0.7614213197969543,0,0,-0.11224919700217174,1,0.7900259246238054,0.6320609716257825,0.9933333333333333,0.9933333333333333,0.0,0.0,0.0,0.0,0.010775773286965462,0.043228021792237635,0.9517543859649122,1.0,231,4557,0.993637941006362,1.0,11,1718,0.9280810722458319,1.0,220,2839,0.9898089171974522,2355,0.9460966542750929,1614,0.8534798534798534,819,13ea695e6692,317f685,False,run_experiments
static_calm,nominal,oracle_current_physics,2,done,150,1.0,53.55858487963708,0.03049353599151654,1756.3914166772051,2541.0,158,156,8,4.5547933814973,59.87197479613674,0.0340880593173271,118.0,0.046438410074773714,0.9487179487179487,0,1649,205,150,55,55,1435,9,0,0.7317073170731707,0,0,-0.1254854231692575,1,0.7937183934647967,0.6533333333333333,0.9933333333333333,0.9933333333333333,0.0,0.0,0.0,0.0,0.01175945049458926,0.04579613830406137,0.9598712852545902,1.0,212,5071,0.9942954934398175,1.0,10,1743,0.9427762039660057,0.9933333333333333,202,3328,0.9890664423885618,2378,0.9656652360515021,1864,0.882804995196926,1041,1dd2aecf5470,317f685,False,run_experiments
static_calm,nominal,oracle_current_physics,3,done,150,1.0,54.76876920111486,0.027914517700423688,1962.017391412196,2712.0,153,150,3,1.5290384341805952,82.46336126813179,0.04202988293023099,103.0,0.03797935103244838,0.98,0,1583,197,150,47,47,1379,7,0,0.7614213197969543,0,0,-0.10590696664071347,2,0.807863379684087,0.72,0.9933333333333333,0.9933333333333333,0.0,0.0,0.0,0.0,0.0065723139114460495,0.03012112238234629,0.9569598992231787,1.0,205,4558,0.9933933933933934,1.0,11,1654,0.9373789541639768,0.9933333333333333,194,2904,0.9897260273972602,2336,0.9540983606557377,1525,0.876940133037694,902,42f0ad985f8c,317f685,False,run_experiments
static_calm,nominal,oracle_current_physics,4,done,150,1.0,52.2599353644664,0.03003142174959798,1740.175200501987,2500.0,153,151,4,2.2986191268822376,38.05644874647078,0.02186932024746282,65.0,0.026,0.9735099337748344,0,1627,201,150,51,51,1412,14,0,0.746268656716418,0,0,-0.1220412853517173,1,0.7759063299082765,0.5764650543597746,0.9933333333333333,0.9933333333333333,0.0,0.0,0.0,0.0,0.013685069616588682,0.0523813289373704,0.9635074368730543,1.0,211,5571,0.9936642027455121,1.0,12,1882,0.9488168724279835,1.0,199,3689,0.9880143827407112,2503,0.960774818401937,2065,0.9176276771004942,1214,e19f38fc7d90,317f685,False,run_experiments
static_calm,nominal,oracle_current_physics,5,done,150,1.0,51.720302261646665,0.02837614942912947,1822.6680963469028,2580.0,153,151,3,1.6459387235738498,36.82481175805617,0.02020379455363409,59.0,0.022868217054263566,0.9801324503311258,0,1617,198,150,48,48,1386,33,0,0.7575757575757576,0,0,-0.1246956002205578,1,0.805221520007253,0.68,0.9933333333333333,0.9933333333333333,0.0,0.0,0.0,0.0,0.011780240443103877,0.04645371030927728,0.9583676834295136,1.0,202,4650,0.9935672514619883,1.0,11,1699,0.9392106938255887,1.0,191,2951,0.9889025893958077,2433,0.956601466992665,1636,0.8671775223499362,783,a006ab49c3a0,317f685,False,run_experiments
static_calm,nominal,oracle_current_physics,6,done,150,1.0,52.643440594451036,0.032557065564754524,1616.9590127754489,2388.0,156,153,5,3.092224330051316,23.33987015912483,0.014434422873256896,60.0,0.02512562814070352,0.9673202614379085,0,1609,200,150,50,50,1400,9,0,0.75,0,0,-0.11901346705065502,1,0.7903142249305045,0.6666666666666666,0.9933333333333333,0.9933333333333333,0.0,0.0,0.0,0.0,0.01452212177577266,0.05654119739383719,0.9603827751196172,1.0,207,5018,0.9927857935627081,1.0,13,1789,0.9433245690914402,1.0,194,3229,0.984251968503937,2413,0.965386695511087,1849,0.8909657320872274,963,59d32f9338c2,317f685,False,run_experiments
static_calm,nominal,oracle_current_physics,7,done,150,1.0,51.19441566855559,0.02572003060842026,1990.4492513238104,2765.0,154,152,4,2.0095965759185646,73.55613043250924,0.036954536963747474,103.0,0.03725135623869801,0.9736842105263158,0,1586,196,150,46,46,1372,18,0,0.7653061224489796,0,0,-0.13517069928022069,1,0.757581861556506,0.5466666666666666,0.9933333333333333,0.9933333333333333,0.0,0.0,0.0,0.0,0.012889399453377866,0.04975048533278506,0.9503381234150465,1.0,235,4497,0.991812865497076,1.0,14,1696,0.9268696227663799,1.0,221,2801,0.9891989198919892,2222,0.9443037974683545,1580,0.867741935483871,930,43e5865170d5,317f685,False,run_experiments
static_calm,nominal,oracle_current_physics,8,done,150,1.0,48.946937895844414,0.03175600529814313,1541.3443043702505,2304.0,155,153,5,3.2439215468103075,78.79955685778998,0.05112391607401776,118.0,0.051215277777777776,0.9673202614379085,0,1659,200,150,50,50,1400,59,0,0.75,0,0,-0.12648069167292336,1,0.8119553405621449,0.76,0.9933333333333333,0.9933333333333333,0.0,0.0,0.0,0.0,0.014521224527779587,0.057454305740485156,0.9580128871336521,1.0,202,4609,0.9938574938574939,1.0,10,1618,0.939679547596607,1.0,192,2991,0.9913457377758547,2311,0.9539347408829175,1563,0.8826040554962646,937,d61c7414a7a0,317f685,False,run_experiments
static_calm,nominal,oracle_current_physics,9,done,150,1.0,52.38418063500721,0.027041669400113936,1937.1651897640054,2745.0,155,153,5,2.581091187483667,38.941381028903436,0.020102251080429262,77.0,0.028051001821493626,0.9673202614379085,0,1651,206,150,56,56,1442,3,0,0.7281553398058253,0,0,-0.13774997019764462,1,0.763751509255233,0.5866666666666667,0.9933333333333333,0.9933333333333333,0.0,0.0,0.0,0.0,0.013293426214111633,0.051825827484579666,0.9503067484662576,1.0,243,4647,0.9911764705882353,1.0,15,1685,0.9285266457680251,1.0,228,2962,0.9868365180467091,2355,0.9463208685162847,1658,0.8597491448118586,877,ddcc7c1eb71c,317f685,False,run_experiments
weak_drift,nominal,lawnmower_collect,0,time_budget,0,0.0,0.0,0.0,3194.7000000012067,5401.0,34,33,33,10.329608413931679,3095.2500000011464,0.9688703164616325,5233.0,0.9688946491390483,0.0,0,7,0,0,0,0,7,0,0,0.0,0,0,-0.05061309923184553,0,0.0,0.0,0.0,0.0,0.0,0.0,0.0,0.0,0.007389846619930075,0.01930980150602598,0.7931190583974649,0.26,457,1752,0.8874172185430463,0.1,34,268,0.778185631882538,0.26,423,1484,0.8066298342541437,362,0.8156359393232205,857,0.7686868686868686,990,b4ecf3f750bd,317f685,False,run_experiments
weak_drift,nominal,lawnmower_collect,1,time_budget,1,0.006666666666666667,0.5473967835544589,0.00017134528548979627,3194.7000000012067,5401.0,34,33,32,10.016589977145872,2908.3500000010913,0.9103671706263476,4919.0,0.9107572671727457,0.030303030303030304,0,24,1,1,0,0,23,0,0,1.0,0,0,-0.05201218747690709,0,0.004894722222222406,0.006666666666666667,0.006666666666666667,0.006666666666666667,0.0,0.0,0.0,0.0,0.007775846727060237,0.022258671989913152,0.9304073350368255,0.5066666666666667,463,6190,0.9818863210493441,0.32,29,1572,0.9140934283452098,0.5066666666666667,434,4618,0.9671939074399531,1707,0.939547450185748,2961,0.8851385390428211,1985,977673faf85c,317f685,False,run_experiments
weak_drift,nominal,lawnmower_collect,2,time_budget,4,0.02666666666666667,1.3424749235693563,0.0004202194019998276,3194.7000000012067,5401.0,34,33,30,9.390553103574254,2533.650000000806,0.7930791623626159,4290.0,0.7942973523421588,0.09090909090909091,0,66,7,4,3,3,59,0,0,0.5714285714285714,0,0,-0.06901559159024537,0,0.015332777777776316,0.0,0.02,0.02666666666666667,0.0,0.0,0.0,0.0,0.006639013135082749,0.02191117670959338,0.9186643835616438,0.54,475,5365,0.9789473684210527,0.26,26,1209,0.9024972855591749,0.54,449,4156,0.9481481481481482,1350,0.9297800338409475,2364,0.8875823142050799,2126,8e3ade62c8a5,317f685,False,run_experiments
weak_drift,nominal,lawnmower_collect,3,time_budget,12,0.08,4.458210841490774,0.0013955021884649859,3194.7000000012067,5401.0,34,33,25,7.825460919645211,1599.000000000819,0.5005164804207641,2717.0,0.5030549898167006,0.24242424242424243,0,124,13,12,1,1,103,8,0,0.9230769230769231,0,0,-0.04555559444896629,0,0.06005722222222166,0.04666666666666667,0.08,0.08,0.0,0.0,0.0,0.0,0.006562051475629942,0.02254286228482763,0.9495883728021141,0.66,496,9343,0.9894900739587388,0.48,27,2542,0.9354883081155433,0.66,469,6801,0.9748603351955307,2864,0.9643771827706635,4295,0.8988805970149254,2680,2171ba923a5b,317f685,False,run_experiments
weak_drift,nominal,lawnmower_collect,4,time_budget,6,0.04,2.3198282490474176,0.0007261490121283818,3194.7000000012067,5401.0,34,33,28,8.764516230002636,2342.7000000011026,0.7333082918584586,3966.0,0.7343084613960378,0.15151515151515152,0,74,8,6,2,2,64,2,0,0.75,0,0,-0.04522778436394611,0,0.030845277777777805,0.02666666666666667,0.04,0.04,0.0,0.0,0.0,0.0,0.008345670357723708,0.026103379052105077,0.9496388028895769,0.6466666666666666,488,9202,0.9918798213560698,0.47333333333333333,20,2443,0.9352428393524284,0.6466666666666666,468,6759,0.979073756432247,2915,0.9583734359961501,4156,0.903016418480336,2619,21095ac7741d,317f685,False,run_experiments
weak_drift,nominal,lawnmower_collect,5,time_budget,2,0.013333333333333334,1.0975094782296266,0.000343540701233046,3194.7000000012067,5401.0,34,33,31,9.703571540360063,2721.1500000009196,0.8517701192599906,4605.0,0.8526198852064433,0.06060606060606061,0,21,2,2,0,0,19,0,0,1.0,0,0,-0.07810666134330356,0,0.007635277777777027,0.0,0.013333333333333334,0.013333333333333334,0.0,0.0,0.0,0.0,0.007748979742194467,0.020734133368786673,0.888456865127582,0.4266666666666667,459,3656,0.9668989547038328,0.16666666666666666,19,555,0.8757413160124259,0.4266666666666667,440,3101,0.9229691876750701,714,0.9060360920970753,1607,0.8589743589743589,1794,6d4bf88045a5,317f685,False,run_experiments
weak_drift,nominal,lawnmower_collect,6,time_budget,6,0.04,2.4505066461377565,0.0007670537597072748,3194.7000000012067,5401.0,34,33,27,8.451497793216829,1972.8000000006532,0.6175227720912474,3347.0,0.6197000555452694,0.18181818181818182,0,82,9,6,3,3,73,0,0,0.6666666666666666,0,0,-0.07944788118118254,0,0.0236033333333304,0.013333333333333334,0.02666666666666667,0.04,0.0,0.0,0.0,0.0,0.009055992972217555,0.02271579353669168,0.927724358974359,0.6533333333333333,451,5789,0.9751801441152922,0.30666666666666664,31,1218,0.9158485273492286,0.6533333333333333,420,4571,0.9530883502736512,1279,0.9340873634945398,2564,0.9073842302878599,2397,b30fa80a83cb,317f685,False,run_experiments
weak_drift,nominal,lawnmower_collect,7,time_budget,0,0.0,0.0,0.0,3194.7000000012067,5401.0,34,33,33,10.329608413931679,3095.2500000011464,0.9688703164616325,5233.0,0.9688946491390483,0.0,0,1,0,0,0,0,1,0,0,0.0,0,0,-0.08017940040413478,0,0.0,0.0,0.0,0.0,0.0,0.0,0.0,0.0,0.008223987043916428,0.024374410777498735,0.9399508217937104,0.64,464,7263,0.9829222011385199,0.37333333333333335,27,1554,0.9288968434754312,0.64,437,5709,0.9598051157125457,1642,0.9525213801238572,3391,0.9120267260579065,2694,4f7705506038,317f685,False,run_experiments
weak_drift,nominal,lawnmower_collect,8,time_budget,5,0.03333333333333333,1.6972206243018504,0.0005312613466995991,3194.7000000012067,5401.0,34,33,29,9.077534666788445,2347.050000001022,0.7346699220584516,3975.0,0.7359748194778745,0.12121212121212122,0,70,7,5,2,2,63,0,0,0.7142857142857143,0,0,-0.07062939731283228,0,0.02294499999999854,0.02,0.02666666666666667,0.03333333333333333,0.0,0.0,0.0,0.0,0.00770870583833441,0.023908704805473056,0.9436669829222012,0.6733333333333333,475,7957,0.9808018068887634,0.36666666666666664,34,1737,0.9337937246659661,0.6733333333333333,441,6220,0.9678377041068777,2021,0.9510509645839332,3473,0.9183117767188563,2938,87547f0ce355,317f685,False,run_experiments
weak_drift,nominal,lawnmower_collect,9,time_budget,3,0.02,1.4296439241915875,0.00044750490631077956,3194.7000000012067,5401.0,34,33,31,9.703571540360063,2721.6000000011904,0.8519109775566289,4604.0,0.8524347343084614,0.06060606060606061,0,52,5,3,2,2,47,0,0,0.6,0,0,-0.07896858426444778,0,0.01794777777777784,0.02,0.02,0.02,0.0,0.0,0.0,0.0,0.00804758183215316,0.023172859281591473,0.9354384867906831,0.56,413,5984,0.9811912225705329,0.28,24,1252,0.9240382737746534,0.56,389,4732,0.9593984962406015,1330,0.9415680473372781,2704,0.9149386373254338,2363,100d13119fe3,317f685,False,run_experiments
weak_drift,nominal,greedy,0,path_budget,30,0.2,10.242818466270126,0.002845053618155833,3600.2198344892818,5333.0,203,202,173,48.05262121571011,3243.597080114756,0.9009441726424143,4832.0,0.9060566285392837,0.14356435643564355,0,475,40,30,10,10,366,69,0,0.75,0,0,0.021933271968341307,0,0.12555288400047618,0.10666666666666667,0.11333333333333333,0.2,0.0,0.0,0.0,0.0,0.006694656698980333,0.016637211365972498,0.8876274328081557,0.5933333333333334,485,3831,0.9859327217125382,0.58,23,1612,0.8276762402088773,0.5933333333333334,462,2219,0.9714030384271671,2238,0.8793626707132018,1318,0.6552631578947369,760,5af38df322a5,317f685,False,run_experiments
weak_drift,nominal,greedy,1,path_budget,34,0.22666666666666666,10.936693216460933,0.0030377922101470526,3600.2110940733214,5399.0,213,212,181,50.27482980038664,3250.3582185935675,0.902824343812594,4892.0,0.9060937210594554,0.14622641509433962,0,604,45,34,11,11,483,76,0,0.7555555555555555,0,0,-0.009567336182288722,0,0.11033252877984649,0.013333333333333334,0.11333333333333333,0.22666666666666666,0.0,0.0,0.0,0.0,0.006800679062833401,0.01847556153635939,0.9389998659337713,0.9,455,7004,0.9869451697127938,0.86,30,2268,0.917651617903507,0.9,425,4736,0.9789572864321608,3184,0.9301364200082679,2419,0.8820043103448276,1856,c078b05d9e66,317f685,False,run_experiments
weak_drift,nominal,greedy,2,path_budget,37,0.24666666666666667,12.623915439695383,0.0035066402815159894,3600.0029732841076,5049.0,178,177,142,39.444411866821405,3155.6721694888925,0.8765748786618712,4447.0,0.8807684690037632,0.1977401129943503,0,489,47,37,10,10,436,6,0,0.7872340425531915,0,0,-0.04749750546603318,0,0.18150324742959748,0.18,0.23333333333333334,0.24666666666666667,0.0,0.0,0.0,0.0,0.006366002876231712,0.018290728707784087,0.9585687382297552,0.7133333333333334,440,10180,0.9926149714669352,0.64,22,2957,0.9452951184399948,0.7133333333333334,418,7223,0.9830554796392457,3659,0.9665071770334929,4389,0.9101866251944012,2572,5a3e4ce29ed1,317f685,False,run_experiments
weak_drift,nominal,greedy,3,path_budget,37,0.24666666666666667,12.755551071113723,0.003543174670403186,3600.0345051186086,5079.0,182,181,145,40.277391728839206,3260.6762777882973,0.9057347292511212,4550.0,0.8958456389052963,0.19889502762430938,0,621,50,37,13,13,539,32,0,0.74,0,0,-0.05525701464292425,0,0.17552228438285036,0.12666666666666668,0.24,0.24666666666666667,0.0,0.0,0.0,0.0,0.006522094809769916,0.016614929437378124,0.9553800389783568,0.98,435,9314,0.9934119278779473,0.8666666666666667,19,2865,0.9394027676620539,0.98,416,6449,0.9884899972595231,3649,0.959114139693356,3522,0.9034134988363072,2578,41b6bb95e245,317f685,False,run_experiments
weak_drift,nominal,greedy,4,path_budget,0,0.0,0.0,0.0,3600.0918811346064,4818.0,133,132,132,36.66573086417973,3587.3418811346064,0.9964584237233463,4802.0,0.9966791199667911,0.0,0,0,0,0,0,0,0,0,0,0.0,0,0,-0.008404327318951152,0,0.0,0.0,0.0,0.0,0.0,0.0,0.0,0.0,0.006895798808310265,0.016761080908317065,0.05489260143198091,0.02666666666666667,396,23,0.0,0.0,19,0,0.0575,0.02666666666666667,377,23,0.0,55,0.0,146,0.10550458715596331,218,0c231fd68515,317f685,False,run_experiments
weak_drift,nominal,greedy,5,time_budget,38,0.25333333333333335,12.483775379839019,0.0036870688113983595,3385.8265246491064,5401.0,237,236,201,59.365120609902135,3080.3539701252676,0.9097790296401861,4942.0,0.9150157378263285,0.1483050847457627,0,586,49,38,11,11,466,71,0,0.7755102040816326,0,0,-0.015394895034555017,0,0.12412213171447793,0.08,0.10666666666666667,0.25333333333333335,0.0,0.0,0.0,0.0,0.009883158964063835,0.03501182943926975,0.9491021388539403,0.8933333333333333,445,8298,0.9910968660968661,0.8133333333333334,25,2783,0.9292333614153327,0.8933333333333333,420,5515,0.9870867768595041,3872,0.945910290237467,3032,0.8743882544861338,1839,f740e722b32f,317f685,False,run_experiments
weak_drift,nominal,greedy,6,path_budget,21,0.14,7.2291896569738565,0.0020080641914409507,3600.0789654967753,4862.0,148,147,128,35.55477566652132,3447.6467007738756,0.9576586329956056,4595.0,0.9450843274372687,0.1292517006802721,0,253,24,21,3,3,228,1,0,0.875,0,0,-0.03202032025623489,0,0.10104594432422964,0.10666666666666667,0.12666666666666668,0.13333333333333333,0.0,0.0,0.0,0.0,0.008942208284259118,0.017614343542580735,0.9470313542361575,0.5733333333333334,397,7098,0.9894736842105263,0.46,21,1974,0.9316363636363636,0.5733333333333334,376,5124,0.9836439710916698,2629,0.9528695094581596,3119,0.8815111619919863,1747,acb2f34f48df,317f685,False,run_experiments
weak_drift,nominal,greedy,7,path_budget,36,0.24,10.883911799420458,0.0030231876941605265,3600.1442518581975,5304.0,207,206,172,47.77586340081318,3185.223854200777,0.884748952089,4730.0,0.8917797888386124,0.1650485436893204,0,613,50,36,14,14,476,87,0,0.72,0,0,-0.008228571383792335,0,0.10761023662694419,0.05333333333333334,0.11333333333333333,0.22,0.0,0.0,0.0,0.0,0.007784284712416884,0.028225472942315675,0.9413170472650026,0.9933333333333333,442,7090,0.9886455798864558,0.9866666666666667,28,2438,0.9182787208843269,0.9933333333333333,414,4652,0.9776951672862454,3228,0.9455930359085963,2757,0.8577892695539754,1547,253bb3cbbe85,317f685,False,run_experiments
weak_drift,nominal,greedy,8,time_budget,46,0.30666666666666664,15.272695339626063,0.004471671508361288,3415.433202342489,5401.0,236,235,193,56.50820512830705,2957.909746388293,0.8660423352327893,4711.0,0.8722458803925199,0.17872340425531916,0,787,66,46,20,20,616,105,0,0.696969696969697,0,0,-0.0536895833960747,0,0.17504413999202614,0.10666666666666667,0.18666666666666668,0.30666666666666664,0.0,0.0,0.0,0.0,0.008191716478132015,0.030746620301276482,0.966309778729479,1.0,472,13538,0.9898516783762685,0.9666666666666667,39,3804,0.9574112324186093,1.0,433,9734,0.9872122762148338,5083,0.9658018867924528,5088,0.939307111226882,3839,6c97d4374379,317f685,False,run_experiments
weak_drift,nominal,greedy,9,time_budget,43,0.2866666666666667,14.826311006376311,0.004380923739119799,3384.288768595448,5401.0,242,241,198,58.505645805802274,2947.1357884844138,0.8708286999124895,4747.0,0.8789113127198667,0.17842323651452283,0,557,54,43,11,11,467,36,0,0.7962962962962963,0,0,0.015147848562355525,0,0.184755468696042,0.10666666666666667,0.21333333333333335,0.2866666666666667,0.0,0.0,0.0,0.0,0.006730809047140933,0.017561470277405906,0.9284550195567145,0.7866666666666666,439,5697,0.9865255052935515,0.7266666666666667,28,2050,0.8987185805815673,0.78,411,3647,0.9808330261702912,2713,0.9274518584863413,2233,0.8109243697478992,1190,bea81cee38a6,317f685,False,run_experiments
weak_drift,nominal,confirmed_route,0,path_budget,95,0.6333333333333333,32.942544109454886,0.009150121580256465,3600.2302068353015,4765.0,176,174,112,31.109121796533948,2319.622707383577,0.6442984404107279,3192.0,0.669884575026233,0.3563218390804598,105,2038,138,95,43,43,1371,529,0,0.6884057971014492,0,0,-0.06398731629560586,1,0.2295829498911488,0.02666666666666667,0.18,0.54,0.03380281690140845,0.32432432432432434,0.061224489795918366,0.031578947368421054,0.029382097259731524,0.10521509467747236,0.9695490638886866,1.0,418,13309,0.9939686369119421,0.98,30,4944,0.9556723409116874,1.0,388,8365,0.9906685023711183,6537,0.9695616883116883,4928,0.9084880636604774,2262,06ff150d3ba8,317f685,False,run_experiments
weak_drift,nominal,confirmed_route,1,path_budget,85,0.5666666666666667,29.229912861461536,0.008119394884256842,3600.011241987637,4767.0,170,168,111,30.83323704809175,2542.113325683562,0.7061403853505778,3458.0,0.7254038179148311,0.3392857142857143,106,1453,114,85,29,29,1117,222,0,0.7456140350877193,0,0,-0.07007601515219028,1,0.1971013331326539,0.04,0.11333333333333333,0.46,0.039603960396039604,0.25,0.06837606837606838,0.035398230088495575,0.023895459086828084,0.08927579243832923,0.9683671887114281,0.9666666666666667,408,12490,0.9955035971223022,0.8733333333333333,20,4428,0.9540828402366864,0.9666666666666667,388,8062,0.9933515172178656,5866,0.968260597201921,4789,0.903254569772626,2243,98167c46bba2,317f685,False,run_experiments
weak_drift,nominal,confirmed_route,2,path_budget,111,0.74,39.872419969527634,0.0110753842738013,3600.093593487804,5084.0,223,221,138,38.33233676191855,2220.2756001604425,0.6167271884755138,3324.0,0.6538158929976396,0.3755656108597285,136,2177,146,111,35,35,1339,692,0,0.7602739726027398,0,0,-0.060565376060521675,1,0.18187278781354996,0.03333333333333333,0.09333333333333334,0.49333333333333335,0.024024024024024024,0.5161290322580645,0.04591104734576757,0.023494860499265784,0.046448286447056356,0.15357937356238696,0.9773908384677203,1.0,422,18243,0.9965018285896009,0.9933333333333333,22,6267,0.9676793794440853,1.0,400,11976,0.9927149101505586,8236,0.9786379928315412,6975,0.938332368268674,3454,2ab68eea2c0f,317f685,False,run_experiments
weak_drift,nominal,confirmed_route,3,path_budget,120,0.8,42.9470317178569,0.011929150633694745,3600.1751538412063,5256.0,240,238,160,44.44228215654675,2416.5652274554736,0.6712354605517233,3704.0,0.7047184170471842,0.3277310924369748,158,2072,160,120,40,40,1461,451,0,0.75,0,0,-0.05594122778507088,1,0.22262430278806034,0.06,0.13333333333333333,0.5133333333333333,0.021660649819494584,0.4444444444444444,0.04130808950086058,0.0210896309314587,0.032516730580935294,0.10361849978258925,0.9759574468085106,0.9933333333333333,452,18348,0.9949606299212599,0.98,32,6318,0.9662650602409638,0.9933333333333333,420,12030,0.993437841779074,8229,0.9794923275491181,6973,0.9291272929405225,3598,8d5a9565bf8e,317f685,False,run_experiments
weak_drift,nominal,confirmed_route,4,path_budget,131,0.8733333333333333,45.17299933629677,0.012547759600375628,3600.084857773692,4825.0,201,199,111,30.832606559347294,2447.9652744098958,0.6799743259173419,3284.0,0.6806217616580311,0.44221105527638194,104,2363,180,131,49,49,1621,562,0,0.7277777777777777,0,0,-0.06773216626688106,1,0.44125360184747847,0.16,0.5333333333333333,0.74,0.05755395683453238,0.5333333333333333,0.1038961038961039,0.0547945205479452,0.014885121897333846,0.06443202380221437,0.9751027598355843,1.0,424,16606,0.99624637433885,0.9933333333333333,22,5839,0.9640075208165458,1.0,402,10767,0.9937019775790402,7939,0.9754861905540121,6119,0.9246298788694481,2972,1a5e8284c261,317f685,False,run_experiments
weak_drift,nominal,confirmed_route,5,path_budget,72,0.48,23.79383608910899,0.00660899204852677,3600.2216244779634,4895.0,183,182,128,35.553366806567126,2757.837592897013,0.7660188401031848,3786.0,0.7734422880490296,0.2967032967032967,124,1227,96,72,24,24,942,189,0,0.75,0,0,-0.08141982487617329,0,0.20171882173554495,0.04666666666666667,0.20666666666666667,0.47333333333333333,0.02364864864864865,0.11290322580645161,0.03910614525139665,0.019943019943019943,0.02701748763751034,0.08648985919247466,0.9683028158178181,0.7933333333333333,412,12586,0.9958002799813346,0.7466666666666667,18,4268,0.9547750229568411,0.7933333333333333,394,8318,0.9907625125965738,5954,0.9697885196374623,4634,0.9099585062240664,2410,1a98f5ec6aae,317f685,False,run_experiments
weak_drift,nominal,confirmed_route,6,path_budget,80,0.5333333333333333,27.752410854475087,0.0077087142808201,3600.134840063448,5098.0,215,213,153,42.49840819776172,2708.1061168171177,0.7522235241526094,3922.0,0.7693213024715575,0.28169014084507044,147,1343,113,80,33,33,1094,136,0,0.7079646017699115,0,0,-0.07189849893646767,1,0.24221943487368094,0.04666666666666667,0.2866666666666667,0.4266666666666667,0.041025641025641026,0.14545454545454545,0.064,0.03305785123966942,0.01918042280684758,0.07109398372063806,0.9751448327415436,1.0,399,15654,0.9951830443159922,0.9466666666666667,25,5165,0.9655712050078247,1.0,374,10489,0.9936866833064161,6811,0.9770247933884297,6050,0.9320175438596491,3192,50ecfd76ce92,317f685,False,run_experiments
weak_drift,nominal,confirmed_route,7,path_budget,78,0.52,27.02824023185081,0.007507574962006811,3600.1292519397007,4802.0,175,174,116,32.22106537911126,2739.4545400414813,0.7609322744636183,3632.0,0.7563515201999167,0.3333333333333333,110,1257,98,78,20,20,1014,145,0,0.7959183673469388,0,0,-0.0965697248876324,0,0.2281033225492746,0.06,0.29333333333333333,0.43333333333333335,0.08015267175572519,0.3559322033898305,0.1308411214953271,0.07,0.021385989592080278,0.07682890322261822,0.9658868633127299,1.0,436,12345,0.9947355826752812,0.88,22,4157,0.9518716577540107,1.0,414,8188,0.9898336414048059,5410,0.9674337820234477,4606,0.9164556962025316,2765,f8c09d7bd822,317f685,False,run_experiments
weak_drift,nominal,confirmed_route,8,path_budget,83,0.5533333333333333,27.108641006616093,0.007529895431875152,3600.1351216460776,5135.0,211,208,152,42.220637521655455,2442.13037147019,0.6783440868057149,3675.0,0.7156767283349562,0.2692307692307692,150,1486,104,83,21,21,1058,324,0,0.7980769230769231,0,0,-0.07407040451373954,1,0.17324452740000765,0.06,0.13333333333333333,0.3933333333333333,0.0,0.0,0.0,0.0,0.03149971931181017,0.09203001659219241,0.9761073825503356,0.9666666666666667,445,18180,0.9946666666666667,0.9,30,5595,0.9680769230769231,0.9666666666666667,415,12585,0.9924367436743674,7272,0.9746871044860076,7111,0.9504950495049505,4242,2f19adc66767,317f685,False,run_experiments
weak_drift,nominal,confirmed_route,9,path_budget,60,0.4,19.211559386455903,0.005336537270632557,3600.004724445351,4701.0,156,155,110,30.55551545614918,2906.5808137590693,0.8073824998123811,3787.0,0.8055732822803658,0.2903225806451613,103,1106,81,60,21,21,861,164,0,0.7407407407407407,0,0,-0.05489878820970656,0,0.13971862898264054,0.05333333333333334,0.10666666666666667,0.32,0.0912863070539419,0.3235294117647059,0.14239482200647247,0.07665505226480836,0.0238505042181117,0.09349528095943546,0.9643112701252237,1.0,399,10781,0.9933172948409517,0.9533333333333334,25,3716,0.9497244253259847,1.0,374,7065,0.9886432772257149,4931,0.96527428283845,3974,0.9098901098901099,2275,9383ce5643e6,317f685,False,run_experiments
weak_drift,nominal,belief_horizon,0,time_budget,73,0.4866666666666667,26.998719119799368,0.008684016645762332,3109.0128244945654,5401.0,233,117,78,25.088349390350462,1421.187533774276,0.45711858200691713,2172.0,0.4021477504165895,0.3333333333333333,0,907,103,73,30,30,734,70,0,0.7087378640776699,0,0,-0.02302802174409107,0,0.3243835688871037,0.2733333333333333,0.46,0.4866666666666667,0.3333333333333333,0.02040816326530612,0.03846153846153846,0.0196078431372549,0.005721298464078,0.017517235571955232,0.9618014849550606,0.6533333333333333,391,9845,0.9960618846694796,0.56,14,3541,0.9435713216584344,0.6533333333333333,377,6304,0.9894291754756871,4730,0.9670134483633596,3941,0.8651757188498402,1565,561656b8c9c8,317f685,False,run_experiments
weak_drift,nominal,belief_horizon,1,time_budget,106,0.7066666666666667,36.344729565875205,0.01333372242954622,2725.7751732808574,5401.0,293,122,68,24.94703182660232,644.1937642178348,0.23633415203589814,1250.0,0.23143862247731903,0.4426229508196721,0,1377,146,106,40,40,1091,140,0,0.726027397260274,0,0,-0.1199343226348185,1,0.3956452577802563,0.1683300450052055,0.5266666666666666,0.7066666666666667,0.0,0.0,0.0,0.0,0.019057536400462927,0.06659775544690254,0.964332892998679,0.88,486,13140,0.991725015913431,0.8533333333333334,39,4674,0.9498485358465163,0.88,447,8466,0.9898637421070123,6018,0.9667618270799347,4904,0.9031065088757396,2704,04f561d1e502,317f685,False,run_experiments
weak_drift,nominal,belief_horizon,2,time_budget,103,0.6866666666666666,36.03839524210606,0.012067229300204037,2986.4680901933893,5401.0,219,120,76,25.448120557376722,1179.2905773663872,0.394878010328924,2100.0,0.38881688576189594,0.36666666666666664,0,1427,135,103,32,32,1044,248,0,0.762962962962963,0,0,-0.05677694642447839,1,0.3543691630421275,0.12666666666666668,0.47333333333333333,0.6866666666666666,0.0,0.0,0.0,0.0,0.011359131798073624,0.04716534333741553,0.9694025222245193,0.9933333333333333,444,14067,0.9947542257625801,0.96,27,5120,0.9554677488252883,0.9933333333333333,417,8947,0.9907890696960393,6514,0.9693181818181819,5280,0.9182922340817078,2717,98dbf06f1af7,317f685,False,run_experiments
weak_drift,nominal,belief_horizon,3,time_budget,130,0.8666666666666667,48.57188474680128,0.018349897558032114,2646.983973245148,5401.0,296,125,65,24.55624992708639,577.7954945540873,0.2182844703233023,1234.0,0.22847620810960934,0.48,0,1658,167,130,37,37,1233,258,0,0.7784431137724551,0,0,-0.08231242180018765,1,0.44871664759800334,0.12,0.49333333333333335,0.8666666666666667,0.0030959752321981426,0.0625,0.005899705014749263,0.0029585798816568047,0.02578637871766723,0.09123418621187432,0.9718058529621699,1.0,474,16338,0.9939678284182306,1.0,36,5932,0.9596090003688675,1.0,438,10406,0.9916134185303515,7512,0.9712465283450417,6121,0.9260773828247877,3179,b598be2cc77b,317f685,False,run_experiments
weak_drift,nominal,belief_horizon,4,time_budget,121,0.8066666666666666,40.75163564398525,0.014331922562652553,2843.417236301543,5401.0,264,108,45,15.82602771956601,895.9370109902277,0.3150916437981436,1397.0,0.25865580448065173,0.5833333333333334,0,1564,170,121,49,49,1236,158,0,0.711764705882353,0,0,-0.06966428252223125,1,0.5854724407950416,0.5066666666666667,0.7933333333333333,0.8066666666666666,0.0,0.0,0.0,0.0,0.0024581177532889825,0.013969295726355824,0.9701188216269423,0.9933333333333333,425,13798,0.9945065724936237,0.9733333333333334,28,5069,0.9564979180363796,0.9933333333333333,397,8729,0.9925270703065426,6557,0.9689488910318226,5185,0.913341394598952,2481,c985b9688222,317f685,False,run_experiments
weak_drift,nominal,belief_horizon,5,time_budget,58,0.38666666666666666,21.77624519120964,0.008178441980978314,2662.6398086405134,5401.0,259,116,80,30.045370665755307,1321.9944793548102,0.49649767687871843,2484.0,0.45991483058692834,0.3103448275862069,0,681,71,58,13,13,531,79,0,0.8169014084507042,0,0,-0.01591725386497289,0,0.21683916315605098,0.13333333333333333,0.16,0.38666666666666666,0.0,0.0,0.0,0.0,0.011778410307847284,0.040287624412985334,0.9366582803019091,0.6,428,6329,0.985663082437276,0.49333333333333335,32,2200,0.9124861878453039,0.6,396,4129,0.9815258296270954,2923,0.9411032766486935,2411,0.8369641602248771,1423,689b5bfea85d,317f685,False,run_experiments
weak_drift,nominal,belief_horizon,6,time_budget,75,0.5,27.070330082147944,0.009051557309263011,2990.682062460702,5401.0,271,121,85,28.42161026306584,1426.2571401595508,0.4769002890885838,2201.0,0.4075171264580633,0.2975206611570248,0,814,92,75,17,17,685,37,0,0.8152173913043478,0,0,-0.012901256302193867,1,0.35478034453210794,0.18,0.5,0.5,0.0,0.0,0.0,0.0,0.0056531894582496495,0.012072974768460953,0.9566201433421351,0.6466666666666666,460,10144,0.9927156177156177,0.6133333333333333,25,3407,0.9393474623535973,0.6466666666666666,435,6737,0.9868760757314974,4648,0.9585326953748007,3762,0.8892433910665452,2194,49b66d464755,317f685,False,run_experiments
weak_drift,nominal,belief_horizon,7,time_budget,83,0.5533333333333333,27.40858495220967,0.009838210404316369,2785.9319760212243,5401.0,261,115,67,24.049402704974575,796.9509784458897,0.2860626121905779,1492.0,0.27624513978892795,0.41739130434782606,0,1221,115,83,32,32,968,138,0,0.7217391304347827,0,0,-0.07500297516065213,1,0.3613821983183385,0.19333333333333333,0.5133333333333333,0.5533333333333333,0.0,0.0,0.0,0.0,0.009210827128983854,0.039791457879938014,0.9572882588149764,0.9933333333333333,470,10534,0.9926615862263618,0.9866666666666667,26,3517,0.9404905508644954,0.9933333333333333,444,7017,0.984914735461303,4574,0.9610615079365079,4032,0.8982485404503753,2398,bfe394f2b18d,317f685,False,run_experiments
weak_drift,nominal,belief_horizon,8,time_budget,77,0.5133333333333333,27.161671372458446,0.009650738474913106,2814.465591733176,5401.0,271,129,82,29.135193637064003,881.116021694316,0.3130669013266266,1726.0,0.3195704499166821,0.3643410852713178,0,973,102,77,25,25,806,65,0,0.7549019607843137,0,0,-0.09722352159927548,1,0.2958006834975279,0.08,0.4774161183777536,0.5133333333333333,0.0,0.0,0.0,0.0,0.009598217884521316,0.04208886735016821,0.9648114075436982,1.0,459,12585,0.9937581274382314,0.98,24,3821,0.9527122513316665,1.0,435,8764,0.9902020820575628,4899,0.9674620390455532,5071,0.9199739752765127,3074,722035d0133c,317f685,False,run_experiments
weak_drift,nominal,belief_horizon,9,time_budget,108,0.72,37.088812098810635,0.013031724629484138,2846.0401944726173,5401.0,244,138,85,29.86605746646907,1120.080749993053,0.393557600545627,2121.0,0.3927050546195149,0.38405797101449274,0,1497,142,108,34,34,1066,289,0,0.7605633802816901,0,0,-0.03030428066796697,1,0.3936348985900482,0.12,0.5266666666666666,0.72,0.05303030303030303,0.4375,0.0945945945945946,0.04964539007092199,0.01979982176538346,0.07656481792213748,0.9593808714324058,0.9733333333333334,454,10723,0.996203132415757,0.92,16,4198,0.9370960792761741,0.9733333333333334,438,6525,0.9895814293547798,5471,0.9592427031291086,3803,0.8728323699421965,1903,f53950f2766f,317f685,False,run_experiments
weak_drift,nominal,belief_horizon_no_efficiency,0,time_budget,75,0.5,27.250316494874607,0.008398670012661374,3244.5990202964904,5401.0,115,55,30,9.246134826626006,930.9434463154419,0.2869209540198815,1390.0,0.25735974819477875,0.45454545454545453,0,939,103,75,28,28,730,106,0,0.7281553398058253,0,0,-0.03265912377577926,1,0.3183258345399765,0.24666666666666667,0.4066666666666667,0.5,0.0,0.0,0.0,0.0,0.006399409421079917,0.024710246780665295,0.9543256866577513,0.6533333333333333,444,9277,0.9923842999414177,0.58,26,3388,0.9337244331694942,0.6533333333333333,418,5889,0.9870740305522914,4255,0.9585547290116897,3764,0.86310223266745,1702,8dcc329b09b9,317f685,False,run_experiments
weak_drift,nominal,belief_horizon_no_efficiency,1,time_budget,118,0.7866666666666666,39.787446327722975,0.011975721250466925,3322.342387200411,5401.0,98,40,14,4.213894405927612,564.3608534062,0.1698683602209228,743.0,0.13756711720051842,0.65,0,1468,155,118,37,37,1146,167,0,0.7612903225806451,0,0,-0.06507765429982687,1,0.3576114232424046,0.07333333333333333,0.44,0.7466666666666667,0.0,0.0,0.0,0.0,0.013348843194093784,0.05163869876293203,0.9668031903427463,0.9466666666666667,462,13455,0.9937411669695134,0.8666666666666667,31,4922,0.9519187862561357,0.9466666666666667,431,8533,0.9900343081195883,6121,0.9674473997618103,5038,0.9140681653372009,2758,6e99a44aad6f,317f685,False,run_experiments
weak_drift,nominal,belief_horizon_no_efficiency,2,time_budget,113,0.7533333333333333,40.20175427896849,0.012642230787132537,3179.957315752096,5401.0,106,47,24,7.547271116223687,716.7605092993495,0.2253994120451983,1214.0,0.22477319014997224,0.48936170212765956,0,1739,151,113,38,38,1076,512,0,0.7483443708609272,0,0,-0.07370866472178317,1,0.2948861350152624,0.08,0.18666666666666668,0.7133333333333334,0.005961251862891207,0.16666666666666666,0.011510791366906475,0.005788712011577424,0.044623277788759005,0.13202021831777613,0.9749268033005057,1.0,471,18314,0.9951341787083456,0.9933333333333333,33,6749,0.9635091227193202,1.0,438,11565,0.9917307913173309,8707,0.97439293598234,6795,0.931465123362778,3283,fa2bb8a70af2,317f685,False,run_experiments
weak_drift,nominal,belief_horizon_no_efficiency,3,time_budget,97,0.6466666666666666,35.25066584629093,0.011479106081502162,3070.854611501073,5401.0,105,49,26,8.466698456717515,600.1490582489953,0.19543388866450917,1130.0,0.2092205147194964,0.46938775510204084,0,1452,130,97,33,33,1016,306,0,0.7461538461538462,0,0,-0.06562520676560826,1,0.27106794758818,0.06666666666666667,0.14666666666666667,0.64,0.03021978021978022,0.2894736842105263,0.054726368159203974,0.028132992327365727,0.0263011491120051,0.086414138800838,0.9704066034851727,0.9866666666666667,484,15871,0.9943939686835492,0.94,29,5144,0.9593096047218744,0.9866666666666667,455,10727,0.9897233201581027,6325,0.9703812796596302,6111,0.939270221995407,3919,32566bf6b29b,317f685,False,run_experiments
weak_drift,nominal,belief_horizon_no_efficiency,4,time_budget,113,0.7533333333333333,39.50360750452247,0.011985849326567937,3295.853837988638,5401.0,85,37,20,6.068230262360605,1027.318893565454,0.311700379951435,1547.0,0.28642843917793004,0.4594594594594595,0,1519,148,113,35,35,1068,303,0,0.7635135135135135,0,0,-0.03370317452292756,1,0.48949513742692113,0.26666666666666666,0.6333333333333333,0.7533333333333333,0.0,0.0,0.0,0.0,0.002711560706159024,0.010435936543323183,0.9718893141745624,0.9333333333333333,448,15489,0.9964272954626653,0.8666666666666667,20,5578,0.958603346551891,0.9333333333333333,428,9911,0.9918214582755752,7214,0.9741022099447514,5792,0.9184578642101672,2931,399340d11989,317f685,False,run_experiments
weak_drift,nominal,belief_horizon_no_efficiency,5,time_budget,88,0.5866666666666667,29.93213468226427,0.009914087323083695,3019.1518096245823,5401.0,120,58,32,10.599003302182096,585.1146592823442,0.19380100643402245,1144.0,0.21181262729124237,0.4482758620689655,0,1194,120,88,32,32,859,215,0,0.7333333333333333,0,0,-0.05628858165045604,1,0.3340362181686417,0.09333333333333334,0.4666666666666667,0.58,0.03896103896103896,0.06666666666666667,0.04918032786885246,0.025210084033613446,0.014041619727085265,0.057868582753525535,0.9653446284174046,0.7533333333333333,450,12535,0.9940133548238544,0.7,26,4317,0.9509372830363342,0.7533333333333333,424,8218,0.9906976744186047,5590,0.9647058823529412,4675,0.9143382352941176,2720,3ada0fea5cca,317f685,False,run_experiments
weak_drift,nominal,belief_horizon_no_efficiency,6,time_budget,107,0.7133333333333334,37.561975494615,0.011817936069660912,3178.3870951074414,5401.0,104,47,20,6.29249974956997,502.0859039345775,0.15796877123854705,821.0,0.15200888724310313,0.574468085106383,0,1490,146,107,39,39,1140,204,0,0.7328767123287672,0,0,-0.1032043680041214,1,0.32019261590048814,0.06,0.38666666666666666,0.6466666666666666,0.06031746031746032,0.5,0.10764872521246459,0.05688622754491018,0.02573826877554431,0.09912881662179106,0.9778437400614862,1.0,418,18448,0.9950769230769231,0.98,32,6468,0.9687853792657286,1.0,386,11980,0.9928279955484111,8087,0.9810532181666203,7178,0.937795056928631,3601,32d1a71d0403,317f685,False,run_experiments
weak_drift,nominal,belief_horizon_no_efficiency,7,time_budget,101,0.6733333333333333,34.655066661863934,0.011142494144095,3110.171404508164,5401.0,107,48,16,5.144411004746604,306.226971734603,0.09845983770885744,580.0,0.10738752082947603,0.6666666666666666,0,1351,130,101,29,29,962,259,0,0.7769230769230769,0,0,-0.0794775046897714,1,0.3203085129228534,0.1,0.38,0.6466666666666666,0.026455026455026454,0.125,0.043668122270742356,0.022321428571428572,0.019058313771470853,0.06891892400950869,0.9715232683982684,0.98,421,14363,0.9944364310735627,0.94,27,4826,0.9603262511328164,0.98,394,9537,0.9900656676208116,5939,0.9735039653929344,5548,0.9347892023051259,3297,c474d6a0cb75,317f685,False,run_experiments
weak_drift,nominal,belief_horizon_no_efficiency,8,time_budget,86,0.5733333333333334,27.26181751141071,0.008734121333573973,3121.30052586014,5401.0,99,46,20,6.40758550299753,554.7489454909856,0.17773006504656033,925.0,0.17126458063321606,0.5652173913043478,0,992,110,86,24,24,777,105,0,0.7818181818181819,0,0,-0.07581386534143443,1,0.32122655103122666,0.12,0.4,0.5733333333333334,0.0,0.0,0.0,0.0,0.007612698714726684,0.036015569282365975,0.9698586936745709,0.92,497,15992,0.994925918408768,0.7733333333333333,25,4902,0.9591766130427262,0.92,472,11090,0.9902307562742125,5937,0.9704448507007922,6564,0.9385656970912738,3988,ad4133291104,317f685,False,run_experiments
weak_drift,nominal,belief_horizon_no_efficiency,9,time_budget,84,0.56,29.259719703938526,0.009579753578262693,3054.3290560554096,5401.0,136,72,45,14.733186625974211,1029.2435627640539,0.3369786109730091,1962.0,0.36326606184039995,0.375,0,1131,111,84,27,27,798,222,0,0.7567567567567568,0,0,-0.02758982451287094,1,0.24958483397897444,0.09333333333333334,0.14666666666666667,0.56,0.0029069767441860465,0.022727272727272728,0.005154639175257733,0.002583979328165375,0.024271367358475935,0.07074481411791309,0.9604322972490175,0.8733333333333333,443,10753,0.9933959867919736,0.7066666666666667,26,3911,0.9425540708086513,0.8733333333333333,417,6842,0.9889212827988338,5145,0.9621136590229312,4012,0.8852378616969102,2039,3c8a04804fbd,317f685,False,run_experiments
weak_drift,nominal,belief_horizon_no_track_prediction,0,time_budget,72,0.48,25.968153199336278,0.009009068161140363,2882.446079312296,5401.0,248,138,94,32.61119112501381,1600.5458743328938,0.5552734831087482,2756.0,0.510275874837993,0.3188405797101449,0,824,92,72,20,20,677,55,0,0.782608695652174,0,0,-0.010254190414647549,0,0.2976137673768636,0.18,0.43333333333333335,0.48,0.0,0.0,0.0,0.0,0.004785311630235896,0.014723174540044057,0.9635024134134982,0.66,431,11378,0.9949904580152672,0.5933333333333334,21,4171,0.9461730340028883,0.66,410,7207,0.9912704309063893,5384,0.9643890496327621,4493,0.8840579710144928,1932,81ab1a9b8349,317f685,False,run_experiments
weak_drift,nominal,belief_horizon_no_track_prediction,1,time_budget,83,0.5533333333333333,27.086950789210416,0.008716973632905772,3107.3801447511178,5401.0,212,164,111,35.721409943195226,1692.408859366279,0.5446417176298946,2898.0,0.5365673023514164,0.3231707317073171,0,929,104,83,21,21,769,56,0,0.7980769230769231,0,0,-0.05238280674561887,1,0.2931224304998992,0.17333333333333334,0.25333333333333335,0.5533333333333333,0.0,0.0,0.0,0.0,0.012445082520220177,0.05132567595282618,0.9510791366906475,0.9866666666666667,476,9254,0.99230330672748,0.8066666666666666,27,3481,0.9278367084538733,0.9866666666666667,449,5773,0.9832439678284183,4476,0.9537090281771133,3478,0.8648648648648649,1776,8cb56eb3c5e1,317f685,False,run_experiments
weak_drift,nominal,belief_horizon_no_track_prediction,2,time_budget,74,0.49333333333333335,26.728884589106425,0.009071286462869976,2946.5373735590233,5401.0,240,179,130,44.11958292691783,1981.9553581653702,0.6726387983232783,3416.0,0.6324754675060174,0.2737430167597765,0,869,96,74,22,22,710,63,0,0.7708333333333334,0,0,-0.030567438777350693,0,0.33071726937866613,0.12,0.49333333333333335,0.49333333333333335,0.0,0.0,0.0,0.0,0.004826550288126053,0.011946508199361938,0.9634551495016611,0.96,462,12180,0.9952511872031992,0.7733333333333333,19,3982,0.9487327855572272,0.96,443,8198,0.9871649679124198,5298,0.9674190800681431,4696,0.908987915407855,2648,b064db01db7d,317f685,False,run_experiments
weak_drift,nominal,belief_horizon_no_track_prediction,3,time_budget,121,0.8066666666666666,43.53019575843024,0.01421877755265755,3061.4583846762735,5401.0,208,159,91,29.72439555457899,1511.6942122016264,0.493782381549987,2726.0,0.5047213478985373,0.4276729559748428,0,1409,141,121,20,20,1051,217,0,0.8581560283687943,0,0,-0.0670736390653365,1,0.3703325702137069,0.05333333333333334,0.5133333333333333,0.8066666666666666,0.0,0.0,0.0,0.0,0.01459563170813721,0.06199741582701072,0.9695900656177239,1.0,431,13742,0.9948896156991006,1.0,25,4867,0.9562547139316884,1.0,406,8875,0.9908256880733946,6431,0.9686757399006265,4629,0.9270799871506585,3113,a8e1b6a918f5,317f685,False,run_experiments
weak_drift,nominal,belief_horizon_no_track_prediction,4,time_budget,133,0.8866666666666667,46.05899417125625,0.014455510037416078,3186.258668980821,5401.0,217,156,75,23.538578562420994,1765.3855493708847,0.5540622192910576,2942.0,0.544713941862618,0.5192307692307693,0,1877,180,133,47,47,1339,358,0,0.7388888888888889,0,0,-0.08815249184394496,1,0.5564567009834509,0.3333333333333333,0.7933333333333333,0.8466666666666667,0.024096385542168676,0.13333333333333333,0.04081632653061225,0.020833333333333332,0.0074312204038032344,0.03457928648313695,0.9699462400414535,1.0,464,14975,0.9959008393519422,0.9933333333333333,21,5102,0.9570569988367584,1.0,443,9873,0.9923019985196151,6755,0.9736267733721353,5498,0.916195856873823,3186,9a71a4bbd7fd,317f685,False,run_experiments
weak_drift,nominal,belief_horizon_no_track_prediction,5,time_budget,87,0.58,29.885402203896877,0.010239621140552366,2918.6042914752547,5401.0,224,151,100,34.2629524297223,1634.8815753220995,0.5601586964349055,3005.0,0.5563784484354749,0.33774834437086093,0,1127,119,87,32,32,861,147,0,0.7310924369747899,0,0,0.026102448103297572,1,0.3343690584254273,0.1,0.5333333333333333,0.58,0.0,0.0,0.0,0.0,0.005028013495357091,0.017197352698886243,0.958006419400856,0.74,471,10745,0.9960287912633408,0.6866666666666666,16,4013,0.9366912480868235,0.74,455,6732,0.9873257287705957,5523,0.9577729962345347,3718,0.8764556962025316,1975,52d5441ea917,317f685,False,run_experiments
weak_drift,nominal,belief_horizon_no_track_prediction,6,time_budget,66,0.44,21.498623935768713,0.007056650048952237,3046.576461441616,5401.0,227,148,104,34.13667810943042,1886.8222927607412,0.6193254351699126,2991.0,0.5537863358637289,0.2972972972972973,0,782,87,66,21,21,659,36,0,0.7586206896551724,0,0,-0.027023722803898184,0,0.3019373417712103,0.13333333333333333,0.44,0.44,0.0,0.0,0.0,0.0,0.0063191753702195345,0.012021109238245566,0.957024959742351,0.7266666666666667,427,9509,0.9911879895561357,0.64,27,3037,0.9417927823050058,0.7266666666666667,400,6472,0.9878511769172361,3951,0.9623142250530785,3768,0.8930987821380244,2217,204d71a4931c,317f685,False,run_experiments
weak_drift,nominal,belief_horizon_no_track_prediction,7,time_budget,93,0.62,32.147938639505234,0.010829902969275695,2968.4419824174374,5401.0,214,165,100,33.68770573665114,1655.8350396777996,0.5578128356510178,2994.0,0.5543417885576745,0.3939393939393939,0,1103,116,93,23,23,877,110,0,0.8017241379310345,0,0,-0.059326555831941394,1,0.3708084877761831,0.11333333333333333,0.5333333333333333,0.62,0.0,0.0,0.0,0.0,0.0060579259529992616,0.029748275326109876,0.9653325170276268,0.98,453,12614,0.9944121071012806,0.9066666666666666,24,4271,0.95109439124487,0.98,429,8343,0.9921161082243326,5581,0.9663900414937759,4820,0.9073518379594899,2666,3d4f5b95b3a8,317f685,False,run_experiments
weak_drift,nominal,belief_horizon_no_track_prediction,8,time_budget,114,0.76,38.09350208537497,0.01355578457906004,2810.1289057233143,5401.0,255,195,111,39.49996734097474,1244.8207953674032,0.4429764032646723,2527.0,0.4678763192001481,0.4307692307692308,0,1402,146,114,32,32,1073,183,0,0.7808219178082192,0,0,-0.11703783848138241,1,0.40253017797055857,0.13333333333333333,0.56,0.76,0.024096385542168676,0.13333333333333333,0.04081632653061225,0.020833333333333332,0.01616804250079524,0.06350399516196203,0.9687842278203724,1.0,456,14152,0.9946213425129088,0.98,25,4623,0.956726907630522,1.0,431,9529,0.9929066314747608,6062,0.9700073152889539,5468,0.919103313840156,3078,82ac69d1b960,317f685,False,run_experiments
weak_drift,nominal,belief_horizon_no_track_prediction,9,time_budget,79,0.5266666666666666,27.51711817576614,0.008889636760159383,3095.4153603991335,5401.0,229,170,120,38.767010571572136,1893.097265666148,0.6115810142591156,3254.0,0.6024810220329568,0.29411764705882354,0,1020,98,79,19,19,775,147,0,0.8061224489795918,0,0,0.012567960523289026,1,0.3508568073689277,0.12666666666666668,0.5266666666666666,0.5266666666666666,0.0,0.0,0.0,0.0,0.0050218007047688,0.012351812386717667,0.9515398550724637,0.9933333333333333,428,8404,0.9921378893256728,0.9133333333333333,26,3281,0.9272398190045249,0.9933333333333333,402,5123,0.9882407193912843,4337,0.9478596717090441,3107,0.8451008645533141,1388,0b9664038dda,317f685,False,run_experiments
weak_drift,nominal,belief_horizon_no_refinement,0,time_budget,72,0.48,26.63137995225533,0.008175558236993164,3257.4387191999153,5401.0,176,175,125,38.373707312812385,2634.697424421719,0.8088248625806373,4264.0,0.7894834289946306,0.2857142857142857,0,1017,90,72,18,18,731,196,0,0.8,0,0,-0.02856814310990669,0,0.3012496338270886,0.2879597013226753,0.38,0.38666666666666666,0.15584415584415584,0.46153846153846156,0.2330097087378641,0.13186813186813187,0.011650651995817777,0.05141182349034225,0.9488249058907315,1.0,503,9326,0.9937553221686063,0.9066666666666666,22,3501,0.9237234379955598,0.9933333333333333,481,5825,0.9857930449533503,4716,0.9511729405346426,3666,0.8223911541119557,1447,0cdff6272723,317f685,False,run_experiments
weak_drift,nominal,belief_horizon_no_refinement,1,time_budget,91,0.6066666666666667,31.918518391442024,0.010880504253033135,2933.551391475645,5401.0,200,198,128,43.633120037352754,1891.3113843111644,0.6447173176536003,3624.0,0.6709868542862433,0.35353535353535354,0,1339,131,91,40,40,1010,198,0,0.6946564885496184,0,0,-0.10079552730456073,1,0.2970023734590228,0.11333333333333333,0.25333333333333335,0.6066666666666667,0.06837606837606838,0.18604651162790697,0.10000000000000002,0.05263157894736842,0.02080406917232029,0.07885758579438247,0.9719952597767105,0.8733333333333333,449,15584,0.9962073324905183,0.8533333333333334,21,5516,0.9592225609756098,0.8733333333333333,428,10068,0.9940044617958729,7172,0.9715744680851064,5875,0.919959812458138,2986,21b610dd8d84,317f685,False,run_experiments
weak_drift,nominal,belief_horizon_no_refinement,2,time_budget,104,0.6933333333333334,38.25052719848922,0.011939291129892142,3203.7519466061276,5401.0,166,163,98,30.589134749903348,1595.076626697558,0.49787769255584574,2754.0,0.5099055730420292,0.3987730061349693,0,1335,135,104,31,31,1044,156,0,0.7703703703703704,0,0,-0.10087445427907926,1,0.3780735529307599,0.08,0.5,0.6533333333333333,0.0,0.0,0.0,0.0,0.007575592381357353,0.040559834040306976,0.9711181770005299,1.0,436,14660,0.9939234352845858,0.9866666666666667,30,4907,0.9600354365587164,1.0,406,9753,0.9919342793129201,6695,0.9730264340945873,5561,0.9183098591549296,2840,d600f9607fa9,317f685,False,run_experiments
weak_drift,nominal,belief_horizon_no_refinement,3,time_budget,78,0.52,28.807592208489673,0.009190715757597268,3134.423147041254,5401.0,174,172,120,38.28455647836645,2251.630528220281,0.718355634383862,3974.0,0.7357896685798926,0.3023255813953488,0,1156,103,78,25,25,846,207,0,0.7572815533980582,0,0,-0.06613704720840488,1,0.3361885775091535,0.14666666666666667,0.49333333333333335,0.52,0.0,0.0,0.0,0.0,0.005259018003371743,0.023304597231360177,0.967032967032967,1.0,456,13376,0.9937022042285201,0.9733333333333334,28,4418,0.9544001704666525,1.0,428,8958,0.9883780550333277,5851,0.9687188683004583,5019,0.9220121539500338,2962,4a8769cef022,317f685,False,run_experiments
weak_drift,nominal,belief_horizon_no_refinement,4,time_budget,79,0.5266666666666666,28.398761010233173,0.008367242804253163,3394.040507082903,5401.0,168,166,114,33.58828504318008,2328.716904352261,0.6861193611250497,3639.0,0.6737641177559711,0.3132530120481928,0,1012,101,79,22,22,796,115,0,0.7821782178217822,0,0,-0.024487321171823416,1,0.4198496387063942,0.44666666666666666,0.5266666666666666,0.5266666666666666,1.0,0.018518518518518517,0.03636363636363636,0.018518518518518517,0.005071792869380573,0.010111873159632963,0.9587414405824738,0.94,476,11061,0.9923625254582484,0.8266666666666667,30,3898,0.9413852017347878,0.94,446,7163,0.9888784165881244,5305,0.9573140289565651,4006,0.889487870619946,2226,43dff62e4ef8,317f685,False,run_experiments
weak_drift,nominal,belief_horizon_no_refinement,5,time_budget,82,0.5466666666666666,26.636231963022077,0.008681489132875891,3068.163946914758,5401.0,201,200,142,46.281751059225634,2212.31177658584,0.721053964150275,3851.0,0.7130161081281244,0.29,0,902,98,82,16,16,704,100,0,0.8367346938775511,0,0,-0.0006317021341869268,0,0.36524962043425985,0.14,0.5466666666666666,0.5466666666666666,0.0,0.0,0.0,0.0,0.00493237277760592,0.010838402540230026,0.956395858922618,0.7533333333333333,497,10901,0.9925717213114754,0.7,29,3875,0.9375500400320256,0.7533333333333333,468,7026,0.9901997738409348,5306,0.9575187062515086,4143,0.8619805028219599,1949,4aba3d9273f9,317f685,False,run_experiments
weak_drift,nominal,belief_horizon_no_refinement,6,time_budget,50,0.3333333333333333,17.333383538431725,0.005305906693045765,3266.808962387123,5401.0,176,175,136,41.630839625412946,2843.2642657736887,0.8703491078021466,4614.0,0.85428624328828,0.22285714285714286,0,669,69,50,19,19,537,63,0,0.7246376811594203,0,0,-0.02490873767017256,0,0.23479002000790253,0.14,0.3333333333333333,0.3333333333333333,0.0,0.0,0.0,0.0,0.006824802786279757,0.01368635793361596,0.9466934314709491,0.6333333333333333,478,8489,0.9903735078937236,0.5333333333333333,25,2572,0.9288854003139717,0.6333333333333333,453,5917,0.9797277729510571,3453,0.9532520325203252,3444,0.8806763285024155,2070,bb4ff776d9ae,317f685,False,run_experiments
weak_drift,nominal,belief_horizon_no_refinement,7,time_budget,127,0.8466666666666667,43.802991964247454,0.014552745490975936,3009.946954092574,5401.0,189,187,111,36.87772631643065,1881.8001899692665,0.6251938052963407,3578.0,0.662469912979078,0.40641711229946526,0,1918,173,127,46,46,1284,461,0,0.7341040462427746,0,0,-0.05652621515547875,1,0.3354649296795017,0.08666666666666667,0.2,0.8466666666666667,0.007751937984496124,0.14285714285714285,0.014705882352941175,0.007407407407407408,0.03117485153595209,0.10515960994881147,0.9664409101286051,1.0,441,12700,0.9936381709741551,1.0,32,4998,0.9495746517075576,1.0,409,7702,0.9895336309065723,6497,0.9655952919873246,4418,0.9007187780772686,2226,f3f4adbd3817,317f685,False,run_experiments
weak_drift,nominal,belief_horizon_no_refinement,8,time_budget,116,0.7733333333333333,38.13740810071981,0.012529248032531306,3043.8704702547775,5401.0,189,187,113,37.12378733072097,1838.6948396081339,0.6040647450593493,3482.0,0.6446954267728199,0.39572192513368987,0,1618,161,116,45,45,1256,201,0,0.7204968944099379,0,0,-0.09519944496070958,1,0.35507051032820536,0.14,0.42,0.74,0.005797101449275362,0.06896551724137931,0.0106951871657754,0.005376344086021506,0.02614330933307796,0.09260222177543323,0.9665345662703655,1.0,456,13170,0.9945492662473795,1.0,26,4744,0.9514453477868112,1.0,430,8426,0.9900196335078534,6112,0.965829993672221,4741,0.9159754778218536,2773,a1beb060638d,317f685,False,run_experiments
weak_drift,nominal,belief_horizon_no_refinement,9,time_budget,117,0.78,40.571887480467964,0.012961626909381189,3130.153935468039,5401.0,191,188,109,34.82256855323049,1893.1565641212958,0.6048126076707534,3392.0,0.6280318459544528,0.42021276595744683,0,1705,160,117,43,43,1254,291,0,0.73125,0,0,-0.025567382233391014,1,0.33564493935488765,0.10666666666666667,0.20666666666666667,0.78,0.0,0.0,0.0,0.0,0.022160262793214397,0.07889541503643267,0.9568217849482421,1.0,463,10260,0.9935805991440799,1.0,27,4179,0.9330980512505754,1.0,436,6081,0.989668297988037,5517,0.953102659422362,3497,0.8583967232299591,1709,df3f2c2b00ec,317f685,False,run_experiments
weak_drift,nominal,belief_orienteering,0,time_budget,74,0.49333333333333335,27.168218462503454,0.008973742182502298,3027.5238479079735,5401.0,228,122,76,25.10302274002439,1459.8139479318054,0.4821808254096959,2330.0,0.4314015922977226,0.3770491803278688,0,932,103,74,29,29,749,80,0,0.7184466019417476,0,0,-0.023134478484719605,0,0.3132547355426706,0.25333333333333335,0.38666666666666666,0.49333333333333335,0.09433962264150944,0.10869565217391304,0.10101010101010101,0.05319148936170213,0.008292553584401553,0.026284814607186683,0.9600334603587694,0.6666666666666666,430,10329,0.9921717171717171,0.5933333333333334,31,3929,0.9413148992498896,0.6666666666666666,399,6400,0.9885125767478709,5049,0.9623011015911873,4085,0.8658461538461538,1625,0174ece267ce,317f685,False,run_experiments
weak_drift,nominal,belief_orienteering,1,time_budget,110,0.7333333333333333,36.93701728016151,0.012435439595032531,2970.302496979391,5401.0,238,102,47,15.823304208172742,808.1607978044584,0.27208030112296866,1277.0,0.2364376967228291,0.5392156862745098,0,1494,158,110,48,48,1173,163,0,0.6962025316455697,0,0,-0.08547448120626357,1,0.33583681970343565,0.16666666666666666,0.31333333333333335,0.7333333333333333,0.012658227848101266,0.20689655172413793,0.02385685884691849,0.012072434607645875,0.030645785962978705,0.09747265184644584,0.9686413525121004,0.98,460,14209,0.9954946498967524,0.8866666666666667,24,5303,0.9533290515949475,0.98,436,8906,0.9894800120228434,6654,0.9718004338394793,5532,0.9057591623036649,2483,74be8cda1d8f,317f685,False,run_experiments
weak_drift,nominal,belief_orienteering,2,time_budget,117,0.78,41.805060370633335,0.013547737212866458,3085.7596153349164,5401.0,223,126,64,20.740436060523688,1237.6387010374897,0.40108072413902573,2128.0,0.39400111090538786,0.49206349206349204,0,1830,165,117,48,48,1230,435,0,0.7090909090909091,0,0,-0.05507227098923734,1,0.40184495011182364,0.1,0.5133333333333333,0.78,0.0,0.0,0.0,0.0,0.004737149215503908,0.02892444800725982,0.9697156560465913,1.0,442,14153,0.9943632567849687,0.9933333333333333,27,4763,0.9576746557878634,1.0,415,9390,0.9937623611745018,6573,0.9688976377952756,5080,0.9174031271244052,2942,e1880f83dc20,317f685,False,run_experiments
weak_drift,nominal,belief_orienteering,3,time_budget,109,0.7266666666666667,40.02968840390767,0.014023599090051042,2854.451852684985,5401.0,223,115,61,21.370127487917348,980.5943531472876,0.3435315793555636,1915.0,0.3545639696352527,0.46956521739130436,0,1631,143,109,34,34,1028,460,0,0.7622377622377622,0,0,-0.04631840648351824,1,0.325517323185691,0.10666666666666667,0.35333333333333333,0.7266666666666667,0.04291845493562232,0.4,0.07751937984496124,0.04032258064516129,0.022601551552223556,0.0813625349420165,0.9686500764632281,1.0,451,13935,0.9958385351643778,0.9733333333333334,20,4786,0.9550104384133612,1.0,431,9149,0.9914058699529755,6167,0.9680337756332931,4974,0.9263482280431433,3245,76eaa657496f,317f685,False,run_experiments
weak_drift,nominal,belief_orienteering,4,time_budget,100,0.6666666666666666,34.62597822690828,0.010509727448820179,3294.6599610245257,5401.0,184,114,75,22.76410946417596,1789.6039615224718,0.5431832063682731,2776.0,0.5139788927976301,0.34210526315789475,0,1355,127,100,27,27,964,264,0,0.7874015748031497,0,0,-0.03157370898018229,1,0.4658325328168111,0.39335757436873714,0.6066666666666667,0.6066666666666667,0.061946902654867256,0.1891891891891892,0.09333333333333334,0.04895104895104895,0.009636758474772345,0.029722438606206082,0.9640071058932571,1.0,466,12481,0.993484610199955,0.9933333333333333,29,4422,0.9485640301318268,1.0,437,8059,0.9911666666666666,6000,0.9644492911668484,4585,0.8941574936494496,2362,970190acd72f,317f685,False,run_experiments
weak_drift,nominal,belief_orienteering,5,time_budget,88,0.5866666666666667,27.91731786314711,0.008887383164455597,3141.230365176588,5401.0,189,110,62,19.737489070310385,1317.3262516896398,0.4193663305606002,2343.0,0.43380855397148677,0.43636363636363634,0,1236,116,88,28,28,840,280,0,0.7586206896551724,0,0,0.009633118957344762,1,0.37289103715210425,0.14,0.58,0.5866666666666667,0.0,0.0,0.0,0.0,0.004258983016474577,0.010678872048654793,0.9558253417669863,0.6933333333333334,433,9369,0.9941574415744158,0.6866666666666666,19,3233,0.936793893129771,0.6933333333333334,414,6136,0.9897937024972856,4605,0.9521948286229706,3326,0.8786745056119722,1871,ffb9d5a7d09d,317f685,False,run_experiments
weak_drift,nominal,belief_orienteering,6,time_budget,47,0.31333333333333335,17.705550564767126,0.005227345302527859,3387.1017773027183,5401.0,198,102,73,21.552349117224566,2024.9330210983671,0.5978364850644968,2799.0,0.5182373634512127,0.28431372549019607,0,454,53,47,6,6,390,11,0,0.8867924528301887,0,0,-0.03235878107943793,0,0.23171794449291427,0.14666666666666667,0.31333333333333335,0.31333333333333335,0.0,0.0,0.0,0.0,0.0064174195737848935,0.013021406346578496,0.9442552654811451,0.6333333333333333,442,7487,0.9920389208314905,0.5266666666666666,18,2243,0.9251940719830628,0.6333333333333333,424,5244,0.985553772070626,3115,0.9494559494559495,2849,0.8712468193384224,1965,92e711ac3d47,317f685,False,run_experiments
weak_drift,nominal,belief_orienteering,7,time_budget,104,0.6933333333333334,35.00284589982701,0.012965828160449657,2699.622844501211,5401.0,263,113,59,21.85490470277191,682.6062745549356,0.252852458981564,1403.0,0.2597667098685429,0.4778761061946903,0,1364,138,104,34,34,1050,176,0,0.7536231884057971,0,0,-0.0760185518588416,1,0.3731845074716289,0.14,0.52,0.6933333333333334,0.015384615384615385,0.06060606060606061,0.024539877300613498,0.012422360248447204,0.015093210499284157,0.0633417575687242,0.9665701881331403,1.0,462,13358,0.9954028021015762,0.9666666666666667,21,4547,0.9523346303501945,1.0,441,8811,0.9913209512237459,5761,0.9678899082568807,5014,0.9175697865353037,3045,96c2998f68f6,317f685,False,run_experiments
weak_drift,nominal,belief_orienteering,8,time_budget,108,0.72,36.15488126685509,0.012618100200715047,2865.3189221628036,5401.0,225,109,62,21.63807997791781,904.6943252756734,0.31573948654650663,1734.0,0.32105165710053696,0.43119266055045874,0,1380,151,108,43,43,1098,131,0,0.7152317880794702,0,0,-0.09537539945442074,1,0.31336965724729404,0.02666666666666667,0.28784035634547894,0.72,0.014336917562724014,0.12903225806451613,0.025806451612903226,0.013071895424836602,0.02297268424137364,0.0780198741823032,0.9717116256863213,0.9666666666666667,474,16282,0.9950156913420712,0.9066666666666666,27,5390,0.9605785342622806,0.9666666666666667,447,10892,0.9924220343923055,6862,0.9731500719194502,6257,0.9301622216112181,3637,0aad1493f976,317f685,False,run_experiments
weak_drift,nominal,belief_orienteering,9,time_budget,66,0.44,24.63619967158944,0.008078062899914532,3049.765763998953,5401.0,175,105,74,24.26415853752938,1714.9594513644824,0.562324973153273,2865.0,0.5304573227180152,0.29523809523809524,0,987,84,66,18,18,639,264,0,0.7857142857142857,0,0,0.023886047999528127,0,0.27727660879288213,0.10666666666666667,0.44,0.44,0.0,0.0,0.0,0.0,0.005201734353984549,0.011946905212293132,0.9526487459228433,0.7933333333333333,421,8470,0.9933396764985728,0.7266666666666667,21,3132,0.9302892994074591,0.7933333333333333,400,5338,0.9885922330097088,4120,0.9495961227786753,3095,0.869928400954654,1676,d52a1efb23c2,317f685,False,run_experiments
weak_drift,nominal,belief_orienteering_depth1,0,time_budget,46,0.30666666666666664,17.343695445618874,0.005227219857130415,3317.957904900529,5401.0,144,93,61,18.384802263435816,1968.7164838059768,0.5933518568449102,2986.0,0.5528605813738197,0.34408602150537637,0,670,65,46,19,19,514,91,0,0.7076923076923077,0,0,-0.01302126900213079,0,0.21405112694336048,0.19333333333333333,0.28,0.30666666666666664,0.0,0.0,0.0,0.0,0.005828459255028104,0.013967489484797034,0.9513717052178591,0.6533333333333333,452,8843,0.993000318167356,0.5333333333333333,22,3121,0.9301040312093628,0.6533333333333333,430,5722,0.9858571080224335,4101,0.9529891304347826,3680,0.8540290620871862,1514,17cc9bd3664a,317f685,False,run_experiments
weak_drift,nominal,belief_orienteering_depth1,1,time_budget,81,0.54,27.179766353447302,0.00832734578399629,3263.9171061783077,5401.0,168,96,54,16.544537818617624,1275.6124361240545,0.3908225590991366,2028.0,0.37548602110720236,0.4375,0,1027,106,81,25,25,822,99,0,0.7641509433962265,0,0,-0.07167312736194886,1,0.2923012909170906,0.16666666666666666,0.30666666666666664,0.54,0.0,0.0,0.0,0.0,0.006001542701274248,0.02586555939061458,0.9625722769182685,0.8933333333333333,479,12319,0.9932978969262769,0.8466666666666667,29,4298,0.9468775823397474,0.8933333333333333,450,8021,0.9888164026095061,5365,0.9669898906540128,4847,0.89984532095901,2586,e5affaa0902e,317f685,False,run_experiments
weak_drift,nominal,belief_orienteering_depth1,2,time_budget,126,0.84,43.98518341655937,0.014022561742813865,3136.74378642693,5401.0,229,108,51,16.258898868528306,955.9935615945167,0.3047726007241065,1570.0,0.2906869098315127,0.5277777777777778,0,1696,169,126,43,43,1316,211,0,0.7455621301775148,0,0,-0.11395533051432336,1,0.4211092982760036,0.08666666666666667,0.5133333333333333,0.84,0.0,0.0,0.0,0.0,0.017596087707699486,0.07352013637196722,0.9739290158203472,1.0,440,16437,0.9955102745639786,1.0,26,5765,0.9626556016597511,1.0,414,10672,0.9931443638760712,7585,0.9738185410834843,6073,0.9288598943771358,3219,13574488b6bb,317f685,False,run_experiments
weak_drift,nominal,belief_orienteering_depth1,3,time_budget,72,0.48,27.25010138936682,0.009131384115580177,2984.224630620025,5401.0,192,102,68,22.786488423919955,1162.2802246721042,0.3894747777182645,2252.0,0.41695982225513795,0.3333333333333333,0,1053,106,72,34,34,785,162,0,0.6792452830188679,0,0,-0.05076283236040264,1,0.2924160526861912,0.08666666666666667,0.44666666666666666,0.48,0.0,0.0,0.0,0.0,0.004453837234518271,0.01710787809426366,0.9661492169869383,0.9933333333333333,495,14128,0.9955404544489276,0.94,21,4688,0.9521888238854146,0.9933333333333333,474,9440,0.990768714333669,5958,0.9701277667806371,5557,0.9118404118404119,3108,c437b87d61cb,317f685,False,run_experiments
weak_drift,nominal,belief_orienteering_depth1,4,time_budget,103,0.6866666666666666,35.70301717689984,0.011202016813514553,3187.1954641084203,5401.0,198,99,62,19.452838929457926,1637.1709009575434,0.5136713199406872,2475.0,0.45824847250509165,0.37373737373737376,0,1510,138,103,35,35,1061,311,0,0.7463768115942029,0,0,-0.043690987401665445,1,0.45302200122772623,0.31333333333333335,0.5933333333333334,0.5933333333333334,0.10204081632653061,0.2777777777777778,0.1492537313432836,0.08064516129032258,0.008107247480474419,0.02668448136163144,0.9684575616779006,0.9933333333333333,482,14799,0.9960754999065595,0.9866666666666667,21,5330,0.9535750251762336,0.9933333333333333,461,9469,0.9914397979230986,7126,0.9698065449285843,5531,0.9032012195121951,2624,9a385d0761cb,317f685,False,run_experiments
weak_drift,nominal,belief_orienteering_depth1,5,time_budget,56,0.37333333333333335,20.239282511485822,0.006913022247880278,2927.703945650072,5401.0,178,105,68,23.226392170230575,1560.0042623965687,0.5328422174360881,2793.0,0.5171264580633216,0.3523809523809524,0,760,84,56,28,28,617,59,0,0.6666666666666666,0,0,-0.012341462298911754,0,0.19877134345132624,0.08666666666666667,0.13333333333333333,0.37333333333333335,0.0,0.0,0.0,0.0,0.005362397505143777,0.02318098262708589,0.9568231332937215,0.9266666666666666,436,9662,0.9913124418243873,0.6066666666666667,28,3195,0.9406545454545454,0.9266666666666666,408,6467,0.9875,4400,0.9598201742062377,3559,0.8887330528284245,2139,0af7684cdee8,317f685,False,run_experiments
weak_drift,nominal,belief_orienteering_depth1,6,time_budget,86,0.5733333333333334,30.754511279287215,0.009584883271159906,3208.6474513283756,5401.0,183,85,42,13.0896275259571,1073.8985552189977,0.33468885924952746,1635.0,0.3027217182003333,0.5058823529411764,0,1035,111,86,25,25,818,106,0,0.7747747747747747,0,0,-0.0648657873338811,1,0.30889768261372663,0.1,0.36,0.5733333333333334,0.0,0.0,0.0,0.0,0.007621369259082785,0.0316437909876919,0.9658145980905452,0.8266666666666667,444,12544,0.9939437984496124,0.7066666666666667,25,4103,0.9527088036117382,0.8266666666666667,419,8441,0.988263785394933,5368,0.9685929648241206,4776,0.9187763713080169,2844,33920c6ac5fc,317f685,False,run_experiments
weak_drift,nominal,belief_orienteering_depth1,7,time_budget,61,0.4066666666666667,20.991251207156033,0.0070516403980228105,2976.789799582195,5401.0,178,97,59,19.82000879211589,1200.9821303222002,0.4034487522400013,2141.0,0.396408072579152,0.3917525773195876,0,848,80,61,19,19,694,74,0,0.7625,0,0,-0.09784153737692061,0,0.24949978889123764,0.10666666666666667,0.3333333333333333,0.4066666666666667,0.058823529411764705,0.034482758620689655,0.043478260869565216,0.022222222222222223,0.009322737990594063,0.037328072288849275,0.9593353373413493,1.0,487,11489,0.9937770562770563,0.9666666666666667,23,3673,0.9439613526570049,1.0,464,7816,0.9889445139758031,4794,0.9578587699316629,4390,0.9108166189111748,2792,0b145264ed03,317f685,False,run_experiments
weak_drift,nominal,belief_orienteering_depth1,8,time_budget,95,0.6333333333333333,31.286838083949714,0.010666192430030983,2933.271482695239,5401.0,191,114,62,21.136809315389808,1075.2017685423828,0.36655378640726183,2034.0,0.3765969264950935,0.45614035087719296,0,1457,132,95,37,37,1018,307,0,0.7196969696969697,0,0,-0.08665547790236548,1,0.28243898662260314,0.05333333333333334,0.18,0.6333333333333333,0.015444015444015444,0.09523809523809523,0.026578073089701,0.013468013468013467,0.023871229277558803,0.08544082962655278,0.9711292635779759,1.0,463,15574,0.9941153393487642,0.9933333333333333,30,5068,0.9604168571167383,1.0,433,10506,0.990109720290527,6471,0.9713641096841374,5762,0.9384858044164038,3804,14c9d31951d6,317f685,False,run_experiments
weak_drift,nominal,belief_orienteering_depth1,9,time_budget,79,0.5266666666666666,27.093239066504687,0.009306520178704496,2911.2104789178215,5401.0,196,89,53,18.2054854445638,1081.2888011819618,0.3714224062507178,2049.0,0.3793741899648213,0.4044943820224719,0,1227,101,79,22,22,769,357,0,0.7821782178217822,0,0,-0.004903400551660008,1,0.21933723616147419,0.08666666666666667,0.11333333333333333,0.5266666666666666,0.010443864229765013,0.0851063829787234,0.0186046511627907,0.009389671361502348,0.03277031140927509,0.10395961515108681,0.9638748089146352,0.8533333333333334,449,11980,0.9944046553267681,0.7733333333333333,25,4443,0.9467403592513504,0.8533333333333334,424,7537,0.9921501706484641,5860,0.9587220149253731,4288,0.9009206488382289,2281,675e22141e8e,317f685,False,run_experiments
weak_drift,nominal,belief_orienteering_no_opportunity_cost,0,time_budget,74,0.49333333333333335,27.168218462503454,0.008973742182502298,3027.5238479079735,5401.0,228,122,76,25.10302274002439,1459.8139479318054,0.4821808254096959,2330.0,0.4314015922977226,0.3770491803278688,0,932,103,74,29,29,749,80,0,0.7184466019417476,0,0,-0.023134478484719605,0,0.3132547355426706,0.25333333333333335,0.38666666666666666,0.49333333333333335,0.09433962264150944,0.10869565217391304,0.10101010101010101,0.05319148936170213,0.008292553584401553,0.026284814607186683,0.9600334603587694,0.6666666666666666,430,10329,0.9921717171717171,0.5933333333333334,31,3929,0.9413148992498896,0.6666666666666666,399,6400,0.9885125767478709,5049,0.9623011015911873,4085,0.8658461538461538,1625,0c7b29f40c52,317f685,False,run_experiments
weak_drift,nominal,belief_orienteering_no_opportunity_cost,1,time_budget,110,0.7333333333333333,37.34046732956141,0.012468619742409362,2994.7554822412094,5401.0,230,106,51,17.029770978775442,837.794577019043,0.2797539171351832,1349.0,0.24976856137752268,0.5188679245283019,0,1376,150,110,40,40,1101,125,0,0.7333333333333333,0,0,-0.08736814881554499,1,0.3349118360924419,0.16666666666666666,0.31333333333333335,0.7333333333333333,0.01263157894736842,0.1935483870967742,0.023715415019762848,0.012,0.031741141372688506,0.0968828446678088,0.9682920147924942,0.98,463,14139,0.9958364875094625,0.8866666666666667,22,5262,0.9526722472633612,0.98,441,8877,0.9893966547192353,6696,0.9708056171470806,5412,0.9061748195669607,2494,8dda124c0afc,317f685,False,run_experiments
weak_drift,nominal,belief_orienteering_no_opportunity_cost,2,time_budget,77,0.5133333333333333,27.47053878399879,0.008473715636673923,3241.8528024598004,5401.0,177,106,72,22.209521649276923,1675.5858692957402,0.5168605644353643,2786.0,0.5158304017774487,0.32075471698113206,0,988,97,77,20,20,742,149,0,0.7938144329896907,0,0,-0.004888149547668131,1,0.3047378599234121,0.09333333333333334,0.5066666666666667,0.5133333333333333,0.0,0.0,0.0,0.0,0.00526286938739077,0.011861071623626027,0.9544881038211969,0.92,505,10591,0.9914718019257222,0.78,31,3604,0.9364696421391234,0.92,474,6987,0.984488107549121,4835,0.9530012771392081,3915,0.8951406649616368,2346,910df31658d6,317f685,False,run_experiments
weak_drift,nominal,belief_orienteering_no_opportunity_cost,3,time_budget,118,0.7866666666666666,42.56196046022054,0.014321527727856007,2971.886887279186,5401.0,213,118,66,22.208113061942324,1072.4306821454288,0.36085851273002445,1945.0,0.3601184965747084,0.4406779661016949,0,1669,157,118,39,39,1147,365,0,0.7515923566878981,0,0,-0.05837566325912047,1,0.3793268397563024,0.10666666666666667,0.49333333333333335,0.7866666666666666,0.0,0.0,0.0,0.0,0.018475845098162275,0.06457296520952659,0.972062713723466,1.0,433,15066,0.9950682852807283,0.9866666666666667,26,5246,0.9602033832013298,1.0,407,9820,0.9924073246985261,6717,0.970577485380117,5472,0.9332326283987915,3310,824177613b5c,317f685,False,run_experiments
weak_drift,nominal,belief_orienteering_no_opportunity_cost,4,time_budget,114,0.76,40.6533352917681,0.01299374991829566,3128.683832411363,5401.0,224,120,69,22.054002160652903,1718.0700739831395,0.549135088750395,2616.0,0.4843547491205332,0.425,0,1547,158,114,44,44,1140,249,0,0.7215189873417721,0,0,-0.019442003116164164,1,0.5461133343226969,0.41333333333333333,0.76,0.76,0.0,0.0,0.0,0.0,0.0028264455282450618,0.007780501446481128,0.9675788865622067,0.96,449,13400,0.9947306791569087,0.8733333333333333,27,5097,0.9516332378223495,0.96,422,8303,0.9933042212518195,6870,0.9584967995044394,4843,0.9054307116104869,2136,bb8859a34fd1,317f685,False,run_experiments
weak_drift,nominal,belief_orienteering_no_opportunity_cost,5,time_budget,85,0.5666666666666667,27.452424646016016,0.009302742322350229,2951.0034455173945,5401.0,215,106,57,19.31546372356278,706.2940462096699,0.2393402987321272,1428.0,0.26439548231808924,0.46226415094339623,0,1101,116,85,31,31,852,133,0,0.7327586206896551,0,0,-0.05838998917901461,1,0.33419516887828715,0.1,0.41333333333333333,0.5666666666666667,0.0,0.0,0.0,0.0,0.013834569384816902,0.04889604340147966,0.9656505914467698,0.78,453,12735,0.9944345503116652,0.7333333333333333,25,4467,0.9507819687212512,0.78,428,8268,0.9920608666887198,6046,0.9659209701024462,4783,0.897414158541755,2359,5b254294071f,317f685,False,run_experiments
weak_drift,nominal,belief_orienteering_no_opportunity_cost,6,time_budget,57,0.38,21.1560335901996,0.006790321843620102,3115.6157362521644,5401.0,221,102,72,23.109396695566257,1571.9853110878616,0.5045504465768407,2492.0,0.4613960377707832,0.29411764705882354,0,649,71,57,14,14,536,42,0,0.8028169014084507,0,0,-0.0220027329543291,0,0.26429971222079196,0.13333333333333333,0.38,0.38,0.0,0.0,0.0,0.0,0.006918553090883533,0.012618720216626259,0.953472493172064,0.6733333333333333,477,9775,0.9926937738246506,0.5933333333333334,23,3125,0.9360923423423423,0.6733333333333333,454,6650,0.9888494678155094,3946,0.9540486835568803,4026,0.8912280701754386,2280,2a2504871581,317f685,False,run_experiments
weak_drift,nominal,belief_orienteering_no_opportunity_cost,7,time_budget,83,0.5533333333333333,28.74590804551743,0.00993160448010593,2894.387115707091,5401.0,233,111,56,19.34779204070612,706.0678222255729,0.24394381055454717,1293.0,0.2394001110905388,0.4954954954954955,0,974,104,83,21,21,790,80,0,0.7980769230769231,0,0,-0.062184317039807396,1,0.33641381172568496,0.15333333333333332,0.5133333333333333,0.5533333333333333,0.1388888888888889,0.09615384615384616,0.11363636363636365,0.060240963855421686,0.01067933030184266,0.046628207932922244,0.9594742606790799,0.9933333333333333,481,11388,0.9944765912677538,0.88,21,3781,0.9429775629106235,0.9933333333333333,460,7607,0.9862898122758912,4741,0.9646077547339946,4436,0.9037890044576523,2692,1366ef99f5dc,317f685,False,run_experiments
weak_drift,nominal,belief_orienteering_no_opportunity_cost,8,time_budget,88,0.5866666666666667,28.663665661904332,0.009597882851549376,2986.457128644489,5401.0,205,111,73,24.443679200957984,1257.3595848176742,0.4210204702949719,2256.0,0.41770042584706535,0.34234234234234234,0,1132,117,88,29,29,870,145,0,0.7521367521367521,0,0,-0.09885994322861345,1,0.2896715701818895,0.07333333333333333,0.3466666666666667,0.5866666666666667,0.14285714285714285,0.1875,0.16216216216216214,0.08823529411764706,0.014961036981956126,0.05588857658666102,0.963144424131627,0.9066666666666666,504,13171,0.9933118652464702,0.84,27,4010,0.9505084042332435,0.9066666666666666,477,9161,0.9877145085803433,5128,0.9644409324377716,5062,0.9251076040172166,3485,757c96770eb1,317f685,False,run_experiments
weak_drift,nominal,belief_orienteering_no_opportunity_cost,9,time_budget,99,0.66,34.460319593495164,0.01165686187872248,2956.22612260649,5401.0,216,127,77,26.04672200518595,1166.8829594377598,0.39472046827355844,2292.0,0.42436585817441214,0.3937007874015748,0,1425,135,99,36,36,975,315,0,0.7333333333333333,0,0,-0.037116919117032625,2,0.29193998554733414,0.07333333333333333,0.19333333333333333,0.66,0.0043859649122807015,0.029411764705882353,0.007633587786259542,0.0038314176245210726,0.023404195709267547,0.07960430522991602,0.9611666666666666,0.9066666666666666,466,11534,0.9947928458229568,0.8133333333333334,23,4394,0.9415798496637214,0.9066666666666666,443,7140,0.9898612593383138,5622,0.959469240048251,4145,0.8920734437975817,2233,a6d20161ceda,317f685,False,run_experiments
weak_drift,nominal,belief_orienteering_density_disabled,0,time_budget,58,0.38666666666666666,21.53473898213586,0.006846016029464369,3145.5869938739734,5401.0,218,120,84,26.70407786005915,1950.4676743937443,0.6200647695302268,2922.0,0.5410109239029809,0.3,0,706,78,58,20,20,582,46,0,0.7435897435897436,0,0,-0.015121434365531948,0,0.2925015217974728,0.25333333333333335,0.38666666666666666,0.38666666666666666,0.0,0.0,0.0,0.0,0.006043271939172957,0.01341173088760462,0.9561591103507271,0.6666666666666666,410,8942,0.9930935251798562,0.5866666666666667,24,3451,0.9343202314105836,0.6666666666666666,386,5491,0.9867534800179614,4454,0.961284772010324,3487,0.8469170800850461,1411,9f5be5206300,317f685,False,run_experiments
weak_drift,nominal,belief_orienteering_density_disabled,1,time_budget,102,0.68,35.409976502594596,0.011680905522168536,3031.4410501302305,5401.0,228,99,51,16.823681924413158,813.9437616005636,0.2685006068534952,1289.0,0.23865950749861137,0.48484848484848486,0,1498,150,102,48,48,1131,217,0,0.68,0,0,-0.08022208001693977,1,0.3263198522765707,0.16666666666666666,0.29333333333333333,0.68,0.005434782608695652,0.06060606060606061,0.009975062344139652,0.005012531328320802,0.02849947410977062,0.08934526497642244,0.969866579889359,0.9533333333333334,463,14902,0.9952330508474576,0.8533333333333334,27,5637,0.9550561797752809,0.9533333333333334,436,9265,0.9905915894511761,7015,0.9738663897542402,5778,0.9043545878693624,2572,d036f941478e,317f685,False,run_experiments
weak_drift,nominal,belief_orienteering_density_disabled,2,time_budget,125,0.8333333333333334,44.00104633865866,0.015419728485419365,2853.5551958820356,5401.0,263,128,62,21.727282545461946,739.932133997387,0.259301847416578,1391.0,0.2575448990927606,0.515625,0,1641,160,125,35,35,1158,323,0,0.78125,0,0,-0.07238371774623473,1,0.4206662445172135,0.13333333333333333,0.52,0.8333333333333334,0.004008016032064128,0.09523809523809523,0.007692307692307692,0.003861003861003861,0.03257262768962957,0.10113191616216446,0.9685472122897629,0.9933333333333333,475,14627,0.9936162223056703,0.98,34,5292,0.9548895253682488,0.9933333333333333,441,9335,0.9922901199314678,7004,0.9668080398303522,5423,0.9099065420560748,2675,94d2036ca580,317f685,False,run_experiments
weak_drift,nominal,belief_orienteering_density_disabled,3,time_budget,120,0.8,41.261669996707894,0.014767281157652834,2794.1277447219795,5401.0,235,149,81,28.98936891951575,919.8904688776428,0.3292227675042014,1937.0,0.35863728939085354,0.4563758389261745,0,1673,169,120,49,49,1269,235,0,0.7100591715976331,0,0,-0.09266645299889624,1,0.40906017689722435,0.13333333333333333,0.5066666666666667,0.8,0.0319634703196347,0.2916666666666667,0.05761316872427983,0.029661016949152543,0.022337326461342736,0.08545468766157037,0.974541083916084,0.9933333333333333,466,17838,0.9964906683681608,0.98,22,6247,0.9631076028250934,0.9933333333333333,444,11591,0.9932523616734144,8151,0.976927657040786,6718,0.9254730713245997,3435,e47b08adf137,317f685,False,run_experiments
weak_drift,nominal,belief_orienteering_density_disabled,4,time_budget,87,0.58,29.763050692859213,0.010023547038967878,2969.3132158856915,5401.0,252,109,66,22.227362087267515,1329.043512826864,0.4475928998384344,2012.0,0.3725236067394927,0.3944954128440367,0,909,103,87,16,16,745,61,0,0.8446601941747572,0,0,-0.055756735407467076,1,0.43243224996828616,0.35333333333333333,0.5733333333333334,0.58,0.0,0.0,0.0,0.0,0.003736440205448465,0.010603830371804953,0.9645543286925908,0.98,443,12055,0.9933486825275006,0.84,26,3883,0.9514495284666434,0.98,417,8172,0.9893986121819583,5188,0.9652303754266212,4688,0.914187643020595,2622,e3cd88564da1,317f685,False,run_experiments
weak_drift,nominal,belief_orienteering_density_disabled,5,time_budget,74,0.49333333333333335,26.163552942429398,0.008704727001704427,3005.6718536154494,5401.0,231,135,94,31.274205760994732,1771.3052019144852,0.5893208867041907,2854.0,0.5284206628402148,0.3037037037037037,0,1111,111,74,37,37,903,97,0,0.6666666666666666,0,0,-0.015000350570773008,0,0.3190483530986819,0.12,0.49333333333333335,0.49333333333333335,0.0,0.0,0.0,0.0,0.005535777383952357,0.016399238192144606,0.9632974316487158,1.0,443,11627,0.9946679592825982,0.9466666666666667,22,4104,0.9470040281973817,1.0,421,7523,0.9917915774446824,5604,0.968321513002364,4230,0.8823792486583184,2236,92d392d01a93,317f685,False,run_experiments
weak_drift,nominal,belief_orienteering_density_disabled,6,time_budget,47,0.31333333333333335,17.705550564767126,0.0053858489045558,3287.420586528206,5401.0,205,109,80,24.33518860587497,1922.3518303238543,0.5847599294722493,2795.0,0.5174967598592853,0.26605504587155965,0,454,53,47,6,6,390,11,0,0.8867924528301887,0,0,-0.03383188750155902,0,0.23171794449291427,0.14666666666666667,0.31333333333333335,0.31333333333333335,0.0,0.0,0.0,0.0,0.006514657995875696,0.012815746474517926,0.943709860219116,0.6333333333333333,447,7494,0.9924778761061946,0.5266666666666666,17,2243,0.9243091005104735,0.6333333333333333,430,5251,0.9861869579184067,3113,0.947515745276417,2858,0.8710659898477158,1970,23f91660d882,317f685,False,run_experiments
weak_drift,nominal,belief_orienteering_density_disabled,7,time_budget,110,0.7333333333333333,36.60546599466776,0.013301490090039109,2751.982352870372,5401.0,256,139,77,27.97983058273883,774.6358734161457,0.28148286365578806,1635.0,0.3027217182003333,0.4460431654676259,0,1462,145,110,35,35,1098,219,0,0.7586206896551724,0,0,-0.08027054050669302,1,0.4036517473082534,0.14,0.54,0.7333333333333333,0.03535353535353535,0.21212121212121213,0.0606060606060606,0.03125,0.017068197918016174,0.06876023477847014,0.9700669554942891,1.0,456,14778,0.9963892056252376,0.9866666666666667,19,5243,0.956177296430004,1.0,437,9535,0.9916805324459235,6611,0.9721825962910129,5608,0.9187396351575456,3015,a8fea55a62a1,317f685,False,run_experiments
weak_drift,nominal,belief_orienteering_density_disabled,8,time_budget,79,0.5266666666666666,27.10264415430452,0.00955997511462142,2835.0119983944955,5401.0,230,116,69,24.338521332211503,1027.1899735690001,0.36232297223105625,1950.0,0.3610442510646177,0.4051724137931034,0,1115,105,79,26,26,846,164,0,0.7523809523809524,0,0,-0.10727000003312842,1,0.24843079597843484,0.05333333333333334,0.2,0.5266666666666666,0.0,0.0,0.0,0.0,0.021266067844043227,0.0748442407015927,0.9727804629865174,1.0,428,15296,0.9953181527984678,0.9866666666666667,22,4677,0.9631746031746031,1.0,406,10619,0.9917355371900827,5687,0.9764460823585964,6241,0.9383561643835616,3796,9f9373b1ad8c,317f685,False,run_experiments
weak_drift,nominal,belief_orienteering_density_disabled,9,time_budget,125,0.8333333333333334,42.985499964518276,0.015070895729939575,2852.2193195938607,5401.0,243,127,65,22.789271341607638,861.0713427764099,0.30189520730790836,1699.0,0.314571375671172,0.4881889763779528,0,1676,161,125,36,36,1173,342,0,0.7763975155279503,0,0,-0.0271312244617915,1,0.3622575283327378,0.1,0.37333333333333335,0.8333333333333334,0.020134228187919462,0.375,0.03821656050955414,0.01948051948051948,0.033903498135981765,0.12446744711947404,0.9642308873196193,1.0,466,12562,0.995920745920746,1.0,21,5127,0.9435279187817259,1.0,445,7435,0.9915929203539823,6780,0.9683573755234993,4298,0.86,1950,9d1be9cd942d,317f685,False,run_experiments
weak_drift,nominal,oracle_current_physics,0,done,150,1.0,52.872430006813836,0.03375285207956942,1566.458143512485,2474.0,174,172,27,17.236336707636262,132.53692171704427,0.08460929662624458,320.0,0.1293451899757478,0.8430232558139535,0,1618,196,150,46,46,1372,50,0,0.7653061224489796,0,0,-0.08444473683748262,1,0.7773619318808573,0.5533333333333333,0.9933333333333333,0.9933333333333333,0.0,0.0,0.0,0.0,0.011893488686099307,0.05944319594726,0.9627898615854754,1.0,207,5356,0.9910625620655412,1.0,18,1996,0.9467455621301775,0.9933333333333333,189,3360,0.9900515843773029,2714,0.9614181438998958,1918,0.8861439312567132,931,4ac470335757,317f685,False,run_experiments
weak_drift,nominal,oracle_current_physics,1,done,150,1.0,50.8182193007545,0.030652097389892292,1657.9034920302747,2572.0,169,167,20,12.063428357646998,187.5254875666967,0.11311001422468343,348.0,0.13530326594090203,0.8802395209580839,0,1707,205,150,55,55,1435,67,0,0.7317073170731707,0,0,-0.06383426897516634,1,0.7556181755934861,0.52,0.9933333333333333,0.9933333333333333,0.0,0.0,0.0,0.0,0.012238185807222602,0.05755862586834008,0.960546282245827,1.0,208,5064,0.99145755472504,1.0,16,1857,0.9435127978817299,1.0,192,3207,0.9878326996197718,2630,0.9627039627039627,1716,0.8790496760259179,926,9917986a4cf4,317f685,False,run_experiments
weak_drift,nominal,oracle_current_physics,2,done,150,1.0,53.55858487963708,0.03212982178124079,1666.943104891656,2588.0,176,174,29,17.397114463534656,222.47482943783928,0.13346276113742897,418.0,0.1615146831530139,0.8333333333333334,0,1596,193,150,43,43,1351,52,0,0.7772020725388601,0,0,-0.0680166292061175,1,0.7697590466894539,0.52,0.9933333333333333,0.9933333333333333,0.0,0.0,0.0,0.0,0.011916959154142672,0.050929312849524656,0.9603418803418804,1.0,232,5618,0.9938650306748467,1.0,12,1944,0.943502824858757,1.0,220,3674,0.9882442169131589,2637,0.9580520732883318,2074,0.8999122036874452,1139,36cbd1321f6c,317f685,False,run_experiments
weak_drift,nominal,oracle_current_physics,3,done,150,1.0,54.76876920111486,0.030716711328090503,1783.0284178576335,2747.0,180,176,29,16.264463151318946,325.32073296323756,0.18245403702209131,533.0,0.19402985074626866,0.8352272727272727,0,1639,198,150,48,48,1386,55,0,0.7575757575757576,0,0,-0.049774486516571875,2,0.7930127938965752,0.6133333333333333,0.9933333333333333,0.9933333333333333,0.0,0.0,0.0,0.0,0.008127240586128983,0.04522548809087437,0.9607769187252498,1.0,208,5095,0.9946149703823371,1.0,10,1847,0.942542077771329,1.0,198,3248,0.9891059353869271,2662,0.9542559351476549,1727,0.8905908096280087,914,91b97d779950,317f685,False,run_experiments
weak_drift,nominal,oracle_current_physics,4,done,150,1.0,52.2599353644664,0.03541766082083194,1475.533227020125,2301.0,176,174,28,18.976190767690593,201.08783883449297,0.13628147109949854,406.0,0.17644502390265102,0.8390804597701149,0,1890,211,150,61,61,1477,202,0,0.7109004739336493,0,0,-0.09157657796762704,1,0.8084158601323698,0.6713361949546861,0.9933333333333333,0.9933333333333333,0.0,0.0,0.0,0.0,0.013788031436658889,0.06786806668355844,0.9656146961846443,1.0,219,6150,0.994909763998149,1.0,11,2150,0.9505703422053232,1.0,208,4000,0.9924631723192874,2919,0.9623853211009175,2180,0.9094488188976378,1270,d96690eb73ca,317f685,False,run_experiments
weak_drift,nominal,oracle_current_physics,5,done,150,1.0,51.720302261646665,0.030076379020083706,1719.631948616889,2693.0,177,175,27,15.701034178689381,267.8499692219149,0.15576005635237722,466.0,0.17304121797252134,0.8457142857142858,0,1564,195,150,45,45,1365,4,0,0.7692307692307693,0,0,-0.08222084509435257,1,0.7879911990706292,0.62,0.9933333333333333,0.9933333333333333,0.0,0.0,0.0,0.0,0.007270096281750996,0.05009555110898913,0.9611227336122734,1.0,223,5513,0.994044665012407,1.0,12,2003,0.9432948132222521,1.0,211,3510,0.9893048128342246,2805,0.9540636042402827,1981,0.8926315789473684,950,68013e0346ad,317f685,False,run_experiments
weak_drift,nominal,oracle_current_physics,6,done,150,1.0,52.643440594451036,0.03681889449733543,1429.7941671839394,2393.0,181,178,32,22.38084385462686,179.30528350880928,0.12540636101625816,390.0,0.162975344755537,0.8202247191011236,0,1702,205,150,55,55,1435,62,0,0.7317073170731707,0,0,-0.0645191423068835,1,0.7920513644104877,0.5533333333333333,0.9933333333333333,0.9933333333333333,0.0,0.0,0.0,0.0,0.012421967952722712,0.054708639453817,0.9615041882017465,1.0,216,5395,0.992412746585736,1.0,15,1962,0.9446890478811227,0.9933333333333333,201,3433,0.9892433234421365,2696,0.958832725377801,1919,0.891566265060241,996,db0f9c977466,317f685,False,run_experiments
weak_drift,nominal,oracle_current_physics,7,done,150,1.0,51.19441566855559,0.027140999292271338,1886.2391585977343,2778.0,171,169,24,12.723731182551662,218.41951220479217,0.11579629826324321,386.0,0.13894888408927286,0.8579881656804734,0,1742,210,150,60,60,1470,62,0,0.7142857142857143,0,0,-0.0857036644880663,1,0.7571729539283906,0.5133333333333333,0.9933333333333333,0.9933333333333333,0.0,0.0,0.0,0.0,0.008341601939241468,0.054806701791421504,0.9576877234803337,1.0,213,4821,0.9966759002770084,1.0,6,1799,0.9358934654691855,1.0,207,3022,0.9893486276116346,2441,0.9539951573849879,1652,0.8820403825717322,941,c7c282357707,317f685,False,run_experiments
weak_drift,nominal,oracle_current_physics,8,done,150,1.0,48.946937895844414,0.030208083684822695,1620.325817636575,2655.0,180,178,32,19.74911443840076,291.42791595057093,0.1798576019578895,539.0,0.20301318267419963,0.8202247191011236,0,1701,204,150,54,54,1428,69,0,0.7352941176470589,0,0,-0.07785691782787085,1,0.8072309087455116,0.6666666666666666,0.9933333333333333,0.9933333333333333,0.0,0.0,0.0,0.0,0.00809738207367365,0.050049227694668075,0.9617258176757133,1.0,220,5528,0.9947033898305084,1.0,10,1878,0.9455958549222798,1.0,210,3650,0.9904689287075867,2623,0.9646999495713565,1983,0.8905429071803853,1142,497a4249b6d9,317f685,False,run_experiments
weak_drift,nominal,oracle_current_physics,9,done,150,1.0,52.38418063500721,0.03206222025845354,1633.8288556668365,2524.0,172,169,26,15.91353948109104,299.4172866221823,0.18326110815320196,492.0,0.1949286846275753,0.8461538461538461,0,1654,192,150,42,42,1344,118,0,0.78125,0,0,-0.07287357822908357,1,0.7485332157399285,0.5266666666666666,0.9933333333333333,0.9933333333333333,0.0,0.0,0.0,0.0,0.0158305092504426,0.06494498712331781,0.9633110428339057,1.0,203,5330,0.9935611688954928,1.0,13,2006,0.9459305634604439,1.0,190,3324,0.9921259842519685,2794,0.9591725639629831,1837,0.8824833702882483,902,88a068da218e,317f685,False,run_experiments
strong_drift,nominal,lawnmower_collect,0,time_budget,0,0.0,0.0,0.0,3194.7000000012067,5401.0,34,33,33,10.329608413931679,3095.2500000011464,0.9688703164616325,5233.0,0.9688946491390483,0.0,0,0,0,0,0,0,0,0,0,0.0,0,0,-0.027128180371694063,0,0.0,0.0,0.0,0.0,0.0,0.0,0.0,0.0,0.007085090045443853,0.019889027269264746,0.8116591928251121,0.34,462,1991,0.9336734693877551,0.14666666666666667,26,366,0.7884522076661815,0.34,436,1625,0.8850855745721271,409,0.8354679802955665,1015,0.7589893100097181,1029,7fb405214cc4,317f685,False,run_experiments
strong_drift,nominal,lawnmower_collect,1,time_budget,0,0.0,0.0,0.0,3194.7000000012067,5401.0,34,33,33,10.329608413931679,3095.2500000011464,0.9688703164616325,5233.0,0.9688946491390483,0.0,0,3,0,0,0,0,3,0,0,0.0,0,0,0.0004905924778007484,0,0.0,0.0,0.0,0.0,0.0,0.0,0.0,0.0,0.007758199270974786,0.021772304458996826,0.9225169006760271,0.5666666666666667,447,5322,0.9816715542521994,0.3933333333333333,25,1339,0.904199772985244,0.5666666666666667,422,3983,0.9625706214689266,1416,0.9394778481012658,2528,0.8679452054794521,1825,2ae68baaab7d,317f685,False,run_experiments
strong_drift,nominal,lawnmower_collect,2,time_budget,0,0.0,0.0,0.0,3194.7000000012067,5401.0,34,33,33,10.329608413931679,3095.2500000011464,0.9688703164616325,5233.0,0.9688946491390483,0.0,0,10,0,0,0,0,10,0,0,0.0,0,0,-0.007687529476554808,0,0.0,0.0,0.0,0.0,0.0,0.0,0.0,0.0,0.0061965259883475085,0.022485776179156772,0.914039039039039,0.5933333333333334,458,4870,0.9721518987341772,0.32,33,1152,0.8974173304368814,0.5933333333333334,425,3718,0.9562398703403565,1234,0.935609334485739,2314,0.8567415730337079,1780,1113bb950de8,317f685,False,run_experiments
strong_drift,nominal,lawnmower_collect,3,time_budget,2,0.013333333333333334,0.7307915077070013,0.00022875121535878963,3194.7000000012067,5401.0,34,33,31,9.703571540360063,2721.900000001158,0.8520048830876544,4603.0,0.8522495834104795,0.06060606060606061,0,30,2,2,0,0,28,0,0,1.0,0,0,0.017626794414114855,0,0.012582499999999993,0.013333333333333334,0.013333333333333334,0.013333333333333334,0.0,0.0,0.0,0.0,0.006784136184666144,0.022956210061116002,0.9452449567723343,0.6933333333333334,418,7216,0.9834282755049197,0.48,32,1899,0.9323163247413642,0.6933333333333334,386,5317,0.9747899159663865,2142,0.9549167927382753,3305,0.9016918152720622,2187,2a102b908db5,317f685,False,run_experiments
strong_drift,nominal,lawnmower_collect,4,time_budget,1,0.006666666666666667,0.3802277090237568,0.00011901828310126559,3194.7000000012067,5401.0,34,33,32,10.016589977145872,2908.800000001142,0.9105080289229172,4918.0,0.910572116274764,0.030303030303030304,0,8,1,1,0,0,7,0,0,1.0,0,0,0.040134753778334,0,0.006399999999999995,0.006666666666666667,0.006666666666666667,0.006666666666666667,0.0,0.0,0.0,0.0,0.008370089662699195,0.027333814110129254,0.9464972607530016,0.68,459,8120,0.9906219151036525,0.5133333333333333,19,2007,0.9328551808332062,0.68,440,6113,0.9742410303587856,2174,0.9533002869814766,3833,0.9129082426127527,2572,8b430daa7ffd,317f685,False,run_experiments
strong_drift,nominal,lawnmower_collect,5,time_budget,0,0.0,0.0,0.0,3194.7000000012067,5401.0,34,33,33,10.329608413931679,3095.2500000011464,0.9688703164616325,5233.0,0.9688946491390483,0.0,0,5,0,0,0,0,5,0,0,0.0,0,0,-0.012842673381709788,0,0.0,0.0,0.0,0.0,0.0,0.0,0.0,0.0,0.007539483882270924,0.022540804690545282,0.9005153484203451,0.54,444,4019,0.9619500594530321,0.26,32,809,0.8862506902263942,0.54,412,3210,0.9274924471299094,993,0.9244468429573665,1853,0.8565244279529994,1617,79189ef0c10c,317f685,False,run_experiments
strong_drift,nominal,lawnmower_collect,6,time_budget,0,0.0,0.0,0.0,3194.7000000012067,5401.0,34,33,33,10.329608413931679,3095.2500000011464,0.9688703164616325,5233.0,0.9688946491390483,0.0,0,0,0,0,0,0,0,0,0,0.0,0,0,-0.007323839210862382,0,0.0,0.0,0.0,0.0,0.0,0.0,0.0,0.0,0.0081148109478956,0.02283234302145782,0.9274207517755066,0.6933333333333334,419,5354,0.9761092150170648,0.41333333333333333,28,1144,0.9150184742447294,0.6933333333333334,391,4210,0.9577814569536424,1208,0.9382716049382716,2511,0.8962999026290166,2054,f7bc458f67bd,317f685,False,run_experiments
strong_drift,nominal,lawnmower_collect,7,time_budget,1,0.006666666666666667,0.2078864068401033,6.507227809810772e-05,3194.7000000012067,5401.0,34,33,32,10.016589977145872,2908.800000001142,0.9105080289229172,4918.0,0.910572116274764,0.030303030303030304,0,11,1,1,0,0,10,0,0,1.0,0,0,-0.003036219311569638,0,0.0063222222222222135,0.006666666666666667,0.006666666666666667,0.006666666666666667,0.0,0.0,0.0,0.0,0.007835800568639636,0.02331401353181055,0.9289691497366441,0.7333333333333333,472,6173,0.9847480106100795,0.41333333333333333,23,1485,0.912594899746934,0.7333333333333333,449,4688,0.9602523659305994,1585,0.9375661375661376,2835,0.8957303370786517,2225,0b743ee4c96c,317f685,False,run_experiments
strong_drift,nominal,lawnmower_collect,8,time_budget,0,0.0,0.0,0.0,3194.7000000012067,5401.0,34,33,33,10.329608413931679,3095.2500000011464,0.9688703164616325,5233.0,0.9688946491390483,0.0,0,40,1,0,1,1,39,0,0,0.0,0,0,0.003975687233603975,0,0.0,0.0,0.0,0.0,0.0,0.0,0.0,0.0,0.007903822994802889,0.0242346582217292,0.9375173949345951,0.7533333333333333,449,6737,0.9792408066429419,0.46,35,1651,0.9247272727272727,0.7533333333333333,414,5086,0.9640171858216972,1862,0.9475997295469912,2958,0.9040574809805579,2366,5da81437e287,317f685,False,run_experiments
strong_drift,nominal,lawnmower_collect,9,time_budget,2,0.013333333333333334,0.7393377522077476,0.00023142634745280255,3194.7000000012067,5401.0,34,33,31,9.703571540360063,2721.6000000011904,0.8519109775566289,4604.0,0.8524347343084614,0.06060606060606061,0,31,3,2,1,1,28,0,0,0.6666666666666666,0,0,-0.0025859743784445027,0,0.011883055555555605,0.013333333333333334,0.013333333333333334,0.013333333333333334,0.0,0.0,0.0,0.0,0.007836262103604566,0.023382573524591464,0.9218776194467728,0.66,466,5499,0.983733539891557,0.36666666666666664,21,1270,0.9047924689773214,0.66,445,4229,0.9627699180938198,1343,0.9384615384615385,2535,0.8754192620987062,2087,b65a61f6d822,317f685,False,run_experiments
strong_drift,nominal,greedy,0,path_budget,21,0.14,8.436951255195867,0.002343569759756672,3600.0427211826877,5012.0,175,174,153,42.4994956586894,3360.5411021317464,0.9334725619666369,4669.0,0.9315642458100558,0.1206896551724138,0,512,30,21,9,9,358,124,0,0.7,0,0,0.023540313523333117,0,0.10388046810218952,0.1,0.1,0.14,0.0,0.0,0.0,0.0,0.006855536188215962,0.01936546682014,0.9048997772828508,0.6933333333333334,427,4063,0.984251968503937,0.6,24,1500,0.8641267700606878,0.6933333333333334,403,2563,0.9663386846193682,1931,0.9087656529516994,1677,0.7630385487528345,882,27a674ab15d6,317f685,False,run_experiments
strong_drift,nominal,greedy,1,path_budget,9,0.06,3.2534368858930276,0.000903695005138927,3600.1492399450294,4787.0,144,143,135,37.49844548168267,3500.7930328828215,0.9724021976756372,4655.0,0.9724253185711301,0.055944055944055944,0,255,10,9,1,1,177,68,0,0.9,0,0,0.019991219783098015,0,0.013535655962433259,0.0,0.0,0.06,0.0,0.0,0.0,0.0,0.007714620029033041,0.02093919387710061,0.7933597621407334,0.56,417,1601,0.9634641407307172,0.44666666666666666,27,712,0.6950742767787333,0.56,390,889,0.9439071566731141,1034,0.7285223367697594,582,0.5,402,e529ab7b79a5,317f685,False,run_experiments
strong_drift,nominal,greedy,2,path_budget,24,0.16,9.548764694701447,0.0026522905176950126,3600.1956162026518,4696.0,144,143,121,33.60928485536743,3488.695616202594,0.96902946064979,4505.0,0.9593270868824532,0.15384615384615385,0,808,35,24,11,11,539,234,0,0.6857142857142857,0,0,0.05711800512752105,0,0.08149010920928379,0.0,0.15333333333333332,0.15333333333333332,0.0,0.0,0.0,0.0,0.006936815620292553,0.023209789010820492,0.9177652228499686,1.0,393,4386,0.9909774436090225,1.0,18,1977,0.865301724137931,1.0,375,2409,0.9827650805545148,2669,0.8925438596491229,1368,0.7304582210242587,742,1b73a7470bc9,317f685,False,run_experiments
strong_drift,nominal,greedy,3,time_budget,31,0.20666666666666667,12.508257100748773,0.0035386719313658392,3534.7320529713243,5401.0,224,223,199,56.29846817744474,3358.608790856817,0.9501735182539631,5105.0,0.9451953341973709,0.10762331838565023,0,665,40,31,9,9,466,159,0,0.775,0,0,0.06579504189531542,0,0.15932333779429422,0.14,0.20666666666666667,0.20666666666666667,0.0,0.0,0.0,0.0,0.005815767770886026,0.01561862047402401,0.9521019986216402,0.9933333333333333,417,8289,0.9892622099064773,0.9333333333333333,31,2856,0.9336655782780546,0.9933333333333333,386,5433,0.9841772151898734,3792,0.9517407790417097,2901,0.892200695479384,2013,6d4a777a67ff,317f685,False,run_experiments
strong_drift,nominal,greedy,4,path_budget,22,0.14666666666666667,6.348333388449534,0.00176339323877036,3600.066762690051,4747.0,149,148,131,36.38821406248418,3516.7667626900056,0.9768615402182704,4597.0,0.9684010954286918,0.11486486486486487,0,654,31,22,9,9,493,130,0,0.7096774193548387,0,0,0.08080366115714127,0,0.08500403669794661,0.0,0.14666666666666667,0.14666666666666667,0.0,0.0,0.0,0.0,0.0067692032516960465,0.020369169116231815,0.9302958794699583,1.0,384,5125,0.9864628820960699,1.0,31,2259,0.8903386144765455,1.0,353,2866,0.98237445959428,3007,0.9138872043662826,1649,0.7784290738569754,853,7d0510beafb0,317f685,False,run_experiments
strong_drift,nominal,greedy,5,path_budget,38,0.25333333333333335,13.043109115534262,0.0036230138812512734,3600.0715269215552,4777.0,160,159,125,34.72153235435528,3235.3196028085335,0.898682034124771,4270.0,0.8938664433745028,0.2138364779874214,0,766,46,38,8,8,574,146,0,0.8260869565217391,0,0,0.04363563455088962,0,0.1833385433589217,0.16666666666666666,0.24666666666666667,0.24666666666666667,0.0,0.0,0.0,0.0,0.007615468799844834,0.02398357305432545,0.9434063718241699,1.0,421,7018,0.993563044301401,0.9866666666666667,17,2624,0.9157982492705294,1.0,404,4394,0.9847908745247148,3419,0.9423529411764706,2550,0.8489795918367347,1470,c56684899425,317f685,False,run_experiments
strong_drift,nominal,greedy,6,path_budget,13,0.08666666666666667,4.385221337185975,0.0012180732097702594,3600.129534096781,5038.0,173,172,160,44.4428453156038,3485.579534096785,0.9681817004318611,4881.0,0.9688368400158793,0.06976744186046512,0,267,14,13,1,1,207,46,0,0.9285714285714286,0,0,0.03765566223884376,0,0.07099417842158195,0.08,0.08666666666666667,0.08666666666666667,0.0,0.0,0.0,0.0,0.007282107074537885,0.016091190374806236,0.8626712328767123,0.64,401,2519,0.9807135969141755,0.52,20,1017,0.7976633032395114,0.64,381,1502,0.9599697885196374,1324,0.8547105561861521,881,0.6923076923076923,715,9f7678e67507,317f685,False,run_experiments
strong_drift,nominal,greedy,7,path_budget,27,0.18,8.50265372368328,0.0023616984053907797,3600.2284221707746,5321.0,215,214,188,52.21890890096482,3395.99590378576,0.9432723442970123,4996.0,0.9389212554031197,0.12149532710280374,0,661,39,27,12,12,494,128,0,0.6923076923076923,0,0,0.0408721436731338,0,0.14666746527682134,0.17333333333333334,0.17333333333333334,0.17333333333333334,0.2765957446808511,0.18840579710144928,0.2241379310344828,0.1262135922330097,0.007545636223440764,0.023400483386740712,0.9317205156772242,0.9933333333333333,429,5854,0.9894179894179894,0.94,24,2244,0.8991282689912827,0.9933333333333333,405,3610,0.9832878581173261,2932,0.91958985429034,1853,0.8457943925233645,1498,c909946f4591,317f685,False,run_experiments
strong_drift,nominal,greedy,8,path_budget,19,0.12666666666666668,5.640458798442483,0.0015667896698537637,3600.0102036471403,5349.0,209,208,189,52.4998511972343,3482.1900286649607,0.9672722663777961,5143.0,0.9614881286221724,0.09134615384615384,0,342,27,19,8,8,267,48,0,0.7037037037037037,0,0,-0.0008386877322789487,0,0.11582182047567449,0.12666666666666668,0.12666666666666668,0.12666666666666668,0.0,0.0,0.0,0.0,0.006985234594595242,0.01520285338209821,0.9258358662613981,0.82,488,6092,0.9857690202517789,0.6466666666666666,26,1801,0.9027982326951399,0.82,462,4291,0.9762103505843072,2396,0.9287410926365796,2526,0.8486127864897467,1658,190f473af29d,317f685,False,run_experiments
strong_drift,nominal,greedy,9,path_budget,26,0.17333333333333334,9.209900799081465,0.002558157532106069,3600.208620263967,5325.0,207,206,183,50.83038770863852,3413.0051099791553,0.9480020382065842,5031.0,0.9447887323943662,0.11165048543689321,0,590,44,26,18,18,474,72,0,0.5909090909090909,0,0,0.07380516157575555,0,0.13205751489547665,0.11333333333333333,0.16666666666666666,0.17333333333333334,0.0,0.0,0.0,0.0,0.007791253951244188,0.015551140775086625,0.9313806154352476,0.9133333333333333,417,5660,0.9895586141433318,0.7666666666666667,22,2085,0.9005037783375315,0.9133333333333333,395,3575,0.9820627802690582,2676,0.9218900675024108,2074,0.8440090429540317,1327,295870618fda,317f685,False,run_experiments
strong_drift,nominal,confirmed_route,0,path_budget,140,0.9333333333333333,49.88585908885232,0.013856916137850945,3600.0693511153104,4211.0,132,130,47,13.055304055584173,2261.8913328320114,0.6282910444853713,2533.0,0.6015198290192353,0.6384615384615384,32,2477,177,140,37,37,1493,807,0,0.7909604519774012,0,0,-0.026336638006959984,1,0.5248503007506563,0.26,0.7733333333333333,0.9,0.0,0.0,0.0,0.0,0.0046460552203123565,0.04289716945762101,0.9666698051030976,1.0,354,10267,0.9959785522788204,1.0,18,4458,0.9453213995117982,1.0,336,5809,0.9921793534932221,5754,0.963716814159292,3390,0.8740690589031821,1477,5b757f16311b,317f685,False,run_experiments
strong_drift,nominal,confirmed_route,1,path_budget,122,0.8133333333333334,40.49321894445207,0.01124794572468874,3600.0546175797467,4356.0,142,140,69,19.166375883037986,2479.611305405156,0.6887704684525467,2926.0,0.6717171717171717,0.5071428571428571,56,2361,166,122,44,44,1501,694,0,0.7349397590361446,0,0,-0.04706460855169127,1,0.511220858606305,0.2866666666666667,0.7066666666666667,0.8133333333333334,0.0,0.0,0.0,0.0,0.002986226067314521,0.026251328229012966,0.9650779101741521,0.9666666666666667,381,10529,0.9952087611225188,0.8933333333333333,21,4362,0.9448444921096982,0.9666666666666667,360,6167,0.9914947520810713,5526,0.9605952052907137,3629,0.8911680911680911,1755,e71a88936249,317f685,False,run_experiments
strong_drift,nominal,confirmed_route,2,path_budget,143,0.9533333333333334,51.089602194959525,0.014191083503621813,3600.11990500377,4467.0,157,155,77,21.38817651405957,2284.827235260552,0.6346530936608232,2810.0,0.6290575330199238,0.5032258064516129,65,3257,206,143,63,63,1848,1203,0,0.6941747572815534,0,0,-0.037831568698431475,1,0.5667859676659457,0.19705820101455168,0.7733333333333333,0.9533333333333334,0.0,0.0,0.0,0.0,0.005017198289646282,0.041532593696351414,0.9734868570562836,1.0,350,12851,0.9968027082941509,0.9933333333333333,17,5300,0.9577625570776256,1.0,333,7551,0.9950347567030785,7049,0.9704421849136912,4229,0.9011960478419136,1923,fa99ed887b22,317f685,False,run_experiments
strong_drift,nominal,confirmed_route,3,path_budget,138,0.92,51.20135874205776,0.01422224788550403,3600.0890403720596,4459.0,153,151,80,22.22167260388988,1934.2028704362715,0.5372652867042358,2474.0,0.5548329221798609,0.47019867549668876,69,2535,177,138,39,39,1669,689,0,0.7796610169491526,0,0,-0.03717913531377641,1,0.5914589572222677,0.4,0.8466666666666667,0.8933333333333333,0.0,0.0,0.0,0.0,0.002277385418175081,0.026175735909777075,0.9718939393939394,1.0,371,12829,0.9958799293702177,0.9933333333333333,21,5076,0.9568061211896828,1.0,350,7753,0.9952700640830028,6554,0.9684304135171187,4498,0.9078212290502793,2148,610955f35948,317f685,False,run_experiments
strong_drift,nominal,confirmed_route,4,path_budget,142,0.9466666666666667,49.15264051025417,0.013653509274867337,3600.0005215312503,4323.0,143,141,62,17.222219727242837,2153.8520068495,0.5982921374504038,2562.0,0.5926439972241498,0.5602836879432624,49,2788,179,142,37,37,1675,934,0,0.7932960893854749,0,0,-0.035239677616651546,1,0.6353867638112936,0.5266666666666666,0.82,0.9266666666666666,0.5,0.125,0.2,0.1111111111111111,0.0022409803716837732,0.029503102232683234,0.9730395817774459,1.0,361,13029,0.9961926518180088,0.9933333333333333,20,5233,0.9580926631436647,1.0,341,7796,0.9936251593710157,7059,0.9714611872146118,4380,0.902101486417222,1951,e17f14a27e55,317f685,False,run_experiments
strong_drift,nominal,confirmed_route,5,path_budget,132,0.88,45.73185942196758,0.01270326271564547,3600.0089461775633,4623.0,171,168,98,27.222154573825424,2471.1415211842354,0.6864264945252587,3183.0,0.6885139519792343,0.4166666666666667,87,2534,175,132,43,43,1559,800,0,0.7542857142857143,0,0,-0.0593255654815653,1,0.49138468715046074,0.07333333333333333,0.68,0.8666666666666667,0.0,0.0,0.0,0.0,0.006759945189985152,0.05805869844067886,0.9726995342861731,1.0,340,12114,0.9964568570237599,1.0,17,4781,0.957810867293626,1.0,323,7333,0.9927239654388358,6597,0.9746231155778895,3980,0.8982418753329782,1877,12a642359e7b,317f685,False,run_experiments
strong_drift,nominal,confirmed_route,6,path_budget,145,0.9666666666666667,51.16353227744915,0.014211734069249289,3600.090743898347,4417.0,159,157,64,17.777329671056513,1773.8556621038329,0.4927252639701573,2219.0,0.5023771790808241,0.5923566878980892,55,2686,200,145,55,55,1820,666,0,0.725,0,0,-0.0487451417467,1,0.5788698549966905,0.38666666666666666,0.7133333333333334,0.9666666666666667,0.0,0.0,0.0,0.0,0.0025371052122264235,0.034939688326250724,0.9695519791213572,1.0,350,11145,0.9958214207169562,1.0,19,4528,0.9523603914795624,1.0,331,6617,0.993531914893617,5875,0.9647812166488794,3748,0.9038461538461539,1872,5127b7408fb9,317f685,False,run_experiments
strong_drift,nominal,confirmed_route,7,path_budget,139,0.9266666666666666,47.05182723384413,0.013069412665972132,3600.1485633971533,4557.0,172,170,80,22.221305202058335,2220.018556945128,0.616646373851385,2799.0,0.6142198815009875,0.5294117647058824,70,2631,193,139,54,54,1758,680,0,0.7202072538860104,0,0,-0.04978463315534286,1,0.5173306030379994,0.20666666666666667,0.6733333333333333,0.9,0.0,0.0,0.0,0.0,0.004455749302684994,0.046185111052830484,0.9715988237114997,1.0,367,12555,0.995782285599518,1.0,21,4958,0.9564396323807126,1.0,346,7597,0.9923942804989352,6574,0.9708254269449715,4216,0.9090056285178236,2132,79fea7145673,317f685,False,run_experiments
strong_drift,nominal,confirmed_route,8,path_budget,142,0.9466666666666667,46.97069389815717,0.013046564953821562,3600.234549432006,4610.0,175,173,92,25.5538906526283,2099.5052364152916,0.5831579047388792,2767.0,0.6002169197396963,0.4682080924855491,83,2685,192,142,50,50,1677,816,0,0.7395833333333334,0,0,-0.07164827781202449,1,0.4741554488171996,0.06,0.62,0.8133333333333334,0.0,0.0,0.0,0.0,0.008719679711458813,0.0652102405354798,0.9726540418315432,1.0,387,13765,0.995945945945946,1.0,21,5159,0.9592064199732501,1.0,366,8606,0.9938705337120646,6689,0.9734439834024896,4820,0.9175179720015134,2643,2153df32100c,317f685,False,run_experiments
strong_drift,nominal,confirmed_route,9,path_budget,142,0.9466666666666667,49.67681232110408,0.013798329241264352,3600.20488368577,4432.0,152,150,69,19.16557591282419,1986.4842622627361,0.5517697815656091,2453.0,0.5534747292418772,0.54,59,2920,189,142,47,47,1761,970,0,0.7513227513227513,0,0,-0.04960866909710543,1,0.4342247852410781,0.16,0.5866666666666667,0.6066666666666667,0.0,0.0,0.0,0.0,0.019117444062936657,0.08177695323038905,0.9659835725545507,1.0,410,11643,0.9934693877551021,1.0,32,4868,0.9471550398434223,1.0,378,6775,0.9899036968002485,6438,0.9615069615069615,3663,0.8954918032786885,1952,4f824f853366,317f685,False,run_experiments
strong_drift,nominal,belief_horizon,0,time_budget,141,0.94,49.75914393135689,0.015569783976971643,3195.878889838981,5401.0,243,115,67,20.964499065662555,1528.7878357271711,0.4783622560253516,2413.0,0.44676911683021664,0.41739130434782606,0,2408,193,141,52,52,1374,841,0,0.7305699481865285,0,0,0.04679284309139449,1,0.547094177216796,0.32,0.5466666666666666,0.9333333333333333,0.0,0.0,0.0,0.0,0.004092930198637631,0.024612531086780288,0.9584480156263873,1.0,468,10795,0.9942315615986815,1.0,28,4826,0.9313465439226088,1.0,440,5969,0.9902439024390244,6560,0.9478939157566303,3205,0.8417890520694259,1498,953c59d1bfed,317f685,False,run_experiments
strong_drift,nominal,belief_horizon,1,time_budget,70,0.4666666666666667,23.78665640837691,0.007484000124549342,3178.334582110827,5401.0,236,123,99,31.148388390957614,2506.827108368007,0.7887234787922007,3728.0,0.6902425476763562,0.1951219512195122,0,922,91,70,21,21,693,138,0,0.7692307692307693,0,0,-0.01429718964683856,0,0.37592754288825103,0.3466666666666667,0.4666666666666667,0.4666666666666667,0.0,0.0,0.0,0.0,0.004111974025646259,0.010852602099639124,0.9271685761047463,0.7733333333333333,445,5665,0.9892134831460674,0.5733333333333334,24,2201,0.8916344916344916,0.7733333333333333,421,3464,0.9784268171257883,3013,0.921793534932221,1918,0.804919423240034,1179,723c2230147f,317f685,False,run_experiments
strong_drift,nominal,belief_horizon,2,time_budget,139,0.9266666666666666,49.744206850128776,0.017456666667476903,2849.5822139289635,5401.0,299,96,53,18.599217717226118,1131.7297221156614,0.397156367899717,1711.0,0.31679318644695426,0.4479166666666667,0,2155,182,139,43,43,1315,658,0,0.7637362637362637,0,0,-0.014691196400314202,1,0.5431713237441619,0.28,0.5733333333333334,0.9266666666666666,0.0,0.0,0.0,0.0,0.002445918694592373,0.027313765100282,0.9681352382377141,1.0,426,12943,0.9960745829244357,1.0,20,5075,0.9509306260575296,1.0,406,7868,0.9923469387755102,6664,0.9671516754850088,4536,0.8958045182111573,2169,1e8f663fd114,317f685,False,run_experiments
strong_drift,nominal,belief_horizon,3,time_budget,74,0.49333333333333335,28.58218222730853,0.008839107559663882,3233.604980409968,5401.0,225,117,100,30.92523688138359,2257.5636970604114,0.6981569210640532,3357.0,0.621551564525088,0.1452991452991453,0,1148,100,74,26,26,745,303,0,0.74,0,0,0.031376348759974346,1,0.4100354831629919,0.4666666666666667,0.49333333333333335,0.49333333333333335,0.0,0.0,0.0,0.0,0.0038101341845430824,0.011176592143067115,0.9536176124826333,0.9066666666666666,434,8923,0.9935103244837759,0.74,22,3368,0.9309535780124015,0.9066666666666666,412,5555,0.9859119496855346,3975,0.9556081680970702,3379,0.8861707438841737,2003,d1482681f7f9,317f685,False,run_experiments
strong_drift,nominal,belief_horizon,4,time_budget,106,0.7066666666666667,36.02917149328617,0.010558439781990985,3412.3575298255114,5401.0,237,102,70,20.513676948610776,2103.4299261725255,0.6164154569934772,2792.0,0.5169413071653397,0.3137254901960784,0,1380,131,106,25,25,946,303,0,0.8091603053435115,0,0,-0.02443725748808712,1,0.5885701958971467,0.56,0.6733333333333333,0.7066666666666667,0.0,0.0,0.0,0.0,0.002853456018981701,0.009549566478714801,0.9502084037400023,0.98,442,8435,0.9936361006653167,0.8733333333333333,22,3435,0.922509225092251,0.98,420,5000,0.9870910304918763,4493,0.9465986394557823,2940,0.842797783933518,1444,8a91812fdd21,317f685,False,run_experiments
strong_drift,nominal,belief_horizon,5,time_budget,108,0.72,36.205845109675145,0.012618032084670733,2869.3733592309163,5401.0,293,89,54,18.81944007958369,1016.3056780764683,0.3541908113166809,1644.0,0.30438807628216996,0.39325842696629215,0,1580,142,108,34,34,1013,425,0,0.7605633802816901,0,0,0.012938620073565728,1,0.5324547953535296,0.52,0.66,0.72,0.42857142857142855,0.2,0.27272727272727276,0.15789473684210525,0.004501545463528315,0.021989220224024292,0.9617921699648763,0.8733333333333333,446,11227,0.992422502870264,0.8133333333333334,33,4322,0.9435638152500683,0.8733333333333333,413,6905,0.9902775322609156,5657,0.9611503531786074,3964,0.8845029239766082,2052,1c11fa8cde44,317f685,False,run_experiments
strong_drift,nominal,belief_horizon,6,time_budget,131,0.8733333333333333,45.82619750465962,0.01578867677578313,2902.472332257027,5401.0,291,108,65,22.394700985643695,1443.8583820066183,0.4974581035485158,2111.0,0.3908535456396964,0.39814814814814814,0,1814,171,131,40,40,1241,402,0,0.7660818713450293,0,0,-0.040249543767262974,1,0.6405882849035399,0.5066666666666667,0.8733333333333333,0.8733333333333333,0.0,0.0,0.0,0.0,0.001646457615462603,0.009607388778426587,0.9641919918733599,1.0,423,11390,0.9961866307761328,0.9666666666666667,17,4441,0.9447994561522773,1.0,406,6949,0.9866642309097552,5474,0.9683738494217606,4237,0.8972407231208372,2102,bc5bc0c8ba8a,317f685,False,run_experiments
strong_drift,nominal,belief_horizon,7,time_budget,136,0.9066666666666666,46.64109007244865,0.015217481465565195,3064.967759480451,5401.0,273,114,63,20.554865481090495,1467.7575365170856,0.4788818844756423,2103.0,0.3893723384558415,0.4473684210526316,0,2274,180,136,44,44,1295,799,0,0.7555555555555555,0,0,-0.0028309295811746807,1,0.626814252589856,0.5133333333333333,0.84,0.84,0.12,0.23076923076923078,0.15789473684210525,0.08571428571428572,0.0030590524519683335,0.016572778744231,0.9625844594594595,1.0,443,11397,0.9945008460236887,1.0,26,4702,0.9413667041619798,1.0,417,6695,0.9909895150720839,6104,0.9592808038075092,3782,0.8802456499488229,1954,4c3ad182f318,317f685,False,run_experiments
strong_drift,nominal,belief_horizon,8,time_budget,108,0.72,34.04354233521415,0.011497044776215238,2961.0689527488375,5401.0,264,101,68,22.96467967653162,1368.2248705842987,0.46207126291812284,2168.0,0.4014071468246621,0.32673267326732675,0,1737,151,108,43,43,1146,440,0,0.7152317880794702,0,0,-0.014925100478706162,1,0.5433125596701474,0.58,0.72,0.72,0.0,0.0,0.0,0.0,0.00323339357411351,0.010883339051201346,0.966288991467338,0.98,482,13816,0.9929679420889348,0.8933333333333333,34,4801,0.9526577195392582,0.98,448,9015,0.9883701611563382,6019,0.9702005730659026,5235,0.9159001314060446,3044,9fb2cda0f6c8,317f685,False,run_experiments
strong_drift,nominal,belief_horizon,9,time_budget,141,0.94,49.18598635814851,0.017312325063356764,2841.0965123486203,5401.0,305,111,55,19.35872285962356,1155.895857509112,0.4068485010928331,1777.0,0.3290131457137567,0.5045045045045045,0,1953,183,141,42,42,1313,457,0,0.7704918032786885,0,0,0.03432259192651055,1,0.6562553646081849,0.5666666666666667,0.8066666666666666,0.94,0.0,0.0,0.0,0.0,0.004289221624684106,0.029765293834250275,0.9621556886227545,1.0,474,12051,0.9962406015037594,1.0,19,5035,0.9390978450006693,1.0,455,7016,0.9904777275661717,6196,0.9637421665174575,4468,0.8640515851692638,1861,10edfe9c1372,317f685,False,run_experiments
strong_drift,nominal,belief_horizon_no_efficiency,0,time_budget,62,0.41333333333333333,20.21128733204163,0.005986843414186858,3375.9505525311547,5401.0,117,65,53,15.699282076351116,2306.2270808744975,0.6831341410333689,3507.0,0.6493241992223663,0.18461538461538463,0,890,87,62,25,25,623,180,0,0.7126436781609196,0,0,0.007994028676995103,0,0.3228306274753279,0.30666666666666664,0.41333333333333333,0.41333333333333333,0.0,0.0,0.0,0.0,0.0035261118623956668,0.01218392196642729,0.9322971155283216,0.52,453,6238,0.9874558996471972,0.4266666666666667,32,2519,0.8983091787439613,0.52,421,3719,0.9836065573770492,3233,0.9285401139850943,2281,0.7986406117247239,1177,3be0c802909b,317f685,False,run_experiments
strong_drift,nominal,belief_horizon_no_efficiency,1,time_budget,92,0.6133333333333333,29.802865683462873,0.008472116806428244,3517.7590635730917,5401.0,106,43,29,8.243884665183364,1518.7842525340275,0.4317476623857671,2087.0,0.38640992408813185,0.32558139534883723,0,1328,116,92,24,24,907,305,0,0.7931034482758621,0,0,-0.03826612332560653,1,0.45873986795397714,0.4666666666666667,0.6133333333333333,0.6133333333333333,0.0,0.0,0.0,0.0,0.0036246465875109045,0.011085534207304537,0.949427274692025,0.9933333333333333,468,8786,0.9923642533936652,0.9,27,3509,0.922875131164743,0.9933333333333333,441,5277,0.9866011612326931,4478,0.946253556749921,3163,0.8524488530688159,1613,5f13afb76ef7,317f685,False,run_experiments
strong_drift,nominal,belief_horizon_no_efficiency,2,time_budget,136,0.9066666666666666,48.32317513646116,0.01378869047286913,3504.5514460958193,5401.0,100,43,27,7.704266984032679,1413.6078243029338,0.4033634107091615,2094.0,0.38770598037400483,0.37209302325581395,0,2431,178,136,42,42,1397,856,0,0.7640449438202247,0,0,0.004735754059010923,1,0.5760728683443064,0.28,0.9,0.9066666666666666,0.0,0.0,0.0,0.0,0.001263444910088398,0.008091893765478239,0.9636725935009197,1.0,474,12574,0.9948269001193792,0.9733333333333334,26,5000,0.944153577661431,1.0,448,7574,0.9908256880733946,6649,0.9652634000460087,4347,0.8723196881091618,2052,37c92bd91cf1,317f685,False,run_experiments
strong_drift,nominal,belief_horizon_no_efficiency,3,time_budget,132,0.88,48.03009366274738,0.01507658484754892,3185.740945208549,5401.0,122,43,22,6.905771805798795,1167.6610054104617,0.36652729317701094,1839.0,0.34049250138863174,0.4883720930232558,0,1990,166,132,34,34,1213,611,0,0.7951807228915663,0,0,0.055067102789500076,1,0.5691011784190669,0.5266666666666666,0.72,0.88,0.0,0.0,0.0,0.0,0.0010473334637149294,0.01092436645108075,0.9667189952904238,1.0,424,12316,0.9956253728375423,1.0,22,5007,0.9478666839579821,1.0,402,7309,0.9930817610062893,6360,0.9646559849198869,4244,0.8923220973782772,2136,ac00821d93ea,317f685,False,run_experiments
strong_drift,nominal,belief_horizon_no_efficiency,4,time_budget,137,0.9133333333333333,47.99990196598945,0.013921343297255612,3447.9360892890218,5401.0,89,42,26,7.5407430203734735,1624.1417153275877,0.4710475116905349,2385.0,0.44158489168672466,0.38095238095238093,0,2208,177,137,40,40,1360,671,0,0.7740112994350282,0,0,0.013400291162997485,1,0.6450555118918361,0.5466666666666666,0.84,0.8933333333333333,0.0,0.0,0.0,0.0,0.0015924690717387308,0.010037659916051345,0.9618180365843917,0.9933333333333333,478,12041,0.9963570127504554,0.9866666666666667,18,4923,0.9392979678015307,0.9933333333333333,460,7118,0.9917302798982188,6288,0.9605640535372849,4184,0.8724963361016121,2047,b1c569ac1b8a,317f685,False,run_experiments
strong_drift,nominal,belief_horizon_no_efficiency,5,time_budget,102,0.68,34.810501497478526,0.010858315716302854,3205.88408064185,5401.0,122,50,36,11.229351746489986,1628.9212852268251,0.5081036133099045,2568.0,0.4754675060174042,0.28,0,1618,131,102,29,29,948,539,0,0.7786259541984732,0,0,0.03703601128556311,1,0.5067816895909684,0.5266666666666666,0.68,0.68,0.0,0.0,0.0,0.0,0.0035133493249092673,0.008670148819431343,0.9537017726798749,0.8266666666666667,444,9146,0.9929729729729729,0.7733333333333333,26,3674,0.9290322580645162,0.8266666666666667,418,5472,0.9887920298879203,4818,0.9582437826220448,3257,0.8323432343234324,1515,174faf138c39,317f685,False,run_experiments
strong_drift,nominal,belief_horizon_no_efficiency,6,time_budget,127,0.8466666666666667,44.414633743346734,0.012949362490148303,3429.8702949382086,5401.0,79,37,25,7.288905366740812,1631.208712331778,0.47558903750357867,2513.0,0.46528420662840214,0.32432432432432434,0,1997,184,127,57,57,1368,445,0,0.6902173913043478,0,0,0.04031243913618818,1,0.5362094423224033,0.5133333333333333,0.5133333333333333,0.8466666666666667,0.0,0.0,0.0,0.0,0.0017116244096024847,0.010800527853966724,0.9599893541518808,1.0,451,10821,0.9964664310954063,0.96,15,4230,0.937953607513875,1.0,436,6591,0.9899433168769428,5469,0.9599350297780184,3694,0.8824087245139877,2109,47e26d59f853,317f685,False,run_experiments
strong_drift,nominal,belief_horizon_no_efficiency,7,time_budget,111,0.74,37.41173549670991,0.011373609419832217,3289.345898539024,5401.0,96,58,41,12.46448420587519,1845.8329905117248,0.5611550282174821,2959.0,0.5478615071283096,0.29310344827586204,0,1734,139,111,28,28,1011,584,0,0.7985611510791367,0,0,0.026764683779802807,1,0.5140004492295762,0.3861993025431974,0.74,0.74,0.4444444444444444,0.14814814814814814,0.2222222222222222,0.125,0.002597091142140659,0.011462660913752868,0.9600743626062322,1.0,451,10845,0.9932854827506368,0.96,29,4290,0.9395155510964598,1.0,422,6555,0.989027338664683,5377,0.9587904736419588,3737,0.8909257561869844,2182,4b461c79ec8d,317f685,False,run_experiments
strong_drift,nominal,belief_horizon_no_efficiency,8,time_budget,127,0.8466666666666667,40.79826094432818,0.012296070413172542,3317.991811483268,5401.0,91,44,28,8.438839391674971,1167.5069588714073,0.35187156123495295,1943.0,0.3597481947787447,0.36363636363636365,0,2191,174,127,47,47,1258,759,0,0.7298850574712644,0,0,0.013165649748912482,1,0.5579066719417803,0.5,0.64,0.8466666666666667,0.0,0.0,0.0,0.0,0.002038608573004382,0.013042236471510244,0.9695160058329283,0.9933333333333333,439,13962,0.9954075774971297,0.98,24,5202,0.9547683923705722,0.9933333333333333,415,8760,0.9919642857142857,6720,0.9683645045762037,5026,0.9148775894538607,2655,b40f9e9eaba0,317f685,False,run_experiments
strong_drift,nominal,belief_horizon_no_efficiency,9,time_budget,126,0.84,43.988300115429205,0.013026690012022942,3376.782595949573,5401.0,108,62,39,11.549455403726679,1549.71254485967,0.45893169039621895,2340.0,0.4332531012775412,0.3709677419354839,0,2205,169,126,43,43,1310,726,0,0.7455621301775148,0,0,0.017972188986443267,1,0.5294448557693446,0.32,0.6933333333333334,0.84,0.0,0.0,0.0,0.0,0.0017471715429695593,0.013790764402313352,0.9691706772686057,1.0,442,13895,0.9965463650492143,0.98,20,5771,0.9506201731804353,1.0,422,8124,0.9923361160530998,7307,0.9669644712237689,4813,0.8976093820478124,2217,c3d9d3999f4d,317f685,False,run_experiments
strong_drift,nominal,belief_horizon_no_track_prediction,0,time_budget,81,0.54,27.002612305370214,0.007719575917708583,3497.939860067527,5401.0,161,137,97,27.73060826669771,2528.8982173713457,0.7229678949719066,3760.0,0.6961673764117756,0.291970802919708,0,1666,111,81,30,30,960,595,0,0.7297297297297297,0,0,0.02430252902749694,1,0.29451803224388023,0.24666666666666667,0.3466666666666667,0.4,0.030425963488843813,0.42857142857142855,0.056818181818181816,0.029239766081871343,0.03218623091230773,0.10125189712195906,0.9598111025443331,1.0,417,9959,0.9926650366748166,1.0,30,4060,0.9384346166083359,1.0,387,5899,0.9902629016553067,5135,0.9572413793103448,3625,0.8688118811881188,1616,7a8d1618cd35,317f685,False,run_experiments
strong_drift,nominal,belief_horizon_no_track_prediction,1,time_budget,100,0.6666666666666666,34.59851160799515,0.009906283658952035,3492.5823648033165,5401.0,170,143,86,24.623613995955985,2301.5340326340192,0.6589777397457681,3359.0,0.6219218663210516,0.3986013986013986,0,1625,141,100,41,41,1095,389,0,0.7092198581560284,0,0,-0.020119660954295737,1,0.47607553528432844,0.5333333333333333,0.5333333333333333,0.6666666666666666,0.0,0.0,0.0,0.0,0.003557618134858805,0.011627423175820302,0.9568308262930146,1.0,419,9287,0.9962069899756164,0.98,14,3677,0.9326683291770573,1.0,405,5610,0.9884583676834295,4852,0.9614290230793551,3163,0.8574807806031933,1691,d5aabb61b980,317f685,False,run_experiments
strong_drift,nominal,belief_horizon_no_track_prediction,2,time_budget,116,0.7733333333333333,41.23606694828382,0.011514549682911471,3581.2140364882443,5401.0,172,152,105,29.319666160742376,2515.101024766508,0.7023040229209054,3662.0,0.6780225884095538,0.3092105263157895,0,2048,155,116,39,39,1198,695,0,0.7483870967741936,0,0,0.021469214032139035,1,0.5652561549345902,0.54,0.7733333333333333,0.7733333333333333,0.0,0.0,0.0,0.0,0.0024302880421323367,0.008662502839178125,0.9643380556912555,1.0,438,11844,0.9937310851707739,0.9933333333333333,29,4597,0.9465778474399164,1.0,409,7247,0.9893351108148641,6001,0.9627895515032036,4058,0.899685110211426,2223,51953a8433e6,317f685,False,run_experiments
strong_drift,nominal,belief_horizon_no_track_prediction,3,time_budget,132,0.88,47.57311541626359,0.014852149274124175,3203.113201881615,5401.0,224,167,89,27.785468196290548,1781.6872830164139,0.5562361273931222,2847.0,0.5271246065543418,0.46706586826347307,0,2344,192,132,60,60,1414,738,0,0.6875,0,0,0.03391495844175738,1,0.5722465579517911,0.3933333333333333,0.8266666666666667,0.8266666666666667,0.0,0.0,0.0,0.0,0.0025161566125539805,0.014513330431150094,0.9658150674989113,1.0,471,13307,0.9957509698873084,1.0,23,5390,0.9464435146443515,1.0,448,7917,0.9920999712726228,6962,0.9660643455266638,4538,0.8849868305531168,2278,aff5ff12ecf3,317f685,False,run_experiments
strong_drift,nominal,belief_horizon_no_track_prediction,4,time_budget,134,0.8933333333333333,46.03459093587463,0.014065409870247134,3272.8936703972345,5401.0,184,149,90,27.498601868442798,2146.3009090191463,0.6557808242999374,3396.0,0.6287724495463803,0.3959731543624161,0,2037,177,134,43,43,1270,590,0,0.7570621468926554,0,0,0.03437843632639259,1,0.5931034158824747,0.5466666666666666,0.5466666666666666,0.8533333333333334,0.0,0.0,0.0,0.0,0.0020885342274440887,0.014454507452210644,0.9616748853707068,1.0,443,11116,0.9935712702283307,0.9866666666666667,29,4482,0.9412599318955732,1.0,414,6634,0.9910457847609393,5919,0.9587441619097042,3854,0.8706606942889138,1786,127baa0110bd,317f685,False,run_experiments
strong_drift,nominal,belief_horizon_no_track_prediction,5,time_budget,94,0.6266666666666667,31.930214543794488,0.009993150429997853,3195.210035860668,5401.0,197,149,101,31.609815588474902,2143.4239761906288,0.6708241249039743,3501.0,0.6482132938344751,0.3221476510067114,0,1392,132,94,38,38,954,306,0,0.7121212121212122,0,0,0.07229093686060017,1,0.45968408691778273,0.52,0.5533333333333333,0.6266666666666667,0.0,0.0,0.0,0.0,0.0038458796420859074,0.01171050405315753,0.9514921745892875,0.76,499,9788,0.9942287513116475,0.72,22,3790,0.9263320463320464,0.76,477,5998,0.9884109212335495,5091,0.9525073746312684,3390,0.845514950166113,1806,a3d0c4dfe6cd,317f685,False,run_experiments
strong_drift,nominal,belief_horizon_no_track_prediction,6,time_budget,110,0.7333333333333333,37.13921540184065,0.01124170975513996,3303.698121618891,5401.0,197,165,121,36.6256224223983,2292.919754391571,0.6940463898281316,3620.0,0.6702462506943159,0.26666666666666666,0,1451,132,110,22,22,1021,298,0,0.8333333333333334,0,0,-0.024312022674651837,1,0.4716717594433476,0.47333333333333333,0.5666666666666667,0.5666666666666667,0.01818181818181818,0.029411764705882353,0.022471910112359553,0.011363636363636364,0.00891115309879981,0.029150874333643082,0.9617221008335356,1.0,473,11884,0.9934000425803704,0.9933333333333333,31,4666,0.9422976501305483,1.0,442,7218,0.9895204826929184,6298,0.9592134013109979,4119,0.8768041237113402,1940,1929924f9990,317f685,False,run_experiments
strong_drift,nominal,belief_horizon_no_track_prediction,7,time_budget,115,0.7666666666666667,39.38955646323135,0.01204898853825443,3269.117265584006,5401.0,207,170,98,29.97751137033408,1951.318510582369,0.5968946207972075,3128.0,0.579152008887243,0.4235294117647059,0,1867,160,115,45,45,1207,500,0,0.71875,0,0,0.020169031240546996,1,0.5167450104734769,0.24657616139897426,0.7666666666666667,0.7666666666666667,0.0,0.0,0.0,0.0,0.0029426810155249415,0.012593696139569788,0.9636052968816745,1.0,426,11279,0.9945572535063848,1.0,26,4751,0.9422632794457275,1.0,400,6528,0.9917559769167353,6065,0.9596518987341772,3792,0.8793290043290043,1848,1767c25fa454,317f685,False,run_experiments
strong_drift,nominal,belief_horizon_no_track_prediction,8,time_budget,105,0.7,34.962748083063936,0.010749482533859777,3252.50522273373,5401.0,222,165,110,33.82008404818026,2197.2845468436744,0.6755668004729158,3473.0,0.6430290686909832,0.3333333333333333,0,1793,146,105,41,41,1125,522,0,0.7191780821917808,0,0,-0.006196860299135486,1,0.5231337355546688,0.54,0.6866666666666666,0.6866666666666666,0.0,0.0,0.0,0.0,0.0038944272548949287,0.011368932761566747,0.9655172413793104,1.0,472,13216,0.9952047952047952,0.9333333333333333,24,4981,0.9484049291719452,1.0,448,8235,0.9921683046683046,6512,0.9657333890513999,4786,0.8924686192468619,2390,0901daf95924,317f685,False,run_experiments
strong_drift,nominal,belief_horizon_no_track_prediction,9,time_budget,126,0.84,43.48623140888561,0.013892203101597335,3130.2617080141545,5401.0,232,160,96,30.66836225042111,1637.5954123760202,0.5231496804830784,2798.0,0.5180522125532309,0.4,0,1791,155,126,29,29,1149,487,0,0.8129032258064516,0,0,0.018656349578098724,1,0.5539115443784226,0.31333333333333335,0.84,0.84,0.0,0.0,0.0,0.0,0.002048929280539097,0.013970569505329478,0.9631389252948886,1.0,450,11758,0.994846423417852,1.0,25,4826,0.9422318879978252,1.0,425,6932,0.9909394372913686,6291,0.9654327040941407,4079,0.8628944504896626,1838,5995eb1bb9e9,317f685,False,run_experiments
strong_drift,nominal,belief_horizon_no_refinement,0,time_budget,141,0.94,50.304009695457154,0.01425357291302056,3529.221059339074,5401.0,166,164,95,26.918121138546894,2397.591689057794,0.6793543529140101,3633.0,0.67265321236808,0.42073170731707316,0,2397,190,141,49,49,1417,790,0,0.7421052631578947,0,0,-0.005704373312479152,1,0.6717118605581064,0.54,0.94,0.94,0.0,0.0,0.0,0.0,0.0009325687027509038,0.006523715367200865,0.9569427470151358,1.0,458,10179,0.9948877528339631,1.0,23,4476,0.929130009775171,1.0,435,5703,0.9905548996458088,5929,0.9534114818154493,3327,0.8211440984793628,1381,91cc088bba16,317f685,False,run_experiments
strong_drift,nominal,belief_horizon_no_refinement,1,path_budget,113,0.7533333333333333,38.19695341595537,0.010610010550229788,3600.0862803221353,5204.0,144,141,73,20.277291796869925,2598.7126782679525,0.7218473325132141,3757.0,0.721944657955419,0.48226950354609927,0,1941,152,113,39,39,1219,570,0,0.743421052631579,0,0,0.0421532518609021,1,0.4728253187930464,0.16666666666666666,0.6733333333333333,0.7533333333333333,0.0,0.0,0.0,0.0,0.0026165060644820427,0.01332361732965819,0.956315289648623,0.94,460,10070,0.9925892656635976,0.8666666666666667,33,4420,0.929735066644726,0.94,427,5650,0.9894459102902374,5685,0.9516893894487255,3374,0.8388851121685927,1471,aaa7fdeda3ba,317f685,False,run_experiments
strong_drift,nominal,belief_horizon_no_refinement,2,time_budget,112,0.7466666666666667,38.454372293572646,0.01082206483875832,3553.3304287599094,5401.0,172,170,105,29.549742728723476,2573.8105529283434,0.7243375206810101,3854.0,0.71357156082207,0.38235294117647056,0,1782,145,112,33,33,1091,546,0,0.7724137931034483,0,0,0.022235789470211032,1,0.5548971816288936,0.5466666666666666,0.7333333333333333,0.7466666666666667,0.0,0.0,0.0,0.0,0.0028400368066834585,0.00871103561585567,0.9574362041467305,0.9933333333333333,427,9605,0.9946057025430259,0.9333333333333333,21,3872,0.9338654503990877,0.9933333333333333,406,5733,0.990939531219224,5077,0.9547553093259464,3249,0.8628370457209847,1706,58ddaaa9f2a1,317f685,False,run_experiments
strong_drift,nominal,belief_horizon_no_refinement,3,time_budget,134,0.8933333333333333,49.04986240383727,0.014147504487241133,3467.0328218006703,5401.0,181,179,106,30.573693832222464,2367.84435507523,0.6829598901360975,3630.0,0.6720977596741344,0.40782122905027934,0,2272,177,134,43,43,1337,758,0,0.7570621468926554,0,0,0.04523660768122234,1,0.6599438302467936,0.5133333333333333,0.8933333333333333,0.8933333333333333,0.0,0.0,0.0,0.0,0.0015351069018498284,0.00743496960253094,0.9675251959686451,1.0,435,12960,0.9946091644204852,0.9933333333333333,28,5166,0.9503719058651384,1.0,407,7794,0.9927018170986,6714,0.9647031323048153,4278,0.9022055763628797,2403,923db5e60582,317f685,False,run_experiments
strong_drift,nominal,belief_horizon_no_refinement,4,time_budget,139,0.9266666666666666,48.9170632092475,0.013929531528995367,3511.7522156020077,5401.0,182,179,103,29.330087567793576,2446.3129598909254,0.6966075080760111,3715.0,0.6878355860025921,0.4245810055865922,0,2244,186,139,47,47,1384,674,0,0.7473118279569892,0,0,0.016943988117961252,1,0.6893350928253608,0.5466666666666666,0.8133333333333334,0.9266666666666666,0.0,0.0,0.0,0.0,0.0011139241931983066,0.005252110563348185,0.9669085399888366,1.0,415,12126,0.9953805985137578,0.9933333333333333,23,4956,0.9481618619412854,1.0,392,7170,0.9928091292793497,6397,0.967483506126296,4244,0.878421052631579,1900,abfe2e73a107,317f685,False,run_experiments
strong_drift,nominal,belief_horizon_no_refinement,5,time_budget,87,0.58,27.819626653027772,0.007889896628834613,3525.981132801851,5401.0,162,161,121,34.316689580199125,2817.9371239346838,0.7991923432940964,4340.0,0.8035548972412516,0.2484472049689441,0,1503,128,87,41,41,967,408,0,0.6796875,0,0,0.010354536702353971,1,0.4790841578677693,0.5733333333333334,0.58,0.58,0.0,0.0,0.0,0.0,0.004500627326229052,0.00881763018226101,0.9406969875959834,0.7266666666666667,502,7963,0.9880794701986755,0.6866666666666666,36,2984,0.914416896235078,0.7266666666666667,466,4979,0.9862224448897795,3992,0.9433098591549296,2840,0.8248622167789345,1633,14ea62a4fe5a,317f685,False,run_experiments
strong_drift,nominal,belief_horizon_no_refinement,6,time_budget,138,0.92,49.135046477358415,0.014476606452174324,3394.099759476334,5401.0,187,185,101,29.757522511825936,2241.3754537844043,0.6603740645885493,3662.0,0.6780225884095538,0.4540540540540541,0,2311,200,138,62,62,1601,510,0,0.69,0,0,0.027144746446589388,1,0.5297303956670492,0.31333333333333335,0.52,0.92,0.0,0.0,0.0,0.0,0.001501885819798545,0.0159803102079196,0.9682627185383526,1.0,403,12295,0.9944821731748726,1.0,26,4686,0.9527923866766842,1.0,377,7609,0.9915940224159402,6424,0.9630783984655957,4171,0.9072753209700428,2103,41a9350a50c6,317f685,False,run_experiments
strong_drift,nominal,belief_horizon_no_refinement,7,time_budget,107,0.7133333333333334,37.16015904377247,0.010822450550293001,3433.617817987296,5401.0,184,182,118,34.366084478548274,2426.3612373332553,0.7066486038785557,3876.0,0.7176448805776708,0.3516483516483517,0,1746,143,107,36,36,1120,483,0,0.7482517482517482,0,0,0.04012764691469754,1,0.5209803639559341,0.5,0.7133333333333334,0.7133333333333334,0.0,0.0,0.0,0.0,0.0029769932813076675,0.009334380281141376,0.952713987473904,0.9866666666666667,453,9127,0.9933932346723044,0.9333333333333333,25,3759,0.9261559696342305,0.9866666666666667,428,5368,0.9880856219709209,4952,0.9410009943652635,3017,0.8659217877094972,1611,6772b4a5922f,317f685,False,run_experiments
strong_drift,nominal,belief_horizon_no_refinement,8,time_budget,129,0.86,40.999370672363746,0.012321088600032217,3327.57697012718,5401.0,194,192,115,34.559681423568904,2369.4301122496418,0.7120586942152932,3936.0,0.7287539344565821,0.4010416666666667,0,2040,176,129,47,47,1391,473,0,0.7329545454545454,0,0,0.021688004805083677,1,0.565585735670473,0.5733333333333334,0.6133333333333333,0.86,0.0,0.0,0.0,0.0,0.0019823380716597425,0.011086414363746173,0.9617324473621007,1.0,478,12013,0.9940119760479041,1.0,27,4482,0.9434978702079679,1.0,451,7531,0.9869907565902089,5842,0.9592529711375212,4123,0.9073634204275535,2526,3fb3e295239b,317f685,False,run_experiments
strong_drift,nominal,belief_horizon_no_refinement,9,time_budget,131,0.8733333333333333,46.3427756282712,0.0139500364474341,3322.054089456896,5401.0,179,177,107,32.20898790889128,2392.8074046641023,0.7202794837862767,3987.0,0.7381966302536568,0.3954802259887006,0,2294,183,131,52,52,1439,672,0,0.7158469945355191,0,0,0.04278916135637115,1,0.5545051146250788,0.4960659255265297,0.5733333333333334,0.8733333333333333,0.0,0.0,0.0,0.0,0.00227677767920636,0.018605021302897352,0.9652160819153742,1.0,462,12820,0.9958801498127341,1.0,22,5318,0.9445983379501385,1.0,440,7502,0.9938571428571429,7000,0.9557728119180633,4296,0.8846928499496476,1986,3cf09c3f13e0,317f685,False,run_experiments
strong_drift,nominal,belief_orienteering,0,time_budget,82,0.5466666666666666,27.43049219504334,0.007993403052688829,3431.6413190019543,5401.0,209,130,108,31.471820613061716,2574.5921603901334,0.7502509502184564,3828.0,0.7087576374745418,0.16923076923076924,0,1667,121,82,39,39,1014,532,0,0.6776859504132231,0,0,-0.011888806943385535,1,0.31901369899269816,0.32,0.32666666666666666,0.46,0.0,0.0,0.0,0.0,0.03660012372485999,0.11279639984441085,0.9449133211678832,1.0,483,8285,0.9886332131965623,1.0,41,3566,0.9143576826196473,1.0,442,4719,0.9890563700185835,4843,0.9248598130841121,2675,0.8168,1250,26f7810d8e82,317f685,False,run_experiments
strong_drift,nominal,belief_orienteering,1,time_budget,73,0.4866666666666667,24.371224831523232,0.00817438756120272,2981.4129375506914,5401.0,245,82,56,18.783040515684306,1871.3923161585926,0.6276863874133418,2783.0,0.515274949083503,0.3170731707317073,0,972,94,73,21,21,712,166,0,0.776595744680851,0,0,-0.011460235922058363,0,0.38691147922139324,0.3466666666666667,0.4866666666666667,0.4866666666666667,0.0,0.0,0.0,0.0,0.004200427011013042,0.010518395897539065,0.9305645684620376,0.7733333333333333,428,5736,0.9895424836601308,0.5733333333333334,24,2271,0.8955802532954251,0.7733333333333333,404,3465,0.983409238776838,3074,0.9239979177511712,1921,0.8023952095808383,1169,ece093dca4a1,317f685,False,run_experiments
strong_drift,nominal,belief_orienteering,2,time_budget,148,0.9866666666666667,52.781036366474524,0.01912190585624978,2760.2393173180294,5401.0,312,78,36,13.042347369712562,974.615492651383,0.35309093908507994,1419.0,0.26272912423625255,0.5384615384615384,0,2320,197,148,49,49,1388,735,0,0.751269035532995,0,0,-0.04709448565287282,1,0.6535478214753985,0.34925195607470527,0.9866666666666667,0.9866666666666667,0.0,0.0,0.0,0.0,0.0007060630383411722,0.018114794109670276,0.9712560883583727,1.0,419,14158,0.9964979863421467,1.0,20,5691,0.9549966162869389,1.0,399,8467,0.9941916747337851,7231,0.9717391304347827,5060,0.8976377952755905,2286,f4ab5a763763,317f685,False,run_experiments
strong_drift,nominal,belief_orienteering,3,time_budget,147,0.98,54.143985437643934,0.020976816786840696,2581.1344966129404,5401.0,329,79,27,10.460516503665497,441.67926701808636,0.17111826896183602,818.0,0.15145343454915755,0.6582278481012658,0,2423,189,147,42,42,1353,881,0,0.7777777777777778,0,0,-0.022569830556645326,2,0.6622440117045522,0.44,0.98,0.98,0.0,0.0,0.0,0.0,0.0010798363555646023,0.019839287716809484,0.97008413836086,1.0,480,15565,0.995243757431629,1.0,28,5859,0.9555030517818468,1.0,452,9706,0.9903452311293154,6836,0.9749834327369119,6036,0.9171131421367791,3173,2d2579483bb1,317f685,False,run_experiments
strong_drift,nominal,belief_orienteering,4,time_budget,127,0.8466666666666667,44.463873535788366,0.015191131731950766,2926.962541063986,5401.0,274,85,40,13.66604438520061,1260.2940555441328,0.4305808625367651,1746.0,0.3232734678763192,0.5294117647058824,0,1799,172,127,45,45,1239,388,0,0.7383720930232558,0,0,-0.023378467154369316,1,0.5942506546983184,0.49333333333333335,0.6733333333333333,0.8466666666666667,0.11764705882352941,0.1,0.1081081081081081,0.05714285714285714,0.013478733208599741,0.05659883892348539,0.9652961980548187,0.9733333333333334,471,13101,0.9935957807496704,0.9466666666666667,34,5275,0.9471136391141232,0.9733333333333334,437,7826,0.9905114899925871,6745,0.9700585810371013,4609,0.8787195671776376,2218,bd676262bb31,317f685,False,run_experiments
strong_drift,nominal,belief_orienteering,5,time_budget,132,0.88,44.693308163333114,0.01620344806467174,2758.259105404708,5401.0,290,85,47,17.039733470980018,1077.3502510234548,0.3905906623900657,1692.0,0.313275319385299,0.4470588235294118,0,1677,160,132,28,28,1175,342,0,0.825,0,0,-0.02246525907810712,1,0.6454253447709485,0.54,0.8733333333333333,0.88,0.0,0.0,0.0,0.0,0.0015541120482052454,0.014832965758352528,0.9614014743642839,1.0,466,11607,0.9930690924842972,0.9933333333333333,32,4585,0.9417918454935622,1.0,434,7022,0.9897042000326851,6119,0.9617021276595744,3995,0.8723838693210821,1959,a7eab029f181,317f685,False,run_experiments
strong_drift,nominal,belief_orienteering,6,time_budget,115,0.7666666666666667,40.228508208190966,0.014801504124670753,2717.8662296312955,5401.0,294,73,39,14.349492103329426,989.3429641630416,0.36401459107031015,1448.0,0.26809850027772636,0.4657534246575342,0,1703,156,115,41,41,1171,376,0,0.7371794871794872,0,0,-0.09968849493121112,1,0.5597167372726937,0.5,0.76,0.7666666666666667,0.0,0.0,0.0,0.0,0.002555645935301049,0.014104310888879328,0.9639243290805103,1.0,492,13146,0.9934959349593496,0.9733333333333334,32,4888,0.9472356044964442,1.0,460,8258,0.9893337996153173,5719,0.9639286414428544,5101,0.9123491838183109,2818,52490bf88f49,317f685,False,run_experiments
strong_drift,nominal,belief_orienteering,7,time_budget,140,0.9333333333333333,47.413361776940356,0.017854970947813967,2655.4712363027006,5401.0,309,99,44,16.569563774022512,912.2515889515005,0.3435366109337558,1588.0,0.29401962599518605,0.5555555555555556,0,2144,201,140,61,61,1447,496,0,0.6965174129353234,0,0,-0.04238661044214064,1,0.5423889547893731,0.38,0.5466666666666666,0.9333333333333333,0.5,0.125,0.2,0.1111111111111111,0.015978818304722205,0.07997691043484981,0.9620883026617171,1.0,480,12181,0.9947548920718177,1.0,26,4931,0.9410695742471443,1.0,454,7250,0.99169921875,6144,0.9578606158833063,4319,0.8876251137397634,2198,f5fcd86e5d1a,317f685,False,run_experiments
strong_drift,nominal,belief_orienteering,8,time_budget,113,0.7533333333333333,36.76786833806613,0.011685194300524511,3146.534614012857,5401.0,246,106,68,21.611076419489258,1610.1055011802114,0.5117075445506707,2450.0,0.45361970005554525,0.3584905660377358,0,1827,149,113,36,36,1116,562,0,0.7583892617449665,0,0,-0.007500952981598731,1,0.5767871803056752,0.56,0.7533333333333333,0.7533333333333333,0.0,0.0,0.0,0.0,0.0028050900164294304,0.009684110998031993,0.9638389811234933,0.9933333333333333,477,12714,0.9933576173130491,0.9666666666666667,31,4636,0.9476771468793993,0.9933333333333333,446,8078,0.9906744379683597,6005,0.959903062348535,4539,0.9097091046467699,2647,e9b008ef7b0b,317f685,False,run_experiments
strong_drift,nominal,belief_orienteering,9,time_budget,148,0.9866666666666667,51.77154287719442,0.01730381450059031,2991.9150413585553,5401.0,260,110,59,19.719811286222065,1204.5732971596726,0.40260945932900066,1985.0,0.3675245324939826,0.4636363636363636,0,2227,203,148,55,55,1499,525,0,0.729064039408867,0,0,-0.011973566734787985,1,0.6529347812070271,0.49333333333333335,0.9533333333333334,0.9866666666666667,0.0,0.0,0.0,0.0,0.0004703303922807438,0.01561923013109874,0.9661417904930879,1.0,458,13069,0.9966311061201573,1.0,18,5325,0.946236559139785,1.0,440,7744,0.9917042642992286,6871,0.9659593280282935,4524,0.8841463414634146,2132,b9f628586047,317f685,False,run_experiments
strong_drift,nominal,belief_orienteering_depth1,0,time_budget,111,0.74,39.21415604729617,0.012497672028391013,3137.716845042278,5401.0,236,107,66,21.034402802879658,1572.1725755408486,0.5010562307510145,2448.0,0.45324939825958155,0.38317757009345793,0,2244,140,111,29,29,1171,933,0,0.7928571428571428,0,0,-0.05799954100187696,1,0.403171011966142,0.37333333333333335,0.38666666666666666,0.7066666666666667,0.006666666666666667,0.10526315789473684,0.012539184952978058,0.006309148264984227,0.02752444306013093,0.10294139888361545,0.953586913677572,1.0,471,9677,0.9935929029078364,1.0,26,4032,0.9269293924466339,1.0,445,5645,0.9915572232645403,5330,0.9477064220183486,3270,0.8352713178294574,1548,8899e79d9b24,317f685,False,run_experiments
strong_drift,nominal,belief_orienteering_depth1,1,time_budget,120,0.8,40.15084364820014,0.013126462271260972,3058.771115817416,5401.0,232,102,63,20.596506771695495,1678.3713745211119,0.5487077362022851,2612.0,0.4836141455286058,0.38235294117647056,0,1735,152,120,32,32,1107,476,0,0.7894736842105263,0,0,-0.012001228725668334,1,0.6177430667627798,0.56,0.8,0.8,0.0,0.0,0.0,0.0,0.0022169403793152287,0.007051050934713702,0.9524607329842932,0.9266666666666666,454,9096,0.9951219512195122,0.8733333333333333,19,3876,0.9230769230769231,0.9266666666666666,435,5220,0.98921294446664,5006,0.9477102955505035,3079,0.8368600682593856,1465,f85a46d95214,317f685,False,run_experiments
strong_drift,nominal,belief_orienteering_depth1,2,time_budget,130,0.8666666666666667,45.89431070918203,0.014569512412484236,3150.023790079371,5401.0,199,88,55,17.46018559390441,1572.8540821384895,0.4993149852048763,2553.0,0.47269024254767633,0.375,0,2529,185,130,55,55,1362,982,0,0.7027027027027027,0,0,0.017389001236422612,1,0.5906955765765102,0.36,0.8533333333333334,0.86,0.0,0.0,0.0,0.0,0.001989966437079637,0.008471370067905824,0.9637297981678707,1.0,487,12940,0.9940749235474006,0.9866666666666667,31,5201,0.9443563148261135,1.0,456,7739,0.9904250689104889,6893,0.9603084599682468,4409,0.884235294117647,2125,a95bdff814a9,317f685,False,run_experiments
strong_drift,nominal,belief_orienteering_depth1,3,time_budget,135,0.9,48.5990257572232,0.015334392408322916,3169.282777115155,5401.0,220,135,72,22.718073792562656,1604.955248990693,0.5064096080601574,2641.0,0.4889835215700796,0.4666666666666667,0,2052,180,135,45,45,1333,539,0,0.75,0,0,0.005294409782080373,1,0.5895470370971923,0.5066666666666667,0.76,0.8066666666666666,0.03389830508474576,0.15384615384615385,0.05555555555555555,0.02857142857142857,0.007766034272934505,0.03368497710092153,0.968080422659231,1.0,435,13193,0.9972150018566655,1.0,15,5371,0.9490414947828197,1.0,420,7822,0.9913257192424462,6917,0.9692893969961892,4461,0.8942222222222223,2250,4be5d3dad9f4,317f685,False,run_experiments
strong_drift,nominal,belief_orienteering_depth1,4,time_budget,144,0.96,50.00455424152839,0.01744587686799378,2866.2677502480133,5401.0,289,81,26,9.071029738149992,966.769844894388,0.33729223126860186,1349.0,0.24976856137752268,0.6790123456790124,0,2438,207,144,63,63,1549,682,0,0.6956521739130435,0,0,-0.04004131992844606,1,0.6895015189106385,0.49333333333333335,0.9533333333333334,0.96,0.0,0.0,0.0,0.0,0.0010651020635834706,0.019369276313215163,0.9713952886357753,1.0,442,15010,0.9948675496688741,1.0,31,6009,0.9563323416914578,1.0,411,9001,0.9922687283391096,7502,0.9736346516007532,5310,0.9075757575757576,2640,db5e50e75bc0,317f685,False,run_experiments
strong_drift,nominal,belief_orienteering_depth1,5,time_budget,143,0.9533333333333334,49.89828714865405,0.01682479937934013,2965.758225321024,5401.0,266,94,44,14.836003698594578,1139.0606234984173,0.3840706277987719,1835.0,0.33975189779670434,0.5319148936170213,0,2125,178,143,35,35,1273,674,0,0.8033707865168539,0,0,-0.03246705358001728,1,0.6288235757449187,0.5266666666666666,0.8533333333333334,0.9533333333333334,0.0,0.0,0.0,0.0,0.008373332367683067,0.03298804320036001,0.968500890023992,1.0,407,12514,0.9964737606305746,1.0,17,4804,0.9518518518518518,1.0,390,7710,0.9916910293891368,6499,0.9699499165275459,4193,0.8981606101390758,2229,ac4a9e06deca,317f685,False,run_experiments
strong_drift,nominal,belief_orienteering_depth1,6,time_budget,114,0.76,38.169553164121616,0.013098967441656634,2913.9360284793784,5401.0,259,83,48,16.472564782092533,1500.663666791863,0.5149954055700311,2258.0,0.41807072764302905,0.42168674698795183,0,1544,142,114,28,28,1040,362,0,0.8028169014084507,0,0,-0.0504598046531561,1,0.5721769335273312,0.5333333333333333,0.76,0.76,0.0,0.0,0.0,0.0,0.0026418436435111468,0.010189188210282394,0.9642069134591812,0.9733333333333334,438,11799,0.995889225443531,0.9466666666666667,19,4603,0.9449770190413658,0.9733333333333334,419,7196,0.9895943562610229,5670,0.9675251959686451,4465,0.8886774500475737,2102,3fa495076dbd,317f685,False,run_experiments
strong_drift,nominal,belief_orienteering_depth1,7,time_budget,139,0.9266666666666666,46.97269767524749,0.014650408291918033,3206.2381292922873,5401.0,224,110,55,17.15405961195407,1409.612563027396,0.4396468715623875,2094.0,0.38770598037400483,0.5,0,2058,179,139,40,40,1273,606,0,0.776536312849162,0,0,0.0073207506480359175,1,0.5983523653686799,0.32666666666666666,0.8866666666666667,0.9266666666666666,0.0,0.0,0.0,0.0,0.0022702299037691397,0.019059599141451618,0.9658932714617169,1.0,441,12489,0.9950738916256158,1.0,25,5050,0.947040101845958,1.0,416,7439,0.9920250195465207,6395,0.9650139017608897,4316,0.8922938260477693,2219,654f04d6eba9,317f685,False,run_experiments
strong_drift,nominal,belief_orienteering_depth1,8,time_budget,116,0.7733333333333333,37.41519400362873,0.01213753894844156,3082.6013545713713,5401.0,224,99,59,19.13967886652143,1524.143352599418,0.49443414093722365,2311.0,0.4278837252360674,0.40404040404040403,0,1766,155,116,39,39,1180,431,0,0.7483870967741936,0,0,-0.030334315824085772,1,0.5850888592280279,0.5733333333333334,0.7733333333333333,0.7733333333333333,0.0,0.0,0.0,0.0,0.002929539897979561,0.011128809084299848,0.9662046987326762,1.0,456,13037,0.9943960149439601,0.9666666666666667,27,4791,0.9505475504322767,1.0,429,8246,0.991358225990543,6133,0.964566093783153,4713,0.9108424631658482,2647,65e56cd04032,317f685,False,run_experiments
strong_drift,nominal,belief_orienteering_depth1,9,time_budget,121,0.8066666666666666,40.95523544225735,0.013806439101927654,2966.3865635375296,5401.0,242,104,59,19.889518353818406,1442.7599571568312,0.48636950250889915,2266.0,0.4195519348268839,0.4326923076923077,0,1754,153,121,32,32,1090,511,0,0.7908496732026143,0,0,-0.006108634192496527,1,0.5637311502445689,0.34182774333961563,0.8066666666666666,0.8066666666666666,0.0,0.0,0.0,0.0,0.002076806233964059,0.011518818512548731,0.9583903640843142,0.9933333333333333,456,10503,0.9934441582767501,0.92,28,4243,0.9360047846889952,0.9933333333333333,428,6260,0.9912996193583469,5517,0.9502286790422384,3717,0.8707246376811594,1725,b77429ee87b9,317f685,False,run_experiments
strong_drift,nominal,belief_orienteering_no_opportunity_cost,0,time_budget,129,0.86,45.60542895955554,0.013487865943967408,3381.219026717348,5401.0,209,128,92,27.20912170227496,2302.2052332514795,0.6808802432081936,3428.0,0.6346972782817997,0.28125,0,2357,175,129,46,46,1305,877,0,0.7371428571428571,0,0,-0.017826693608721602,1,0.3552288726112677,0.32,0.32,0.5,0.0,0.0,0.0,0.0,0.043305953101730216,0.14511678095992012,0.9598543468365953,1.0,441,10544,0.9928940568475452,1.0,33,4611,0.935656836461126,1.0,408,5933,0.9905053105889926,6214,0.9472414832680133,3317,0.8576341127922971,1454,dec29a59953f,317f685,False,run_experiments
strong_drift,nominal,belief_orienteering_no_opportunity_cost,1,time_budget,73,0.4866666666666667,24.371224831523232,0.00817438756120272,2981.4129375506914,5401.0,245,82,56,18.783040515684306,1871.3923161585926,0.6276863874133418,2783.0,0.515274949083503,0.3170731707317073,0,972,94,73,21,21,712,166,0,0.776595744680851,0,0,-0.011460235922058363,0,0.38691147922139324,0.3466666666666667,0.4866666666666667,0.4866666666666667,0.0,0.0,0.0,0.0,0.004200427011013042,0.010518395897539065,0.9305645684620376,0.7733333333333333,428,5736,0.9895424836601308,0.5733333333333334,24,2271,0.8955802532954251,0.7733333333333333,404,3465,0.983409238776838,3074,0.9239979177511712,1921,0.8023952095808383,1169,1fbae852e0f2,317f685,False,run_experiments
strong_drift,nominal,belief_orienteering_no_opportunity_cost,2,time_budget,148,0.9866666666666667,52.781036366474524,0.01912190585624978,2760.2393173180294,5401.0,312,78,36,13.042347369712562,974.615492651383,0.35309093908507994,1419.0,0.26272912423625255,0.5384615384615384,0,2320,197,148,49,49,1388,735,0,0.751269035532995,0,0,-0.04709448565287282,1,0.6535478214753985,0.34925195607470527,0.9866666666666667,0.9866666666666667,0.0,0.0,0.0,0.0,0.0007060630383411722,0.018114794109670276,0.9712560883583727,1.0,419,14158,0.9964979863421467,1.0,20,5691,0.9549966162869389,1.0,399,8467,0.9941916747337851,7231,0.9717391304347827,5060,0.8976377952755905,2286,02bdb281af41,317f685,False,run_experiments
strong_drift,nominal,belief_orienteering_no_opportunity_cost,3,time_budget,147,0.98,54.143985437643934,0.020896684366434735,2591.0323613162586,5401.0,328,79,27,10.420556841784814,444.6039213349424,0.1715933494204145,815.0,0.150897981855212,0.6582278481012658,0,2423,189,147,42,42,1353,881,0,0.7777777777777778,0,0,-0.02308729329912647,2,0.662244011704552,0.44,0.98,0.98,0.0,0.0,0.0,0.0,0.0010887558026352227,0.019997349060480677,0.97008413836086,1.0,480,15565,0.995243757431629,1.0,28,5859,0.9555030517818468,1.0,452,9706,0.9903452311293154,6836,0.9749834327369119,6036,0.9171131421367791,3173,a0d84bfe9fa5,317f685,False,run_experiments
strong_drift,nominal,belief_orienteering_no_opportunity_cost,4,time_budget,141,0.94,49.49142106128258,0.017266859817260862,2866.2664540664396,5401.0,281,90,35,12.211007092639512,1149.6731945746396,0.40110478666195576,1668.0,0.3088316978337345,0.6111111111111112,0,2001,186,141,45,45,1331,484,0,0.7580645161290323,0,0,0.007978074605888223,1,0.6381192994171905,0.49333333333333335,0.6733333333333333,0.94,0.0,0.0,0.0,0.0,0.0029803914705851453,0.030055920777299343,0.9657754811652812,1.0,457,12896,0.994291151284491,1.0,30,5225,0.9472709310940973,1.0,427,7671,0.9909720132410472,6646,0.9692341744134573,4518,0.8821379625399726,2189,b6818baaafff,317f685,False,run_experiments
strong_drift,nominal,belief_orienteering_no_opportunity_cost,5,time_budget,131,0.8733333333333333,44.22573464997464,0.016074084073886944,2751.368877174239,5401.0,285,84,47,17.082405921619202,1133.914417479034,0.4121273693564519,1799.0,0.33308646546935755,0.44047619047619047,0,1660,158,131,27,27,1160,342,0,0.8291139240506329,0,0,-0.01919845861099146,1,0.6437101871948917,0.54,0.8733333333333333,0.8733333333333333,0.0,0.0,0.0,0.0,0.0016012845492749345,0.012675051107910623,0.9618339736094872,1.0,457,11517,0.9927758318739054,0.9933333333333333,33,4535,0.9427491223332433,1.0,424,6982,0.9897350993377484,6040,0.9610552763819096,3980,0.8771750255885363,1954,2807c34d1789,317f685,False,run_experiments
strong_drift,nominal,belief_orienteering_no_opportunity_cost,6,time_budget,115,0.7666666666666667,40.228508208190966,0.014801504124670753,2717.8662296312955,5401.0,294,73,39,14.349492103329426,989.3429641630416,0.36401459107031015,1448.0,0.26809850027772636,0.4657534246575342,0,1703,156,115,41,41,1171,376,0,0.7371794871794872,0,0,-0.09968849493121112,1,0.5597167372726937,0.5,0.76,0.7666666666666667,0.0,0.0,0.0,0.0,0.002555645935301049,0.014104310888879328,0.9639243290805103,1.0,492,13146,0.9934959349593496,0.9733333333333334,32,4888,0.9472356044964442,1.0,460,8258,0.9893337996153173,5719,0.9639286414428544,5101,0.9123491838183109,2818,0c534d6ff8bf,317f685,False,run_experiments
strong_drift,nominal,belief_orienteering_no_opportunity_cost,7,time_budget,136,0.9066666666666666,45.580608758773515,0.015485698158455352,2943.400309910214,5401.0,256,100,49,16.647412801792733,1115.6061655333006,0.3790195175889382,1822.0,0.3373449361229402,0.51,0,2045,183,136,47,47,1368,494,0,0.7431693989071039,0,0,-0.012167902712968456,1,0.6100765524904492,0.5533333333333333,0.8,0.9066666666666666,0.0,0.0,0.0,0.0,0.0038762473392378377,0.02803577152757755,0.9652250379726597,1.0,435,12074,0.9949052374159364,1.0,25,4882,0.9460668245198632,1.0,410,7192,0.9915389527458492,6264,0.9618284637134779,4244,0.8900549725137431,2001,4d53a435d63e,317f685,False,run_experiments
strong_drift,nominal,belief_orienteering_no_opportunity_cost,8,time_budget,114,0.76,36.91109145209586,0.012876712771906652,2866.4995566745442,5401.0,272,82,42,14.652016918057589,1156.350348277232,0.40340154443237586,1830.0,0.33882614330679506,0.4878048780487805,0,1856,152,114,38,38,1142,562,0,0.75,0,0,-0.01129412960887706,1,0.5774843274811626,0.56,0.74,0.76,0.0,0.0,0.0,0.0,0.002917188425138375,0.013493401370763764,0.9660979062662991,0.9933333333333333,455,12966,0.9941398074508162,0.9666666666666667,28,4750,0.9505958579197038,0.9933333333333333,427,8216,0.9912252193695158,6154,0.963138607458504,4639,0.9124809741248098,2628,39a9319f1a29,317f685,False,run_experiments
strong_drift,nominal,belief_orienteering_no_opportunity_cost,9,time_budget,128,0.8533333333333334,43.26682235553771,0.017096093820373987,2530.80164452392,5401.0,341,85,41,16.20040041016833,586.5460040618632,0.2317629298728391,1071.0,0.19829661173856694,0.5176470588235295,0,1970,170,128,42,42,1245,555,0,0.7529411764705882,0,0,-0.05702958474359279,1,0.5746138089263326,0.31333333333333335,0.82,0.8533333333333334,0.0,0.0,0.0,0.0,0.002916583333966128,0.029936165543128692,0.9680993718681629,1.0,452,13717,0.9954437761982868,0.98,25,5462,0.9508177839207556,1.0,427,8255,0.9898887765419616,6923,0.9692553403873029,5009,0.8980777827447475,2237,644cde8ba159,317f685,False,run_experiments
strong_drift,nominal,belief_orienteering_density_disabled,0,time_budget,141,0.94,49.75914393135689,0.015569783976971643,3195.878889838981,5401.0,243,115,67,20.964499065662555,1528.7878357271711,0.4783622560253516,2413.0,0.44676911683021664,0.41739130434782606,0,2408,193,141,52,52,1374,841,0,0.7305699481865285,0,0,0.04679284309139449,1,0.547094177216796,0.32,0.5466666666666666,0.9333333333333333,0.0,0.0,0.0,0.0,0.004092930198637631,0.024612531086780288,0.9584480156263873,1.0,468,10795,0.9942315615986815,1.0,28,4826,0.9313465439226088,1.0,440,5969,0.9902439024390244,6560,0.9478939157566303,3205,0.8417890520694259,1498,a83a2f4386bf,317f685,False,run_experiments
strong_drift,nominal,belief_orienteering_density_disabled,1,time_budget,70,0.4666666666666667,23.78665640837691,0.007484000124549342,3178.334582110827,5401.0,236,123,99,31.148388390957614,2506.827108368007,0.7887234787922007,3728.0,0.6902425476763562,0.1951219512195122,0,922,91,70,21,21,693,138,0,0.7692307692307693,0,0,-0.01429718964683856,0,0.37592754288825103,0.3466666666666667,0.4666666666666667,0.4666666666666667,0.0,0.0,0.0,0.0,0.004111974025646259,0.010852602099639124,0.9271685761047463,0.7733333333333333,445,5665,0.9892134831460674,0.5733333333333334,24,2201,0.8916344916344916,0.7733333333333333,421,3464,0.9784268171257883,3013,0.921793534932221,1918,0.804919423240034,1179,24ff34eca4fc,317f685,False,run_experiments
strong_drift,nominal,belief_orienteering_density_disabled,2,time_budget,148,0.9866666666666667,52.781036366474524,0.019050703953875456,2770.5556967482744,5401.0,315,77,35,12.632844754241376,935.7921149658034,0.33776332887446264,1341.0,0.24828735419366785,0.5454545454545454,0,2320,197,148,49,49,1388,735,0,0.751269035532995,0,0,-0.047396615603112355,1,0.6535478214753985,0.34925195607470527,0.9866666666666667,0.9866666666666667,0.0,0.0,0.0,0.0,0.0008748568071002673,0.019569645220433963,0.9718831436017007,1.0,410,14172,0.9966754155730534,1.0,19,5696,0.9559039133867148,1.0,391,8476,0.9946125155408205,7239,0.9711861061772252,5067,0.9011423550087874,2276,fbcf6426ea06,317f685,False,run_experiments
strong_drift,nominal,belief_orienteering_density_disabled,3,time_budget,137,0.9133333333333333,50.05579580961373,0.01714943986857699,2918.800625163929,5401.0,288,108,61,20.89899511261549,1327.4360094950373,0.4547881749958459,2083.0,0.3856693204962044,0.4351851851851852,0,1829,177,137,40,40,1269,383,0,0.7740112994350282,0,0,-0.012405389448594845,1,0.6764895353731132,0.5,0.9133333333333333,0.9133333333333333,0.0,0.0,0.0,0.0,0.0011503651686457048,0.008164025491253443,0.9677442425976255,1.0,451,13531,0.9960820895522388,0.9933333333333333,21,5339,0.9501275806077476,1.0,430,8192,0.991719930273097,6884,0.9654557610875864,4487,0.9084641899655305,2611,77baccecd7d3,317f685,False,run_experiments
strong_drift,nominal,belief_orienteering_density_disabled,4,time_budget,138,0.92,49.3321495120513,0.016100641753712504,3063.9865333738167,5401.0,261,111,61,19.908703688991636,1446.7855897998124,0.47219058375126993,2122.0,0.39289020551749676,0.45045045045045046,0,1981,185,138,47,47,1350,446,0,0.745945945945946,0,0,0.047708249300160405,1,0.6461262253078317,0.49333333333333335,0.6733333333333333,0.92,0.0,0.0,0.0,0.0,0.0012855086617785234,0.012194790605993709,0.9652535957607873,1.0,459,12751,0.9942572741194488,1.0,30,5194,0.9462809917355371,1.0,429,7557,0.9895817830034231,6719,0.9694252873563218,4350,0.880429705744979,2141,c5340a891ca4,317f685,False,run_experiments
strong_drift,nominal,belief_orienteering_density_disabled,5,time_budget,134,0.8933333333333333,46.208733843008005,0.01677095612056182,2755.2832116920495,5401.0,303,95,57,20.687528511813372,1096.7478926660037,0.3980526894701612,1703.0,0.31531197926309945,0.4,0,1684,162,134,28,28,1180,342,0,0.8271604938271605,0,0,-0.02416644807865071,1,0.6485469669783263,0.54,0.8733333333333333,0.8933333333333333,0.0,0.0,0.0,0.0,0.0013980691735122931,0.013577951699106583,0.9597248694787437,1.0,486,11581,0.9930570622694728,0.9933333333333333,32,4577,0.939125770984178,1.0,454,7004,0.9894857893872187,6087,0.9588323353293413,4008,0.8696754563894523,1972,eaeba73a4569,317f685,False,run_experiments
strong_drift,nominal,belief_orienteering_density_disabled,6,time_budget,115,0.7666666666666667,40.228508208190966,0.014615358950367977,2752.481710835991,5401.0,298,73,39,14.169031476744967,998.9261115713741,0.36291834661018607,1389.0,0.25717459729679687,0.4657534246575342,0,1703,156,115,41,41,1171,376,0,0.7371794871794872,0,0,-0.09613789992747607,1,0.5597167372726937,0.5,0.76,0.7666666666666667,0.0,0.0,0.0,0.0,0.002594444319891984,0.012763475760209766,0.964922580171718,1.0,478,13149,0.9945066124109868,0.9733333333333334,27,4888,0.9482323232323232,1.0,451,8261,0.9900262467191601,5715,0.9641176470588235,5100,0.9153627311522048,2812,1261b02e9672,317f685,False,run_experiments
strong_drift,nominal,belief_orienteering_density_disabled,7,time_budget,125,0.8333333333333334,41.928060924385925,0.016923662820654568,2477.4814630089777,5401.0,337,90,44,17.75997142943731,712.4799077992818,0.287582336512804,1214.0,0.22477319014997224,0.5111111111111111,0,2009,176,125,51,51,1283,550,0,0.7102272727272727,0,0,-0.044775965955736345,1,0.5478405718230802,0.4666666666666667,0.6,0.8333333333333334,1.0,0.05,0.09523809523809523,0.05,0.008983826050659408,0.05446336184248768,0.9651292750167648,1.0,468,12953,0.9958242195267448,0.9933333333333333,21,5008,0.9467349857006673,1.0,447,7945,0.9896255470902902,6169,0.9694479561736199,4746,0.8966480446927374,2506,c9f843337452,317f685,False,run_experiments
strong_drift,nominal,belief_orienteering_density_disabled,8,time_budget,97,0.6466666666666666,30.59571458929848,0.010105373045837099,3027.6679990455536,5401.0,267,98,69,22.789817120553398,1654.4273536310302,0.5464361859201783,2431.0,0.45010183299389,0.29591836734693877,0,1391,132,97,35,35,932,327,0,0.7348484848484849,0,0,-0.010852749764826617,1,0.5026567649569224,0.5666666666666667,0.6,0.64,0.25,0.02857142857142857,0.05128205128205128,0.02631578947368421,0.0037243908904153245,0.01415360683023018,0.9593972751060182,0.84,450,10633,0.9932267678136006,0.7466666666666667,25,3666,0.9425054112554112,0.84,425,6967,0.9894322420223788,4826,0.9564121945074326,3969,0.9012237762237763,2288,9625dc175510,317f685,False,run_experiments
strong_drift,nominal,belief_orienteering_density_disabled,9,time_budget,140,0.9333333333333333,49.78639746021025,0.01820113946949098,2735.345088897481,5401.0,313,104,44,16.085721753570336,723.3592427895151,0.2644489888042152,1174.0,0.21736715423069802,0.5769230769230769,0,2234,186,140,46,46,1351,697,0,0.7526881720430108,0,0,-0.017049104206080287,1,0.6388278381964115,0.44,0.9266666666666666,0.9333333333333333,0.0,0.0,0.0,0.0,0.001313605244653316,0.017421448347571266,0.9629429892141756,1.0,481,12499,0.9926810477657936,1.0,38,5154,0.9431176168464304,1.0,443,7345,0.9876446668751955,6394,0.9659245797364834,4402,0.8846153846153846,2184,67a6c22dbea9,317f685,False,run_experiments
strong_drift,nominal,oracle_current_physics,0,done,150,1.0,52.872430006813836,0.0508212227748975,1040.361233357209,1782.0,166,163,22,21.1465011330793,64.47711416972734,0.061975698538537405,190.0,0.10662177328843996,0.8650306748466258,0,2179,211,150,61,61,1477,491,0,0.7109004739336493,0,0,-0.04685866101824371,1,0.8134064731822331,0.86,0.9933333333333333,0.9933333333333333,0.0,0.0,0.0,0.0,0.029910240228398027,0.11864542150879924,0.9767149150409062,1.0,148,6208,0.9973514945138101,1.0,7,2636,0.9620253164556962,1.0,141,3572,0.9936057825966083,3597,0.9711246200607903,1974,0.913375796178344,785,a29083e62799,317f685,False,run_experiments
strong_drift,nominal,oracle_current_physics,1,done,150,1.0,50.8182193007545,0.03715950951368184,1367.5697006184548,2195.0,163,161,17,12.430810650683549,286.58776284325813,0.2095598949827967,403.0,0.18359908883826878,0.8944099378881988,0,1971,201,150,51,51,1407,363,0,0.746268656716418,0,0,-0.06761891929994028,1,0.7852654231942037,0.5266666666666666,0.9933333333333333,0.9933333333333333,0.0,0.0,0.0,0.0,0.016404048947553516,0.0830901919620383,0.9696101829753381,1.0,191,6094,0.9943698570809875,1.0,13,2296,0.9552313883299799,1.0,178,3798,0.9932735426008968,3122,0.9606741573033708,1958,0.9228215767634855,1205,e711e44c150d,317f685,False,run_experiments
strong_drift,nominal,oracle_current_physics,2,done,150,1.0,53.55858487963708,0.04409445133985302,1214.633207857386,2068.0,166,164,19,15.642582367327183,120.81972335778943,0.09947013022220554,237.0,0.11460348162475822,0.8841463414634146,0,1824,197,150,47,47,1380,247,0,0.7614213197969543,0,0,-0.0909463329094157,1,0.8009573180261168,0.6466666666666666,0.9933333333333333,0.9933333333333333,0.0,0.0,0.0,0.0,0.0191876266565715,0.08863607454432745,0.9764264264264264,1.0,157,6503,0.9975298476739399,1.0,6,2423,0.9643110375797683,1.0,151,4080,0.994535519125683,3294,0.9766107678729038,2266,0.9218181818181819,1100,628b60decdb4,317f685,False,run_experiments
strong_drift,nominal,oracle_current_physics,3,done,150,1.0,54.76876920111486,0.035790359090940395,1530.2659876072175,2424.0,167,164,20,13.069623295537507,54.46310165650523,0.03559061110785441,185.0,0.07632013201320131,0.8780487804878049,0,1974,210,150,60,60,1470,294,0,0.7142857142857143,0,0,-0.045496895667878,2,0.8160902655220899,0.7266666666666667,0.9933333333333333,0.9933333333333333,0.0,0.0,0.0,0.0,0.015531605552399026,0.08127299306892849,0.9743281187324508,1.0,192,7287,0.9961171902576774,0.9933333333333333,11,2822,0.961041756349548,1.0,181,4465,0.9942363112391931,3817,0.9717656974294142,2373,0.9200930954228084,1289,ce1f85891a7f,317f685,False,run_experiments
strong_drift,nominal,oracle_current_physics,4,done,150,1.0,52.2599353644664,0.045927934447094636,1137.8681840060917,1844.0,163,161,19,16.697891958896953,59.07693562584598,0.051918962544372976,184.0,0.09978308026030369,0.8819875776397516,0,2091,200,150,50,50,1400,491,0,0.75,0,0,-0.053258863471995155,1,0.8293370748056871,0.98,0.9933333333333333,0.9933333333333333,0.0,0.0,0.0,0.0,0.03059519546227196,0.12026987701004145,0.9757628850927142,1.0,166,6683,0.9966430436404327,1.0,9,2672,0.9623320537428023,1.0,157,4011,0.994908896034298,3732,0.9707207207207207,2220,0.9085841694537347,897,c458b6678118,317f685,False,run_experiments
strong_drift,nominal,oracle_current_physics,5,done,150,1.0,51.720302261646665,0.03751051545806246,1378.8214219415634,2243.0,166,164,22,15.95565578682487,38.794111145253225,0.028135703817703944,155.0,0.06910387873383861,0.8658536585365854,0,2029,212,150,62,62,1484,333,0,0.7075471698113207,0,0,-0.06475610708884522,1,0.7915338788593024,0.6133333333333333,0.9933333333333333,0.9933333333333333,0.0,0.0,0.0,0.0,0.01953808996576988,0.1044937305202096,0.9736842105263158,1.0,177,6549,0.9977064220183486,1.0,6,2610,0.9583941605839416,1.0,171,3939,0.9944040290990487,3574,0.9695852534562212,2170,0.9073319755600815,982,aea0a452b4d6,317f685,False,run_experiments
strong_drift,nominal,oracle_current_physics,6,done,150,1.0,52.643440594451036,0.04253472442061645,1237.6579679668719,2009.0,161,158,15,12.119665035276938,74.97155392269937,0.060575341381154606,193.0,0.09606769537083126,0.9050632911392406,0,2044,195,150,45,45,1372,477,0,0.7692307692307693,0,0,-0.06976389468726885,1,0.8126049716822938,0.7,0.9933333333333333,0.9933333333333333,0.0,0.0,0.0,0.0,0.026256518319618442,0.10758089851083882,0.974727082398684,1.0,169,6518,0.9972022382094324,1.0,7,2495,0.9612903225806452,1.0,162,4023,0.9928057553956835,3475,0.9766483516483516,2184,0.9095330739299611,1028,d9aa37943877,317f685,False,run_experiments
strong_drift,nominal,oracle_current_physics,7,done,150,1.0,51.19441566855559,0.042502275606900834,1204.5099924071706,2097.0,175,172,25,20.755328023504717,74.72300758866982,0.06203602133622697,211.0,0.100619933237959,0.8546511627906976,0,1845,195,150,45,45,1365,285,0,0.7692307692307693,0,0,-0.07051754095159714,1,0.814964642903811,0.82,0.9933333333333333,0.9933333333333333,0.0,0.0,0.0,0.0,0.021090904383493904,0.09887144558122603,0.9735550277117974,1.0,167,6148,0.9945606694560669,1.0,13,2377,0.9607643312101911,1.0,154,3771,0.9926784624771202,3278,0.9716024340770791,1972,0.9183098591549296,1065,2c1d4f13c7e9,317f685,False,run_experiments
strong_drift,nominal,oracle_current_physics,8,done,150,1.0,48.946937895844414,0.04146960835469561,1180.3086606749239,1989.0,169,167,23,19.486428225349247,120.99618606504933,0.10251232588250374,276.0,0.138763197586727,0.8622754491017964,0,1838,197,150,47,47,1379,262,0,0.7614213197969543,0,0,-0.09179317882289312,1,0.8096223690185038,0.7733333333333333,0.9933333333333333,0.9933333333333333,0.0,0.0,0.0,0.0,0.02070840067151082,0.09705275359129363,0.9754948162111216,1.0,156,6210,0.9961489088575096,1.0,9,2328,0.9635145197319435,1.0,147,3882,0.9933438985736925,3155,0.9721421709894332,2082,0.9317980513728964,1129,e12f4f77a694,317f685,False,run_experiments
strong_drift,nominal,oracle_current_physics,9,done,150,1.0,52.38418063500721,0.0407033773203465,1286.9738111098168,2023.0,162,160,16,12.432265413545954,44.48550897811222,0.03456597841703579,136.0,0.06722689075630252,0.9,0,1941,185,150,35,35,1300,456,0,0.8108108108108109,0,0,-0.05662815318114406,1,0.7930494883712085,0.58,0.9933333333333333,0.9933333333333333,0.0,0.0,0.0,0.0,0.025044679694861276,0.10454383926703556,0.9746510508583347,1.0,158,6075,0.998015873015873,1.0,5,2515,0.9587934284944789,1.0,153,3560,0.9933660224978368,3467,0.9740466101694916,1888,0.9020501138952164,878,daab3b4f264c,317f685,False,run_experiments
robot_disturbed,nominal,lawnmower_collect,0,time_budget,0,0.0,0.0,0.0,3194.7000000012067,5401.0,34,33,33,10.329608413931679,3095.2500000011464,0.9688703164616325,5233.0,0.9688946491390483,0.0,0,0,0,0,0,0,0,0,0,0.0,185,2,-0.03923804354424379,0,0.0,0.0,0.0,0.0,0.0,0.0,0.0,0.0,0.005952158100285773,0.021111048745998704,0.8424492604059167,0.38666666666666666,458,2449,0.9411764705882353,0.17333333333333334,31,496,0.8205882352941176,0.38666666666666666,427,1953,0.8966131907308378,561,0.8557858376511226,1158,0.8038720538720538,1188,a4e28ef47f26,317f685,False,run_experiments
robot_disturbed,nominal,lawnmower_collect,1,time_budget,1,0.006666666666666667,0.19561521918749974,6.123117012158446e-05,3194.7000000012067,5401.0,34,33,32,10.016589977145872,2908.200000001033,0.9103202178608115,4919.0,0.9107572671727457,0.030303030303030304,0,12,1,1,0,0,11,0,0,1.0,1163,16,-0.04902073989624148,0,0.0035455555555550158,0.0,0.006666666666666667,0.006666666666666667,0.0,0.0,0.0,0.0,0.007686259409117307,0.02297884936704181,0.9292118924020765,0.6466666666666666,450,5907,0.9849829351535836,0.36,22,1443,0.9125102207686018,0.6466666666666666,428,4464,0.9691119691119691,1554,0.9425905992106207,2787,0.8799603174603174,2016,cc7cc4fed6fb,317f685,False,run_experiments
robot_disturbed,nominal,lawnmower_collect,2,time_budget,1,0.006666666666666667,0.09686741098245816,3.0321285561217508e-05,3194.7000000012067,5401.0,34,33,32,10.016589977145872,2908.200000001175,0.9103202178608559,4919.0,0.9107572671727457,0.030303030303030304,0,26,2,1,1,1,24,0,0,0.5,1934,19,-0.038520647145427266,0,0.004982222222222393,0.006666666666666667,0.006666666666666667,0.006666666666666667,0.0,0.0,0.0,0.0,0.006186534640716213,0.022820608933872513,0.9245253412835399,0.4533333333333333,481,5892,0.9862757330006239,0.32666666666666666,22,1581,0.9037735849056604,0.4533333333333333,459,4311,0.9710224166211044,1829,0.9333585762968573,2641,0.8675775091960063,1903,e7ef510cc688,317f685,False,run_experiments
robot_disturbed,nominal,lawnmower_collect,3,time_budget,5,0.03333333333333333,2.0680110550527213,0.0006473255877083733,3194.7000000012067,5401.0,34,33,30,9.390553103574254,2534.550000001077,0.793360878955808,4290.0,0.7942973523421588,0.09090909090909091,0,48,5,5,0,0,43,0,0,1.0,3589,32,-0.03331974164898594,0,0.024494444444443986,0.013333333333333334,0.03333333333333333,0.03333333333333333,0.0,0.0,0.0,0.0,0.006240384070599685,0.023531732452063723,0.9459638288486987,0.6333333333333333,490,8578,0.9912790697674418,0.44666666666666666,21,2387,0.9295795795795796,0.6333333333333333,469,6191,0.9826376062061323,2707,0.9544049459041731,3882,0.8926986688180718,2479,878b4dd82038,317f685,False,run_experiments
robot_disturbed,nominal,lawnmower_collect,4,time_budget,2,0.013333333333333334,0.5893646225689502,0.0001844819928533908,3194.7000000012067,5401.0,34,33,31,9.703571540360063,2721.6000000011195,0.8519109775566067,4605.0,0.8526198852064433,0.06060606060606061,0,37,4,2,2,2,33,0,0,0.5,1306,18,-0.0333281873899393,0,0.010488611111111372,0.013333333333333334,0.013333333333333334,0.013333333333333334,0.0,0.0,0.0,0.0,0.007428725824322882,0.024805268115285235,0.9468185019957737,0.6666666666666666,453,8065,0.987781036168133,0.47333333333333333,25,2021,0.9338689740420272,0.6666666666666666,428,6044,0.9777870913663035,2386,0.9566058595909342,3618,0.9033412887828163,2514,c79467b3780a,317f685,False,run_experiments
robot_disturbed,nominal,lawnmower_collect,5,time_budget,1,0.006666666666666667,0.8910898789631105,0.0002789275609486881,3194.7000000012067,5401.0,34,33,32,10.016589977145872,2908.3500000011622,0.9103671706263698,4918.0,0.910572116274764,0.030303030303030304,0,17,2,1,1,1,15,0,0,0.5,564,5,-0.06076579983106703,0,0.006088055555555559,0.006666666666666667,0.006666666666666667,0.006666666666666667,0.0,0.0,0.0,0.0,0.006766738979522897,0.019597178837408802,0.8678478071449317,0.4533333333333333,455,2988,0.9724770642201835,0.14,15,530,0.8481711525189786,0.4533333333333333,440,2458,0.9056316590563166,657,0.8970358814352574,1282,0.8264627659574468,1504,3590ea5e4373,317f685,False,run_experiments
robot_disturbed,nominal,lawnmower_collect,6,time_budget,0,0.0,0.0,0.0,3194.7000000012067,5401.0,34,33,33,10.329608413931679,3095.2500000011464,0.9688703164616325,5233.0,0.9688946491390483,0.0,0,2,0,0,0,0,2,0,0,0.0,1221,13,-0.06938308945731067,0,0.0,0.0,0.0,0.0,0.0,0.0,0.0,0.0,0.007451834039012513,0.022774766768654538,0.9318486269256531,0.6733333333333333,407,5565,0.9741235392320534,0.36,31,1167,0.9212400502723084,0.6733333333333333,376,4398,0.9633943427620633,1202,0.9419697588884348,2447,0.9048643994834266,2323,0941bdc7ffcf,317f685,False,run_experiments
robot_disturbed,nominal,lawnmower_collect,7,time_budget,4,0.02666666666666667,1.2019445830856217,0.00037623081450063157,3194.7000000012067,5401.0,34,33,29,9.077534666788445,2347.500000001002,0.7348107803549989,3975.0,0.7359748194778745,0.12121212121212122,0,43,4,4,0,0,39,0,0,1.0,1405,18,-0.056949986001678915,0,0.019395277777777033,0.02,0.02,0.02666666666666667,0.0,0.0,0.0,0.0,0.006750330149723382,0.02210508776841451,0.9335863377609108,0.7066666666666667,455,6396,0.9774590163934426,0.38666666666666666,33,1431,0.9216632634119176,0.7066666666666667,422,4965,0.956687898089172,1570,0.9458446866485014,2936,0.9027718550106609,2345,0173ca18cef4,317f685,False,run_experiments
robot_disturbed,nominal,lawnmower_collect,8,time_budget,6,0.04,2.4376974962210762,0.0007630442596238005,3194.7000000012067,5401.0,34,33,28,8.764516230002636,2341.0500000009974,0.7327918114377291,3962.0,0.7335678578041104,0.15151515151515152,0,81,8,6,2,2,73,0,0,0.75,2176,22,-0.05454942454497746,0,0.0316702777777774,0.02666666666666667,0.04,0.04,0.0,0.0,0.0,0.0,0.007937365640209018,0.02328997234322933,0.9407310704960835,0.7266666666666667,454,7206,0.9858573954036535,0.3933333333333333,24,1673,0.9278886466543687,0.7266666666666667,430,5533,0.9725013220518244,1891,0.9519500780031201,3205,0.9032761310452418,2564,8720892bee84,317f685,False,run_experiments
robot_disturbed,nominal,lawnmower_collect,9,time_budget,3,0.02,1.1045351748472498,0.00034573987380562575,3194.7000000012067,5401.0,34,33,30,9.390553103574254,2533.3500000009476,0.7929852568316245,4289.0,0.794112201444177,0.09090909090909091,0,46,5,3,2,2,41,0,0,0.6,1681,16,-0.0557132113970797,0,0.01347027777777729,0.006666666666666667,0.02,0.02,0.0,0.0,0.0,0.0,0.007293810366813845,0.02285905802602077,0.9264728503307184,0.62,478,6023,0.978397212543554,0.32666666666666666,31,1404,0.9117647058823529,0.62,447,4619,0.9642629227823867,1567,0.941025641025641,2730,0.881578947368421,2204,56ac71b82c19,317f685,False,run_experiments
robot_disturbed,nominal,greedy,0,path_budget,18,0.12,6.665699499073891,0.0018515376756164047,3600.0885031166213,4784.0,139,138,121,33.61028482917836,3463.8663671615914,0.9621614480207635,4563.0,0.9538043478260869,0.12318840579710146,0,411,35,18,17,17,329,47,0,0.5142857142857142,10144,73,0.010502736392738334,0,0.06875857833824088,0.03333333333333333,0.06,0.12,0.0,0.0,0.0,0.0,0.0062274140116231076,0.02003713817588306,0.9355551776908689,0.58,379,5502,0.985983566940551,0.5733333333333334,29,2040,0.9081846799580273,0.58,350,3462,0.9807909604519774,2655,0.9348134152102031,2117,0.8286744815148782,1109,83af530adcf3,317f685,False,run_experiments
robot_disturbed,nominal,greedy,1,path_budget,25,0.16666666666666666,9.081877502751581,0.002522631424680337,3600.160298448046,5296.0,211,210,186,51.66436618952237,3332.494773387415,0.9256517757900903,4921.0,0.9291918429003021,0.11428571428571428,0,433,34,25,9,9,384,15,0,0.7352941176470589,13594,144,-0.0626863349725966,0,0.08391167975956768,0.05333333333333334,0.11333333333333333,0.12,0.06233062330623306,0.3382352941176471,0.10526315789473685,0.05555555555555555,0.02674197165266761,0.08246355743940212,0.9527408195848855,1.0,444,8951,0.9928035043804756,1.0,23,3173,0.9320858202935958,1.0,421,5778,0.9859349780954577,4337,0.9549180327868853,3172,0.8727465535524921,1886,a6a6b7127c28,317f685,False,run_experiments
robot_disturbed,nominal,greedy,2,path_budget,21,0.14,8.868500111904934,0.0024634040104102965,3600.0997296532883,4716.0,137,136,115,31.943559522190018,3377.736085418352,0.9382340321287846,4377.0,0.928117048346056,0.15441176470588236,0,373,24,21,3,3,322,27,0,0.875,9443,115,-0.016795903339955665,0,0.10184249117146381,0.08,0.14,0.14,0.0,0.0,0.0,0.0,0.0053588900255050805,0.018184156841775247,0.9467566554180727,0.9933333333333333,426,7575,0.9912,0.9066666666666666,22,2478,0.9265588074895473,0.9866666666666667,404,5097,0.9828483920367534,3265,0.9515803631472763,2974,0.8717366628830874,1762,1f5da03d74d8,317f685,False,run_experiments
robot_disturbed,nominal,greedy,3,path_budget,40,0.26666666666666666,15.529360118309938,0.004313613627782444,3600.0813838056515,5031.0,180,179,140,38.88800976271425,3013.8730426303514,0.8371680307527886,4249.0,0.8445637050288213,0.21787709497206703,0,605,55,40,15,15,516,34,0,0.7272727272727273,13343,129,-0.008696088087827285,0,0.19041775323761792,0.14,0.20666666666666667,0.26666666666666666,0.0,0.0,0.0,0.0,0.005404055446490078,0.018659064531890437,0.9531466297518901,1.0,440,8951,0.9919028340080972,0.98,24,2940,0.9352730667496499,1.0,416,6011,0.9845281072717896,3878,0.9510511452776906,3187,0.9036973344797936,2326,f9b83b14fd11,317f685,False,run_experiments
robot_disturbed,nominal,greedy,4,path_budget,14,0.09333333333333334,4.302181476376109,0.0011950378193491798,3600.0379291084582,4668.0,137,136,122,33.8885318439445,3425.4879291084176,0.9515143997265418,4442.0,0.9515852613538989,0.10294117647058823,0,326,17,14,3,3,270,39,0,0.8235294117647058,9537,150,-0.003338945448239386,0,0.0222142355751894,0.0,0.0,0.09333333333333334,0.0,0.0,0.0,0.0,0.008873575810688416,0.042451642103341576,0.9213419257012888,1.0,415,4861,0.9865591397849462,1.0,30,2202,0.8735216819973719,1.0,385,2659,0.9819543752128022,2937,0.9071383449147189,1583,0.7156084656084656,756,ca67a5761ad3,317f685,False,run_experiments
robot_disturbed,nominal,greedy,5,path_budget,29,0.19333333333333333,8.898174110713848,0.0024717113838263944,3600.0053116795566,5169.0,182,181,153,42.49993729276442,3153.5878285767935,0.8759953265473127,4566.0,0.8833430063842136,0.15469613259668508,0,419,38,29,9,9,354,27,0,0.7631578947368421,10998,89,0.02029381979575405,0,0.1418350268782952,0.11333333333333333,0.19333333333333333,0.19333333333333333,0.0,0.0,0.0,0.0,0.006191131354856996,0.017288563334088822,0.9346666666666666,0.6866666666666666,441,6309,0.9870881567230633,0.6666666666666666,29,2217,0.9085257548845471,0.6866666666666666,412,4092,0.98208,3125,0.929004329004329,2310,0.8319391634980988,1315,c044b0123923,317f685,False,run_experiments
robot_disturbed,nominal,greedy,6,path_budget,10,0.06666666666666667,3.596433723401084,0.000998986035014055,3600.0840826073063,4689.0,128,127,117,32.49924093863511,3526.3729800563774,0.979525171951666,4552.0,0.9707826828748134,0.07874015748031496,0,127,11,10,1,1,110,6,0,0.9090909090909091,3664,40,-0.02932070442528959,0,0.05119472726789684,0.05333333333333334,0.06666666666666667,0.06666666666666667,0.0,0.0,0.0,0.0,0.007309646964655735,0.016467170828245684,0.8844874508618082,0.5866666666666667,382,2925,0.9746543778801844,0.4666666666666667,22,846,0.8523985239852399,0.5866666666666667,360,2079,0.9608192341941229,1123,0.885883347421809,1183,0.7972027972027972,1001,7e7e1e8e9c57,317f685,False,run_experiments
robot_disturbed,nominal,greedy,7,time_budget,21,0.14,5.840896545124933,0.001685040005902456,3466.325146385309,5401.0,226,225,205,59.14044163276905,3257.4498441808355,0.9397415725924358,5089.0,0.9422329198296612,0.08888888888888889,0,284,27,21,6,6,257,0,0,0.7777777777777778,7025,50,-0.02842891465314413,0,0.10877603915475742,0.10666666666666667,0.13333333333333333,0.14,0.0,0.0,0.0,0.0,0.006629211201688503,0.016920212771603795,0.9222984562607204,0.6,453,5377,0.9833865814696485,0.41333333333333333,26,1539,0.8998827667057444,0.6,427,3838,0.9713035019455253,2056,0.9242076251722554,2177,0.8566061365059486,1597,619bbec260e4,317f685,False,run_experiments
robot_disturbed,nominal,greedy,8,path_budget,34,0.22666666666666666,12.459900150990839,0.0034609351703770467,3600.154159961746,5024.0,183,182,150,41.6648824842528,3202.5276562791914,0.8895529230096137,4484.0,0.892515923566879,0.17582417582417584,0,510,40,34,6,6,406,64,0,0.85,13456,140,-0.05279629400853043,0,0.14044784751084702,0.10666666666666667,0.12,0.22666666666666666,0.0,0.0,0.0,0.0,0.006095329595464188,0.021760493407443213,0.9612688713156002,1.0,431,10697,0.9922235023041475,0.9733333333333334,27,3445,0.9472309299895507,1.0,404,7252,0.988628762541806,4485,0.9639593908629441,3940,0.9119496855345912,2703,93d770ad56a5,317f685,False,run_experiments
robot_disturbed,nominal,greedy,9,time_budget,33,0.22,11.672254633211535,0.003508184845442062,3327.149265916383,5401.0,245,244,213,64.01876891487593,3049.135905422423,0.9164409714520615,4977.0,0.9214960192556934,0.12704918032786885,0,540,43,33,10,10,440,57,0,0.7674418604651163,14665,123,0.03832657194238072,0,0.1273117461426489,0.06,0.15333333333333332,0.22,0.0,0.0,0.0,0.0,0.007264776292546011,0.021108878111690235,0.9504058712331813,0.9933333333333333,446,8547,0.9920584498094028,0.92,25,3123,0.927972626176219,0.9933333333333333,421,5424,0.9897664071190211,4495,0.9483382691674893,3039,0.8334475668265936,1459,cd86e1d80762,317f685,False,run_experiments
robot_disturbed,nominal,confirmed_route,0,path_budget,92,0.6133333333333333,32.91603718612982,0.00914319193105743,3600.059742191479,4529.0,150,148,86,23.888492458085953,2300.3621302259457,0.6389788767298725,2950.0,0.6513579156546699,0.4189189189189189,77,2066,129,92,37,37,1305,632,0,0.7131782945736435,21437,149,-0.07121567345232965,1,0.2678133266891954,0.006666666666666667,0.28,0.54,0.0,0.0,0.0,0.0,0.026587960678194855,0.11415269600353636,0.9699379070119643,1.0,397,12809,0.9946732227002664,1.0,26,4855,0.9554354354354354,1.0,371,7954,0.9915700737618546,6643,0.9678929765886287,4485,0.9051973051010587,2078,9a1bcfce86cf,317f685,False,run_experiments
robot_disturbed,nominal,confirmed_route,1,path_budget,109,0.7266666666666667,36.86975324935761,0.010241243687186518,3600.1245918489117,4977.0,205,203,140,38.887543035864866,2125.772936815731,0.5904720468921328,3222.0,0.6473779385171791,0.3103448275862069,137,2207,152,109,43,43,1478,577,0,0.7171052631578947,24222,131,-0.10673844474216854,1,0.19690674763548052,0.013333333333333334,0.1,0.52,0.0022675736961451248,0.041666666666666664,0.004301075268817205,0.0021551724137931034,0.039494103618256164,0.13578832989040351,0.9788511749347258,1.0,405,18745,0.9960965736591008,0.9333333333333333,27,6890,0.969099975476171,1.0,378,11855,0.9935853379152348,8730,0.9800427655024947,7015,0.9386196769456682,3405,2778bb47aab6,317f685,False,run_experiments
robot_disturbed,nominal,confirmed_route,2,path_budget,103,0.6866666666666666,37.58482904328833,0.010439682933402363,3600.1887493185754,4966.0,202,200,136,37.77579717889551,2457.999502105105,0.6827418430687396,3517.0,0.7082158679017317,0.32,130,1972,129,103,26,26,1258,585,0,0.7984496124031008,23608,149,-0.046484068939316794,1,0.26186109817082154,0.03333333333333333,0.18,0.6133333333333333,0.0,0.0,0.0,0.0,0.029571276407143767,0.10855948805195298,0.9734656068845993,1.0,444,16289,0.9958025520483546,1.0,25,5931,0.9611209056323652,1.0,419,10358,0.9919425909605942,7943,0.9746020995597697,5906,0.920249653259362,2884,9661bfad6e1e,317f685,False,run_experiments
robot_disturbed,nominal,confirmed_route,3,path_budget,112,0.7466666666666667,41.17081074915921,0.011435927100728268,3600.128820910143,5056.0,221,219,147,40.831872222515955,2446.074793416718,0.6794409075612826,3576.0,0.7072784810126582,0.3287671232876712,140,2131,150,112,38,38,1406,575,0,0.7466666666666667,26288,148,-0.05312573876419917,1,0.2770852501165093,0.04666666666666667,0.22,0.7,0.012919896640826873,0.19230769230769232,0.024213075060532687,0.012254901960784314,0.03284549466798388,0.11512550528023494,0.9793310970797159,1.0,419,19853,0.9961202715809894,1.0,28,7189,0.9700497893527384,1.0,391,12664,0.9938428874734607,9420,0.9793490153172867,7312,0.940677966101695,3540,8dcfcfb097ad,317f685,False,run_experiments
robot_disturbed,nominal,confirmed_route,4,path_budget,127,0.8466666666666667,44.43988979518216,0.012344078384759193,3600.0978290975986,4728.0,189,187,110,30.554725238556262,2294.946559648816,0.6374678324294504,3068.0,0.6489001692047377,0.4117647058823529,99,2509,183,127,56,56,1647,679,0,0.6939890710382514,25542,140,-0.05788670371133925,1,0.4884089546384075,0.16,0.6066666666666667,0.8066666666666666,0.0,0.0,0.0,0.0,0.008135148640104362,0.05019260851308618,0.9771428571428571,0.9866666666666667,416,17784,0.9951277129780008,0.9666666666666667,33,6740,0.9664828913975672,0.9866666666666667,383,11044,0.9935121107266436,9248,0.9732099366780321,6159,0.9316147511636234,2793,da8331841758,317f685,False,run_experiments
robot_disturbed,nominal,confirmed_route,5,path_budget,100,0.6666666666666666,33.63546274697671,0.009342939154139238,3600.094380586334,4786.0,181,179,114,31.665836488829285,2573.979389105932,0.7149755303600451,3472.0,0.7254492269118261,0.36312849162011174,108,1779,138,100,38,38,1245,396,0,0.7246376811594203,19378,112,-0.07708276526905943,1,0.23253612692426537,0.02,0.25333333333333335,0.5333333333333333,0.03597122302158273,0.2857142857142857,0.06389776357827476,0.033003300330033,0.030055334712513867,0.10825158269758327,0.9744968991266928,0.88,403,15399,0.9962890970136067,0.82,21,5638,0.9623385586118506,0.88,382,9761,0.99433465085639,7590,0.9770658900618857,5494,0.9139072847682119,2718,f7b1855a753e,317f685,False,run_experiments
robot_disturbed,nominal,confirmed_route,6,path_budget,111,0.74,39.47147793727596,0.010964028134502231,3600.0890779425176,4959.0,206,204,129,35.832446699825724,2360.8121788498183,0.6557649346274074,3360.0,0.677555958862674,0.36764705882352944,124,1978,140,111,29,29,1342,496,0,0.7928571428571428,22776,145,-0.09486437679701186,1,0.2422423822440269,0.03333333333333333,0.32,0.5,0.008714596949891068,0.12121212121212122,0.016260162601626018,0.00819672131147541,0.03461037174141824,0.1241440201967664,0.9754326867231966,1.0,423,16795,0.996266839798734,1.0,23,6138,0.9638238220132043,1.0,400,10657,0.9934837697598649,8287,0.9770649825494433,6017,0.9207275223061084,2914,86dce7e9d59c,317f685,False,run_experiments
robot_disturbed,nominal,confirmed_route,7,path_budget,112,0.7466666666666667,38.36901831650567,0.01065746556008814,3600.2010140381203,4953.0,204,202,131,36.38685714747508,2248.409920968179,0.6245234397193501,3276.0,0.6614173228346457,0.35148514851485146,128,2158,151,112,39,39,1483,524,0,0.7417218543046358,22208,150,-0.09447314842885773,1,0.28362182605675934,0.05333333333333334,0.2061730706925664,0.6266666666666667,0.0,0.0,0.0,0.0,0.026805062199188275,0.10979592439242783,0.9745260663507109,1.0,430,16450,0.9963702359346642,1.0,22,6039,0.9622885664109437,1.0,408,10411,0.9929113924050633,7900,0.9751447054817841,5874,0.9265936896329684,3106,97184de5e1cb,317f685,False,run_experiments
robot_disturbed,nominal,confirmed_route,8,path_budget,119,0.7933333333333333,39.23007708462854,0.010896973181537999,3600.0893487646085,5192.0,236,234,157,43.61002874939075,2357.4993899396436,0.6548446889932421,3596.0,0.6926040061633282,0.32905982905982906,155,2072,160,119,41,41,1496,416,0,0.74375,24459,131,-0.10959789848813598,1,0.2479331636411472,0.02,0.12224668287153352,0.56,0.019305019305019305,0.19230769230769232,0.03508771929824561,0.017857142857142856,0.03211172972026709,0.12663605663347127,0.9791869760187171,0.98,427,20089,0.9974200945965315,0.94,18,6959,0.9697909742226162,0.98,409,13130,0.9938531219670009,9273,0.9796444565069887,7369,0.9432111512648426,3874,2b65a1315398,317f685,False,run_experiments
robot_disturbed,nominal,confirmed_route,9,path_budget,115,0.7666666666666667,39.80457286560748,0.011056693706080447,3600.0430077680107,4855.0,187,185,118,32.777386199382875,2293.378940527604,0.6370420952136,3231.0,0.6654994850669413,0.3621621621621622,113,2131,143,115,28,28,1361,627,0,0.8041958041958042,19136,150,-0.07352886630045258,1,0.28147246545059806,0.14666666666666667,0.18,0.56,0.0069767441860465115,0.12,0.013186813186813185,0.00663716814159292,0.037423918346793324,0.12678105407976067,0.9684671092335546,1.0,418,12838,0.9951493985254172,1.0,25,5129,0.9514934584053321,1.0,393,7709,0.9916970138383102,6865,0.9652571428571428,4375,0.8963293650793651,2016,173fa2cb5558,317f685,False,run_experiments
robot_disturbed,nominal,belief_horizon,0,time_budget,56,0.37333333333333335,18.056252074784606,0.0058607067681766415,3080.9001011327155,5401.0,254,149,116,37.651334412742486,2106.1640170233422,0.683619704595094,3294.0,0.6098870579522311,0.2214765100671141,0,690,75,56,19,19,545,70,0,0.7466666666666667,9636,64,-0.0023488764875709313,0,0.2751639843702856,0.21333333333333335,0.37333333333333335,0.37333333333333335,0.0,0.0,0.0,0.0,0.0032080146281476033,0.01227265430529058,0.949180875961217,0.5266666666666666,456,8517,0.9940750493745886,0.44,18,3020,0.9262005054759899,0.5266666666666666,438,5497,0.9872495446265938,3843,0.9529761904761904,3360,0.8593220338983051,1770,9b1eaaa76c97,317f685,False,run_experiments
robot_disturbed,nominal,belief_horizon,1,time_budget,91,0.6066666666666667,31.064964919730333,0.01039483816479194,2988.4991403665704,5401.0,246,111,72,24.092360953856073,1273.5820702807325,0.4261610964105931,1999.0,0.37011664506572856,0.35135135135135137,0,1166,123,91,32,32,881,162,0,0.7398373983739838,18037,106,-0.04079299876252793,1,0.406308129918092,0.20666666666666667,0.54,0.6066666666666667,0.0,0.0,0.0,0.0,0.0038289187821687874,0.014933008655168266,0.9633532191833889,0.8666666666666667,473,12434,0.9946480032935364,0.8266666666666667,26,4832,0.9444651509504286,0.8666666666666667,447,7602,0.9889149102263857,6405,0.9645232815964523,4510,0.8785140562248996,1992,52ffc2b4018d,317f685,False,run_experiments
robot_disturbed,nominal,belief_horizon,2,time_budget,90,0.6,31.558133091661954,0.010377380317372304,3041.050065287856,5401.0,239,130,87,28.608539199358713,1405.9332818072414,0.46231836096856904,2273.0,0.4208479911127569,0.33076923076923076,0,1819,121,90,31,31,1006,692,0,0.743801652892562,18811,144,-0.0178638647632203,1,0.3502531143702768,0.09333333333333334,0.5066666666666667,0.6,0.0,0.0,0.0,0.0,0.004475239920289215,0.022398797044079443,0.967741935483871,1.0,454,13620,0.9933090024330901,0.9933333333333333,33,4899,0.953948807700722,1.0,421,8721,0.9906556372549019,6528,0.9661518933784642,4727,0.9173465768002838,2819,191647916918,317f685,False,run_experiments
robot_disturbed,nominal,belief_horizon,3,time_budget,133,0.8866666666666667,47.88904957177233,0.016291172561653928,2939.5704569782356,5401.0,272,138,84,28.575603554795805,980.2460737108468,0.33346575224412267,1688.0,0.3125347157933716,0.391304347826087,0,1927,178,133,45,45,1275,474,0,0.7471910112359551,29120,146,-0.040650705563296446,1,0.4661825601575104,0.12666666666666668,0.52,0.8866666666666667,0.0,0.0,0.0,0.0,0.013837044369793328,0.06572307136440106,0.9760728362849054,1.0,431,17582,0.9959177722700102,1.0,28,6831,0.9638694638694638,1.0,403,10751,0.994674491903054,9201,0.9767441860465116,5891,0.9161246148579254,2921,406030731da7,317f685,False,run_experiments
robot_disturbed,nominal,belief_horizon,4,time_budget,128,0.8533333333333334,43.73379537530436,0.014731494402688628,2968.7276918302705,5401.0,287,113,69,23.24227991333902,1312.8360460970264,0.4422217806334541,1989.0,0.36826513608591,0.3893805309734513,0,1909,171,128,43,43,1228,510,0,0.7485380116959064,26431,142,-0.028235938999096467,1,0.5554091596917398,0.48,0.68,0.8533333333333334,0.016181229773462782,0.3125,0.03076923076923077,0.015625,0.02116900587241134,0.06561507359420796,0.9726313413464251,0.9933333333333333,485,17236,0.9949449895926257,0.98,34,6692,0.958981355161437,0.9933333333333333,451,10544,0.9909197735284692,9361,0.9744791666666667,5760,0.9026923076923077,2600,e66f49181eb8,317f685,False,run_experiments
robot_disturbed,nominal,belief_horizon,5,time_budget,92,0.6133333333333333,31.17063517336958,0.010832173889144097,2877.597377254855,5401.0,278,135,93,32.3186282886869,1254.8461760795374,0.43607427015263145,2214.0,0.40992408813182746,0.3111111111111111,0,1247,119,92,27,27,856,272,0,0.773109243697479,16158,106,-0.017640220520841347,1,0.4352811117650931,0.29333333333333333,0.6,0.6133333333333333,0.0,0.0,0.0,0.0,0.0038985994375356496,0.01602367214540428,0.9657722873554174,0.8933333333333333,435,12274,0.994572591587517,0.7933333333333333,24,4398,0.9504042476167491,0.8933333333333333,411,7876,0.9931848404255319,6016,0.9640062597809077,4473,0.895045045045045,2220,a18d6f7f19a9,317f685,False,run_experiments
robot_disturbed,nominal,belief_horizon,6,time_budget,80,0.5333333333333333,28.102857913302497,0.009903200369911767,2837.755156271051,5401.0,277,99,63,22.200646824930832,906.1916445240997,0.3193339786632191,1518.0,0.28105906313645623,0.36363636363636365,0,971,107,80,27,27,785,79,0,0.7476635514018691,16947,86,-0.03407858244026282,1,0.3686016009077489,0.21333333333333335,0.5133333333333333,0.5333333333333333,0.0,0.0,0.0,0.0,0.004321351014734991,0.017835407169790218,0.9651438742212993,0.74,470,13014,0.9942882249560633,0.6466666666666666,26,4526,0.9502910882221227,0.74,444,8488,0.9904561630540278,6182,0.9651416122004357,4590,0.907448377581121,2712,eab5af67a637,317f685,False,run_experiments
robot_disturbed,nominal,belief_horizon,7,time_budget,137,0.9133333333333333,47.10665015635522,0.016622630986403982,2833.886536667077,5401.0,277,129,72,25.406804072219106,819.908452651869,0.28932296407892183,1501.0,0.2779114978707647,0.4418604651162791,0,1908,187,137,50,50,1346,375,0,0.732620320855615,22064,147,-0.07348897940631265,1,0.5143001535896916,0.1,0.6072552845080111,0.9133333333333333,0.0,0.0,0.0,0.0,0.0169926934270698,0.07785107162172816,0.9711502897299963,1.0,468,15754,0.9949470252648737,1.0,31,6104,0.9566769108753842,1.0,437,9650,0.9918280110636158,7954,0.9687672239573765,5443,0.9175221238938053,2825,5c957ce44f3c,317f685,False,run_experiments
robot_disturbed,nominal,belief_horizon,8,time_budget,87,0.58,28.632403962911464,0.010144794391494776,2822.374003648254,5401.0,263,94,55,19.487140941953815,820.5078046936891,0.29071547698252787,1270.0,0.23514164043695612,0.4148936170212766,0,1185,108,87,21,21,814,263,0,0.8055555555555556,19584,120,-0.07566377793683998,1,0.38741091106255376,0.14,0.56,0.58,0.0,0.0,0.0,0.0,0.0057615270971042775,0.029993431311762436,0.9732849407984768,0.9933333333333333,449,16358,0.9954785229841748,0.9333333333333333,24,5284,0.9630402643708148,0.9933333333333333,425,11074,0.9930749963164874,6787,0.9741379310344828,6148,0.93724173553719,3872,c5a74d47ed90,317f685,False,run_experiments
robot_disturbed,nominal,belief_horizon,9,time_budget,97,0.6466666666666666,33.29536359346305,0.01190620183465815,2796.472297029477,5401.0,279,121,75,26.81950401570863,880.56382155201,0.3148837993093583,1620.0,0.29994445473060544,0.38016528925619836,0,1537,137,97,40,40,1038,362,0,0.708029197080292,19146,128,0.01414295418732768,1,0.3806229191382623,0.09333333333333334,0.5266666666666666,0.6466666666666666,0.0,0.0,0.0,0.0,0.006307868576947192,0.040330283179404805,0.9669034305576545,0.9933333333333333,438,12796,0.9946889226100152,0.96,28,5244,0.9485054006531022,0.9933333333333333,410,7552,0.9900190811683546,6813,0.9648533691515558,4467,0.890992835209826,1954,faa0415cc39a,317f685,False,run_experiments
robot_disturbed,nominal,belief_horizon_no_efficiency,0,time_budget,56,0.37333333333333335,18.626562469290615,0.005763627708878783,3231.742820688552,5401.0,109,62,40,12.377222514097715,1830.6388283033252,0.5664556030214345,2940.0,0.5443436400666544,0.3548387096774194,0,637,69,56,13,13,509,59,0,0.8115942028985508,12119,60,-0.0017421804244888775,0,0.25233241179088145,0.11333333333333333,0.37333333333333335,0.37333333333333335,0.0,0.0,0.0,0.0,0.003108147893946861,0.012498694350575476,0.9474649406688241,0.48,487,8783,0.9913344887348353,0.42,30,3432,0.9213154269972452,0.48,457,5351,0.9874495741819812,4462,0.9423780487804878,3280,0.8416230366492147,1528,b11abf080f4b,317f685,False,run_experiments
robot_disturbed,nominal,belief_horizon_no_efficiency,1,time_budget,108,0.72,37.293955365873856,0.01111318331477534,3355.8301262150803,5401.0,90,31,16,4.767821790206593,738.4404858427745,0.22004703994824518,1067.0,0.1975560081466395,0.4838709677419355,0,1472,145,108,37,37,1091,236,0,0.7448275862068966,18852,118,-0.043058122868484566,1,0.3780123065026032,0.04,0.54,0.72,0.0,0.0,0.0,0.0,0.0029069454668156306,0.021736761587699768,0.968070369857321,0.98,461,13977,0.9958490566037735,0.9,22,5278,0.951958853140731,0.98,439,8699,0.9903961584633854,6664,0.9716867469879518,4980,0.9083750894774517,2794,5d06c7016c0e,317f685,False,run_experiments
robot_disturbed,nominal,belief_horizon_no_efficiency,2,time_budget,142,0.9466666666666667,51.328215330863785,0.016094225155035027,3189.2318416339485,5401.0,99,32,9,2.821996156726255,267.5997047334252,0.08390725981097852,363.0,0.06720977596741344,0.71875,0,2368,181,142,39,39,1292,895,0,0.7845303867403315,31287,149,-0.0634909436722992,1,0.35020713532582143,0.02666666666666667,0.32,0.8,0.002797202797202797,0.2857142857142857,0.00554016620498615,0.002777777777777778,0.04891099396513797,0.17093809075922814,0.9794670996084424,1.0,430,20512,0.9972448340638698,1.0,22,7963,0.9685112294512619,1.0,408,12549,0.9948672391669134,10131,0.980046467131338,7317,0.9336004579278764,3494,38862fbb52b4,317f685,False,run_experiments
robot_disturbed,nominal,belief_horizon_no_efficiency,3,time_budget,138,0.92,49.8228213276983,0.016366555212324295,3044.1849663135504,5401.0,137,59,29,9.52635937727478,458.52770301519,0.15062412701238,887.0,0.16422884650990557,0.5084745762711864,0,2140,190,138,52,52,1353,597,0,0.7263157894736842,29417,150,-0.07465924100216884,1,0.4319098240871266,0.11333333333333333,0.47333333333333333,0.9,0.0016863406408094434,0.125,0.0033277870216306157,0.0016666666666666668,0.04417716765462665,0.1427700178335305,0.9800130450987701,1.0,429,21035,0.9971509971509972,1.0,23,8050,0.9696811291165708,1.0,406,12985,0.9955091281851021,10243,0.9792617712273379,7667,0.9369724254361284,3554,738b3a563677,317f685,False,run_experiments
robot_disturbed,nominal,belief_horizon_no_efficiency,4,time_budget,114,0.76,39.88487352897074,0.012182442704273913,3273.963563561691,5401.0,104,41,24,7.330564172159203,1227.0188502116116,0.3747808509135508,1834.0,0.33956674689872246,0.4146341463414634,0,1862,151,114,37,37,1169,542,0,0.7549668874172185,21000,144,-0.02273990365539516,1,0.505058005421338,0.34,0.7466666666666667,0.76,0.0,0.0,0.0,0.0,0.00215070030043764,0.010735582971967715,0.972763096893834,1.0,470,16786,0.99640640313623,1.0,22,6100,0.9597628884497934,1.0,448,10686,0.9922139897023735,7963,0.9742226518446915,6207,0.9196370706416073,3086,d39308bf7634,317f685,False,run_experiments
robot_disturbed,nominal,belief_horizon_no_efficiency,5,time_budget,65,0.43333333333333335,23.15773624017452,0.007913824635913391,2926.2382356924336,5401.0,121,47,24,8.201656210783842,497.6753527416272,0.1700734228236419,963.0,0.17830031475652658,0.48936170212765956,0,748,80,65,15,15,577,91,0,0.8125,10684,76,-0.057670383271758045,0,0.2122984296399341,0.07333333333333333,0.21333333333333335,0.43333333333333335,0.15789473684210525,0.1875,0.17142857142857143,0.09375,0.01273845816043656,0.06262950410261849,0.9605975723622783,0.9066666666666666,422,10288,0.9910464465584778,0.6133333333333333,32,3542,0.945347533632287,0.9066666666666666,390,6746,0.9855358316896778,4563,0.9669145934855091,3899,0.8990213523131673,2248,3a6be2b09ca5,317f685,False,run_experiments
robot_disturbed,nominal,belief_horizon_no_efficiency,6,time_budget,130,0.8666666666666667,46.20205355302978,0.014401619375194711,3208.115167424019,5401.0,94,30,11,3.4288045864739125,314.6805627270805,0.09808892334116412,448.0,0.08294760229587113,0.6333333333333333,0,1769,179,130,49,49,1290,300,0,0.7262569832402235,21713,148,-0.08464679661341383,1,0.38475830524900406,0.04,0.5,0.7733333333333333,0.01440329218106996,0.4666666666666667,0.027944111776447105,0.01417004048582996,0.03220551787049438,0.11069406591922452,0.9708554774558547,1.0,510,16989,0.9959151610369207,1.0,26,6339,0.9565295491287947,1.0,484,10650,0.9926887684356486,7933,0.9715302491103203,6182,0.9184397163120568,3384,e3690cce28b6,317f685,False,run_experiments
robot_disturbed,nominal,belief_horizon_no_efficiency,7,time_budget,137,0.9133333333333333,47.02861449619124,0.01512953612712356,3108.397646896816,5401.0,118,41,14,4.503928258334811,246.60178726688815,0.07933405415908622,475.0,0.08794667654138122,0.6585365853658537,0,2107,179,137,42,42,1302,626,0,0.7653631284916201,19511,147,-0.05759441059046087,1,0.39954370965130365,0.08,0.42,0.9,0.007782101167315175,0.16666666666666666,0.01486988847583643,0.00749063670411985,0.026777264490871675,0.10201097456514474,0.9676882540563029,1.0,466,13956,0.9949238578680203,1.0,29,5684,0.9498220231943966,1.0,437,8272,0.9928737837467453,7297,0.9614330874604847,4745,0.9029411764705882,2380,7d2150c02ce7,317f685,False,run_experiments
robot_disturbed,nominal,belief_horizon_no_efficiency,8,time_budget,83,0.5533333333333333,27.794215537429714,0.008931435583795357,3111.9538708713094,5401.0,96,36,28,8.99756267664737,963.4624788078818,0.3096005014168555,1616.0,0.29920385113867803,0.2222222222222222,0,1103,101,83,18,18,728,274,0,0.8217821782178217,18270,97,-0.003836313108831417,1,0.29641503291135085,0.04,0.4866666666666667,0.5533333333333333,0.0,0.0,0.0,0.0,0.004284157442283219,0.017703698734722478,0.9752163650668765,0.88,441,17353,0.9937780850328379,0.78,36,5750,0.9662724850099933,0.88,405,11603,0.9932342796497745,7538,0.9737951807228916,6640,0.9402654867256637,3616,e0b9639a23ed,317f685,False,run_experiments
robot_disturbed,nominal,belief_horizon_no_efficiency,9,time_budget,101,0.6733333333333333,34.15409531949164,0.011363305290068824,3005.647956087324,5401.0,141,65,41,13.640985437753248,902.0204411103435,0.30010848053029165,1597.0,0.2956859840770228,0.36923076923076925,0,1473,132,101,31,31,979,362,0,0.7651515151515151,18114,116,-0.020343607680908204,1,0.3274474399053625,0.08666666666666667,0.36,0.6733333333333333,0.0,0.0,0.0,0.0,0.014981982644675798,0.06444658059088326,0.9690662456039618,0.92,431,13502,0.9950410070570285,0.8533333333333334,26,5217,0.9533947065592635,0.92,405,8285,0.9932193812685407,7079,0.9646453824726805,4667,0.9003200731595793,2187,8c42ed6402b4,317f685,False,run_experiments
robot_disturbed,nominal,belief_horizon_no_track_prediction,0,time_budget,47,0.31333333333333335,15.591307443969923,0.004905056085577238,3178.6196063719635,5401.0,202,147,117,36.80843085641894,2499.6434605536133,0.786392764816132,3933.0,0.7281984817626366,0.20408163265306123,0,595,63,47,16,16,471,61,0,0.746031746031746,11907,63,-0.01107814180354218,0,0.2043888841771421,0.14,0.26666666666666666,0.26666666666666666,0.08333333333333333,0.05555555555555555,0.06666666666666667,0.034482758620689655,0.005501497100041214,0.021725887957939345,0.9485468245425188,0.4866666666666667,478,8812,0.9918110236220472,0.42,26,3149,0.9260834014717907,0.4866666666666667,452,5663,0.9852416091406808,4201,0.9512485136741974,3364,0.8539130434782609,1725,00a008ed85b8,317f685,False,run_experiments
robot_disturbed,nominal,belief_horizon_no_track_prediction,1,time_budget,70,0.4666666666666667,23.714797917996183,0.007899680653910756,3001.994505468536,5401.0,233,185,136,45.303214163869306,2100.1407471421194,0.6995818091327053,3588.0,0.6643214219588965,0.2648648648648649,0,829,90,70,20,20,669,70,0,0.7777777777777778,16139,102,-0.04030867340262974,0,0.311483961631055,0.13333333333333333,0.4666666666666667,0.4666666666666667,0.0,0.0,0.0,0.0,0.004395989274148965,0.012345329995990672,0.9648471443241963,0.86,445,12214,0.9948900244390135,0.8066666666666666,23,4478,0.948271635204707,0.86,422,7736,0.9916652491920395,5879,0.9644182492905479,4581,0.8940427467030468,2199,16bfb9340009,317f685,False,run_experiments
robot_disturbed,nominal,belief_horizon_no_track_prediction,2,time_budget,114,0.76,41.19745050641704,0.013607617074939326,3027.5286466055068,5401.0,237,159,91,30.05751905998645,1269.005929796857,0.41915571342972363,2197.0,0.4067765228661359,0.4276729559748428,0,1818,154,114,40,40,1173,491,0,0.7402597402597403,26855,140,-0.031241481782829622,1,0.42592219137090664,0.08666666666666667,0.5066666666666667,0.76,0.0,0.0,0.0,0.0,0.006565803949801063,0.044415996374850795,0.9752909381721913,1.0,448,17683,0.9964523281596452,0.9933333333333333,24,6741,0.9626957592820693,1.0,424,10942,0.9945012647091169,9093,0.9762422360248447,6440,0.9056966897613549,2598,4ccaff028078,317f685,False,run_experiments
robot_disturbed,nominal,belief_horizon_no_track_prediction,3,time_budget,121,0.8066666666666666,42.927259192190334,0.01469014033546425,2922.181695470761,5401.0,245,171,100,34.22100691240217,1226.960033442097,0.41987807785663195,2402.0,0.4447324569524162,0.4152046783625731,0,1690,162,121,41,41,1229,299,0,0.7469135802469136,29839,150,-0.07013277406665387,1,0.43823461624831817,0.08666666666666667,0.52,0.8066666666666666,0.0,0.0,0.0,0.0,0.02144319644238256,0.08496112080244136,0.9757127771911299,1.0,460,18480,0.9969482591205437,1.0,22,7187,0.9626630295797459,1.0,438,11293,0.9955915521837195,9754,0.9737756714060032,6330,0.9121148459383753,2856,767ad1c1c009,317f685,False,run_experiments
robot_disturbed,nominal,belief_horizon_no_track_prediction,4,time_budget,107,0.7133333333333334,37.373057984006614,0.011685350140838198,3198.2831094974636,5401.0,211,173,115,35.9567918357514,2258.752957819191,0.706239216632108,3662.0,0.6780225884095538,0.3352601156069364,0,1630,153,107,46,46,1116,361,0,0.6993464052287581,23396,124,-0.0020776525887894713,1,0.4352615623858365,0.4266666666666667,0.5266666666666666,0.5266666666666666,0.01910828025477707,0.08333333333333333,0.031088082901554404,0.015789473684210527,0.015609809811706715,0.06167806737613147,0.9739114230697559,0.9666666666666667,420,15679,0.9965272035720192,0.88,21,6026,0.9603064066852368,0.9666666666666667,399,9653,0.9938286842754875,8102,0.9737556561085973,5525,0.9089805825242718,2472,bb6153ff374a,317f685,False,run_experiments
robot_disturbed,nominal,belief_horizon_no_track_prediction,5,time_budget,80,0.5333333333333333,27.132707583976597,0.009279411324336734,2923.968626416716,5401.0,221,129,85,29.070079354499217,1233.085995719503,0.4217165617233839,2342.0,0.4336234030735049,0.34108527131782945,0,1263,103,80,23,23,771,389,0,0.7766990291262136,18277,101,0.003260821655550361,1,0.32393418328423834,0.09333333333333334,0.49333333333333335,0.5333333333333333,0.0,0.0,0.0,0.0,0.008547106287445965,0.03417350043630968,0.9685461661110306,0.74,434,13364,0.9948299860807318,0.6866666666666666,26,5003,0.9534724598015737,0.74,408,8361,0.9917168674698795,6640,0.9678800856531049,4670,0.9079581993569131,2488,db9b5435907c,317f685,False,run_experiments
robot_disturbed,nominal,belief_horizon_no_track_prediction,6,time_budget,117,0.78,41.72244047153778,0.014090462487297284,2961.041236875727,5401.0,238,173,98,33.0964657903253,1251.6939170902697,0.42272086639731,2290.0,0.42399555637844843,0.43352601156069365,0,1494,150,117,33,33,1109,235,0,0.78,21180,144,-0.09239487959372497,1,0.43491482603052267,0.18216827599356325,0.5133333333333333,0.78,0.0,0.0,0.0,0.0,0.006540543883096952,0.04291409222917273,0.9712811693895099,1.0,501,16944,0.9953901876852157,1.0,28,6046,0.9584029548852344,1.0,473,10898,0.9924644842495367,8095,0.9707489553198329,6222,0.9175191815856778,3128,872445bd28b5,317f685,False,run_experiments
robot_disturbed,nominal,belief_horizon_no_track_prediction,7,time_budget,90,0.6,30.279509383223658,0.010137509946782239,2986.8783894840685,5401.0,209,165,106,35.48855566841798,1835.8945939505713,0.614653278290212,3252.0,0.6021107202369932,0.3575757575757576,0,1191,119,90,29,29,883,189,0,0.7563025210084033,17989,130,-0.04614837354134611,1,0.3630746930643079,0.15333333333333332,0.5466666666666666,0.6,0.0,0.0,0.0,0.0,0.004948611564530045,0.019727906449974398,0.9693357324936273,1.0,409,12929,0.9943593875906527,0.94,28,4936,0.9545020300931455,1.0,381,7993,0.9933449532562193,6311,0.9644808743169399,4392,0.9199240986717268,2635,00f4cf6b2ec3,317f685,False,run_experiments
robot_disturbed,nominal,belief_horizon_no_track_prediction,8,time_budget,52,0.3466666666666667,17.825808669543456,0.005876264342559802,3033.527362007378,5401.0,223,170,131,43.18405089753774,2073.576181146444,0.6835528194393128,3477.0,0.6437696722829106,0.22941176470588234,0,735,67,52,15,15,576,92,0,0.7761194029850746,12278,121,-0.04873024278951807,0,0.24585590503415147,0.13333333333333333,0.3466666666666667,0.3466666666666667,0.0,0.0,0.0,0.0,0.005903514512091775,0.017374583239478044,0.9652278177458034,1.0,464,12880,0.9903870478117885,0.9733333333333334,38,3915,0.9546374188052391,1.0,426,8965,0.9866133866133866,5005,0.9674765639946432,5227,0.9270565552699229,3112,b48f79408bae,317f685,False,run_experiments
robot_disturbed,nominal,belief_horizon_no_track_prediction,9,time_budget,76,0.5066666666666667,27.08511177675893,0.009103166707613547,2975.35051776059,5401.0,207,139,94,31.592916343432876,1476.7229298481543,0.49631897856512586,2660.0,0.49250138863173487,0.3237410071942446,0,1141,104,76,28,28,808,229,0,0.7307692307692307,17944,121,0.009074526421298475,1,0.29296522856368185,0.1,0.49333333333333335,0.5066666666666667,0.0,0.0,0.0,0.0,0.008038217083331902,0.040708324907767615,0.9634286590508319,0.92,477,12566,0.9931747269890796,0.8666666666666667,35,5093,0.9441566645609603,0.92,442,7473,0.9903660886319846,6747,0.9636681987305756,4569,0.8575564562825709,1727,3479403dfcc6,317f685,False,run_experiments
robot_disturbed,nominal,belief_horizon_no_refinement,0,time_budget,109,0.7266666666666667,39.172834142331276,0.012070877084960735,3245.235111468182,5401.0,197,195,120,36.97729005086187,2099.8745012627232,0.6470639041966718,3535.0,0.6545084243658582,0.38461538461538464,0,1820,149,109,40,40,1180,491,0,0.7315436241610739,22673,147,-0.013355757811660887,1,0.4479726065476376,0.16666666666666666,0.6018099159489884,0.7266666666666667,0.0,0.0,0.0,0.0,0.0034282535132956616,0.019663288688975763,0.9670958512160229,1.0,483,14196,0.9943212067435669,1.0,32,5603,0.9501326846528085,1.0,451,8593,0.9929376612793698,7363,0.9682509139888397,5197,0.8744690891930156,2119,5db1e461f472,317f685,False,run_experiments
robot_disturbed,nominal,belief_horizon_no_refinement,1,time_budget,85,0.5666666666666667,27.406669948066128,0.008583981665694924,3192.768928852016,5401.0,171,169,115,36.0188922413966,2230.9587070802622,0.698753576220256,3853.0,0.7133864099240881,0.31952662721893493,0,1260,119,85,34,34,908,233,0,0.7142857142857143,18599,113,-0.01453209843318718,1,0.3529986394125166,0.16666666666666666,0.5666666666666667,0.5666666666666667,0.0,0.0,0.0,0.0,0.003980418968169925,0.013803019673693982,0.9662676822633297,0.9466666666666667,465,13320,0.9951980792316927,0.8466666666666667,24,4974,0.9498122226015705,0.9466666666666667,441,8346,0.9901693889897156,6612,0.9679591836734693,4900,0.8930928288605368,2273,a3515cde62b7,317f685,False,run_experiments
robot_disturbed,nominal,belief_horizon_no_refinement,2,time_budget,103,0.6866666666666666,36.67325109458261,0.011500782832153469,3188.7612895404714,5401.0,170,168,107,33.5553496434409,2244.7254336944493,0.7039490353377734,3874.0,0.7172745787817071,0.3630952380952381,0,1932,149,103,46,46,1172,611,0,0.6912751677852349,26546,149,-0.059462769192675485,1,0.3364592334662579,0.09333333333333334,0.5,0.6866666666666666,0.0,0.0,0.0,0.0,0.010325335905141281,0.05287783408509557,0.9755545232841714,1.0,421,16801,0.9964631708442258,0.9933333333333333,23,6480,0.9628696706782349,1.0,398,10321,0.9941707623728426,8749,0.9738377231748276,5657,0.9211647727272727,2816,a646b010815e,317f685,False,run_experiments
robot_disturbed,nominal,belief_horizon_no_refinement,3,time_budget,74,0.49333333333333335,27.08149582598311,0.008484125107752788,3192.019858504451,5401.0,182,180,131,41.03984492796267,2273.073427501654,0.7121113051491639,4071.0,0.7537493056841326,0.2722222222222222,0,1329,96,74,22,22,869,364,0,0.7708333333333334,19888,146,0.016507529235149282,1,0.287594633765274,0.07333333333333333,0.46,0.49333333333333335,0.0,0.0,0.0,0.0,0.004223975244341968,0.018022002659582804,0.968374755654845,1.0,453,13871,0.9958968347010551,0.9933333333333333,21,5097,0.9530740821203563,1.0,432,8774,0.991304347826087,6785,0.9667146085884528,4867,0.9131736526946108,2672,e37cdff99f59,317f685,False,run_experiments
robot_disturbed,nominal,belief_horizon_no_refinement,4,time_budget,121,0.8066666666666666,43.10665732033801,0.012666699122631334,3403.1484369373093,5401.0,165,163,95,27.915326574910146,2166.919505815104,0.6367396385933846,3378.0,0.6254397333827069,0.4171779141104294,0,1733,154,121,33,33,1156,423,0,0.7857142857142857,22131,143,-0.03687480309184363,1,0.4409123971980135,0.49333333333333335,0.5133333333333333,0.5133333333333333,0.020895522388059702,0.3181818181818182,0.03921568627450981,0.02,0.02303650979992895,0.07232193510949894,0.970222714408761,0.9866666666666667,484,15770,0.9958677685950413,0.98,25,6025,0.9550176401411211,0.9866666666666667,459,9745,0.9927707839960115,8023,0.9699805756666078,5663,0.9003115264797508,2568,1f8ba31cb3bd,317f685,False,run_experiments
robot_disturbed,nominal,belief_horizon_no_refinement,5,time_budget,72,0.48,24.63823459558135,0.007331331980577004,3360.6764310845224,5401.0,171,170,118,35.11197891845847,2727.1521126685416,0.8114890465037907,4370.0,0.8091094241807073,0.3058823529411765,0,983,95,72,23,23,718,170,0,0.7578947368421053,14016,104,0.010563580765937955,0,0.33082861334340447,0.08666666666666667,0.48,0.48,0.0,0.0,0.0,0.0,0.005269798806445323,0.014162738515384726,0.9579217700513631,0.7866666666666666,426,9698,0.9918367346938776,0.7266666666666667,30,3645,0.9385951310280664,0.7866666666666666,396,6053,0.9878689850384149,4946,0.9561353211009175,3488,0.8739644970414201,1690,087041b60e79,317f685,False,run_experiments
robot_disturbed,nominal,belief_horizon_no_refinement,6,time_budget,63,0.42,22.456619274633198,0.006880725894013423,3263.6991533366536,5401.0,175,174,125,38.300098791950795,2681.5926658975486,0.8216421121891745,4351.0,0.8055915571190521,0.28160919540229884,0,695,77,63,14,14,576,42,0,0.8181818181818182,12699,85,-0.017600148678337743,0,0.28473567150459733,0.17333333333333334,0.42,0.42,0.0,0.0,0.0,0.0,0.005431251215123304,0.012344432468555579,0.9581932200309007,0.6466666666666666,460,10543,0.9903326698891101,0.62,34,3483,0.943093775046754,0.6466666666666666,426,7060,0.9869210977701544,4664,0.9574468085106383,3995,0.9023037542662116,2344,f9cead47e67b,317f685,False,run_experiments
robot_disturbed,nominal,belief_horizon_no_refinement,7,time_budget,72,0.48,24.9927411810123,0.007645753751643584,3268.839409801772,5401.0,183,182,135,41.29906155536305,2768.1275265923437,0.8468227341765338,4506.0,0.8342899463062395,0.25824175824175827,0,1132,94,72,22,22,784,254,0,0.7659574468085106,15029,129,-0.04154408400322306,0,0.276189049778966,0.09333333333333334,0.48,0.48,0.0,0.0,0.0,0.0,0.005275093002141627,0.015285543158376597,0.962682760965658,1.0,439,11325,0.9938330170777988,0.98,26,4190,0.9452835188129306,1.0,413,7135,0.9912264668250776,5471,0.9628198937711251,4142,0.8898186889818689,2151,d831b7a47eaf,317f685,False,run_experiments
robot_disturbed,nominal,belief_horizon_no_refinement,8,time_budget,86,0.5733333333333334,27.768212804707225,0.009182673829767583,3023.9789977828327,5401.0,221,219,148,48.9421388536471,2071.6248621870923,0.6850658895799203,3923.0,0.726346972782818,0.3242009132420091,0,1333,122,86,36,36,1088,123,0,0.7049180327868853,21384,135,-0.0037555546322729366,1,0.36566577093251385,0.12,0.5733333333333334,0.5733333333333334,0.0,0.0,0.0,0.0,0.004775840284758194,0.01896281898594929,0.9714685484852171,1.0,469,15969,0.9944516367671536,0.98,30,5377,0.9602030640921041,1.0,439,10592,0.9930098684210527,7296,0.9703564084989719,5836,0.925892316999395,3306,1d418da12807,317f685,False,run_experiments
robot_disturbed,nominal,belief_horizon_no_refinement,9,time_budget,126,0.84,45.10922246974833,0.014881455592568826,3031.2372461920986,5401.0,195,193,115,37.93830395310209,2009.1273403062219,0.6628076844958699,3747.0,0.6937604147380115,0.40414507772020725,0,2172,188,126,62,62,1445,539,0,0.6702127659574468,22223,150,-0.05056415552302375,1,0.4252066091925588,0.06666666666666667,0.52,0.84,0.0,0.0,0.0,0.0,0.017568967352401394,0.08458833139167489,0.9692828146143437,1.0,454,14326,0.9959378311550688,1.0,23,5639,0.9527308620311472,1.0,431,8687,0.9920490093847758,7672,0.968902052041464,4727,0.8966820663586729,2381,cc7d6bbcd814,317f685,False,run_experiments
robot_disturbed,nominal,belief_orienteering,0,time_budget,50,0.3333333333333333,15.719003956990184,0.004823430547948959,3258.884688134318,5401.0,187,128,105,32.21961193727034,2423.5563349485847,0.7436766154300626,3693.0,0.6837622662469913,0.1796875,0,677,73,50,23,23,537,67,0,0.684931506849315,12081,61,-0.0034041551367027453,0,0.23406540577463716,0.08,0.3333333333333333,0.3333333333333333,0.0,0.0,0.0,0.0,0.003499997904452853,0.012759392592375437,0.9519288426943834,0.5133333333333333,481,9525,0.9917261055634807,0.42,29,3476,0.9304722350407629,0.5133333333333333,452,6049,0.9862864606007836,4594,0.9595065701260391,3729,0.8413547237076648,1683,f25b0fed5ca9,317f685,False,run_experiments
robot_disturbed,nominal,belief_orienteering,1,time_budget,107,0.7133333333333334,36.519304284695735,0.010975490435084428,3327.350563575505,5401.0,179,93,52,15.62804970694817,1331.810015553178,0.40026140621685535,1836.0,0.33993704869468616,0.44086021505376344,0,1627,142,107,35,35,1091,394,0,0.7535211267605634,19503,134,-0.0633992943712993,1,0.38637364172143185,0.13333333333333333,0.5333333333333333,0.7133333333333334,0.0,0.0,0.0,0.0,0.004748935137008406,0.028550685864960092,0.9657383004487499,1.0,481,13558,0.9955955221141494,0.9866666666666667,24,5425,0.9467986030267753,1.0,457,8133,0.9891768726858445,7022,0.965135356849877,4876,0.8902382064455862,2141,36e3d1bf6cb2,317f685,False,run_experiments
robot_disturbed,nominal,belief_orienteering,2,time_budget,124,0.8266666666666667,42.928473660027834,0.014275163219308024,3007.2142083786803,5401.0,262,113,63,20.949621687896332,887.9516572718912,0.2952738301109001,1496.0,0.2769857433808554,0.4424778761061947,0,2075,165,124,41,41,1221,689,0,0.7515151515151515,25119,147,-0.0719051763116744,1,0.4064506087047311,0.06,0.5066666666666667,0.8266666666666667,0.0078125,0.125,0.014705882352941176,0.007407407407407408,0.022056555602942167,0.08784138427552779,0.976295743887498,1.0,445,18328,0.9969591659426585,0.9933333333333333,21,6885,0.9642706665543103,1.0,424,11443,0.9943892965041001,9268,0.9770242433845666,6311,0.9223544145272385,3194,eecd426214c0,317f685,False,run_experiments
robot_disturbed,nominal,belief_orienteering,3,time_budget,140,0.9333333333333333,52.04331653736067,0.0193758951947988,2685.98255792233,5401.0,287,124,61,22.710497437922648,616.7739061248501,0.2296269215545238,1285.0,0.23791890390668394,0.5080645161290323,0,1904,186,140,46,46,1344,374,0,0.7526881720430108,24804,149,-0.08828276831720433,1,0.4933969068254358,0.09333333333333334,0.5,0.9333333333333333,0.0,0.0,0.0,0.0,0.022608459692133574,0.08682942170467581,0.9758975897589759,1.0,482,19516,0.9967123287671232,1.0,24,7276,0.9639313277681525,1.0,458,12240,0.993821342548958,9549,0.9777251844633161,7183,0.919473361910594,3266,30c737e154e8,317f685,False,run_experiments
robot_disturbed,nominal,belief_orienteering,4,time_budget,127,0.8466666666666667,44.35189585503036,0.014426047295749535,3074.4316128852647,5401.0,235,121,73,23.744226312938416,1602.7436441181637,0.5213138055830864,2531.0,0.46861692279207556,0.39669421487603307,0,2027,178,127,51,51,1339,510,0,0.7134831460674157,23047,147,-0.03591066453014118,1,0.49103038034206214,0.48,0.52,0.82,0.016778523489932886,0.4166666666666667,0.03225806451612904,0.01639344262295082,0.022511739101260343,0.08032282603021056,0.9726061052760887,1.0,446,15835,0.9959839357429718,1.0,25,6200,0.9581344470962609,1.0,421,9635,0.9911063678406261,8433,0.9715942028985507,5175,0.9161990273101385,2673,5c630dcbe2b5,317f685,False,run_experiments
robot_disturbed,nominal,belief_orienteering,5,time_budget,92,0.6133333333333333,30.143472987196386,0.009897812223879691,3045.4682616095247,5401.0,222,113,70,22.98497110687508,1102.4595044894518,0.3619999979598552,1955.0,0.36197000555452696,0.3805309734513274,0,1327,124,92,32,32,909,294,0,0.7419354838709677,20240,103,-0.007927359533943794,1,0.33711484863937846,0.08666666666666667,0.5533333333333333,0.6133333333333333,0.0,0.0,0.0,0.0,0.014635479182095755,0.05883631041310508,0.9669081789048349,0.7733333333333333,475,13879,0.9955833640044166,0.7266666666666667,24,5410,0.9494394618834081,0.7733333333333333,451,8469,0.9939451022604952,7432,0.9646627881922,4641,0.8833844804910127,2281,a4c38a6e2a05,317f685,False,run_experiments
robot_disturbed,nominal,belief_orienteering,6,time_budget,76,0.5066666666666667,26.09929024394049,0.008659166593665925,3014.0649174057703,5401.0,230,117,82,27.20578429696798,1820.9025361971458,0.6041351417753839,2846.0,0.5269394556563599,0.29914529914529914,0,971,98,76,22,22,736,137,0,0.7755102040816326,16642,93,-0.02121361757220626,0,0.32939080229604306,0.10666666666666667,0.5066666666666667,0.5066666666666667,0.0,0.0,0.0,0.0,0.004587321032254505,0.013956449918280338,0.9662185693389984,0.6666666666666666,485,13872,0.9923742786479802,0.6266666666666667,37,4815,0.9528669121514992,0.6666666666666666,448,9057,0.9896107923709102,6449,0.9663508025526978,5171,0.9108512970405553,2737,ff730e5189ee,317f685,False,run_experiments
robot_disturbed,nominal,belief_orienteering,7,time_budget,112,0.7466666666666667,38.01692278118669,0.013260590657153362,2866.910212681865,5401.0,245,129,69,24.067722698386714,831.7660627537049,0.29012630359833463,1622.0,0.30031475652656914,0.46511627906976744,0,1582,151,112,39,39,1107,324,0,0.7417218543046358,21005,137,-0.08302938438681566,1,0.40717071419322604,0.08666666666666667,0.56,0.7466666666666667,0.0,0.0,0.0,0.0,0.014480284922562809,0.07118805040434213,0.9698887728138634,1.0,490,15783,0.9948787982246501,0.9666666666666667,30,5828,0.9558329332693231,1.0,460,9955,0.9911720765992122,7363,0.9697938877043355,5628,0.9223034734917733,3282,40b2ee810869,317f685,False,run_experiments
robot_disturbed,nominal,belief_orienteering,8,time_budget,110,0.7333333333333333,35.62503519423913,0.013372292554931439,2664.093314433307,5401.0,294,104,65,24.39854476862665,634.3522076416668,0.23811185749572858,1315.0,0.2434734308461396,0.375,0,1535,151,110,41,41,1119,265,0,0.7284768211920529,27533,145,-0.10055183445278934,1,0.3904067487091973,0.06,0.56,0.7333333333333333,0.013605442176870748,0.2,0.025477707006369428,0.012903225806451613,0.03865456853251131,0.13289605626249246,0.9781392747273235,1.0,469,20985,0.9967001055966209,1.0,25,7551,0.9680069174232598,1.0,444,13434,0.994434506062413,10062,0.9768846861045443,7614,0.9372683959767073,3778,37849373fc1e,317f685,False,run_experiments
robot_disturbed,nominal,belief_orienteering,9,time_budget,136,0.9066666666666666,46.89670501992386,0.01647618634056694,2846.3325220143242,5401.0,266,128,60,21.079757735943843,649.8773481552405,0.22832095095316834,1331.0,0.24643584521384929,0.53125,0,2029,189,136,53,53,1376,464,0,0.7195767195767195,23099,148,-0.03276929131878992,1,0.4530287889132687,0.08,0.5333333333333333,0.9066666666666666,0.0,0.0,0.0,0.0,0.027548069064653225,0.10686412680075193,0.9715039238389296,1.0,443,15103,0.9960076652826573,1.0,25,6237,0.9549763033175356,1.0,418,8866,0.9932716568544996,8323,0.9714005876591577,5105,0.8862134088762984,2118,2c8b43379bc9,317f685,False,run_experiments
robot_disturbed,nominal,belief_orienteering_depth1,0,time_budget,104,0.6933333333333334,36.562167272505775,0.01149495846839681,3180.7132990542295,5401.0,193,93,49,15.405349490181942,1433.7732129732979,0.450770968071729,2113.0,0.3912238474356601,0.4731182795698925,0,1801,146,104,42,42,1138,517,0,0.7123287671232876,22570,144,-0.038349339594005355,1,0.44071129454415325,0.1584204432983054,0.6733333333333333,0.6933333333333334,0.0,0.0,0.0,0.0,0.004364378900225279,0.02349503823696392,0.9675987278028094,1.0,489,14603,0.9966832504145937,0.9933333333333333,20,6010,0.9482454204369897,1.0,469,8593,0.992803938896604,7921,0.9682602658202738,5041,0.8723004694835681,2130,5358ea0f6092,317f685,False,run_experiments
robot_disturbed,nominal,belief_orienteering_depth1,1,time_budget,70,0.4666666666666667,23.75335521021448,0.007184566221660632,3306.1641409332233,5401.0,155,107,82,24.80215636748575,2177.8021081384,0.658709614920594,3337.0,0.6178485465654509,0.2336448598130841,0,1095,102,70,32,32,828,165,0,0.6862745098039216,16511,104,-0.03380312408225817,0,0.26452081745856104,0.17333333333333334,0.3466666666666667,0.3466666666666667,0.058823529411764705,0.19148936170212766,0.08999999999999998,0.04712041884816754,0.014679751753065464,0.047844282353273766,0.9603857426491443,0.98,419,10158,0.9958082263557768,0.82,16,3801,0.9403846153846154,0.98,403,6357,0.9911826720337359,5217,0.9589239224761353,3457,0.8786127167630058,1903,f7e3f8d5811c,317f685,False,run_experiments
robot_disturbed,nominal,belief_orienteering_depth1,2,time_budget,68,0.4533333333333333,23.901430617357246,0.008020498031702376,2980.04319967199,5401.0,203,100,66,22.147329947184843,1765.3695862934223,0.5923973137328126,2847.0,0.5271246065543418,0.34,0,851,84,68,16,16,648,119,0,0.8095238095238095,11964,87,0.004945677512559241,0,0.2808229694079699,0.05333333333333334,0.4533333333333333,0.4533333333333333,0.0,0.0,0.0,0.0,0.0027418630809953504,0.012679924705387731,0.9609477841158403,0.9866666666666667,445,10950,0.9935449166218397,0.8266666666666667,24,3694,0.9451608701315618,0.9866666666666667,421,7256,0.9893014474512272,4767,0.9637645914396887,4112,0.9026232114467408,2516,9f819e72fd8a,317f685,False,run_experiments
robot_disturbed,nominal,belief_orienteering_depth1,3,time_budget,40,0.26666666666666666,14.66700162010611,0.004509296117477174,3252.6144298352024,5401.0,155,100,78,23.980708959700447,1963.5201825755275,0.6036744363441232,3093.0,0.5726717274578782,0.22,0,578,56,40,16,16,440,82,0,0.7142857142857143,12110,100,-0.016594065711120244,0,0.19638056187987812,0.13333333333333333,0.26666666666666666,0.26666666666666666,0.0,0.0,0.0,0.0,0.005566283870661049,0.015079916438633992,0.9581604731220761,1.0,474,10855,0.9909935265972417,0.8733333333333333,32,3521,0.9431584362139918,1.0,442,7334,0.9854607654479367,4677,0.9596103587550487,4209,0.9033974621367171,2443,79283a0ec6ce,317f685,False,run_experiments
robot_disturbed,nominal,belief_orienteering_depth1,4,time_budget,105,0.7,35.69241501723837,0.010518371878873672,3393.3402838634356,5401.0,168,90,55,16.20821827434901,1670.6859382099974,0.49234258826169464,2373.0,0.4393630809109424,0.3888888888888889,0,1394,134,105,29,29,1008,252,0,0.7835820895522388,21710,121,-0.02151409439918745,1,0.5085107802563212,0.46,0.6866666666666666,0.7,0.0,0.0,0.0,0.0,0.003245777582609411,0.010528212035365825,0.9698943903442601,0.9133333333333333,439,14143,0.9967555875991349,0.8533333333333334,18,5530,0.9533982731901705,0.9133333333333333,421,8613,0.9940960377853582,7622,0.968277006012855,4823,0.8872250818905008,2137,827346437bee,317f685,False,run_experiments
robot_disturbed,nominal,belief_orienteering_depth1,5,time_budget,84,0.56,28.189495416060538,0.009334702600034528,3019.8600452419632,5401.0,189,98,59,19.5373292523802,1336.010788625567,0.44240818071372595,2366.0,0.4380670246250694,0.3979591836734694,0,1524,117,84,33,33,858,549,0,0.717948717948718,18912,100,0.0429594590182434,1,0.32401338189881085,0.06,0.54,0.56,0.0,0.0,0.0,0.0,0.005095610501778733,0.018709159454707053,0.9644434115733209,0.74,459,12450,0.9940828402366864,0.6866666666666666,29,4872,0.9463036963036963,0.74,430,7578,0.9926851569643401,6562,0.9628870673952641,4392,0.8731457800511508,1955,0e8fb6c36216,317f685,False,run_experiments
robot_disturbed,nominal,belief_orienteering_depth1,6,time_budget,82,0.5466666666666666,28.734729378401063,0.009288242514726116,3093.667002432738,5401.0,187,78,48,15.515567758991091,1280.2660177584826,0.4138344614180297,1966.0,0.36400666543232735,0.38461538461538464,0,1056,101,82,19,19,729,226,0,0.8118811881188119,13912,89,-0.0121663389463249,1,0.3370830880871263,0.07333333333333333,0.4666666666666667,0.5466666666666666,0.0,0.0,0.0,0.0,0.003867062193683044,0.013833118052526539,0.9657290166047464,0.7066666666666667,452,12737,0.9928456035079621,0.62,31,4302,0.9524616079494128,0.7066666666666667,421,8435,0.9877507544825137,5633,0.970734620744575,5023,0.9068298460323727,2533,1f536f51e7d7,317f685,False,run_experiments
robot_disturbed,nominal,belief_orienteering_depth1,7,time_budget,83,0.5533333333333333,27.398474732480004,0.008963624473233787,3056.6290248207506,5401.0,196,112,63,20.610940839866725,1347.1120628660328,0.4407182068635337,2230.0,0.4128865024995371,0.4375,0,1242,115,83,32,32,926,201,0,0.7217391304347827,15947,125,-0.041116185690730916,1,0.34577691630756585,0.04666666666666667,0.5466666666666666,0.5533333333333333,0.0,0.0,0.0,0.0,0.005098236072235121,0.01971598649183784,0.9665250881865957,1.0,465,13426,0.9965235173824131,0.9133333333333333,17,4873,0.9502277524719476,1.0,448,8553,0.9908286403861625,6215,0.9669839983795827,4937,0.9105512960934647,2739,6cc0a23148ea,317f685,False,run_experiments
robot_disturbed,nominal,belief_orienteering_depth1,8,time_budget,89,0.5933333333333334,28.47003326281557,0.009697171035473495,2935.911221805673,5401.0,198,101,60,20.436585259924247,1219.5683810578007,0.41539688666325875,2199.0,0.4071468246620996,0.40594059405940597,0,1302,119,89,30,30,960,223,0,0.7478991596638656,21202,139,-0.05704848258231619,1,0.33991359970824775,0.05333333333333334,0.56,0.5933333333333334,0.0,0.0,0.0,0.0,0.005733272493764881,0.034239691566312874,0.9716830466830467,1.0,461,15819,0.9943992773261066,0.9933333333333333,31,5504,0.9599813866914844,1.0,430,10315,0.991334958028703,7386,0.9705882352941176,5644,0.928923076923077,3250,b3c2b7025fed,317f685,False,run_experiments
robot_disturbed,nominal,belief_orienteering_depth1,9,time_budget,58,0.38666666666666666,19.170578597782665,0.006401783280642314,2994.568506520766,5401.0,190,96,69,23.041716978506372,1599.4787004026657,0.5341266018525711,2748.0,0.5087946676541382,0.28125,0,753,72,58,14,14,577,104,0,0.8055555555555556,11077,81,0.0449738953921018,0,0.2328215677993552,0.08666666666666667,0.38666666666666666,0.38666666666666666,0.0,0.0,0.0,0.0,0.0049931001901991,0.017127017123699087,0.9544464044827229,0.86,439,9198,0.9876802884615384,0.6533333333333333,41,3287,0.9369155175146616,0.86,398,5911,0.9880334161210206,4429,0.9516590389016019,3496,0.8732476635514018,1712,4056de7de31d,317f685,False,run_experiments
robot_disturbed,nominal,belief_orienteering_no_opportunity_cost,0,time_budget,60,0.4,19.819658727982905,0.006626900018766309,2990.7888563063934,5401.0,232,111,81,27.083155612674883,2017.8381258567294,0.6746842464662476,3146.0,0.5824847250509165,0.2702702702702703,0,755,83,60,23,23,591,81,0,0.7228915662650602,10803,63,0.003798213110581209,0,0.2807584458566955,0.18,0.4,0.4,0.0,0.0,0.0,0.0,0.002606747436805769,0.011209104854166464,0.9527970165157166,0.48,443,8942,0.9931592039800995,0.4266666666666667,22,3194,0.9317555519533149,0.48,421,5748,0.9856470588235294,4250,0.9551733859599661,3547,0.8595717884130982,1588,81c03caa611d,317f685,False,run_experiments
robot_disturbed,nominal,belief_orienteering_no_opportunity_cost,1,time_budget,79,0.5266666666666666,27.327746493618747,0.008827303815934325,3095.82031653753,5401.0,215,114,76,24.54922838835846,1711.4345338836208,0.5528210163688528,2795.0,0.5174967598592853,0.3333333333333333,0,1140,101,79,22,22,816,223,0,0.7821782178217822,18077,124,-0.060676062023135316,1,0.29559627071522787,0.19333333333333333,0.36,0.5266666666666666,0.0,0.0,0.0,0.0,0.015847372953134802,0.04846284893659185,0.9660097769630308,0.9,445,12647,0.995021645021645,0.8533333333333334,23,4597,0.9501888574126535,0.9,422,8050,0.9909420289855072,6072,0.9664959453691848,4686,0.9001713796058269,2334,b9aeb8f168cd,317f685,False,run_experiments
robot_disturbed,nominal,belief_orienteering_no_opportunity_cost,2,time_budget,144,0.96,51.16047770118608,0.016577946029384623,3086.0564759050053,5401.0,220,117,60,19.4422883924717,1054.2026825160474,0.3416018762932379,1747.0,0.32345861877430104,0.48717948717948717,0,2285,186,144,42,42,1324,775,0,0.7741935483870968,29626,150,-0.055140529313808306,1,0.3736961493636866,0.06666666666666667,0.26666666666666666,0.9333333333333333,0.0,0.0,0.0,0.0,0.04793725793452649,0.14684905144218982,0.97506334945865,1.0,433,16931,0.9963820549927641,1.0,25,6885,0.9609718767935719,1.0,408,10046,0.9936538668387652,9297,0.975290957923008,5585,0.9049153908138597,2482,091fd951379e,317f685,False,run_experiments
robot_disturbed,nominal,belief_orienteering_no_opportunity_cost,3,time_budget,134,0.8933333333333333,49.05024701915458,0.01769584322108795,2771.8513555037557,5401.0,281,122,64,23.089261216306692,848.7282060226244,0.3061954257891209,1573.0,0.29124236252545826,0.47540983606557374,0,2107,182,134,48,48,1360,565,0,0.7362637362637363,28048,146,-0.06394978928803507,1,0.4558968760465375,0.09333333333333334,0.4666666666666667,0.8933333333333333,0.0,0.0,0.0,0.0,0.015383438876701143,0.06999524888652574,0.9776272769733769,1.0,479,20931,0.9967824967824968,0.9866666666666667,25,7745,0.9667155425219941,1.0,454,13186,0.9953610326744655,9916,0.9761656681427455,7678,0.9344863731656184,3816,8f1aba102cc1,317f685,False,run_experiments
robot_disturbed,nominal,belief_orienteering_no_opportunity_cost,4,time_budget,102,0.68,35.121549345843434,0.011358746548192314,3092.0268532123246,5401.0,220,107,73,23.60910932069037,1691.6409230959312,0.5470977463661014,2672.0,0.49472319940751713,0.3177570093457944,0,1617,138,102,36,36,1088,391,0,0.7391304347826086,19125,139,-0.03800412497158499,1,0.44908219934255966,0.48,0.52,0.64,0.04329004329004329,0.38461538461538464,0.07782101167315177,0.04048582995951417,0.015362086977234167,0.054013577335667515,0.9699315068493151,1.0,439,14161,0.9944577868095326,0.9866666666666667,30,5383,0.9554805703711766,1.0,409,8778,0.9916093535075653,7270,0.9645753307725139,4686,0.9198184568835098,2644,c7318f93b4c6,317f685,False,run_experiments
robot_disturbed,nominal,belief_orienteering_no_opportunity_cost,5,time_budget,96,0.64,32.43331996928738,0.010923719790760825,2969.0728607593146,5401.0,236,116,66,22.2291614571968,966.3472751429142,0.32547105458900033,1687.0,0.31234956489538973,0.43103448275862066,0,1425,142,96,46,46,1018,265,0,0.676056338028169,20623,102,-0.024773195920488364,1,0.3906796504109261,0.07333333333333333,0.54,0.64,0.057692307692307696,0.07894736842105263,0.06666666666666667,0.034482758620689655,0.008644468812963109,0.0388021607429383,0.9692200291933744,0.7466666666666667,485,15272,0.9951030057413036,0.6933333333333334,29,5893,0.9536349771225217,0.7466666666666667,456,9379,0.9937098844672657,7790,0.9682683590208522,5515,0.8935562805872757,2452,ae2f497d9859,317f685,False,run_experiments
robot_disturbed,nominal,belief_orienteering_no_opportunity_cost,6,time_budget,128,0.8533333333333334,45.109193312005864,0.015523735972232845,2905.820698876368,5401.0,253,117,58,19.959937659755685,890.3772258353919,0.3064116193334591,1532.0,0.2836511757082022,0.5042735042735043,0,1768,178,128,50,50,1332,258,0,0.7191011235955056,26284,149,-0.08841021241594497,1,0.4614528087665423,0.10666666666666667,0.52,0.8533333333333334,0.0,0.0,0.0,0.0,0.008026373430125248,0.05036059883429338,0.97272180615536,1.0,499,17794,0.9956246228123115,1.0,29,6599,0.95970852978997,1.0,470,11195,0.9936504400133674,8977,0.9703538412496016,6274,0.915844838921762,3042,43d4b8af31fc,317f685,False,run_experiments
robot_disturbed,nominal,belief_orienteering_no_opportunity_cost,7,time_budget,112,0.7466666666666667,38.01692278118669,0.013260590657153362,2866.910212681865,5401.0,245,129,69,24.067722698386714,831.7660627537049,0.29012630359833463,1622.0,0.30031475652656914,0.46511627906976744,0,1582,151,112,39,39,1107,324,0,0.7417218543046358,21005,137,-0.08302938438681566,1,0.40717071419322604,0.08666666666666667,0.56,0.7466666666666667,0.0,0.0,0.0,0.0,0.014480284922562809,0.07118805040434213,0.9698887728138634,1.0,490,15783,0.9948787982246501,0.9666666666666667,30,5828,0.9558329332693231,1.0,460,9955,0.9911720765992122,7363,0.9697938877043355,5628,0.9223034734917733,3282,c4459c3e438f,317f685,False,run_experiments
robot_disturbed,nominal,belief_orienteering_no_opportunity_cost,8,time_budget,74,0.49333333333333335,23.262953729092317,0.007951685789545755,2925.5373445058153,5401.0,218,128,93,31.789031910549635,1820.5830810399666,0.6223072436450137,3128.0,0.579152008887243,0.2734375,0,929,91,74,17,17,720,118,0,0.8131868131868132,16092,112,-0.010931135690984535,0,0.30228973388569275,0.08,0.49333333333333335,0.49333333333333335,0.0,0.0,0.0,0.0,0.0056826004035821585,0.014086394769033138,0.9732803755190468,0.98,444,16173,0.994478406625912,0.8733333333333333,28,5043,0.9639702061319938,0.98,416,11130,0.9916016796640672,6668,0.9748119070984625,6114,0.9389830508474576,3835,2d4215e98cbc,317f685,False,run_experiments
robot_disturbed,nominal,belief_orienteering_no_opportunity_cost,9,time_budget,138,0.92,47.49777067483694,0.016241702070962566,2924.4330715655087,5401.0,243,112,58,19.832903875947284,985.800696608171,0.3370912147702022,1768.0,0.32734678763192,0.48214285714285715,0,1826,174,138,36,36,1274,378,0,0.7931034482758621,19778,149,-0.04967458003334052,1,0.47196074376935937,0.07333333333333333,0.52,0.92,0.0,0.0,0.0,0.0,0.011173909994288965,0.06696805840624648,0.9684203171941591,1.0,452,13861,0.9957544666548735,1.0,24,5629,0.9505773672055428,1.0,428,8232,0.9926939426142402,7528,0.9638634842739238,4483,0.8979148566463945,2302,23402c9cba8f,317f685,False,run_experiments
robot_disturbed,nominal,belief_orienteering_density_disabled,0,time_budget,79,0.5266666666666666,27.202609318496393,0.008217193210781615,3310.450249947195,5401.0,185,110,83,25.07211821151033,1927.6765442299454,0.5823004119336014,2948.0,0.5458248472505092,0.24545454545454545,0,1551,101,79,22,22,846,604,0,0.7821782178217822,22883,146,-0.006343860786403744,1,0.23880794681588002,0.07333333333333333,0.26666666666666666,0.5266666666666666,0.010178117048346057,0.125,0.018823529411764708,0.009501187648456057,0.02917968785176531,0.10570985107067185,0.9666712669058791,1.0,483,14009,0.9938775510204082,1.0,33,5357,0.950560316413975,1.0,450,8652,0.9887202339507033,7181,0.9703125,5120,0.8858968507530808,2191,32ea00adcd41,317f685,False,run_experiments
robot_disturbed,nominal,belief_orienteering_density_disabled,1,time_budget,82,0.5466666666666666,25.378278747032954,0.00834468354464279,3041.2511884079267,5401.0,243,132,97,31.894767643569356,1888.7683761306257,0.621049778239259,2922.0,0.5410109239029809,0.26515151515151514,0,1374,112,82,30,30,900,362,0,0.7321428571428571,20671,141,-0.029261771522907966,0,0.2434774887271056,0.2,0.22,0.54,0.02145922746781116,0.32608695652173914,0.040268456375838924,0.02054794520547945,0.046318342379409794,0.1359470627365013,0.9665836916346081,0.9933333333333333,443,12814,0.9941893158388003,0.9733333333333334,31,5304,0.9479929310780106,0.9933333333333333,412,7510,0.9930515344528084,6908,0.9611260053619303,4476,0.8820074746396156,1873,f5146d2505e9,317f685,False,run_experiments
robot_disturbed,nominal,belief_orienteering_density_disabled,2,time_budget,102,0.68,37.52583377413521,0.012436916757100099,3017.293956937689,5401.0,226,123,76,25.188132507027554,1163.90454217871,0.3857444978148498,2048.0,0.3791890390668395,0.3821138211382114,0,1948,144,102,42,42,1102,702,0,0.7083333333333334,23459,144,-0.010270348533859483,1,0.3679470601189998,0.08666666666666667,0.5133333333333333,0.68,0.0,0.0,0.0,0.0,0.005473873039864877,0.027486697673545762,0.9715828725729716,1.0,442,15112,0.9946329639889196,0.9933333333333333,31,5745,0.9579668643894457,1.0,411,9367,0.9935295610251206,7882,0.9704861111111112,5184,0.9043408360128617,2488,4df3e0484043,317f685,False,run_experiments
robot_disturbed,nominal,belief_orienteering_density_disabled,3,time_budget,77,0.5133333333333333,27.376605781694124,0.00883506581394243,3098.630656320826,5401.0,220,133,98,31.626873567552185,1634.782431865514,0.5275822171741439,2648.0,0.4902795778559526,0.2631578947368421,0,1164,106,77,29,29,858,200,0,0.7264150943396226,16770,132,-0.027604476569797032,0,0.3087080732238164,0.1,0.4,0.5133333333333333,0.024844720496894408,0.10810810810810811,0.0404040404040404,0.020618556701030927,0.013556272158778927,0.04497552609940903,0.9665303086649312,1.0,450,12995,0.996415770609319,0.9933333333333333,17,4726,0.9502413238336015,1.0,433,8269,0.9921404682274247,5980,0.9688,5000,0.8997971602434077,2465,b2625b0184cd,317f685,False,run_experiments
robot_disturbed,nominal,belief_orienteering_density_disabled,4,time_budget,108,0.72,36.95231939513379,0.012080596322212258,3058.8158406709267,5401.0,244,113,78,25.500064097644835,1675.2988611554945,0.547695235156109,2583.0,0.478244769487132,0.30973451327433627,0,1655,148,108,40,40,1097,410,0,0.7297297297297297,24463,134,-0.025303673923904736,1,0.45887949042484183,0.48,0.52,0.7,0.015432098765432098,0.19230769230769232,0.028571428571428574,0.014492753623188406,0.02197874223688405,0.06868385182430387,0.9697696098015715,0.98,454,14564,0.9952656496580747,0.9466666666666667,27,5676,0.9541599570585078,0.98,427,8888,0.9918802334432885,7882,0.9662309368191722,4590,0.9076983503534957,2546,37043d61b7b7,317f685,False,run_experiments
robot_disturbed,nominal,belief_orienteering_density_disabled,5,time_budget,84,0.56,28.524091425134603,0.009772870232586271,2918.701542769391,5401.0,229,115,79,27.06683052116434,1256.7520296342016,0.43058600244605366,2292.0,0.42436585817441214,0.3130434782608696,0,1255,111,84,27,27,834,310,0,0.7567567567567568,18335,103,0.04015737024592781,1,0.33771638682876276,0.08666666666666667,0.5466666666666666,0.56,0.0,0.0,0.0,0.0,0.0054445787514640276,0.020773150608303224,0.9630791505791506,0.7533333333333333,459,11973,0.9956736711990112,0.7266666666666667,21,4833,0.9422011084718923,0.7533333333333333,438,7140,0.9908894379246448,6476,0.9613538166106577,4166,0.8664804469273742,1790,5f70263292f4,317f685,False,run_experiments
robot_disturbed,nominal,belief_orienteering_density_disabled,6,time_budget,76,0.5066666666666667,26.09929024394049,0.0089549472359647,2914.510778926869,5401.0,247,121,86,29.50752511255609,1598.6253204590453,0.5485055440582942,2609.0,0.48305869283466024,0.2892561983471074,0,971,98,76,22,22,736,137,0,0.7755102040816326,16642,93,-0.017810289633768916,0,0.32939080229604306,0.10666666666666667,0.5066666666666667,0.5066666666666667,0.0,0.0,0.0,0.0,0.00437585879139542,0.013044162450927684,0.9658257041023133,0.6666666666666666,489,13820,0.992976657715348,0.6266666666666667,34,4807,0.9519433882551753,0.6666666666666666,455,9013,0.9897642679900744,6448,0.9661610268378062,5142,0.9084222140492828,2719,a293bc78ad70,317f685,False,run_experiments
robot_disturbed,nominal,belief_orienteering_density_disabled,7,time_budget,63,0.42,20.554479292901792,0.0065847922606707575,3121.507631405219,5401.0,204,125,93,29.793295734514636,1709.5344226395748,0.5476630604519741,2778.0,0.5143491945935937,0.256,0,836,80,63,17,17,664,92,0,0.7875,15283,107,-0.04557514239253522,0,0.26799244833819574,0.07333333333333333,0.4,0.42,0.0,0.0,0.0,0.0,0.005496746961948919,0.021576024153210784,0.9647549853145773,0.98,456,12482,0.9931287219422813,0.88,30,4336,0.9503033131124592,0.98,426,8146,0.9901150251617541,5564,0.9640971488912354,4735,0.9124668435013262,2639,390a4e7bfa7c,317f685,False,run_experiments
robot_disturbed,nominal,belief_orienteering_density_disabled,8,time_budget,110,0.7333333333333333,35.62503519423913,0.013372292554931439,2664.093314433307,5401.0,294,104,65,24.39854476862665,634.3522076416668,0.23811185749572858,1315.0,0.2434734308461396,0.375,0,1535,151,110,41,41,1119,265,0,0.7284768211920529,27533,145,-0.10055183445278934,1,0.3904067487091973,0.06,0.56,0.7333333333333333,0.013605442176870748,0.2,0.025477707006369428,0.012903225806451613,0.03865456853251131,0.13289605626249246,0.9781392747273235,1.0,469,20985,0.9967001055966209,1.0,25,7551,0.9680069174232598,1.0,444,13434,0.994434506062413,10062,0.9768846861045443,7614,0.9372683959767073,3778,c035397fdb2a,317f685,False,run_experiments
robot_disturbed,nominal,belief_orienteering_density_disabled,9,time_budget,123,0.82,42.552056764783025,0.01558328072050483,2730.622487522289,5401.0,270,135,71,26.00139723613862,819.343522384668,0.3000574140617012,1688.0,0.3125347157933716,0.4740740740740741,0,2035,178,123,55,55,1362,495,0,0.6910112359550562,25448,149,-0.028993788393024383,1,0.3849299204829887,0.06666666666666667,0.4266666666666667,0.82,0.023255813953488372,0.6190476190476191,0.044827586206896544,0.02292768959435626,0.04389866552505813,0.1618685246934615,0.975031935895947,1.0,430,16792,0.9971139971139971,1.0,20,6910,0.9601632335794792,1.0,410,9882,0.9937595795927304,9134,0.9735171413023762,5513,0.9118446601941748,2575,80b212ce1490,317f685,False,run_experiments
robot_disturbed,nominal,oracle_current_physics,0,done,150,1.0,52.872430006813836,0.036245606021040516,1458.7266102302572,2274.0,154,152,9,6.169764736504922,51.91182160180722,0.03558708070295162,111.0,0.048812664907651716,0.9407894736842105,0,1866,201,150,51,51,1407,258,0,0.746268656716418,7200,150,-0.06425249335442416,1,0.7704240574594726,0.5133333333333333,0.9933333333333333,0.9933333333333333,0.0,0.0,0.0,0.0,0.01909741789427861,0.07960407794184356,0.9670212765957447,1.0,186,5454,0.9915134370579916,1.0,18,2103,0.9522591645353794,1.0,168,3351,0.9920159680638723,3006,0.961910176236498,1759,0.8914285714285715,875,8dda85cab3c3,317f685,False,run_experiments
robot_disturbed,nominal,oracle_current_physics,1,done,150,1.0,50.8182193007545,0.03181133974007286,1597.4875536832108,2471.0,155,153,12,7.511795614515101,73.65239760515642,0.046105146444078045,170.0,0.0687980574666127,0.9215686274509803,0,1583,188,150,38,38,1316,79,0,0.7978723404255319,6558,150,-0.053664885324963316,1,0.7655832141911998,0.5466666666666666,0.9933333333333333,0.9933333333333333,0.0,0.0,0.0,0.0,0.013951759103110214,0.05896007558363198,0.9658181818181818,1.0,188,5312,0.9950738916256158,1.0,10,2020,0.9487031700288184,1.0,178,3292,0.989803094233474,2844,0.9651685393258427,1780,0.889269406392694,876,484e03160af9,317f685,False,run_experiments
robot_disturbed,nominal,oracle_current_physics,2,done,150,1.0,53.55858487963708,0.03124822671077179,1713.9719759257423,2659.0,154,152,9,5.250960999603837,57.03362437608678,0.033275704140542935,121.0,0.04550582925911997,0.9407894736842105,0,1636,196,150,46,46,1372,68,0,0.7653061224489796,5952,150,-0.0793787194347862,1,0.7763746484523986,0.6,0.9933333333333333,0.9933333333333333,0.0,0.0,0.0,0.0,0.010838151234028611,0.05689635183265505,0.955772734802054,1.0,267,5770,0.9885167464114832,1.0,24,2066,0.938434253863694,1.0,243,3704,0.9893579283433842,2819,0.9526570048309179,2070,0.8789198606271778,1148,d07a0ce88c7b,317f685,False,run_experiments
robot_disturbed,nominal,oracle_current_physics,3,done,150,1.0,54.76876920111486,0.03169439291928524,1728.0270784990944,2663.0,159,155,11,6.3656409884237615,76.61011011236172,0.044333859732627955,154.0,0.057829515583927904,0.9290322580645162,0,1749,206,150,56,56,1442,101,0,0.7281553398058253,7140,150,-0.03457769226421162,2,0.8058814683227943,0.62,0.9933333333333333,0.9933333333333333,0.0,0.0,0.0,0.0,0.008217197789605035,0.04927944784694838,0.9592668024439919,1.0,240,5652,0.9944776806258628,1.0,12,2161,0.9386931970959935,1.0,228,3491,0.9895185063871602,3053,0.9571583514099783,1844,0.8703517587939699,995,0a779e9b0d3c,317f685,False,run_experiments
robot_disturbed,nominal,oracle_current_physics,4,done,150,1.0,52.2599353644664,0.03720242459812078,1404.7454145530673,2186.0,157,154,10,7.118727633064808,36.96037767066372,0.026311086185266532,100.0,0.04574565416285453,0.935064935064935,0,1868,205,150,55,55,1437,226,0,0.7317073170731707,7774,150,-0.08139748641252187,1,0.803430168385918,0.6066666666666667,0.9933333333333333,0.9933333333333333,0.0,0.0,0.0,0.0,0.0205143741591948,0.08608539227907984,0.9715364507696777,1.0,196,6690,0.9954769736842105,1.0,11,2421,0.9584643017512349,1.0,185,4269,0.9901705695287656,3459,0.9720620842572062,2255,0.9155290102389079,1172,523471e1d876,317f685,False,run_experiments
robot_disturbed,nominal,oracle_current_physics,5,done,150,1.0,51.720302261646665,0.02967794811731695,1742.718265332774,2699.0,155,152,9,5.164345941070078,45.20247519449788,0.025937913255225115,110.0,0.04075583549462764,0.9407894736842105,0,1668,202,150,52,52,1418,48,0,0.7425742574257426,6292,150,-0.08830850934886914,1,0.7914417967650609,0.6133333333333333,0.9933333333333333,0.9933333333333333,0.0,0.0,0.0,0.0,0.009999027878552943,0.06456238130144756,0.9635674249917573,1.0,221,5845,0.9898850574712643,1.0,22,2153,0.9488563351323567,1.0,199,3692,0.9903846153846154,3016,0.9670658682634731,2004,0.8795411089866156,1046,2cdd159c5faa,317f685,False,run_experiments
robot_disturbed,nominal,oracle_current_physics,6,done,150,1.0,52.643440594451036,0.035718042958597956,1473.8612822508753,2403.0,163,161,16,10.855838465045272,78.21410520007626,0.053067480733755334,190.0,0.07906783187682064,0.9006211180124224,0,1746,201,150,51,51,1407,138,0,0.746268656716418,6891,150,-0.06659540367294972,1,0.7761485630927195,0.52,0.9933333333333333,0.9933333333333333,0.0,0.0,0.0,0.0,0.018043301880574857,0.07174693181409934,0.9648355209852536,1.0,217,5954,0.9939365671641791,1.0,13,2131,0.9493419418922274,1.0,204,3823,0.9913735899137359,3014,0.9598811292719168,2019,0.9033391915641477,1138,ac8515969071,317f685,False,run_experiments
robot_disturbed,nominal,oracle_current_physics,7,done,150,1.0,51.19441566855559,0.029492486751338767,1735.8460173329297,2609.0,152,149,4,2.304351860740429,49.835120478900365,0.02870941315144438,87.0,0.03334610962054427,0.9731543624161074,0,1712,198,150,48,48,1386,128,0,0.7575757575757576,6399,150,-0.07027135673297527,1,0.7533342293568053,0.5266666666666666,0.9933333333333333,0.9933333333333333,0.0,0.0,0.0,0.0,0.012460930760401775,0.06937175318440601,0.9599096555618295,1.0,213,5100,0.9954268292682927,1.0,9,1959,0.9390134529147982,1.0,204,3141,0.9925373134328358,2680,0.9516031457955233,1653,0.8846938775510204,980,139b264de3a6,317f685,False,run_experiments
robot_disturbed,nominal,oracle_current_physics,8,done,150,1.0,48.946937895844414,0.02920084400791533,1676.2165464318978,2639.0,155,153,7,4.1760714120742035,100.0766621835291,0.05970389828006334,159.0,0.06025009473285335,0.954248366013072,0,1623,195,150,45,45,1365,63,0,0.7692307692307693,5893,150,-0.05761611520619164,1,0.7880251855250542,0.6133333333333333,0.9933333333333333,0.9933333333333333,0.0,0.0,0.0,0.0,0.007587168990982588,0.04855286155222138,0.9589521107959286,1.0,246,5747,0.995147986414362,1.0,10,2051,0.9399796541200407,1.0,236,3696,0.9930094372596994,2861,0.9537856440511308,2034,0.8797814207650273,1098,d9c6fb8b5bca,317f685,False,run_experiments
robot_disturbed,nominal,oracle_current_physics,9,done,150,1.0,52.38418063500721,0.034630786562653684,1512.647728639783,2415.0,158,156,10,6.610924546848916,55.134115495525,0.03644874774981694,131.0,0.054244306418219465,0.9358974358974359,0,1740,207,150,57,57,1449,84,0,0.7246376811594203,6576,150,-0.07784096293115579,1,0.7711837201861481,0.52,0.9933333333333333,0.9933333333333333,0.0,0.0,0.0,0.0,0.019484814120392747,0.08300025860581252,0.964765100671141,1.0,210,5750,0.9951002227171493,1.0,11,2234,0.9464333781965006,1.0,199,3516,0.9900863447393669,3127,0.9612403100775194,1935,0.8841870824053452,898,9887569d7fee,317f685,False,run_experiments
