,,,seed,seed,collected,collected,collected_ratio,collected_ratio,collected_mass_kg,collected_mass_kg,collected_mass_per_meter,collected_mass_per_meter,path_length_m,path_length_m,sim_time_s,sim_time_s,goal_count,goal_count,evaluated_goal_count,evaluated_goal_count,empty_goal_arrivals,empty_goal_arrivals,empty_goal_arrivals_per_km,empty_goal_arrivals_per_km,wasted_path_to_empty_goals,wasted_path_to_empty_goals,wasted_path_ratio,wasted_path_ratio,wasted_time_to_empty_goals,wasted_time_to_empty_goals,wasted_time_ratio,wasted_time_ratio,goal_success_rate,goal_success_rate,route_false_visits,route_false_visits,capture_contacts,capture_contacts,terminal_capture_attempts,terminal_capture_attempts,successful_captures,successful_captures,missed_capture_count,missed_capture_count,missed_captures,missed_captures,partial_contact_events,partial_contact_events,throughput_limit_events,throughput_limit_events,bin_full_events,bin_full_events,collection_precision,collection_precision,pushed_away_events,pushed_away_events,pushed_away_debris_count,pushed_away_debris_count,info_gain_total,info_gain_total,unload_events,unload_events,auc_collected_by_path,auc_collected_by_path,collected_ratio_at_1km,collected_ratio_at_1km,collected_ratio_at_2km,collected_ratio_at_2km,collected_ratio_at_3km,collected_ratio_at_3km,map_precision,map_precision,map_recall,map_recall,map_f1,map_f1,map_iou,map_iou,map_brier,map_brier,count_mae,count_mae,detection_precision,detection_precision,detection_recall,detection_recall,false_detection_count,false_detection_count,true_detection_count,true_detection_count,camera_detection_precision,camera_detection_precision,camera_detection_recall,camera_detection_recall,camera_false_detection_count,camera_false_detection_count,camera_true_detection_count,camera_true_detection_count,radar_detection_precision,radar_detection_precision,radar_detection_recall,radar_detection_recall,radar_false_detection_count,radar_false_detection_count,radar_true_detection_count,radar_true_detection_count,near_range_detection_precision,near_range_detection_precision,near_range_detection_count,near_range_detection_count,mid_range_detection_precision,mid_range_detection_precision,mid_range_detection_count,mid_range_detection_count,far_range_detection_precision,far_range_detection_precision,far_range_detection_count,far_range_detection_count,oracle_current_collected_ratio,oracle_current_collected_ratio,oracle_current_auc_collected_by_path,oracle_current_auc_collected_by_path,oracle_current_path_length_m,oracle_current_path_length_m,oracle_gap_collected_ratio,oracle_gap_collected_ratio,oracle_gap_auc_collected_by_path,oracle_gap_auc_collected_by_path,collected_ratio_vs_oracle,collected_ratio_vs_oracle
,,,mean,std,mean,std,mean,std,mean,std,mean,std,mean,std,mean,std,mean,std,mean,std,mean,std,mean,std,mean,std,mean,std,mean,std,mean,std,mean,std,mean,std,mean,std,mean,std,mean,std,mean,std,mean,std,mean,std,mean,std,mean,std,mean,std,mean,std,mean,std,mean,std,mean,std,mean,std,mean,std,mean,std,mean,std,mean,std,mean,std,mean,std,mean,std,mean,std,mean,std,mean,std,mean,std,mean,std,mean,std,mean,std,mean,std,mean,std,mean,std,mean,std,mean,std,mean,std,mean,std,mean,std,mean,std,mean,std,mean,std,mean,std,mean,std,mean,std,mean,std,mean,std,mean,std,mean,std,mean,std
scenario,profile,mode,,,,,,,,,,,,,,,,,,,,,,,,,,,,,,,,,,,,,,,,,,,,,,,,,,,,,,,,,,,,,,,,,,,,,,,,,,,,,,,,,,,,,,,,,,,,,,,,,,,,,,,,,,,,,,,,,,,,,,,,,,,,,,,,
robot_disturbed,nominal,active,1.0,1.0,5.0,1.0,0.03333333333333333,0.006666666666666666,1.409322473846287,0.4593918853546608,0.0003914669463690294,0.00012760691370550869,3600.108256966369,0.036029192549009235,5056.666666666667,158.6074819588701,141.33333333333334,16.258331197676263,140.33333333333334,16.258331197676263,135.33333333333334,17.21433511156714,37.59149033710876,4.781921158664241,3433.9082569663638,100.12094812119365,0.9538348918284104,0.027819133048095277,4848.333333333333,261.3050579941639,0.9583420309590158,0.021961857344336717,0.03652356468699714,0.011685846987503136,0.0,0.0,96.66666666666667,15.011106998930268,6.666666666666667,1.1547005383792517,5.0,1.0,1.6666666666666667,0.5773502691896257,1.6666666666666667,0.5773502691896257,88.33333333333333,13.051181300301263,1.6666666666666667,2.0816659994661326,0.0,0.0,0.75,0.08333333333333337,5325.0,660.3393067204163,18.666666666666668,3.785938897200182,-0.0009393026663835902,0.019498694186170992,0.0,0.0,0.02417260960720574,0.005156205368866094,0.02,0.006666666666666667,0.03333333333333333,0.006666666666666666,0.03333333333333333,0.006666666666666666,0.0,0.0,0.0,0.0,0.0,0.0,0.0,0.0,0.00647728727413939,0.0008050845680947327,0.01798743305297541,0.0025406325107209756,0.9435080681026081,0.0048693164304266096,0.5244444444444444,0.08009253907084492,442.3333333333333,2.3094010767585114,7426.0,666.473555364352,0.9895569989158558,0.0009757401695841292,0.35777777777777775,0.036717136981907324,24.0,3.605551275463989,2283.0,382.31793052379845,0.9243136174498886,0.007250165378475998,0.5244444444444444,0.08009253907084492,418.3333333333333,3.7859388972001855,5143.0,540.2082931610732,0.9799035511106883,0.0020260022386627955,2766.3333333333335,439.4966818228931,0.9540938941512548,0.004554087817971064,3390.6666666666665,294.8055856549081,0.8620516121253176,0.017393418525624014,1711.3333333333333,325.1727745881155,1.0,0.0,0.7707939733676903,0.005405218930608477,1590.0620466130702,127.78459529102877,0.9666666666666667,0.006666666666666682,0.7466213637604846,0.009854984469780875,0.03333333333333333,0.006666666666666666
robot_disturbed,nominal,belief_cluster_route,1.0,1.0,73.33333333333333,38.68246803570493,0.48888888888888893,0.25788312023803284,26.29946916944907,15.088035826048415,0.008338889211872334,0.005020332148825688,3193.6926963075693,99.37954907690076,5401.0,0.0,193.0,12.12435565298214,126.33333333333333,24.583192089989723,97.66666666666667,30.61590000854676,30.404371989609256,8.779890862881086,2029.6620591735398,600.8124578053236,0.6320062226113661,0.16991220975063878,3209.3333333333335,813.9805484981404,0.5942109485897673,0.1507092294941937,0.2396778754059127,0.11399786912337463,0.0,0.0,1052.3333333333333,687.0824792798412,97.66666666666667,54.720501947015556,73.33333333333333,38.68246803570493,24.333333333333332,16.041612554021285,24.333333333333332,16.041612554021285,753.6666666666666,415.21600804079475,201.0,219.39234261933575,0.0,0.0,0.7632772323515661,0.03630116737590416,14968.0,7911.725981099194,101.0,41.72529209005013,-0.022462451569240385,0.015308573936235035,0.3333333333333333,0.5773502691896258,0.2967226325459559,0.10401839104601109,0.09555555555555556,0.05091750772173157,0.3955555555555556,0.12932875135067967,0.48888888888888893,0.25788312023803284,0.0,0.0,0.0,0.0,0.0,0.0,0.0,0.0,0.004807295606807164,0.000628400674733099,0.019573970156267297,0.01149504862134192,0.958381010462431,0.015938417656584835,0.8111111111111112,0.24570382652773315,440.0,36.71511950137164,11287.333333333334,4534.589764613039,0.9928087150620368,0.001963038395739079,0.7488888888888888,0.27787553835272144,27.666666666666668,6.6583281184793925,4164.333333333333,2010.2542956883176,0.9406494818729874,0.020841909937565323,0.8088888888888889,0.24452523917295854,412.3333333333333,39.526362510776686,7123.0,2527.5998496597517,0.9875076959791157,0.004626278096426532,5414.0,2604.481714276374,0.9621318840741422,0.012102592348456835,4181.0,1445.5210133374055,0.8852379931903732,0.03364375501491162,2132.3333333333335,498.07261853401786,1.0,0.0,0.7707939733676903,0.005405218930608477,1590.0620466130702,127.78459529102877,0.5111111111111111,0.2578831202380329,0.47407134082173447,0.10169744982090591,0.48888888888888893,0.25788312023803284
robot_disturbed,nominal,belief_horizon,1.0,1.0,79.0,19.924858845171276,0.5266666666666667,0.13283239230114186,26.893116695392298,7.656920787997127,0.008877641750113628,0.0026127569171347496,3036.8164355957138,46.345734462885794,5401.0,0.0,246.33333333333334,7.5055534994651385,130.0,19.0,91.66666666666667,22.368132093076824,30.11741152198576,6.9042712924094305,1595.2264563704387,447.40597220263857,0.5240330539914188,0.139383504164781,2522.0,682.463918460163,0.4669505647102388,0.1263588073431148,0.3011990307292321,0.06980448515285828,0.0,0.0,1225.0,566.8077275408302,106.33333333333333,27.15388247255507,79.0,19.924858845171276,27.333333333333332,7.234178138070235,27.333333333333332,7.234178138070235,810.6666666666666,238.41210819363462,308.0,335.7201215298243,0.0,0.0,0.7434352393110708,0.0034293469550173822,15494.666666666666,5088.491950797735,104.66666666666667,40.01666319589045,-0.020335246671106384,0.019340848760432704,0.6666666666666666,0.5773502691896258,0.3439084095528848,0.06580188589456183,0.1711111111111111,0.0674399595799712,0.47333333333333333,0.08819171036881972,0.5266666666666667,0.13283239230114186,0.0,0.0,0.0,0.0,0.0,0.0,0.0,0.0,0.003837391110201869,0.0006336551274294034,0.016534820001512764,0.005249670597622299,0.9600920102094923,0.009700765208448434,0.7977777777777778,0.24407042092472078,461.0,10.44030650891055,11523.666666666666,2670.5209853759497,0.9940106850337384,0.0006718168666748666,0.7533333333333333,0.2838622514139169,25.666666666666668,7.505553499465135,4250.333333333333,1066.0264224367675,0.9415381547090469,0.014103813290616371,0.7977777777777778,0.24407042092472078,435.3333333333333,13.203534880225567,7273.333333333333,1636.9362642856117,0.9889400307026271,0.001703185259124384,5592.0,1515.9264494031365,0.9612171218170357,0.007183161289259859,4199.0,734.6516181156888,0.8850608889744961,0.029561083522670242,2193.6666666666665,552.8131088653139,1.0,0.0,0.7707939733676903,0.005405218930608477,1590.0620466130702,127.78459529102877,0.47333333333333333,0.13283239230114186,0.4268855638148055,0.0679957138494892,0.5266666666666667,0.13283239230114186
robot_disturbed,nominal,belief_horizon_no_efficiency,1.0,1.0,102.0,43.31281565541543,0.68,0.2887521043694362,35.74957772200942,16.405436650691755,0.010990345392896382,0.005166394077586527,3258.934929512527,86.56387926303398,5401.0,0.0,99.33333333333333,9.504384952922168,41.666666666666664,17.61628034896508,21.666666666666668,16.258331197676267,6.655680153676855,5.0496133104966585,945.5596729598416,801.8395062021866,0.2901366342602194,0.24879236183392336,1456.6666666666667,1331.9580824235172,0.2697031413935691,0.24661323503490418,0.5191532258064516,0.18450334714215816,0.0,0.0,1492.3333333333333,865.6791168402605,131.66666666666666,57.17808437971085,102.0,43.31281565541543,29.666666666666668,14.468356276140469,29.666666666666668,14.468356276140469,964.0,406.65587417372933,396.6666666666667,440.55003499413476,0.0,0.0,0.780317391948593,0.03358209746202554,20752.666666666668,9724.322924159467,109.0,45.17742799230607,-0.03609708232175755,0.03145742368310564,0.6666666666666666,0.5773502691896258,0.32685061787310205,0.06601518131707852,0.06,0.04666666666666666,0.41111111111111115,0.11476223407711429,0.6311111111111111,0.22679734794974357,0.0009324009324009324,0.0016149657879430091,0.09523809523809523,0.1649572197684645,0.0018467220683287165,0.003198616449804021,0.000925925925925926,0.0016037507477489605,0.018308695775300154,0.0265025585836346,0.06839118223250112,0.08892826776599831,0.9650008033781958,0.01622039527805886,0.82,0.2946183972531247,459.3333333333333,28.536526301099315,14424.0,5877.262713202465,0.9948094598008262,0.003089274447444497,0.7733333333333333,0.3100537587795596,24.666666666666668,4.618802153517007,5557.666666666667,2278.4096061361165,0.947261836529746,0.023945926920930477,0.82,0.2946183972531247,434.6666666666667,24.785748593361745,8866.333333333334,3601.9163418010326,0.9909043239374267,0.0037348510772088834,7085.666666666667,2857.926229512115,0.9647037542999258,0.019781280934874645,5192.333333333333,2026.8587354162928,0.8945328613515143,0.047525434936315676,2605.3333333333335,996.486494305534,1.0,0.0,0.7707939733676903,0.005405218930608477,1590.0620466130702,127.78459529102877,0.32,0.2887521043694362,0.44394335549458824,0.06705148163635075,0.68,0.2887521043694362
robot_disturbed,nominal,belief_horizon_no_refinement,1.0,1.0,99.0,12.489995996796797,0.66,0.08326663997864533,34.417585061660006,6.198925463389798,0.010718547194269708,0.0018704356073133833,3208.921776620223,31.512045459599353,5401.0,0.0,179.33333333333334,15.307950004273382,177.33333333333334,15.307950004273382,114.0,6.557438524302,35.517177311899786,1.7652782899149602,2191.852880679145,79.9524696333446,0.6832555052515671,0.03145031301987265,3754.0,189.94999341932075,0.6950564710238845,0.035169411853234724,0.35574574997651925,0.03316093811337164,0.0,0.0,1670.6666666666667,360.02962841040363,139.0,17.320508075688775,99.0,12.489995996796797,40.0,6.0,40.0,6.0,1086.6666666666667,154.78156651660214,445.0,193.15278926280098,0.0,0.0,0.7123681687440078,0.020202595882747355,22606.0,3973.9236278519497,136.33333333333334,20.231987873991354,-0.029116875145841187,0.026286896135541245,1.0,0.0,0.37914349314213736,0.06017867667541545,0.14222222222222222,0.04233901974057255,0.5561588608718849,0.05171194478406946,0.66,0.08326663997864533,0.0,0.0,0.0,0.0,0.0,0.0,0.0,0.0,0.005911336128868956,0.0038325927504873555,0.02878138081592177,0.021072849435896785,0.969639352254508,0.005139397064459762,0.9822222222222222,0.030792014356780063,456.3333333333333,31.89566323708182,14772.333333333334,1810.6519083836442,0.9953274856064951,0.0010768296334645968,0.9466666666666667,0.08666666666666666,26.333333333333332,4.932882862316247,5685.666666666667,756.3956195889378,0.954271525977538,0.007447935499328877,0.9822222222222222,0.030792014356780063,430.0,28.160255680657446,9086.666666666666,1076.074501757817,0.9924259375473093,0.002049181085522867,7574.666666666667,1084.1099267755706,0.9700159402790455,0.0033129737428926665,5251.333333333333,381.4135987787187,0.8962422302602749,0.023506611028929203,2402.6666666666665,366.1452353006022,1.0,0.0,0.7707939733676903,0.005405218930608477,1590.0620466130702,127.78459529102877,0.34,0.08326663997864533,0.39165048022555293,0.061466437590623334,0.66,0.08326663997864533
robot_disturbed,nominal,belief_horizon_no_track_prediction,1.0,1.0,77.0,34.044089061098404,0.5133333333333333,0.22696059374065605,26.83451862279438,13.085034718738317,0.00880411793814244,0.004421215561836247,3069.3809194820024,95.46107125935139,5401.0,0.0,224.0,19.157244060668017,163.66666666666666,19.42506971244462,114.66666666666667,22.5905584998099,37.38972136009156,7.6394521261268755,1956.2633791641965,627.8078573807139,0.6350434291261869,0.19193661674663642,3239.3333333333335,919.0213998233846,0.599765475529223,0.1701576374418413,0.29887315116425633,0.11561008874212664,0.0,0.0,1080.6666666666667,649.1797388499839,102.33333333333333,46.736851983561465,77.0,34.044089061098404,25.333333333333332,12.858201014657274,25.333333333333332,12.858201014657274,771.0,361.9447471645361,207.33333333333334,245.70375115844962,0.0,0.0,0.7546897546897547,0.02020202020202019,18300.333333333332,7704.816502249313,101.66666666666667,38.501082235871415,-0.027542765663000512,0.014962164619219603,0.3333333333333333,0.5773502691896258,0.31393167905970126,0.11078693532862792,0.12,0.02905932629027115,0.41333333333333333,0.12858201014657272,0.4977777777777778,0.24813377515036192,0.027777777777777776,0.048112522432468816,0.018518518518518517,0.032075014954979206,0.022222222222222223,0.03849001794597505,0.011494252873563218,0.01990862997205606,0.005487763441330414,0.0010849725303918958,0.026162404776260268,0.01648920621514179,0.9628949690129688,0.013478506771654387,0.7822222222222223,0.2653578994769419,457.0,18.24828759089466,12903.0,4475.455395822865,0.9943844587402353,0.0023615936270912287,0.7399999999999999,0.29242282932615077,24.333333333333332,1.5275252316519465,4789.333333333333,1816.1256380915208,0.9456835986528557,0.018442874938638366,0.7822222222222223,0.2653578994769419,432.6666666666667,16.772994167212172,8113.666666666667,2659.6868863333016,0.9904693743472791,0.004744248390921936,6391.0,2485.8648394472293,0.9639696663298634,0.012502898033647005,4795.0,1549.1258825544166,0.8845508266475542,0.027165399230418975,2174.0,437.03661173865055,1.0,0.0,0.7707939733676903,0.005405218930608477,1590.0620466130702,127.78459529102877,0.48666666666666664,0.22696059374065602,0.456862294307989,0.10781791447114938,0.5133333333333333,0.22696059374065605
robot_disturbed,nominal,belief_horizon_provisional,1.0,1.0,98.0,33.77869150810907,0.6533333333333333,0.22519127672072714,34.23987613920526,12.66887826041949,0.012356412280037433,0.005264261118954789,2815.78048513366,215.43002351343503,5401.0,0.0,288.3333333333333,31.564748269760265,128.66666666666666,7.505553499465135,84.66666666666667,16.258331197676267,29.934688082043603,4.096025601885043,1246.4194021503374,535.4952174393244,0.4358738968256565,0.16193667605781883,2104.3333333333335,740.7849440514659,0.38961920631981733,0.13715699760256725,0.3418020837651481,0.12022044081676243,0.0,0.0,1836.6666666666667,821.7939725584104,128.66666666666666,42.91076011134426,98.0,33.77869150810907,30.666666666666668,10.016652800877813,30.666666666666668,10.016652800877813,991.6666666666666,268.57090932067337,716.3333333333334,685.4198226877694,0.0,0.0,0.760628381190179,0.03478036769537063,22268.666666666668,7542.884351051216,130.66666666666666,28.448784391135828,-0.04792758565502738,0.02910579463428435,0.6666666666666666,0.5773502691896258,0.3671702149846275,0.06839785897222432,0.14888888888888888,0.06809579309353138,0.47555555555555556,0.06677768533918539,0.62,0.25957229778575713,0.04066110541107196,0.06930977544627262,0.26702033598585323,0.3977394394803092,0.06981369366207481,0.11872405458936791,0.03888616691164462,0.06625266153182272,0.023165586949303624,0.02578138570231258,0.085677986229949,0.07323358825676163,0.9686988045101953,0.005494477850543732,0.9511111111111111,0.0846780394811451,461.0,11.135528725660043,14620.666666666666,3028.5478918672125,0.9949282551977067,0.0005956062061085217,0.9355555555555556,0.11162105204332765,28.666666666666668,4.509249752822893,5724.0,1493.5705540750325,0.9528690372365837,0.007216211621633717,0.9511111111111111,0.0846780394811451,432.3333333333333,8.736894948054102,8896.666666666666,1535.1316990191212,0.9919310436664137,0.0005115753309735077,7540.333333333333,2013.8878651338396,0.9684801612762831,0.006835976996192525,5246.333333333333,820.7583891336924,0.8954216468593437,0.008217468355018851,2295.0,212.5864530020669,1.0,0.0,0.7707939733676903,0.005405218930608477,1590.0620466130702,127.78459529102877,0.3466666666666667,0.22519127672072714,0.4036237583830628,0.06597028215946539,0.6533333333333333,0.22519127672072714
robot_disturbed,nominal,belief_orienteering,1.0,1.0,93.66666666666667,38.759944960401235,0.6244444444444445,0.2583996330693416,31.722260633904586,14.224891255149466,0.010024694734113803,0.004797063890698899,3197.8164866961674,168.57881064903944,5401.0,0.0,209.33333333333334,45.785732857881975,111.33333333333333,17.55942292142123,73.33333333333333,27.970222261064233,22.93242777737161,8.471636459504648,1547.7726692578847,790.2533342998432,0.4797372839192727,0.2345284115473495,2341.6666666666665,1182.5719146560741,0.43356168610751095,0.21895425192669402,0.35434186371998605,0.15125727844188197,0.0,0.0,1459.6666666666667,713.8636657887369,126.66666666666667,47.87831798772105,93.66666666666667,38.759944960401235,33.0,9.16515138991168,33.0,9.16515138991168,949.6666666666666,363.24280217690944,383.3333333333333,311.13716160775994,0.0,0.0,0.7299892617083433,0.0390340484561045,18901.0,6539.813758816072,114.0,46.357307945997036,-0.046236208606558825,0.037336659066249576,0.6666666666666666,0.5773502691896258,0.3422965520669334,0.0942669450105414,0.0911111111111111,0.037908271353848846,0.4577777777777778,0.10859370420329437,0.6244444444444445,0.2583996330693416,0.0026041666666666665,0.004510548978043952,0.041666666666666664,0.07216878364870323,0.004901960784313725,0.008490445135141555,0.0024691358024691358,0.004276668660663895,0.010101829548134475,0.010371912424275443,0.04305048757762111,0.039585471527532744,0.9646542956768771,0.012219564975801542,0.8377777777777777,0.28097713100561794,469.0,20.784609690826528,13803.666666666666,4406.638893003752,0.9947602645400963,0.002714677079191983,0.7999999999999999,0.32910653459193284,24.666666666666668,4.041451884327381,5262.0,1710.335347234571,0.9471805015406162,0.01690245183546289,0.8377777777777777,0.28097713100561794,444.3333333333333,17.785762095938793,8541.666666666666,2720.1223011720144,0.9899508765969095,0.004106494729057484,6961.333333333333,2337.590497356912,0.9672220567868276,0.00894331910245208,4972.0,1293.6742248340577,0.8846491148934965,0.040788061200550646,2339.3333333333335,774.7788931903948,1.0,0.0,0.7707939733676903,0.005405218930608477,1590.0620466130702,127.78459529102877,0.3755555555555556,0.25839963306934166,0.4284974213007569,0.09352587366316736,0.6244444444444445,0.2583996330693416
robot_disturbed,nominal,belief_orienteering_density_disabled,1.0,1.0,87.66666666666667,12.503332889007366,0.5844444444444444,0.08335555259338251,30.03557394655485,6.55057552601236,0.009666264504174835,0.0024003018302469563,3122.998465097604,162.7793474842639,5401.0,0.0,218.0,29.816103031751148,121.66666666666667,11.060440015358038,85.33333333333333,10.692676621563626,27.385006120702414,3.9059987933996427,1660.1164875130937,430.17227061447284,0.5296982293292367,0.1261641231093834,2639.3333333333335,512.2746659101281,0.4886749367401098,0.0948481144066151,0.29757329391475734,0.07387366385407941,0.0,0.0,1624.3333333333333,293.94273818778606,119.0,22.338307903688676,87.66666666666667,12.503332889007366,31.333333333333332,10.066445913694334,31.333333333333332,10.066445913694334,949.3333333333334,134.94196283340972,556.0,175.00857121866918,0.0,0.0,0.7408848027659909,0.03769062152892224,22337.666666666668,1471.827888488777,143.66666666666666,2.5166114784235836,-0.015291993614390398,0.01225644106654575,0.6666666666666666,0.5773502691896258,0.28341083188732846,0.07324774104464309,0.12,0.06960204339273701,0.3333333333333333,0.1576212055671585,0.5822222222222222,0.0849400660160729,0.010545781505385737,0.010734337135731435,0.1503623188405797,0.16451629468271847,0.01969732859586788,0.020148443822881584,0.010016377617978503,0.010283655895175065,0.026990634423679993,0.02051003742294283,0.08971453716023964,0.05597142349196906,0.9682792770378196,0.0028613327230403943,0.9977777777777778,0.003849001794597514,456.0,23.388031127053,13978.333333333334,1149.3068925806251,0.9942332769493761,0.00037962036652571695,0.9888888888888889,0.01387777332977418,31.666666666666668,1.1547005383792517,5468.666666666667,240.77444493411934,0.9521733706271438,0.0051789279147526545,0.9977777777777778,0.003849001794597514,424.3333333333333,22.233608194203054,8509.666666666666,936.6463224362404,0.9917671098095441,0.0026494748017954805,7323.666666666667,502.4284360317728,0.9673082054910139,0.005354646022988428,4926.666666666667,391.5984337728297,0.890748387135186,0.011930960208934069,2184.0,307.5597502925245,1.0,0.0,0.7707939733676903,0.005405218930608477,1590.0620466130702,127.78459529102877,0.4155555555555555,0.08335555259338251,0.4873831414803618,0.06854266106683332,0.5844444444444444,0.08335555259338251
robot_disturbed,nominal,belief_orienteering_depth1,1.0,1.0,80.66666666666667,20.231987873991358,0.5377777777777778,0.13487991915994244,28.072317700025835,7.352798168320242,0.008900007573919939,0.0022858309443875447,3155.640213219814,164.4998839124914,5401.0,0.0,183.66666666666666,25.324559884296775,100.0,7.0,65.66666666666667,16.502525059315417,20.78494526828418,4.84428156513569,1792.31496913504,372.7456095683913,0.5672926322417119,0.10621819047560294,2765.6666666666665,616.040041988614,0.5120656668518175,0.11406036696697164,0.3489210464609922,0.11998570121049643,0.0,0.0,1249.0,493.36801679881927,110.66666666666667,31.89566323708183,80.66666666666667,20.231987873991358,30.0,13.114877048604,30.0,13.114877048604,871.3333333333334,247.8574859336174,267.0,217.7245966812202,0.0,0.0,0.7360423621503397,0.06495651169968228,17015.0,5320.932343114316,111.66666666666667,29.263173671584795,-0.022402262054568096,0.023792842785074028,0.3333333333333333,0.5773502691896258,0.32868502713689474,0.09735940366213912,0.12836236998832404,0.0654034848332347,0.4911111111111111,0.16657775406142367,0.4977777777777778,0.17755541649278384,0.0196078431372549,0.03396178054056622,0.06382978723404255,0.11055643452567301,0.029999999999999995,0.051961524227066305,0.015706806282722512,0.027204986506317447,0.007261997911428698,0.006474985979695291,0.028006415098541806,0.018011035591755837,0.9629774181892646,0.004012025618157519,0.9888888888888889,0.010183501544346319,451.0,35.38361202590826,11903.666666666666,2370.994798251007,0.9953454644640701,0.0016195357899711305,0.8799999999999999,0.09820613241770824,20.0,4.0,4501.666666666667,1307.3501188791522,0.9445969686510556,0.003960625288719717,0.9888888888888889,0.010183501544346319,431.0,34.11744421846396,7402.0,1125.1271039309293,0.9910960194605224,0.0017528528411044485,5968.333333333333,1705.9617033606976,0.9636495932453659,0.004669233898449807,4203.333333333333,795.9399056042694,0.8845121325644382,0.01599904685098247,2183.0,309.9177310190561,1.0,0.0,0.7707939733676903,0.005405218930608477,1590.0620466130702,127.78459529102877,0.46222222222222226,0.13487991915994238,0.4421089462307956,0.09737694039285887,0.5377777777777778,0.13487991915994244
robot_disturbed,nominal,belief_orienteering_no_opportunity_cost,1.0,1.0,94.33333333333333,44.04921490030593,0.6288888888888889,0.29366143266870615,32.76929430759591,16.363666014577014,0.01067738328802842,0.005227133508545447,3057.555216249643,58.02709075102758,5401.0,0.0,222.33333333333334,8.736894948054106,114.0,3.0,72.33333333333333,10.969655114602887,23.69155746450168,3.8919676937785455,1594.4917807521324,492.3464456539495,0.5230357130427795,0.16852696980212725,2562.6666666666665,727.8628533819632,0.474480034561501,0.13476446091130592,0.36359436359436365,0.111575981104298,0.0,0.0,1393.3333333333333,795.838132620782,123.33333333333333,55.01211987674474,94.33333333333333,44.04921490030593,29.0,11.269427669584644,29.0,11.269427669584644,910.3333333333334,375.49478469525155,359.6666666666667,366.6296951057475,0.0,0.0,0.7597544441579798,0.03217285441807305,19502.0,9492.065159911199,112.33333333333333,44.65795935030321,-0.037339459408787475,0.03573362010526114,0.6666666666666666,0.5773502691896258,0.31668362197853667,0.04992856367616612,0.14666666666666667,0.069602043392737,0.3422222222222222,0.06842135252595846,0.62,0.27864752725341824,0.0,0.0,0.0,0.0,0.0,0.0,0.0,0.0,0.02213045944148902,0.02330926162196256,0.06884033507764938,0.07007838635180037,0.9646233809791326,0.011197721466866283,0.7933333333333333,0.2759226944876651,440.3333333333333,6.429100507328629,12840.0,3997.995372683665,0.9948543013315029,0.0016179292615658859,0.7600000000000001,0.2978441053825157,23.333333333333332,1.5275252316519472,4892.0,1863.0992995543743,0.9476387620531801,0.0147741547659979,0.7933333333333333,0.2759226944876651,417.0,7.810249675906654,7948.0,2150.814729352577,0.9900809848826007,0.004072258753882614,6539.666666666667,2555.7946578967044,0.9656534297507197,0.010085214417530295,4606.0,1021.3525346323863,0.8882195196109283,0.024922796545990333,2134.6666666666665,479.17568107462773,1.0,0.0,0.7707939733676903,0.005405218930608477,1590.0620466130702,127.78459529102877,0.3711111111111111,0.2936614326687061,0.4541103513891536,0.04561511885441134,0.6288888888888889,0.29366143266870615
robot_disturbed,nominal,belief_orienteering_provisional,1.0,1.0,86.33333333333333,44.73626418615365,0.5755555555555555,0.2982417612410243,30.668858530061282,16.10496637696384,0.010223295170007892,0.005412893732528338,3010.429600727175,60.316994986819914,5401.0,0.0,234.33333333333334,3.21455025366432,114.33333333333333,7.571877794400364,75.33333333333333,22.501851775650227,24.946216942476624,6.97083150942236,1443.0232988848732,692.9224151438633,0.47730695395915546,0.22115560056705785,2315.6666666666665,952.0931326993874,0.4287477627599827,0.1762808984816492,0.34727522331013044,0.1504669963089346,0.0,0.0,1231.6666666666667,854.6428103794785,107.33333333333333,47.353282181210346,86.33333333333333,44.73626418615365,21.0,2.6457513110645907,21.0,2.6457513110645907,801.3333333333334,369.77605835604516,323.0,449.4741371870021,0.0,0.0,0.7849974162948293,0.06889216362762365,17796.666666666668,7820.84326229169,102.66666666666667,46.52239604033022,-0.03402178577002028,0.032226013744893554,0.6666666666666666,0.5773502691896258,0.32255627599414216,0.08235823810112546,0.11333333333333333,0.06565905201197403,0.40888888888888886,0.10029585863463782,0.5755555555555555,0.2982417612410243,0.0,0.0,0.0,0.0,0.0,0.0,0.0,0.0,0.010200945500612579,0.01011867394548902,0.03567184374462621,0.03906368516844195,0.9631186598177203,0.011795662540601683,0.7933333333333333,0.2759226944876651,457.0,13.076696830622021,12878.333333333334,4463.406919980895,0.9949383331081362,0.0022330913429104452,0.7466666666666666,0.29687258770949754,21.666666666666668,2.5166114784235836,4797.333333333333,1833.3841205086658,0.9456915640780647,0.015561718965374253,0.7933333333333333,0.2759226944876651,435.3333333333333,13.31665623695879,8081.0,2630.561156863683,0.9898151877240388,0.004236122737365454,6329.333333333333,2520.4885108512863,0.965333789130975,0.006981618893456058,4776.0,1267.4427008744813,0.8850838274746549,0.03421947460473452,2230.0,728.5265952592259,1.0,0.0,0.7707939733676903,0.005405218930608477,1590.0620466130702,127.78459529102877,0.42444444444444446,0.2982417612410243,0.4482376973735482,0.08064489716403236,0.5755555555555555,0.2982417612410243
robot_disturbed,nominal,confirmed_route,1.0,1.0,101.33333333333333,8.621678104251709,0.6755555555555555,0.05747785402834479,35.79020649292525,2.5146511191137666,0.009941372850548769,0.0006983295202049743,3600.124361119655,0.06450387304216829,4824.0,255.5366901249212,185.66666666666666,30.92463958291727,183.66666666666666,30.92463958291727,120.66666666666667,30.088757590391353,33.517277557615444,8.357279556309756,2294.711523048927,166.18534740492436,0.637397588896915,0.046155218285976456,3229.6666666666665,283.57773772518425,0.6689839073578603,0.03403410202415592,0.34975458216837524,0.060092301480239294,114.66666666666667,32.80751946327752,2081.6666666666665,118.28073948590836,136.66666666666666,13.279056191361391,101.33333333333333,8.621678104251709,35.333333333333336,8.621678104251709,35.333333333333336,8.621678104251709,1347.0,115.8576713040617,598.0,29.715315916207253,0.0,0.0,0.7429110567115463,0.04813786084563117,23089.0,1463.2419485512298,143.0,10.392304845413264,-0.074812729044605,0.03028781202973006,1.0,0.0,0.24219372416516582,0.039332428586141686,0.017777777777777778,0.013877773329774218,0.18666666666666668,0.0901849950564579,0.5577777777777778,0.04914076530554657,0.0007558578987150416,0.0013091842838767024,0.013888888888888888,0.024056261216234408,0.0014336917562724016,0.0024832269642564553,0.0007183908045977011,0.0012442893732535038,0.03188444690119826,0.006756863155210916,0.11950017131529762,0.014380510287304157,0.9740848962770965,0.004488788898965681,1.0,0.0,415.3333333333333,25.146238950056404,15947.666666666666,2982.684249687408,0.9955241161359072,0.0007514165995032204,0.9777777777777779,0.03849001794597505,26.0,1.0,5892.0,1018.060410781207,0.9618854388479905,0.006864276867198926,1.0,0.0,389.3333333333333,25.929391302792546,10055.666666666666,1967.9950033811908,0.9923660008792279,0.0010722776559141983,7772.0,1053.9558814295785,0.9741792805502977,0.006085920193278362,5802.0,1268.2022709331504,0.9213555451020295,0.01673860754380706,2789.0,668.5813338704573,1.0,0.0,0.7707939733676903,0.005405218930608477,1590.0620466130702,127.78459529102877,0.3244444444444445,0.05747785402834476,0.5286002492025245,0.035213586526865286,0.6755555555555555,0.05747785402834479
robot_disturbed,nominal,coverage,1.0,1.0,0.0,0.0,0.0,0.0,0.0,0.0,0.0,0.0,3600.25,0.0,3658.0,0.0,27.0,0.0,26.0,0.0,26.0,0.0,7.221720713839317,0.0,3563.25,0.0,0.9897229359072287,0.0,3618.0,0.0,0.9890650628758885,0.0,0.0,0.0,0.0,0.0,51.666666666666664,49.642052066099495,0.3333333333333333,0.5773502691896258,0.0,0.0,0.3333333333333333,0.5773502691896258,0.3333333333333333,0.5773502691896258,51.333333333333336,49.16638417997945,0.0,0.0,0.0,0.0,0.0,0.0,1583.6666666666667,695.0038369198643,51.0,22.271057451320086,-0.1155491706231968,0.016676604295211377,0.0,0.0,0.0,0.0,0.0,0.0,0.0,0.0,0.0,0.0,0.5469289164941339,0.06339540907284753,0.16997947279637418,0.14870306446982293,0.2340881209323602,0.1852448178320329,0.14063552586129574,0.11562054407915291,0.008057614354017953,0.0006248624992533393,0.040576981115887804,0.0016575194174967447,0.9463614721017942,0.004266552118996671,1.0,0.0,294.0,24.55605831561735,5231.333333333333,842.3831274030442,0.9899118023214593,0.0033808585543522846,0.9511111111111111,0.03288588574877503,15.0,2.6457513110645907,1523.6666666666667,261.39880132344393,0.9295849030365998,0.004391295602814596,1.0,0.0,279.0,26.229754097208,3707.6666666666665,581.1035478581535,0.9794356437079511,0.0014116143212438512,1715.0,325.44277530773365,0.9574453244571255,0.002950876447001028,2381.3333333333335,375.4015627742289,0.8883316867877945,0.01277584004030971,1429.0,180.8562965450747,1.0,0.0,0.7707939733676903,0.005405218930608477,1590.0620466130702,127.78459529102877,1.0,0.0,0.7707939733676903,0.005405218930608477,0.0,0.0
robot_disturbed,nominal,greedy,1.0,1.0,21.333333333333332,3.511884584284246,0.14222222222222222,0.023412563895228312,8.205359037910135,1.337645730146143,0.002279191036902346,0.00037154073762462654,3600.1161770726517,0.03862033928374468,4932.0,317.0615082282931,162.33333333333334,42.15843134336634,161.33333333333334,42.15843134336634,140.66666666666666,39.3742724800514,39.072736846963586,10.936468371349564,3391.365741989119,66.73791700652335,0.9420157519798794,0.01854629600141015,4620.333333333333,276.4947256880921,0.9370377463574817,0.014530243956614631,0.13062862826289937,0.02107231983754733,0.0,0.0,405.6666666666667,30.35347316755257,31.0,6.082762530298219,21.333333333333332,3.511884584284246,9.666666666666666,7.023769168568492,9.666666666666666,7.023769168568492,345.0,33.95585369269929,29.666666666666668,16.165807537309522,0.0,0.0,0.7081932773109244,0.18187781788823323,11060.333333333334,2222.037428427643,110.66666666666667,35.697805721547276,-0.022993167306604643,0.03698600549308166,0.0,0.0,0.08483758308975746,0.016561379617100618,0.05555555555555556,0.023412563895228305,0.10444444444444445,0.04073400617738524,0.12666666666666668,0.011547005383792521,0.02077687443541102,0.03598660214461082,0.11274509803921569,0.1952802381082558,0.03508771929824562,0.0607737125462764,0.018518518518518517,0.032075014954979206,0.012776091896598599,0.012102600195798804,0.04022828415235347,0.03658855172290783,0.9450175508979424,0.008723814259043925,0.8577777777777778,0.2405857050647055,416.3333333333333,33.560889936551646,7342.666666666667,1736.1982413691512,0.9899956904403422,0.0035659021029374694,0.8266666666666667,0.22430138455014298,24.666666666666668,3.785938897200183,2563.6666666666665,571.3373200949973,0.9222764359137234,0.012512799729485104,0.8555555555555556,0.23873121411451956,391.6666666666667,37.072002014098636,4779.0,1190.2970217554944,0.9831914435280629,0.002589110392273047,3419.0,851.5092483349785,0.9471039370481216,0.010773936371728516,2754.3333333333335,560.7551456146732,0.8577192326501525,0.025158560097381474,1585.6666666666667,417.4354241476558,1.0,0.0,0.7707939733676903,0.005405218930608477,1590.0620466130702,127.78459529102877,0.8577777777777778,0.02341256389522829,0.685956390277933,0.014065001981513113,0.14222222222222222,0.023412563895228312
robot_disturbed,nominal,lawnmower_collect,1.0,1.0,0.6666666666666666,0.5773502691896258,0.0044444444444444444,0.0038490017945975057,0.09749421005665264,0.09780911589546727,3.0517485227600656e-05,3.061605656100114e-05,3194.7000000012067,0.0,5401.0,0.0,34.0,0.0,33.0,0.0,32.333333333333336,0.5773502691896263,10.120929456074473,0.18072127873960173,2970.550000001118,107.99336785194421,0.9298369173944333,0.03380391518825028,5023.666666666667,181.28798452554256,0.9301363944948466,0.03356563312822484,0.020202020202020204,0.017495462702715934,0.0,0.0,12.666666666666666,13.012814197295423,1.0,1.0,0.6666666666666666,0.5773502691896258,0.3333333333333333,0.5773502691896258,0.3333333333333333,0.5773502691896258,11.666666666666666,12.013880860626733,0.0,0.0,0.0,0.0,0.5,0.5,1094.0,876.5392176052364,12.333333333333334,9.073771725877465,-0.04225981019530418,0.0058661138937136925,0.0,0.0,0.0028425925925924696,0.002564420453703813,0.0022222222222222222,0.0038490017945975057,0.0044444444444444444,0.0038490017945975057,0.0044444444444444444,0.0038490017945975057,0.0,0.0,0.0,0.0,0.0,0.0,0.0,0.0,0.006608317383373097,0.0009408519271517611,0.022303502348971008,0.0010357215866745404,0.8987288313638443,0.04879583507588501,0.4955555555555555,0.13504457425989774,463.0,16.09347693943108,4749.333333333333,1992.161221722111,0.9708117129141476,0.025673011556009248,0.2866666666666667,0.09955456348712051,25.0,5.196152422706632,1173.3333333333333,590.6321472230693,0.8789573469894599,0.050737531489302067,0.4955555555555555,0.13504457425989774,438.0,18.193405398660254,3576.0,1407.6395135118935,0.9455825254879704,0.04241944438978876,1314.6666666666667,667.0204894404169,0.9105783377195334,0.04767568677617731,2195.3333333333335,901.31810884578,0.850469960176126,0.04082716178073096,1702.3333333333333,448.9948032364443,1.0,0.0,0.7707939733676903,0.005405218930608477,1590.0620466130702,127.78459529102877,0.9955555555555554,0.003849001794597498,0.7679513807750978,0.005144270276337708,0.0044444444444444444,0.0038490017945975057
robot_disturbed,nominal,lawnmower_survey,1.0,1.0,0.0,0.0,0.0,0.0,0.0,0.0,0.0,0.0,3600.25,0.0,3658.0,0.0,27.0,0.0,26.0,0.0,26.0,0.0,7.221720713839317,0.0,3563.25,0.0,0.9897229359072287,0.0,3618.0,0.0,0.9890650628758885,0.0,0.0,0.0,0.0,0.0,51.666666666666664,49.642052066099495,0.3333333333333333,0.5773502691896258,0.0,0.0,0.3333333333333333,0.5773502691896258,0.3333333333333333,0.5773502691896258,51.333333333333336,49.16638417997945,0.0,0.0,0.0,0.0,0.0,0.0,1583.6666666666667,695.0038369198643,51.0,22.271057451320086,-0.1155491706231968,0.016676604295211377,0.0,0.0,0.0,0.0,0.0,0.0,0.0,0.0,0.0,0.0,0.5469289164941339,0.06339540907284753,0.16997947279637418,0.14870306446982293,0.2340881209323602,0.1852448178320329,0.14063552586129574,0.11562054407915291,0.008057614354017953,0.0006248624992533393,0.040576981115887804,0.0016575194174967447,0.9463614721017942,0.004266552118996671,1.0,0.0,294.0,24.55605831561735,5231.333333333333,842.3831274030442,0.9899118023214593,0.0033808585543522846,0.9511111111111111,0.03288588574877503,15.0,2.6457513110645907,1523.6666666666667,261.39880132344393,0.9295849030365998,0.004391295602814596,1.0,0.0,279.0,26.229754097208,3707.6666666666665,581.1035478581535,0.9794356437079511,0.0014116143212438512,1715.0,325.44277530773365,0.9574453244571255,0.002950876447001028,2381.3333333333335,375.4015627742289,0.8883316867877945,0.01277584004030971,1429.0,180.8562965450747,1.0,0.0,0.7707939733676903,0.005405218930608477,1590.0620466130702,127.78459529102877,1.0,0.0,0.7707939733676903,0.005405218930608477,0.0,0.0
robot_disturbed,nominal,oracle_current_physics,1.0,1.0,150.0,0.0,1.0,0.0,52.41641139573514,1.4259612921530251,0.03310172415729506,0.0027372009335876095,1590.0620466130702,127.78459529102877,2468.0,192.5175316691963,154.33333333333334,0.5773502691896278,152.33333333333334,0.5773502691896278,10.0,1.7320508075688772,6.3108404502079525,1.137000464706526,60.8659478610168,11.365658305140556,0.0383226437625242,0.006838210759738809,134.0,31.575306807693888,0.0543721838777948,0.012602109430647535,0.9343825249398005,0.011097160746807843,0.0,0.0,1695.0,150.44268011438774,195.0,6.557438524302,150.0,0.0,45.0,6.557438524302,45.0,6.557438524302,1365.0,45.902069670114,135.0,106.66302077102448,0.0,0.0,0.7698157065303098,0.02609573345448461,6570.0,624.0865324616451,150.0,0.0,-0.0657653660380579,0.012923502001181275,1.0,0.0,0.7707939733676903,0.005405218930608477,0.5533333333333333,0.04371625682867997,0.9933333333333333,0.0,0.9933333333333333,0.0,0.0,0.0,0.0,0.0,0.0,0.0,0.0,0.0,0.014629109410472478,0.004171087870141566,0.06515350178604352,0.012557033979249189,0.9628707310719934,0.006176408547611253,1.0,0.0,213.66666666666666,46.19884558442271,5512.0,234.44402316971102,0.9917013583650302,0.003282609351268368,1.0,0.0,17.333333333333332,7.023769168568493,2063.0,41.58124577258358,0.946465529475964,0.0071789494498049914,1.0,0.0,196.33333333333334,40.72263907623538,3449.0,222.7981148932818,0.9903923302135769,0.0014236197066312011,2889.6666666666665,101.52011294976639,0.9599119067977528,0.006490719098589203,1869.6666666666667,173.81120025284136,0.8865392794828143,0.006686341016300508,966.3333333333334,157.3287428708859,1.0,0.0,0.7707939733676903,0.005405218930608477,1590.0620466130702,127.78459529102877,0.0,0.0,0.0,0.0,1.0,0.0
robot_disturbed,nominal,oracle_perfect_static,1.0,1.0,2.0,1.0,0.013333333333333334,0.006666666666666666,0.4717442750804765,0.32101415334320366,0.0002058881043475295,0.00013834614714968064,2287.1635782751955,40.42577615759932,5401.0,0.0,420.0,2.0,419.0,2.0,417.0,2.6457513110645907,182.36045882933504,3.4592743473145298,2271.265454403467,41.75380117064489,0.9930451324897179,0.0038653354135023636,5370.0,13.892443989449804,0.9942603221625624,0.002572198479809276,0.004777121505421528,0.0023923606461350635,0.0,0.0,29.666666666666668,13.613718571108091,2.6666666666666665,2.0816659994661326,2.0,1.0,0.6666666666666666,1.1547005383792517,0.6666666666666666,1.1547005383792517,27.0,11.532562594670797,0.0,0.0,0.0,0.0,0.8666666666666667,0.23094010767585033,1433.0,457.7728694450994,16.0,3.0,-0.02636013509682809,0.009978139866612607,0.0,0.0,0.012555182556173708,0.006428432256236197,0.013333333333333334,0.006666666666666666,0.013333333333333334,0.006666666666666666,0.013333333333333334,0.006666666666666666,0.0,0.0,0.0,0.0,0.0,0.0,0.0,0.0,0.006207943497170243,0.0002576923839211627,0.016419826838808584,3.917338387402848e-05,0.8286148757587979,0.0599678094167638,0.27999999999999997,0.12719189352225943,465.3333333333333,5.686240703077329,2472.0,959.6004376822679,0.9654128465905248,0.0173406747445951,0.20666666666666667,0.06928203230275509,22.333333333333332,5.131601439446884,679.6666666666666,191.10555547480388,0.783662711286925,0.07915026226265102,0.27999999999999997,0.12719189352225943,443.0,10.816653826391969,1792.3333333333333,768.7602573841427,0.9276370696110635,0.024985779714576002,847.0,217.75904114410497,0.8565066764715343,0.048391708942055564,1248.0,447.7421132750414,0.6796956677621137,0.138521645826745,842.3333333333334,303.56273376904045,1.0,0.0,0.7707939733676903,0.005405218930608477,1590.0620466130702,127.78459529102877,0.9866666666666667,0.00666666666666664,0.7582387908115167,0.011833482345459058,0.013333333333333334,0.006666666666666666
robot_disturbed,nominal,oracle_route_heuristic,1.0,1.0,150.0,0.0,1.0,0.0,52.41641139573514,1.4259612921530251,0.0205103138534933,0.002059357723849964,2568.996435887079,200.2982394673108,4577.333333333333,371.2698928452633,365.0,31.480152477394387,362.6666666666667,31.342197327777345,225.0,28.0,87.6199648128242,9.43453790605539,1532.9398349754063,160.04443971762396,0.5960008499885421,0.019607312290352282,3072.3333333333335,352.9225599665362,0.6700562572890155,0.028277750858123712,0.38098376608909,0.026880593029785918,0.0,0.0,2117.6666666666665,97.14079129456033,197.33333333333334,10.016652800877813,150.0,0.0,47.333333333333336,10.016652800877813,47.333333333333336,10.016652800877813,1421.0,67.97793759742936,499.3333333333333,174.72645287229216,0.0,0.0,0.7614508253894443,0.038895721731156956,23471.0,1001.3730573567475,150.0,0.0,-0.06738226668000491,0.016469617391547897,1.0,0.0,0.6026186782287185,0.028812624729396014,0.2503191158837766,0.08017017226188074,0.860860057119635,0.07037580244994115,0.9933333333333333,0.0,0.0,0.0,0.0,0.0,0.0,0.0,0.0,0.0,0.019855070909375067,0.008871727540485042,0.09165842637262256,0.018027970239552,0.9740102143749892,0.0024648383427869195,1.0,0.0,363.6666666666667,26.72701504720146,13766.666666666666,2185.930541744942,0.9956117574439364,0.0008671719555480928,1.0,0.0,22.666666666666668,2.081665999466133,5209.666666666667,511.0384851783017,0.9610692159209594,0.004797016042843355,1.0,0.0,341.0,28.687976575562104,8557.0,1677.3231650460207,0.9933119771798204,0.0009441860897379562,7425.333333333333,553.679811202588,0.9733981624308251,0.002773987725799609,4608.333333333333,1017.924522414768,0.9006632488858978,0.03657951532260228,2096.6666666666665,642.1513321120913,1.0,0.0,0.7707939733676903,0.005405218930608477,1590.0620466130702,127.78459529102877,0.0,0.0,0.16817529513897186,0.03038786608684645,1.0,0.0
static_calm,nominal,active,1.0,1.0,0.3333333333333333,0.5773502691896258,0.0022222222222222222,0.0038490017945975057,0.08539685090920536,0.14791168458112816,2.4429895836180064e-05,4.231382081187923e-05,3497.467035820963,4.582907452724293,5401.0,0.0,175.0,0.0,174.33333333333334,0.5773502691896216,174.0,0.0,49.75034711087397,0.06514672617745758,3487.883702487629,12.98485482466151,0.9972582438622606,0.0026543946048450087,5386.0,11.135528725660043,0.9972227365302722,0.0020617531430586642,0.0019047619047619048,0.0032991443953692898,0.0,0.0,4.666666666666667,8.082903768654761,0.3333333333333333,0.5773502691896258,0.3333333333333333,0.5773502691896258,0.0,0.0,0.0,0.0,4.333333333333333,7.505553499465136,0.0,0.0,0.0,0.0,0.3333333333333333,0.5773502691896258,0.0,0.0,0.0,0.0,-0.11862949181720624,0.008114457252740721,0.0,0.0,0.00218003826698109,0.0037759370408556522,0.0022222222222222222,0.0038490017945975057,0.0022222222222222222,0.0038490017945975057,0.0022222222222222222,0.0038490017945975057,0.16444444444444442,0.024118628461235022,0.05834693754156842,0.028160577170569228,0.08200211427610134,0.03133991837498306,0.042938437803004575,0.016930166094474182,0.01749268581483536,0.0014409466537621258,0.036124371739933096,0.006859122487153865,0.9591888383230343,0.011802053136912705,0.3,0.04163331998932266,467.0,3.605551275463989,11572.666666666666,3099.69955533328,0.9891424676682871,0.007295581862958678,0.10000000000000002,0.050332229568471665,30.333333333333332,4.163331998932265,3393.0,1414.8056403619544,0.9477762167254014,0.010836168642270968,0.3,0.04163331998932266,436.6666666666667,7.5055534994651305,8179.666666666667,1842.2872559221955,0.9856584895361999,0.005905530476038158,4889.333333333333,1725.4206250457694,0.9540161821229777,0.02178425278219132,4220.0,1803.5051982181808,0.9196899734454459,0.008251285971732195,2930.3333333333335,200.64230195383362,1.0,0.0,0.7818463995455609,0.01746299350383982,1786.055202399198,30.660714581801386,0.9977777777777778,0.00384900179459753,0.7796663612785798,0.015542510720721912,0.0022222222222222222,0.0038490017945975057
static_calm,nominal,belief_cluster_route,1.0,1.0,56.0,5.0,0.37333333333333335,0.033333333333333326,19.804234189837555,2.0003035269309444,0.006617998999282293,0.0006572448580912711,2992.1912372135434,16.966194104198475,5401.0,0.0,164.0,9.643650760992955,129.0,4.358898943540674,80.66666666666667,2.516611478423585,26.957991925061886,0.7755874303483418,1738.3410405634706,148.22335083016128,0.5807875801585748,0.04631862511620564,3083.0,252.00793638296395,0.5708202184780596,0.04665949571986,0.3743104873084894,0.025198148214310722,0.0,0.0,675.6666666666666,42.66536456346453,77.0,5.196152422706632,56.0,5.0,21.0,2.6457513110645907,21.0,2.6457513110645907,592.6666666666666,33.82799629498227,6.0,5.5677643628300215,0.0,0.0,0.7269366197183098,0.03213064344770294,0.0,0.0,0.0,0.0,-0.14963387379445817,0.03601313337491592,0.0,0.0,0.21337005883670845,0.02464935823235679,0.12888888888888891,0.010183501544346323,0.2555555555555556,0.04822785425380157,0.37333333333333335,0.033333333333333326,0.17951351133663565,0.04139274724333993,0.12532597912911692,0.03620139062401811,0.14598102467873456,0.03647671727318549,0.07901760021330279,0.02134777231914914,0.012132006571890374,0.001591784984071228,0.030865170775623674,0.007898531181246072,0.9607378711747193,0.004084615206103924,0.8377777777777777,0.17604713173634096,466.6666666666667,4.932882862316244,11509.333333333334,1294.0032199856896,0.9937521995705284,0.0016587010003992324,0.7511111111111112,0.15119278838376932,22.0,4.58257569495584,3537.3333333333335,226.63259547852627,0.9465952361971457,0.0065267917239817145,0.8377777777777777,0.17604713173634096,444.6666666666667,9.073771725877465,7972.0,1102.5044217598404,0.987902291492737,0.0012553010014512663,4551.666666666667,240.42531757977014,0.9650556753192377,0.003968329294200669,4763.666666666667,467.70111538602646,0.9034841732885216,0.025176976957747586,2660.6666666666665,643.4876326187889,1.0,0.0,0.7818463995455609,0.01746299350383982,1786.055202399198,30.660714581801386,0.6266666666666666,0.03333333333333331,0.5684763407088526,0.0316369416671737,0.37333333333333335,0.033333333333333326
static_calm,nominal,belief_horizon,1.0,1.0,63.0,7.937253933193772,0.42,0.05291502622129183,21.191360371825997,3.1119457791826473,0.007457387406884854,0.001198876079679985,2846.3034720523087,48.11496511056647,5401.0,0.0,219.0,7.810249675906654,158.0,9.16515138991168,103.0,8.54400374531753,36.1671299232275,2.5346468326940146,1684.190032287992,116.40669685547377,0.5913699499389838,0.03071513866037038,3064.6666666666665,163.72028992563298,0.5674257853483923,0.030312958697580644,0.34820294692282644,0.03658760317323185,0.0,0.0,769.3333333333334,29.67041174863155,88.66666666666667,2.516611478423583,63.0,7.937253933193772,25.666666666666668,5.507570547286102,25.666666666666668,5.507570547286102,674.3333333333334,19.50213663508009,6.333333333333333,10.115993936995679,0.0,0.0,0.7092405895646031,0.07092833725114978,0.0,0.0,0.0,0.0,-0.15356428136675912,0.006216505073246184,0.0,0.0,0.2631308837585737,0.031052803897423042,0.14888888888888888,0.02341256389522831,0.3311111111111111,0.06336256635281445,0.42,0.05291502622129183,0.1442970999933025,0.07552389115063464,0.07867585630743525,0.047606858242916966,0.09893571732652191,0.05371662287044695,0.052593719511186805,0.029273888359401153,0.01067038014760254,0.002099919595944169,0.0252140279099142,0.007355758618822339,0.9577916034451707,0.0023459588050681913,0.9066666666666666,0.06429100507328638,459.0,30.512292604784715,10426.666666666666,709.0876767603095,0.9910310068897384,0.0017059344922047447,0.8377777777777777,0.045379061903693646,28.666666666666668,6.110100926607786,3167.3333333333335,306.63550566321146,0.9440106039498005,0.002335419253987965,0.9066666666666666,0.06429100507328638,430.3333333333333,24.5017006212494,7259.333333333333,403.02026417208015,0.9850814789353205,0.00043828753424020485,4187.0,456.3726547460967,0.9631775305567114,0.003722216833779398,4255.0,280.7258449092281,0.9017949343047261,0.0031799335113584177,2443.6666666666665,9.291573243177607,1.0,0.0,0.7818463995455609,0.01746299350383982,1786.055202399198,30.660714581801386,0.5800000000000001,0.05291502622129178,0.5187155157869873,0.03974443504584559,0.42,0.05291502622129183
static_calm,nominal,belief_horizon_no_efficiency,1.0,1.0,38.333333333333336,8.504900548115383,0.2555555555555556,0.05669933698743587,13.618612394766132,3.794055038486487,0.004378495409152457,0.0012752870986013352,3117.220493393613,36.80308040342895,5401.0,0.0,71.0,16.46207763315433,61.333333333333336,18.0092568789868,31.0,10.392304845413264,9.971193033864777,3.470454404996836,1430.2299090483402,40.59403767279601,0.45893920852055253,0.017695273537632037,2441.3333333333335,101.70709578654449,0.4520150589397025,0.018831160116005254,0.49790252041912025,0.027265415949720147,0.0,0.0,438.3333333333333,86.5582655402321,51.666666666666664,12.503332889007368,38.333333333333336,8.504900548115383,13.333333333333334,4.041451884327381,13.333333333333334,4.041451884327381,381.6666666666667,74.96888243353594,5.0,1.0,0.0,0.0,0.7441094463339155,0.016798549957077365,0.0,0.0,0.0,0.0,-0.12313154693633359,0.019787959825117073,0.0,0.0,0.13889959143673733,0.04008974060963292,0.06888888888888889,0.02775554665954844,0.1577777777777778,0.03790827135384884,0.24666666666666667,0.059254629448770614,0.136984432675333,0.035537434473121264,0.05025962434121084,0.03936928554586591,0.0702447847048213,0.04409744634350224,0.03676638646638524,0.02399278946782934,0.01317037927909829,0.0017146414156694303,0.027178397353635624,0.009136794772060447,0.956859947871314,0.003183117291115862,0.5733333333333334,0.15246128834705697,445.6666666666667,24.90649179096353,9948.666666666666,1271.0532378045118,0.9883989090229713,0.0018735037378325827,0.4488888888888889,0.10694408369347526,33.0,1.7320508075688772,2869.6666666666665,559.2015140656661,0.9447333390579732,0.0026634757632963833,0.5733333333333334,0.15246128834705697,412.6666666666667,23.965252624024927,7079.0,749.1722098423032,0.9844447909982023,0.0038754825095896387,3562.3333333333335,808.0101071975112,0.9620565162312946,0.0025714207528590416,4195.666666666667,467.7545652725727,0.9115462514945937,0.006708680780417771,2636.3333333333335,193.70682314604548,1.0,0.0,0.7818463995455609,0.01746299350383982,1786.055202399198,30.660714581801386,0.7444444444444445,0.0566993369874359,0.6429468081088237,0.05755052408831899,0.2555555555555556,0.05669933698743587
static_calm,nominal,belief_horizon_no_refinement,1.0,1.0,59.0,14.730919862656235,0.3933333333333333,0.09820613241770824,20.517548296154672,5.673535514592741,0.006763551818354458,0.002047065425234038,3048.896623536322,85.03218733217656,5401.0,0.0,169.66666666666666,19.5021366350801,168.66666666666666,19.5021366350801,116.33333333333333,4.509249752822894,38.200924988136485,2.5114646756391754,2290.6327098298902,268.0717206863794,0.7503404264290796,0.07197082984346796,4042.0,372.5815347007954,0.7483799296426588,0.06898380572131002,0.30610486461001074,0.054419896186202604,0.0,0.0,648.3333333333334,134.31430799930934,76.33333333333333,15.56705923844749,59.0,14.730919862656235,17.333333333333332,4.163331998932266,17.333333333333332,4.163331998932266,566.3333333333334,115.98419432549132,5.666666666666667,3.214550253664318,0.0,0.0,0.7695970695970695,0.05317414757518088,0.0,0.0,0.0,0.0,-0.14158820866806965,0.022814793780669685,0.0,0.0,0.22828500095087575,0.04987793018678174,0.15777777777777777,0.019245008972987518,0.26,0.03527668414752786,0.38666666666666666,0.10088497300281038,0.20171710889994474,0.03255519027433919,0.1209701763957083,0.04648692623156394,0.145404900993321,0.03859318753842581,0.07871170981414191,0.022289310584306568,0.011371617391428683,0.00047209793994590376,0.029075887280563626,0.004588199322092346,0.9451415526244528,0.018016021294090065,0.7866666666666666,0.13283239230114186,456.3333333333333,30.827476921300796,8316.333333333334,2130.9203019665783,0.9890670924495651,0.0014572902506366538,0.6955555555555556,0.1425690216208483,28.0,2.6457513110645907,2579.3333333333335,547.7831079298935,0.926087658633886,0.02656930274606257,0.7866666666666666,0.13283239230114186,428.3333333333333,33.005050118630834,5737.0,1591.4562513622548,0.9826106127755843,0.003444400921141222,3408.3333333333335,717.4345498603572,0.9484499378700056,0.020223921141733246,3369.3333333333335,909.2284274775692,0.8722874712768117,0.0496213713822075,1995.0,538.08642428517,1.0,0.0,0.7818463995455609,0.01746299350383982,1786.055202399198,30.660714581801386,0.6066666666666667,0.09820613241770824,0.5535613985946852,0.06677285601867235,0.3933333333333333,0.09820613241770824
static_calm,nominal,belief_horizon_no_track_prediction,1.0,1.0,63.0,7.937253933193772,0.42,0.05291502622129183,21.191360371825997,3.1119457791826473,0.007457387406884854,0.001198876079679985,2846.3034720523087,48.11496511056647,5401.0,0.0,219.0,7.810249675906654,158.0,9.16515138991168,103.0,8.54400374531753,36.1671299232275,2.5346468326940146,1684.190032287992,116.40669685547377,0.5913699499389838,0.03071513866037038,3064.6666666666665,163.72028992563298,0.5674257853483923,0.030312958697580644,0.34820294692282644,0.03658760317323185,0.0,0.0,769.3333333333334,29.67041174863155,88.66666666666667,2.516611478423583,63.0,7.937253933193772,25.666666666666668,5.507570547286102,25.666666666666668,5.507570547286102,674.3333333333334,19.50213663508009,6.333333333333333,10.115993936995679,0.0,0.0,0.7092405895646031,0.07092833725114978,0.0,0.0,0.0,0.0,-0.15356428136675918,0.006216505073246101,0.0,0.0,0.2631308837585737,0.031052803897423042,0.14888888888888888,0.02341256389522831,0.3311111111111111,0.06336256635281445,0.42,0.05291502622129183,0.1442970999933025,0.07552389115063464,0.07867585630743525,0.047606858242916966,0.09893571732652191,0.05371662287044695,0.052593719511186805,0.029273888359401153,0.01067038014760254,0.002099919595944169,0.0252140279099142,0.007355758618822339,0.9577916034451707,0.0023459588050681913,0.9066666666666666,0.06429100507328638,459.0,30.512292604784715,10426.666666666666,709.0876767603095,0.9910310068897384,0.0017059344922047447,0.8377777777777777,0.045379061903693646,28.666666666666668,6.110100926607786,3167.3333333333335,306.63550566321146,0.9440106039498005,0.002335419253987965,0.9066666666666666,0.06429100507328638,430.3333333333333,24.5017006212494,7259.333333333333,403.02026417208015,0.9850814789353205,0.00043828753424020485,4187.0,456.3726547460967,0.9631775305567114,0.003722216833779398,4255.0,280.7258449092281,0.9017949343047261,0.0031799335113584177,2443.6666666666665,9.291573243177607,1.0,0.0,0.7818463995455609,0.01746299350383982,1786.055202399198,30.660714581801386,0.5800000000000001,0.05291502622129178,0.5187155157869873,0.03974443504584559,0.42,0.05291502622129183
static_calm,nominal,belief_horizon_provisional,1.0,1.0,69.66666666666667,5.6862407030773285,0.46444444444444444,0.037908271353848846,23.55635380369361,3.576638772353036,0.008199319854414565,0.0010212901672702474,2866.5616804282304,77.53342199726158,5401.0,0.0,216.33333333333334,6.506407098647715,165.33333333333334,5.507570547286106,105.33333333333333,4.041451884327379,36.75127313324082,1.2935330344307023,1664.9088712770392,73.3651006141739,0.5809487336055005,0.025919156533761024,3072.3333333333335,125.1492442379631,0.5688452755662531,0.02317149495240936,0.3627536328194223,0.021013290967669372,0.0,0.0,833.6666666666666,45.63259069276401,97.66666666666667,4.509249752822894,69.66666666666667,5.6862407030773285,28.0,4.358898943540674,28.0,4.358898943540674,731.0,37.0,5.0,5.5677643628300215,0.0,0.0,0.7131820470123533,0.04378549150500749,0.0,0.0,0.0,0.0,-0.15324363796590254,0.01426559323376202,0.3333333333333333,0.5773502691896258,0.28170787704351574,0.026027969886294293,0.17333333333333334,0.04055175020198812,0.3444444444444444,0.034210676262979245,0.46444444444444444,0.037908271353848846,0.14133055772400036,0.026180237363050772,0.16068143306705399,0.0932901238753645,0.14538874916426633,0.05064154320103133,0.07892941573792638,0.029464650336451115,0.01168372618377439,0.0010261149789465153,0.03408995135211488,0.008889762866318962,0.9584335957791484,0.005502376597714971,0.9488888888888889,0.07726817178094982,455.3333333333333,21.733231083604043,10595.0,1127.4657422733517,0.9932635849268195,0.0009921581531250705,0.86,0.07688375063113857,22.666666666666668,3.055050463303893,3353.3333333333335,233.4016566636435,0.9428471800389923,0.009355615453574714,0.9488888888888889,0.07726817178094982,432.6666666666667,24.785748593361745,7241.666666666667,985.773469582811,0.9857339054227979,0.0019468515789775108,4310.0,375.9401548119062,0.9624676508454572,0.00455277047358582,4386.0,361.20354372569494,0.8986808613527103,0.02319581339535738,2354.3333333333335,510.5147728845202,1.0,0.0,0.7818463995455609,0.01746299350383982,1786.055202399198,30.660714581801386,0.5355555555555555,0.03790827135384882,0.5001385225020453,0.043159872859623936,0.46444444444444444,0.037908271353848846
static_calm,nominal,belief_orienteering,1.0,1.0,54.333333333333336,9.712534856222309,0.3622222222222222,0.06475023237481542,19.15950842130034,3.034774590318366,0.006529363389598524,0.0010210245904693305,2933.797091883458,7.013247104859462,5401.0,0.0,157.0,5.5677643628300215,120.0,7.0,76.0,3.4641016151377544,25.90498077083741,1.1784740540940224,1649.1527403990674,275.30148665456954,0.5621763546980075,0.0942115924565779,3004.3333333333335,448.29937913556535,0.556255014503487,0.08300303261165806,0.3640294231513743,0.0679934600612647,0.0,0.0,633.6666666666666,94.63790642936547,71.66666666666667,12.220201853215572,54.333333333333336,9.712534856222309,17.333333333333332,2.5166114784235836,17.333333333333332,2.5166114784235836,561.6666666666666,81.92883090422647,0.3333333333333333,0.5773502691896258,0.0,0.0,0.757475810471492,0.006265931832135578,0.0,0.0,0.0,0.0,-0.1461496484409038,0.024765704792649782,0.0,0.0,0.21744235366012646,0.02890075692919143,0.12444444444444445,0.036717136981907345,0.27111111111111114,0.036717136981907345,0.3622222222222222,0.06475023237481542,0.1658595547237494,0.033742250439460504,0.14977479731758583,0.04493015533896511,0.15497433234488947,0.029913013733503347,0.08418475884674036,0.017486655939036776,0.013167116441042652,0.0006959103064006894,0.03493191696505888,0.00536649258417444,0.9607959790425894,0.006273585445933588,0.8533333333333334,0.18414969755910843,452.3333333333333,14.640127503998507,11267.333333333334,1719.624474509866,0.9923414338286728,0.00142352051914067,0.7666666666666666,0.17900962109463395,27.0,1.7320508075688772,3549.0,415.05662264322444,0.9468037249537676,0.009131812406198894,0.8533333333333334,0.18414969755910843,425.3333333333333,14.977761292440656,7718.333333333333,1305.2510614181983,0.9876368275107508,0.002110534753696453,4513.333333333333,569.0960668756492,0.9658199551207257,0.005500037768982417,4680.666666666667,633.2316585052688,0.9021809419859522,0.020999730984145665,2525.6666666666665,533.2375955738055,1.0,0.0,0.7818463995455609,0.01746299350383982,1786.055202399198,30.660714581801386,0.6377777777777778,0.06475023237481542,0.5644040458854346,0.026996391967103912,0.3622222222222222,0.06475023237481542
static_calm,nominal,belief_orienteering_density_disabled,1.0,1.0,53.333333333333336,2.5166114784235822,0.35555555555555557,0.016777409856157218,17.87902653724804,2.3242240877249905,0.006065199008887241,0.0007294694149794524,2945.3337185119176,37.311430129320236,5401.0,0.0,157.0,7.810249675906654,123.0,2.6457513110645907,76.33333333333333,4.932882862316246,25.932574677029265,1.991888968754874,1681.794728322299,61.44419580347378,0.5711586422381588,0.02533164868812228,3030.6666666666665,157.68428372330996,0.5611306548170092,0.02919538672899648,0.3797810623444007,0.026528343806533242,0.0,0.0,624.6666666666666,80.16441438277545,71.0,7.0,53.333333333333336,2.5166114784235822,17.666666666666668,5.033222956847166,17.666666666666668,5.033222956847166,549.0,75.6042326857432,4.666666666666667,4.725815626252609,0.0,0.0,0.7539636875079913,0.047209732539701656,0.0,0.0,0.0,0.0,-0.15119258342539207,0.03299830959756355,0.0,0.0,0.18817003124675805,0.006254165698500232,0.0911111111111111,0.010183501544346312,0.19777777777777775,0.015396007178390023,0.35555555555555557,0.016777409856157218,0.17722065120030764,0.039960471998526016,0.1551910953506698,0.08289525049520756,0.15167971255535206,0.055290582231745544,0.08270922866172851,0.03238193516411985,0.0136951220032039,0.002701186524251525,0.03778135367294728,0.01464896513737318,0.9614130025864248,0.0018339729886797684,0.8333333333333334,0.16825905952165288,446.6666666666667,23.713568549109873,11129.666666666666,292.9783837304954,0.9927342076751197,0.0012857207727776337,0.7444444444444445,0.14912088062051215,25.333333333333332,4.932882862316247,3455.3333333333335,109.60079075140538,0.9479515332695622,0.0020946485581986277,0.8333333333333334,0.16825905952165288,421.3333333333333,25.813433195399128,7674.333333333333,365.4234986058414,0.9868592154012484,0.0021868668998531525,4400.0,135.64291356351794,0.9667412646614769,0.0014178741626647742,4679.0,73.08214556237385,0.9057229618688464,0.010291285627293005,2497.3333333333335,334.82283872718915,1.0,0.0,0.7818463995455609,0.01746299350383982,1786.055202399198,30.660714581801386,0.6444444444444445,0.016777409856157183,0.5936763682988029,0.021650443050791723,0.35555555555555557,0.016777409856157218
static_calm,nominal,belief_orienteering_depth1,1.0,1.0,50.0,5.291502622129181,0.3333333333333333,0.035276684147527874,17.176801897122456,0.9885334407258329,0.005678131933013482,0.00037386152337411376,3026.193041393688,31.464395861946777,5401.0,0.0,123.66666666666667,7.505553499465133,95.33333333333333,2.516611478423583,54.333333333333336,3.511884584284247,17.947692716054092,0.9740533321006764,1585.4847734492414,161.5187875323011,0.5236194171535737,0.04850669398742997,2766.3333333333335,237.71060837357126,0.5121891007838054,0.04401233260017983,0.43022533291754733,0.029064205645399004,0.0,0.0,561.6666666666666,75.97587336341279,64.66666666666667,9.291573243177568,50.0,5.291502622129181,14.666666666666666,4.041451884327381,14.666666666666666,4.041451884327381,496.3333333333333,67.14412359494564,0.6666666666666666,1.1547005383792517,0.0,0.0,0.7759592529711375,0.03021415858499435,0.0,0.0,0.0,0.0,-0.17125739269842347,0.015756268452438923,0.0,0.0,0.18042675726059168,0.022122134181535212,0.11111111111111112,0.020367003088692624,0.18888888888888888,0.042860670048857574,0.3288888888888889,0.040734006177385255,0.1639301816883175,0.023038739608207074,0.18485256912388204,0.017458843894024995,0.17258789444835956,0.01304506843798179,0.09448109207897822,0.007818761816867288,0.01511851057434084,0.0007227149286928279,0.04586825654454294,0.004219336930297145,0.9655406263791502,0.002568495701030593,0.9466666666666667,0.04807401700618654,446.6666666666667,5.686240703077319,12569.0,1086.653578653289,0.9925952167847424,0.0019177082109361266,0.8288888888888889,0.04233901974057257,28.0,5.291502622129181,3797.0,264.6866071413512,0.954258683462828,0.003108917722772357,0.9466666666666667,0.04807401700618654,418.6666666666667,9.291573243177561,8772.0,826.6843412089042,0.9870282033803335,0.0005510061505214919,4811.333333333333,326.20443487686276,0.972639610248411,0.002457084797523979,5325.0,472.0307193393244,0.9163093527733643,0.008356808973948361,2879.3333333333335,295.5289043957178,1.0,0.0,0.7818463995455609,0.01746299350383982,1786.055202399198,30.660714581801386,0.6666666666666666,0.03527668414752783,0.6014196422849692,0.03062365358291476,0.3333333333333333,0.035276684147527874
static_calm,nominal,belief_orienteering_no_opportunity_cost,1.0,1.0,60.666666666666664,3.5118845842842465,0.40444444444444444,0.023412563895228305,20.271429836167442,2.4461712617973213,0.006984454526120116,0.0008769840686173327,2903.8373386985004,33.15796007704911,5401.0,0.0,163.0,8.717797887081348,126.33333333333333,2.0816659994661335,77.66666666666667,2.0816659994661335,26.74980550916978,0.8382104193463099,1613.232962430214,112.0434396173648,0.5553079781140817,0.03223256396986727,2956.0,173.216627377397,0.547306054434364,0.03207121410431347,0.3852658538650411,0.009483884451886304,0.0,0.0,712.0,92.3417565351667,83.33333333333333,10.408329997330666,60.666666666666664,3.5118845842842465,22.666666666666668,9.865765724632494,22.666666666666668,9.865765724632494,624.6666666666666,84.31686268673269,4.0,6.082762530298219,0.0,0.0,0.7340350877192984,0.08208726748356181,0.0,0.0,0.0,0.0,-0.16214863928578604,0.017196099441996612,0.0,0.0,0.23130192489113285,0.017582182971090047,0.1177777777777778,0.027755546659548443,0.2733333333333334,0.029059326290271168,0.40444444444444444,0.023412563895228305,0.1439153439153439,0.04321815419399394,0.1258086057094798,0.04119087557843929,0.1335199941351289,0.040407850921143275,0.07187121149806108,0.023246712468891362,0.012558984306244816,0.0011843511953451896,0.03367890779406156,0.004881826940748481,0.9688154032668446,0.0010305510145828087,0.9177777777777778,0.06012333003763855,426.3333333333333,7.5718777944003595,13252.0,375.6753917945651,0.9932236570818924,0.0022760841466354055,0.8266666666666667,0.0416333199893226,27.666666666666668,8.621678104251709,4081.3333333333335,152.27059247712063,0.9582946176574715,0.0022582035618062763,0.9177777777777778,0.06012333003763855,398.6666666666667,14.84362938547488,9170.666666666666,390.6306866252747,0.9896187729984587,0.0012288846389315845,5277.333333333333,154.2119753240108,0.9738204741467777,0.0017156526722764632,5444.0,133.18032887780387,0.9219889151088831,0.010556752189883188,2957.0,239.97708223911715,1.0,0.0,0.7818463995455609,0.01746299350383982,1786.055202399198,30.660714581801386,0.5955555555555555,0.02341256389522832,0.5505444746544281,0.03009948818197747,0.40444444444444444,0.023412563895228305
static_calm,nominal,belief_orienteering_provisional,1.0,1.0,57.0,2.0,0.37999999999999995,0.013333333333333322,20.13839699624539,0.688201512133986,0.006803209466234641,0.0002564350337636546,2961.005757290139,73.9390199041065,5401.0,0.0,155.0,13.228756555322953,124.0,8.888194417315589,78.33333333333333,11.59022576714247,26.50559208641124,4.29361083636496,1780.4464411934266,108.77230139300708,0.6016148310889855,0.04090916861779881,3183.0,213.06337085477645,0.5893353082762451,0.03944887444080291,0.3705806862531095,0.050222853552562834,0.0,0.0,637.6666666666666,37.541088600802894,75.0,3.605551275463989,57.0,2.0,18.0,1.7320508075688772,18.0,1.7320508075688772,561.3333333333334,34.385074281340934,1.3333333333333333,1.5275252316519468,0.0,0.0,0.7603315340657112,0.012115645333838984,0.0,0.0,0.0,0.0,-0.15216103973830677,0.009100393381433751,0.0,0.0,0.21473363735396978,0.010640007504050013,0.12888888888888891,0.0038490017945974958,0.2355555555555556,0.025239592648001213,0.37777777777777777,0.013877773329774204,0.12243066755209815,0.012905534419396406,0.11870662701136277,0.05522097537374663,0.11728404272144817,0.03206283525554901,0.06250238558723616,0.01825477291349713,0.01358608355157454,0.0018159052686354089,0.037135063731016334,0.008065497891403884,0.96181837517793,0.004072878386775237,0.9044444444444445,0.06049181150584985,440.6666666666667,28.919428302325297,11189.333333333334,1457.0368332109294,0.9925682228610189,0.001491169426091516,0.7600000000000001,0.09451631252505219,25.0,1.0,3411.6666666666665,547.0012187676855,0.9489910234568232,0.004721377560004236,0.9044444444444445,0.06049181150584985,415.6666666666667,29.569128044860125,7777.666666666667,910.3100204509085,0.9877329471642032,0.002917119139722516,4431.666666666667,749.2211511518701,0.9678150207328589,0.003716266561322265,4644.333333333333,624.6353602969762,0.9063269381364772,0.004225029151593032,2554.0,109.5308175811721,1.0,0.0,0.7818463995455609,0.01746299350383982,1786.055202399198,30.660714581801386,0.62,0.013333333333333308,0.5671127621915911,0.020290961101908866,0.37999999999999995,0.013333333333333322
static_calm,nominal,confirmed_route,1.0,1.0,39.333333333333336,1.5275252316519456,0.2622222222222222,0.010183501544346272,13.358219843867152,1.3614266984400174,0.003710429345028071,0.0003781589054678469,3600.182111070324,0.044367944093140495,4454.666666666667,166.73431960257398,123.33333333333333,19.65536398374076,122.33333333333333,19.65536398374076,83.66666666666667,17.61628034896508,23.2395548037633,4.893084017780548,2787.3291886350744,105.61490054770184,0.7742190750478727,0.029341013390130687,3427.3333333333335,245.7973419981048,0.7687910385832045,0.028417003964229,0.31946932377966863,0.03182595522318244,73.0,19.28730152198591,556.6666666666666,22.188585654190163,53.666666666666664,2.886751345948128,39.333333333333336,1.5275252316519456,14.333333333333334,3.5118845842842465,14.333333333333334,3.5118845842842465,492.3333333333333,14.571661996262934,10.666666666666666,9.073771725877465,0.0,0.0,0.7344804318488528,0.052224497541319755,0.0,0.0,0.0,0.0,-0.13844454105908388,0.02180213061645836,0.0,0.0,0.13907309484875505,0.01752516300518326,0.08,0.011547005383792521,0.16444444444444442,0.030061665018819298,0.23111111111111113,0.015396007178389995,0.20843739593739594,0.013431592141361111,0.13951566245144228,0.08099982119101297,0.15993455530843367,0.06084631121253803,0.08771911375336805,0.03635085760318098,0.013801851536511964,0.001284962193514408,0.0347193993250212,0.00764998905507092,0.9496737129559474,0.0063228823465379174,0.7866666666666666,0.12128936932440172,383.0,7.0,7326.0,1172.3902933750346,0.9887658115918995,0.0010933447335530204,0.5599999999999999,0.11718930554164626,24.666666666666668,4.04145188432738,2171.6666666666665,293.7776937300267,0.9339162569559735,0.009890358057737237,0.7866666666666666,0.12128936932440172,358.3333333333333,3.2145502536643265,5154.333333333333,906.5408613699294,0.9817900116640921,0.0024417343570256765,2824.6666666666665,474.2249817684992,0.9546215228097896,0.010335290362672082,3010.6666666666665,438.43167464649883,0.8931079128276634,0.010403600332839982,1873.6666666666667,299.89387011630185,1.0,0.0,0.7818463995455609,0.01746299350383982,1786.055202399198,30.660714581801386,0.7377777777777778,0.010183501544346267,0.6427733046968059,0.012617893585356976,0.2622222222222222,0.010183501544346272
static_calm,nominal,coverage,1.0,1.0,0.0,0.0,0.0,0.0,0.0,0.0,0.0,0.0,3600.25,0.0,3658.0,0.0,27.0,0.0,26.0,0.0,26.0,0.0,7.221720713839317,0.0,3563.25,0.0,0.9897229359072287,0.0,3618.0,0.0,0.9890650628758885,0.0,0.0,0.0,0.0,0.0,68.66666666666667,35.5715241918776,0.0,0.0,0.0,0.0,0.0,0.0,0.0,0.0,68.66666666666667,35.5715241918776,0.0,0.0,0.0,0.0,0.0,0.0,0.0,0.0,0.0,0.0,-0.17475913358477424,0.007985954248507097,0.0,0.0,0.0,0.0,0.0,0.0,0.0,0.0,0.0,0.0,0.41375448028673834,0.076484084935305,0.10522341133079388,0.022045130008586076,0.16688688914418984,0.031518758889396356,0.09125413844553133,0.018669012222851087,0.013325519954319359,0.00012592767092543719,0.03361221227871799,0.003902323887024983,0.9262710323294154,0.003918821011355753,1.0,0.0,304.6666666666667,4.0414518843273886,3833.6666666666665,176.2167226268079,0.9855153511022796,0.0016019886064240754,0.9666666666666667,0.013333333333333308,13.333333333333334,1.5275252316519468,907.0,10.392304845413264,0.9092458520465029,0.00592487172858352,1.0,0.0,291.3333333333333,4.041451884327373,2926.6666666666665,184.80891031910056,0.9651760303450839,0.002937308476700552,1070.3333333333333,53.00314456080258,0.9388753713171102,0.003976118170846524,1690.6666666666667,27.790885796126258,0.8803184208254565,0.012491412852171126,1377.3333333333333,101.04124570359046,1.0,0.0,0.7818463995455609,0.01746299350383982,1786.055202399198,30.660714581801386,1.0,0.0,0.7818463995455609,0.01746299350383982,0.0,0.0
static_calm,nominal,greedy,1.0,1.0,51.666666666666664,15.695009822658072,0.3444444444444445,0.10463339881772049,18.598689821156743,5.480873168888003,0.0053787732208228495,0.0016827635595889525,3472.6495365544056,74.40664099325544,5401.0,0.0,235.33333333333334,15.307950004273376,234.33333333333334,15.307950004273376,183.33333333333334,0.5773502691896278,52.80943366723496,1.1255112924568818,2855.7371405946215,181.81290750768935,0.8219107468382525,0.036318737751338225,4496.666666666667,199.13395826260614,0.832561871258409,0.03686983119100276,0.21537097398623758,0.05208499622348992,0.0,0.0,711.3333333333334,139.2348136542486,66.0,13.076696830622021,51.666666666666664,15.695009822658072,14.333333333333334,3.0550504633038935,14.333333333333334,3.0550504633038935,640.3333333333334,125.78685675909598,5.0,5.0,0.0,0.0,0.7705555555555555,0.09510715204636493,0.0,0.0,0.0,0.0,-0.14593567232333984,0.0377304244718031,0.0,0.0,0.17443898203550282,0.06623810446052791,0.10444444444444445,0.0769800358919501,0.19333333333333333,0.08666666666666667,0.30444444444444446,0.10961211071234246,0.18819717264459257,0.015522923987274648,0.20954369027039368,0.041803441076224246,0.19560992059842422,0.013249195864343921,0.10844749215891952,0.008112793108118806,0.014097962894901101,0.0034449824212105,0.040172326918403146,0.008694984387021338,0.9562655067630587,0.003956145926713232,0.82,0.20176994600562076,439.6666666666667,15.011106998930273,9676.0,1072.962254694917,0.9938361434631053,0.0010357411423231398,0.7622222222222222,0.16948724413927424,19.333333333333332,4.509249752822893,3100.6666666666665,293.4967347916043,0.9393826449616568,0.00671349840060552,0.82,0.20176994600562076,420.3333333333333,11.150485789118484,6575.333333333333,837.1381805492647,0.9875144068642947,0.001653764520532698,4255.333333333333,373.41978165776555,0.9588679974318085,0.005793511396100252,3899.3333333333335,426.0250383878081,0.8796775059036639,0.02797769694284044,1961.0,462.1439169782504,1.0,0.0,0.7818463995455609,0.01746299350383982,1786.055202399198,30.660714581801386,0.6555555555555556,0.1046333988177205,0.6074074175100582,0.04899716151998962,0.3444444444444445,0.10463339881772049
static_calm,nominal,lawnmower_collect,1.0,1.0,6.0,5.5677643628300215,0.04,0.037118429085533484,2.317091318310089,2.0900634547196604,0.0007252923023473922,0.0006542283953794945,3194.7000000012067,0.0,5401.0,0.0,34.0,0.0,33.0,0.0,29.0,3.4641016151377544,9.077534666788445,1.0843276724376134,2347.150000000865,647.8736219358801,0.7347012239020811,0.20279638837312902,3976.0,1088.5940473840558,0.7361599703758563,0.20155416541086013,0.12121212121212122,0.1049727762162956,0.0,0.0,60.666666666666664,56.21684207898318,7.0,6.557438524302,6.0,5.5677643628300215,1.0,1.0,1.0,1.0,53.666666666666664,49.66219219218311,0.0,0.0,0.0,0.0,0.5737179487179488,0.4970636163095999,0.0,0.0,0.0,0.0,-0.1325465843061487,0.04217806243610108,0.0,0.0,0.020238148148143172,0.019501864888530354,0.011111111111111112,0.01387777332977422,0.022222222222222223,0.020367003088692624,0.03777777777777778,0.036717136981907345,0.1468735942420153,0.13221985391991845,0.04047160568899699,0.036968569635786874,0.06344747219360947,0.057765480057632025,0.03337004152614312,0.03052382448559741,0.015260050395289387,0.0007220387344967997,0.026724252544950953,0.005994755638751956,0.8899528831524446,0.08536965632099253,0.3644444444444444,0.14241306640010765,454.3333333333333,22.854612955229268,5432.666666666667,3449.7971437945935,0.85231974822369,0.22093118056822622,0.15777777777777777,0.12024666007527718,30.333333333333332,4.163331998932265,1046.0,940.8448331154293,0.8856229146108133,0.07557537314294198,0.3644444444444444,0.14241306640010765,424.0,22.338307903688676,4386.666666666667,2514.6097775466737,0.7110190751280928,0.43844024188393316,1215.6666666666667,1063.5418813254762,0.8949083096673275,0.09428474237070196,2449.0,1651.8707576563004,0.884270362767718,0.04462525212810446,2222.3333333333335,816.8563725241625,1.0,0.0,0.7818463995455609,0.01746299350383982,1786.055202399198,30.660714581801386,0.96,0.037118429085533526,0.7616082513974178,0.01039943491431992,0.04,0.037118429085533484
static_calm,nominal,lawnmower_survey,1.0,1.0,0.0,0.0,0.0,0.0,0.0,0.0,0.0,0.0,3600.25,0.0,3658.0,0.0,27.0,0.0,26.0,0.0,26.0,0.0,7.221720713839317,0.0,3563.25,0.0,0.9897229359072287,0.0,3618.0,0.0,0.9890650628758885,0.0,0.0,0.0,0.0,0.0,68.66666666666667,35.5715241918776,0.0,0.0,0.0,0.0,0.0,0.0,0.0,0.0,68.66666666666667,35.5715241918776,0.0,0.0,0.0,0.0,0.0,0.0,0.0,0.0,0.0,0.0,-0.17475913358477424,0.007985954248507097,0.0,0.0,0.0,0.0,0.0,0.0,0.0,0.0,0.0,0.0,0.41375448028673834,0.076484084935305,0.10522341133079388,0.022045130008586076,0.16688688914418984,0.031518758889396356,0.09125413844553133,0.018669012222851087,0.013325519954319359,0.00012592767092543719,0.03361221227871799,0.003902323887024983,0.9262710323294154,0.003918821011355753,1.0,0.0,304.6666666666667,4.0414518843273886,3833.6666666666665,176.2167226268079,0.9855153511022796,0.0016019886064240754,0.9666666666666667,0.013333333333333308,13.333333333333334,1.5275252316519468,907.0,10.392304845413264,0.9092458520465029,0.00592487172858352,1.0,0.0,291.3333333333333,4.041451884327373,2926.6666666666665,184.80891031910056,0.9651760303450839,0.002937308476700552,1070.3333333333333,53.00314456080258,0.9388753713171102,0.003976118170846524,1690.6666666666667,27.790885796126258,0.8803184208254565,0.012491412852171126,1377.3333333333333,101.04124570359046,1.0,0.0,0.7818463995455609,0.01746299350383982,1786.055202399198,30.660714581801386,1.0,0.0,0.7818463995455609,0.01746299350383982,0.0,0.0
static_calm,nominal,oracle_current_physics,1.0,1.0,150.0,0.0,1.0,0.0,52.41641139573514,1.4259612921530251,0.029355149312188786,0.0010313262976874291,1786.055202399198,30.660714581801386,2562.6666666666665,21.501937897160126,155.66666666666666,2.5166114784235867,153.0,3.0,5.0,3.0,2.8191952083406133,1.7272887450247836,45.93520074125519,12.637803031103571,0.025801868411537324,0.007530108000087168,83.66666666666667,33.53108010985231,0.032723003165227534,0.013365712949163888,0.9675682922741746,0.018975574772840013,0.0,0.0,1594.3333333333333,54.500764520631606,197.66666666666666,7.023769168568497,150.0,0.0,47.666666666666664,7.023769168568493,47.666666666666664,7.023769168568493,1383.6666666666667,49.16638417997942,13.0,4.58257569495584,0.0,0.0,0.7594896503354169,0.026868626754454884,0.0,0.0,0.0,0.0,-0.12146850488075646,0.008006126646001773,1.0,0.0,0.7818463995455609,0.01746299350383982,0.5973536572085941,0.07925418621951745,0.9933333333333333,0.0,0.9933333333333333,0.0,0.0,0.0,0.0,0.0,0.0,0.0,0.0,0.0,0.012529247255123008,0.0022398831643419192,0.04946754381579801,0.008678632902825577,0.9552407089228673,0.004177678824087371,1.0,0.0,226.66666666666666,13.051181300301257,4851.333333333333,265.0100627020291,0.9934165235201133,0.001008083891881366,1.0,0.0,11.666666666666666,2.0816659994661326,1756.3333333333333,46.45786621588784,0.9347035977076473,0.007454111268668552,0.9977777777777778,0.00384900179459753,215.0,11.357816691600547,3095.0,245.31000794912546,0.9903283313791696,0.00158669403296964,2380.3333333333335,26.576932353703533,0.9566152408873081,0.009866606246116433,1771.6666666666667,137.20908619086904,0.8608966924783165,0.01930007447513713,926.0,111.2160060422959,1.0,0.0,0.7818463995455609,0.01746299350383982,1786.055202399198,30.660714581801386,0.0,0.0,0.0,0.0,1.0,0.0
static_calm,nominal,oracle_perfect_static,1.0,1.0,150.0,0.0,1.0,0.0,52.41641139573514,1.4259612921530251,0.027615899946737063,0.0008512200498765441,1899.6224391520352,90.1668890745241,2674.6666666666665,108.84086242461207,155.0,1.7320508075688772,152.33333333333334,2.309401076758505,5.666666666666667,2.886751345948129,2.9484445985273218,1.3741578621284796,72.01705371068853,87.45972738565855,0.03680541452682209,0.04361254896402001,114.33333333333333,112.48259124563825,0.041773033874406874,0.03960446699091285,0.9629851171402123,0.018229517151511828,0.0,0.0,1610.3333333333333,111.73331344470783,198.66666666666666,11.503622617824929,150.0,0.0,48.666666666666664,11.50362261782493,48.666666666666664,11.50362261782493,1402.0,87.01723967122837,9.666666666666666,14.224392195567912,0.0,0.0,0.7567311986466584,0.04400151423325234,0.0,0.0,0.0,0.0,-0.12106994229114354,0.0018392930683039795,1.0,0.0,0.7696002028706967,0.009277956949007638,0.5422222222222223,0.00384900179459745,0.9933333333333333,0.0,0.9933333333333333,0.0,0.0,0.0,0.0,0.0,0.0,0.0,0.0,0.0,0.011642221950886709,0.0025262314076013453,0.0461832361534405,0.008291605094934025,0.9545008239477296,0.002361979958703057,1.0,0.0,234.66666666666666,17.953644012660305,4918.666666666667,107.10897877084511,0.9923146132908153,0.0008566911025678902,1.0,0.0,14.0,2.0,1803.3333333333333,56.29683235612222,0.9338965840302884,0.0034030553803746865,1.0,0.0,220.66666666666666,16.07275126832159,3115.3333333333335,66.108496680331,0.9875540100920434,0.0017991333946905863,2459.0,123.19496742968035,0.9528773699789999,0.00656616579840875,1794.0,30.610455730027933,0.8672700762732917,0.009276635357476838,900.3333333333334,28.57154761879959,1.0,0.0,0.7818463995455609,0.01746299350383982,1786.055202399198,30.660714581801386,0.0,0.0,0.012246196674864188,0.010350242127528574,1.0,0.0
static_calm,nominal,oracle_route_heuristic,1.0,1.0,150.0,0.0,1.0,0.0,52.41641139573514,1.4259612921530251,0.027615899946737063,0.0008512200498765441,1899.6224391520352,90.1668890745241,2674.6666666666665,108.84086242461207,155.0,1.7320508075688772,152.33333333333334,2.309401076758505,5.666666666666667,2.886751345948129,2.9484445985273218,1.3741578621284796,72.01705371068853,87.45972738565855,0.03680541452682209,0.04361254896402001,114.33333333333333,112.48259124563825,0.041773033874406874,0.03960446699091285,0.9629851171402123,0.018229517151511828,0.0,0.0,1610.3333333333333,111.73331344470783,198.66666666666666,11.503622617824929,150.0,0.0,48.666666666666664,11.50362261782493,48.666666666666664,11.50362261782493,1402.0,87.01723967122837,9.666666666666666,14.224392195567912,0.0,0.0,0.7567311986466584,0.04400151423325234,0.0,0.0,0.0,0.0,-0.12106994229114354,0.0018392930683039795,1.0,0.0,0.7696002028706967,0.009277956949007638,0.5422222222222223,0.00384900179459745,0.9933333333333333,0.0,0.9933333333333333,0.0,0.0,0.0,0.0,0.0,0.0,0.0,0.0,0.0,0.011642221950886709,0.0025262314076013453,0.0461832361534405,0.008291605094934025,0.9545008239477296,0.002361979958703057,1.0,0.0,234.66666666666666,17.953644012660305,4918.666666666667,107.10897877084511,0.9923146132908153,0.0008566911025678902,1.0,0.0,14.0,2.0,1803.3333333333333,56.29683235612222,0.9338965840302884,0.0034030553803746865,1.0,0.0,220.66666666666666,16.07275126832159,3115.3333333333335,66.108496680331,0.9875540100920434,0.0017991333946905863,2459.0,123.19496742968035,0.9528773699789999,0.00656616579840875,1794.0,30.610455730027933,0.8672700762732917,0.009276635357476838,900.3333333333334,28.57154761879959,1.0,0.0,0.7818463995455609,0.01746299350383982,1786.055202399198,30.660714581801386,0.0,0.0,0.012246196674864188,0.010350242127528574,1.0,0.0
strong_drift,nominal,active,1.0,1.0,4.333333333333333,1.1547005383792515,0.02888888888888889,0.00769800358919501,1.3168615310293152,0.38365829122204675,0.0003657865203735724,0.00010657356809585122,3600.0936231144074,0.0839802703742812,4930.0,133.01127771734244,138.0,12.529964086141668,137.0,12.529964086141668,133.33333333333334,12.583057392117915,37.03609183677124,3.4955249744212087,3503.1102897810756,39.98011098654371,0.9730608043317884,0.011094460879668923,4803.0,160.18426889054993,0.9741425602774143,0.009540379202721274,0.026947610844934754,0.0052602084047500925,0.0,0.0,77.66666666666667,30.746273486933884,6.0,2.6457513110645907,4.333333333333333,1.1547005383792515,1.6666666666666667,2.0816659994661326,1.6666666666666667,2.0816659994661326,71.66666666666667,28.112867753634337,0.0,0.0,0.0,0.0,0.7685185185185185,0.22280017436140676,0.0,0.0,0.0,0.0,0.0029176971616038543,0.01577277777617722,0.0,0.0,0.025638968980814872,0.006741242954895255,0.02888888888888889,0.00769800358919501,0.02888888888888889,0.00769800358919501,0.02888888888888889,0.00769800358919501,0.0,0.0,0.0,0.0,0.0,0.0,0.0,0.0,0.0069808964299810485,0.0002001790728376768,0.017758655439298807,0.002739499669713404,0.92516787429132,0.009891119984947246,0.8022222222222223,0.22845698193006186,387.0,27.730849247724095,4814.666666666667,371.98028621599457,0.978895540853685,0.006945044413314542,0.5044444444444444,0.04073400617738526,24.0,7.810249675906654,1117.6666666666667,157.11885098018422,0.9098537786307256,0.012343840016102225,0.8022222222222223,0.22845698193006186,363.0,19.974984355438178,3697.0,383.96223772657646,0.96304378833262,0.005254380965872541,1262.0,185.93547267802344,0.948440486618452,0.011433078539031078,2583.3333333333335,296.32808394300616,0.8443236036986786,0.016706090329183743,1356.3333333333333,139.57196471116018,1.0,0.0,0.7998764048008512,0.014101629468171712,1207.5213806110166,163.72012346364178,0.971111111111111,0.007698003589194979,0.7742374358200363,0.017443209324282973,0.02888888888888889,0.00769800358919501
strong_drift,nominal,belief_cluster_route,1.0,1.0,111.33333333333333,31.005375877955963,0.7422222222222222,0.20670250585303976,38.640558546489,11.45295456852981,0.01096762592946475,0.003439092408165984,3534.3227898669406,73.84288335592274,5362.666666666667,66.3952809568069,174.0,15.620499351813308,111.0,9.16515138991168,78.0,19.0,22.041757264062014,5.206331620632992,2185.889943413624,306.83569660974894,0.61831451379618,0.08402101796871496,3050.6666666666665,462.7465108818578,0.5685703747027784,0.08262589379584914,0.30338388786772147,0.11059972974469036,0.0,0.0,2000.0,375.3758116874341,146.66666666666666,37.554404979087785,111.33333333333333,31.005375877955963,35.333333333333336,6.658328118479392,35.333333333333336,6.658328118479392,1147.3333333333333,200.13079056790173,706.0,232.55966976240742,0.0,0.0,0.7561249590809132,0.0180240448614924,0.0,0.0,0.0,0.0,0.017270811240553775,0.024755845047288078,1.0,0.0,0.4402397549880446,0.09118738075906778,0.34888888888888886,0.031505437508350734,0.4911111111111111,0.09051294157518354,0.6888888888888888,0.28263312169928256,0.0,0.0,0.0,0.0,0.0,0.0,0.0,0.0,0.014269861377184438,0.020475529096723476,0.05057625668154488,0.06026812808590969,0.9551685057646186,0.009214704784519308,0.9866666666666667,0.023094010767585042,434.6666666666667,25.71640202931455,9494.666666666666,1812.2395904883367,0.9933429770081968,0.002151527134753851,0.9622222222222222,0.06543303050815756,26.0,7.0,3932.0,550.8275592233925,0.9293728619141856,0.016132757788933708,0.9866666666666667,0.023094010767585042,408.6666666666667,19.34769581457527,5562.666666666667,1266.2039066964423,0.9891951621579912,0.0022761855931759532,5166.0,628.0931459584638,0.9472775536258601,0.018509118845666136,3189.3333333333335,802.3168534521341,0.8548610714045412,0.03390079066758262,1574.0,390.68017610316497,1.0,0.0,0.7998764048008512,0.014101629468171712,1207.5213806110166,163.72012346364178,0.2577777777777778,0.20670250585303976,0.3596366498128066,0.10148346749317212,0.7422222222222222,0.20670250585303976
strong_drift,nominal,belief_horizon,1.0,1.0,116.66666666666667,40.42688874169435,0.7777777777777777,0.26951259161129565,41.09666906328753,14.990912559413223,0.013503483589665964,0.0052977086992436065,3074.5985619595904,195.06721493935166,5401.0,0.0,259.3333333333333,34.53018003621374,111.33333333333333,13.868429375143146,73.0,23.57965224510319,23.57070172461543,6.668181189369438,1722.44822207028,707.7086012960629,0.554747367572423,0.20665723924584783,2617.3333333333335,1023.9073851346778,0.48460161698450904,0.18957737180793885,0.35347664074466834,0.13798588771005013,0.0,0.0,1828.3333333333333,795.0360578824922,155.33333333333334,55.98511706992612,116.66666666666667,40.42688874169435,38.666666666666664,15.947831618540915,38.666666666666664,15.947831618540915,1127.3333333333333,377.29873221803086,545.6666666666666,364.71404323570175,0.0,0.0,0.7545123270511871,0.02091591563693607,0.0,0.0,0.0,0.0,0.0059348190147472425,0.03538463520959854,0.6666666666666666,0.5773502691896258,0.48873101461640295,0.09771036086457219,0.3155555555555556,0.03355481971231444,0.5288888888888889,0.05551109331909688,0.7755555555555556,0.26752639191371447,0.0,0.0,0.0,0.0,0.0,0.0,0.0,0.0,0.003550274306292088,0.0009564474134296525,0.02092629942890047,0.008828006553582754,0.951250609989616,0.021410717818521517,0.9244444444444445,0.13086606101631518,446.3333333333333,21.031722072463136,9801.0,3739.4315075957734,0.9931732092230616,0.003550880856268904,0.8577777777777778,0.2463361148542403,24.0,4.0,4034.0,1592.2992809142381,0.9246372205382101,0.030212069683920716,0.9244444444444445,0.13086606101631518,422.3333333333333,17.039170558842738,5767.0,2208.9379801162368,0.9870058861134409,0.007503733002934128,5412.333333333333,2078.5341790149455,0.9456130420579534,0.022764929545764017,3219.6666666666665,1309.0616231993563,0.8475043311735391,0.04571130531286498,1615.3333333333333,505.32200954770747,1.0,0.0,0.7998764048008512,0.014101629468171712,1207.5213806110166,163.72012346364178,0.22222222222222224,0.26951259161129565,0.31114539018444826,0.08514398564957917,0.7777777777777777,0.26951259161129565
strong_drift,nominal,belief_horizon_no_efficiency,1.0,1.0,96.66666666666667,37.22006627255429,0.6444444444444444,0.24813377515036192,32.779109383988555,14.290314163997829,0.009415883564494744,0.00398562744771646,3466.087020733355,78.33930983121579,5401.0,0.0,107.66666666666667,8.62167810425171,50.333333333333336,12.701705922171767,36.333333333333336,14.46835627614047,10.549144575189052,4.468303259751902,1746.2063859038196,487.8349150690666,0.5060817380427659,0.15398727703732676,2562.6666666666665,817.8241457265328,0.474480034561501,0.15142087497251122,0.2940966010733453,0.09762394916451284,0.0,0.0,1549.6666666666667,794.0543642177992,127.0,46.486557196677836,96.66666666666667,37.22006627255429,30.333333333333332,10.115993936995679,30.333333333333332,10.115993936995679,975.6666666666666,391.54224974239156,447.0,359.6762433077837,0.0,0.0,0.7565973567523354,0.04074363222133851,0.0,0.0,0.0,0.0,-0.008512113529866834,0.025819177224793207,0.6666666666666666,0.5773502691896258,0.45254778792453715,0.1267346224652272,0.3511111111111111,0.10095837059200485,0.6422222222222222,0.24461610134461106,0.6444444444444444,0.24813377515036192,0.0,0.0,0.0,0.0,0.0,0.0,0.0,0.0,0.0028047344533316566,0.0013357048195977445,0.010453783313070023,0.002117901223762611,0.9484656612404221,0.015709827491891034,0.8377777777777777,0.27522381464573187,465.0,10.816653826391969,9199.333333333334,3188.1589253569737,0.9915490177200805,0.0037525150090094127,0.7666666666666667,0.29672284112357183,28.333333333333332,3.214550253664318,3676.0,1248.902318037724,0.9217792958567118,0.022941836659098876,0.8377777777777777,0.27522381464573187,436.6666666666667,14.011899704655796,5523.333333333333,1939.269536019512,0.9870111355610457,0.0036269851412930277,4786.666666666667,1728.791581808904,0.9466856902603413,0.018365456414313797,3263.6666666666665,1036.6722400707629,0.8411363843009005,0.038119949323612075,1614.0,437.5008571420175,1.0,0.0,0.7998764048008512,0.014101629468171712,1207.5213806110166,163.72012346364178,0.3555555555555556,0.24813377515036192,0.34732861687631406,0.13406175819568042,0.6444444444444444,0.24813377515036192
strong_drift,nominal,belief_horizon_no_refinement,1.0,1.0,122.0,16.46207763315433,0.8133333333333334,0.10974718422102886,42.31844513499505,6.916899387125675,0.011895216100669556,0.0020451471575641264,3560.879256140373,36.03066030979111,5335.333333333333,113.73800303035634,160.66666666666666,14.74222959166399,158.33333333333334,15.307950004273376,91.0,16.3707055437449,25.581718554713433,4.778500336974511,2523.3716400846965,109.63793149204731,0.7085130687027448,0.025282865524182768,3748.0,110.77454581265499,0.7027231437151896,0.02637570411033686,0.4284513840132143,0.05040362006007787,0.0,0.0,2040.0,319.22875810302554,162.33333333333334,24.21432083155201,122.0,16.46207763315433,40.333333333333336,8.082903768654761,40.333333333333336,8.082903768654761,1242.3333333333333,164.2477802995624,635.3333333333334,134.4817211866852,0.0,0.0,0.7526467029643072,0.017131439370684995,0.0,0.0,0.0,0.0,0.019561556006211327,0.02404062634945158,1.0,0.0,0.5664781203266821,0.09994774999797487,0.4177777777777778,0.2174941463665257,0.7822222222222223,0.13989413987144123,0.8133333333333334,0.10974718422102886,0.0,0.0,0.0,0.0,0.0,0.0,0.0,0.0,0.002129703857972135,0.001042756411189689,0.00951945610423824,0.0034712857040706526,0.9568980802701631,0.0005617905896299131,0.9777777777777777,0.032885885748775004,448.3333333333333,18.50225211517055,9951.333333333334,304.84476924056526,0.9940275736801955,0.0012535691263795045,0.9333333333333332,0.06666666666666665,25.666666666666668,6.429100507328637,4256.0,333.73043013785843,0.9309101756063282,0.002577161283154124,0.9777777777777777,0.032885885748775004,422.6666666666667,14.977761292440656,5695.333333333333,42.027768598075035,0.9903134470517566,0.0007755323244439889,5563.666666666667,438.76797209155256,0.9532853935300404,0.0015368441252035508,3316.6666666666665,63.137416270649894,0.8409554187896467,0.020923433980875452,1519.3333333333333,167.80444968275825,1.0,0.0,0.7998764048008512,0.014101629468171712,1207.5213806110166,163.72012346364178,0.18666666666666668,0.10974718422102882,0.2333982844741691,0.08607408211033105,0.8133333333333334,0.10974718422102886
strong_drift,nominal,belief_horizon_no_track_prediction,1.0,1.0,99.0,17.52141546793523,0.66,0.11680943645290158,34.27906362054973,7.122102430496344,0.009713469753190696,0.0019048200364695225,3523.912087119696,49.69719046337803,5401.0,0.0,167.66666666666666,5.859465277082318,144.0,7.54983443527075,96.0,9.539392014169456,27.22462947446536,2.3885638754784058,2448.5110915906243,127.4726736426038,0.6947498858795268,0.03265706250256249,3593.6666666666665,209.05103045269436,0.6653706103807937,0.03870598601234854,0.33326090927896534,0.05723929309805116,0.0,0.0,1779.6666666666667,233.28594756935814,135.66666666666666,22.47962040011649,99.0,17.52141546793523,36.666666666666664,5.8594652770823155,36.666666666666664,5.8594652770823155,1084.3333333333333,119.35800489842875,559.6666666666666,156.02991166226218,0.0,0.0,0.7291122282199839,0.01959091948656255,0.0,0.0,0.0,0.0,0.008550694035113411,0.02486963730897143,1.0,0.0,0.445283240820933,0.13797067376171945,0.44,0.1674647558277396,0.5511111111111111,0.21388816738695046,0.6133333333333333,0.19229606802474608,0.010141987829614604,0.0175664382106377,0.14285714285714285,0.24743582965269673,0.01893939393939394,0.03280399256759237,0.009746588693957114,0.016881586818410108,0.012724712363099624,0.016863592335720465,0.0405139410456525,0.05262149911771963,0.9603266615095345,0.003780075937650296,1.0,0.0,424.6666666666667,11.590225767142465,10363.333333333334,1325.5852795400726,0.9942010372737357,0.0018171404817927863,0.991111111111111,0.010183501544346319,24.333333333333332,8.962886439832502,4111.333333333333,462.14319570164986,0.9392269310751032,0.0069885260417980235,1.0,0.0,400.3333333333333,11.718930554164636,6252.0,873.7270740912176,0.9893521267178668,0.0009023873168606773,5329.333333333333,598.6437449212457,0.9604866512976344,0.0028916434949073956,3615.3333333333335,447.5782985504696,0.8753259240009127,0.02184321232660783,1843.3333333333333,330.9325208155484,1.0,0.0,0.7998764048008512,0.014101629468171712,1207.5213806110166,163.72012346364178,0.34,0.11680943645290152,0.35459316397991825,0.14695186862368684,0.66,0.11680943645290158
strong_drift,nominal,belief_horizon_provisional,1.0,1.0,124.66666666666667,14.571661996262927,0.831111111111111,0.09714441330841955,43.51491759047163,6.042388554141648,0.014053481917197472,0.002628416240385451,3114.56893514098,180.24631136206898,5401.0,0.0,272.0,33.15116890850155,117.0,6.244997998398398,74.33333333333333,5.686240703077325,23.851052686635835,0.6367575818444425,1761.0018132618054,279.629467744719,0.5632229174208292,0.05864411724996275,2557.0,337.24916604789405,0.4734308461396038,0.0624419859373994,0.36261610456403126,0.07059504170399279,0.0,0.0,2204.6666666666665,351.48447097038775,172.0,18.027756377319946,124.66666666666667,14.571661996262927,47.333333333333336,3.511884584284245,47.333333333333336,3.511884584284245,1275.6666666666667,109.3907369631146,757.0,273.22701184180164,0.0,0.0,0.7242276990604778,0.00880768268997432,0.0,0.0,0.0,0.0,-0.044325083100143235,0.02957823515505784,1.0,0.0,0.47714263420940917,0.10218666771956117,0.4222222222222222,0.12226261958647931,0.48666666666666664,0.23247461032216923,0.7488888888888888,0.1933716437138408,0.003751265764521771,0.004543176519476233,0.15608465608465608,0.18276958147530026,0.007326097884578935,0.008866049316313514,0.0036897858063369327,0.004473589382594241,0.02912410468774837,0.02290195478665224,0.09553898033128706,0.07461335690361806,0.959994877580892,0.0049956348980755225,0.9755555555555556,0.042339019740572574,462.6666666666667,15.011106998930273,11199.666666666666,1210.7156285987778,0.9949948010192641,0.0013704461308443922,0.9511111111111111,0.07313103409735255,23.333333333333332,6.429100507328637,4638.0,411.7341375208036,0.9365800507067735,0.008786640911822909,0.9733333333333333,0.04055175020198814,439.3333333333333,12.05542754668341,6561.666666666667,813.8011632661464,0.9899063556475999,0.0015243514068485598,5889.0,514.9203821951506,0.958707000973911,0.003827414602425836,3975.6666666666665,529.860673510814,0.8611201708418674,0.04612341002991342,1797.6666666666667,314.9925925054958,1.0,0.0,0.7998764048008512,0.014101629468171712,1207.5213806110166,163.72012346364178,0.1688888888888889,0.0971444133084195,0.322733770591442,0.11595727318657327,0.831111111111111,0.09714441330841955
strong_drift,nominal,belief_orienteering,1.0,1.0,101.0,40.95119045888654,0.6733333333333333,0.273007936392577,34.860917797680365,15.594478713317278,0.011763232156713778,0.006373440814055048,3057.7645246235584,342.15104208916927,5401.0,0.0,255.33333333333334,52.27172594561359,96.66666666666667,28.93671255228094,66.66666666666667,37.16629297271028,21.099069499486195,9.430501773351638,1806.8666564000362,801.9376564936682,0.5770094255722927,0.2033719116715612,2676.6666666666665,1208.0150385377383,0.4955872369314325,0.2236650691608477,0.341588492808005,0.18583215814025525,0.0,0.0,1653.0,674.1090416245728,137.33333333333334,53.407240457950394,101.0,40.95119045888654,36.333333333333336,14.189197769195175,36.333333333333336,14.189197769195175,1038.0,338.6384502681289,477.6666666666667,288.3649308312877,0.0,0.0,0.7351835768756897,0.05137940575442679,0.0,0.0,0.0,0.0,-0.023481176172772237,0.0204508485577576,0.6666666666666666,0.5773502691896258,0.4531576665631633,0.1768323719778374,0.3386395409137906,0.0161939894540686,0.6,0.34428670223134283,0.6444444444444445,0.2966729087982501,0.0,0.0,0.0,0.0,0.0,0.0,0.0,0.0,0.013835537924738068,0.019791978675254056,0.04714319661720673,0.05698406476326291,0.9489113259960978,0.020638264942171858,0.9244444444444445,0.13086606101631518,443.3333333333333,34.645827069552446,9393.0,4318.943041995344,0.9915578943996133,0.004302333610320376,0.8577777777777778,0.2463361148542403,28.333333333333332,11.150485789118488,3842.6666666666665,1726.7044719156006,0.9216448507340038,0.030371090894632028,0.9244444444444445,0.13086606101631518,415.0,23.515952032609693,5550.333333333333,2602.5636079322508,0.9888857611764021,0.005393242236743105,5049.333333333333,2086.166899683085,0.9401989537566887,0.027317993604129738,3218.6666666666665,1638.6001139183818,0.8389443349521429,0.05133776592636339,1568.3333333333333,622.8357193781787,1.0,0.0,0.7998764048008512,0.014101629468171712,1207.5213806110166,163.72012346364178,0.32666666666666666,0.2730079363925769,0.34671873823768795,0.17916192283441634,0.6733333333333333,0.273007936392577
strong_drift,nominal,belief_orienteering_density_disabled,1.0,1.0,119.66666666666667,43.154760262725745,0.7977777777777778,0.28769840175150496,42.10894556873611,15.939343415875618,0.014034829351798813,0.005934157366032809,3048.256389566028,240.65578484011155,5401.0,0.0,264.6666666666667,43.73023362998799,105.0,24.576411454889016,67.0,32.0,21.581910736953848,9.27319992880941,1657.1356863536605,793.3426849060216,0.5349496878973383,0.23074415981310828,2494.0,1195.5597015624105,0.46176633956674684,0.2213589523351991,0.3859892670072946,0.1772647669665752,0.0,0.0,1883.3333333333333,833.7009855657683,160.33333333333334,60.07772743149771,119.66666666666667,43.154760262725745,40.666666666666664,17.09775813764288,40.666666666666664,17.09775813764288,1151.6666666666667,397.27865954935623,571.3333333333334,379.00175901086965,0.0,0.0,0.7503565843167642,0.019346555155122642,0.0,0.0,0.0,0.0,-0.004966987386185474,0.047782873898077484,0.6666666666666666,0.5773502691896258,0.5255231805268151,0.14006154252452996,0.3386395409137906,0.0161939894540686,0.6666666666666666,0.28,0.7955555555555556,0.28607173407562836,0.0,0.0,0.0,0.0,0.0,0.0,0.0,0.0,0.003026587010461386,0.0018634773456844451,0.018344926135617792,0.006961240123737051,0.9524999117776115,0.022943040146344785,0.9244444444444445,0.13086606101631518,441.0,29.206163733020468,10210.666666666666,4283.496974824814,0.9933734867726008,0.003804251331286034,0.8577777777777778,0.2463361148542403,23.666666666666668,4.509249752822894,4241.0,1819.4573366803631,0.9262949829812718,0.03243113232758482,0.9244444444444445,0.13086606101631518,417.3333333333333,24.70492528491703,5969.666666666667,2506.000066507049,0.9877610783685444,0.008373620472609847,5604.0,2269.409835177419,0.9469578522886922,0.02470958689780566,3396.6666666666665,1583.2252945596003,0.8492836101060824,0.04854729085816377,1651.0,564.2774140438371,1.0,0.0,0.7998764048008512,0.014101629468171712,1207.5213806110166,163.72012346364178,0.20222222222222222,0.28769840175150496,0.274353224274036,0.1311491972915021,0.7977777777777778,0.28769840175150496
strong_drift,nominal,belief_orienteering_depth1,1.0,1.0,120.33333333333333,9.504384952922171,0.8022222222222223,0.06336256635281447,41.75310346822611,3.616841712714435,0.013397882237378742,0.0010622533797524096,3115.5039169796887,49.51588906426844,5401.0,0.0,222.33333333333334,20.30599254735738,99.0,9.848857801796104,61.333333333333336,5.686240703077328,19.69703172282652,1.9494995990989823,1607.7993440668167,61.118121082393706,0.5163596507193919,0.02802778906405937,2537.6666666666665,83.06824503583385,0.4698512621119546,0.01538016016216143,0.3801768370899761,0.004502192233212324,0.0,0.0,2169.3333333333335,402.2316911101527,159.0,23.302360395462088,120.33333333333333,9.504384952922171,38.666666666666664,14.224392195567914,38.666666666666664,14.224392195567914,1213.3333333333333,132.66624790553678,797.0,279.07167538107484,0.0,0.0,0.7616778432567907,0.05110197990914012,0.0,0.0,0.0,0.0,-0.01753725616370756,0.037997944352951674,1.0,0.0,0.537203218435144,0.11686045507166211,0.43111111111111117,0.1118199611147478,0.68,0.2554299208089069,0.7888888888888889,0.07726817178094977,0.0022222222222222222,0.0038490017945975057,0.03508771929824561,0.06077371254627639,0.0041797283176593526,0.0072395018080203865,0.002103049421661409,0.0036425884491459036,0.010577116625508599,0.01467725397524517,0.039487939962078326,0.054956895958927915,0.956592481609912,0.006206692877439871,0.9755555555555556,0.042339019740572574,470.6666666666667,16.50252505931541,10571.0,2072.078907763891,0.9942632592249163,0.0007817288087493064,0.9533333333333333,0.06960204339273703,25.333333333333332,6.027713773341709,4369.666666666667,724.1687188310009,0.9314542101165569,0.011338368908860424,0.9755555555555556,0.042339019740572574,445.3333333333333,10.503967504392495,6201.333333333333,1348.5067049641739,0.9903984122138897,0.0011723667110492262,5743.0,1009.0188303495629,0.9519083925123663,0.007274672068112058,3586.0,719.1084758226675,0.8521222267354966,0.027822074949579993,1712.6666666666667,359.49455257810695,1.0,0.0,0.7998764048008512,0.014101629468171712,1207.5213806110166,163.72012346364178,0.19777777777777775,0.06336256635281447,0.2626731863657072,0.12956709642960398,0.8022222222222223,0.06336256635281447
strong_drift,nominal,belief_orienteering_no_opportunity_cost,1.0,1.0,116.66666666666667,38.99145205469185,0.7777777777777778,0.25994301369794565,40.91923005251777,14.773276312656728,0.01359471978713997,0.005474541306168772,3040.957093862023,314.74287884642706,5401.0,0.0,255.33333333333334,52.27172594561359,96.0,27.784887978899608,61.333333333333336,28.37839553839035,19.678169862557276,7.125680048820751,1716.0710140204849,677.2866158503842,0.5538858565688718,0.1759157347683059,2543.3333333333335,1025.7194223243184,0.4709004505338517,0.1899128721207773,0.3789282363977486,0.1393161180224692,0.0,0.0,1883.0,789.1660154872358,155.33333333333334,54.24327915358116,116.66666666666667,38.99145205469185,38.666666666666664,15.373136743466942,38.666666666666664,15.373136743466942,1135.0,368.67194089054294,592.6666666666666,376.2636487003938,0.0,0.0,0.7550025457855677,0.019989670029191258,0.0,0.0,0.0,0.0,-0.02546047172788426,0.019004101261279563,0.6666666666666666,0.5773502691896258,0.4652293911026864,0.1638560963282553,0.3386395409137906,0.0161939894540686,0.5977777777777779,0.34694433324435553,0.6577777777777778,0.28490414242402723,0.0,0.0,0.0,0.0,0.0,0.0,0.0,0.0,0.01607081438369481,0.023650945660509015,0.05791665698904316,0.07561297859396594,0.9538916678856686,0.020990833786973036,0.9244444444444445,0.13086606101631518,429.3333333333333,11.060440015358033,10146.0,4225.082721083695,0.9929781756166075,0.003478514246824969,0.8577777777777778,0.2463361148542403,25.666666666666668,6.658328118479393,4191.0,1748.2562741200159,0.9287445686811634,0.030305290498216057,0.9244444444444445,0.13086606101631518,403.6666666666667,4.509249752822901,5955.0,2501.0725699187537,0.9893687413665386,0.005480335162149234,5506.333333333333,2166.9693891085158,0.9476595104846557,0.0238733514025753,3432.6666666666665,1572.6933373462653,0.8525557058829086,0.04782395001470024,1636.3333333333333,580.3932574843831,1.0,0.0,0.7998764048008512,0.014101629468171712,1207.5213806110166,163.72012346364178,0.2222222222222222,0.25994301369794565,0.33464701369816474,0.16488824501112476,0.7777777777777778,0.25994301369794565
strong_drift,nominal,belief_orienteering_provisional,1.0,1.0,106.66666666666667,42.15843134336634,0.7111111111111111,0.28105620895577565,36.2530870357343,15.02138230583319,0.012465219296584529,0.006100668620747356,2983.8072027074627,275.73654203111994,5401.0,0.0,264.6666666666667,49.69238707622459,99.33333333333333,15.534906930308056,61.666666666666664,23.860706890897706,20.292544388107277,6.526929599788346,1714.8382114153449,687.3727118230383,0.5639138386504845,0.1900958199062827,2480.3333333333335,996.1607969265472,0.45923594396099493,0.18444006608527075,0.3927510497632449,0.17617420078338852,0.0,0.0,1678.3333333333333,773.198767027815,140.66666666666666,52.93706955747866,106.66666666666667,42.15843134336634,34.0,11.269427669584644,34.0,11.269427669584644,1019.6666666666666,392.5383208469376,518.0,328.6167981098958,0.0,0.0,0.7543662952467983,0.022400677493657147,0.0,0.0,0.0,0.0,-0.03601164193373658,0.046024981545553165,0.6666666666666666,0.5773502691896258,0.5331878545980921,0.17569179609388072,0.4844444444444444,0.09100264546419229,0.7044444444444444,0.2921440537614075,0.7111111111111111,0.28105620895577565,0.0,0.0,0.0,0.0,0.0,0.0,0.0,0.0,0.0023867198933255947,0.0012808070382473167,0.01282624518479334,0.0054595978208550585,0.9455024023764708,0.026771597806374132,0.8066666666666666,0.27382070370550465,446.6666666666667,7.767453465154027,9064.666666666666,4087.3758492868424,0.9938832776902582,0.004058286801332818,0.7600000000000001,0.30753500252455457,19.0,4.358898943540674,3761.3333333333335,1684.2281120244172,0.914481359718594,0.039435595756695606,0.8044444444444444,0.27148426050823593,427.6666666666667,11.015141094572204,5303.333333333333,2409.9863761717274,0.988188082813633,0.0037348261937202067,4738.666666666667,1936.8480408471216,0.9484662976622104,0.02758851626081779,3328.6666666666665,1636.0004074979117,0.803254123693768,0.08733372542177564,1444.0,541.8422279593941,1.0,0.0,0.7998764048008512,0.014101629468171712,1207.5213806110166,163.72012346364178,0.2888888888888889,0.2810562089557756,0.266688550202759,0.18664349015615678,0.7111111111111111,0.28105620895577565
strong_drift,nominal,confirmed_route,1.0,1.0,135.0,11.357816691600547,0.9,0.07571877794400364,47.15622674275463,5.801638049426714,0.013098648455387165,0.0016114410957734438,3600.081291232942,0.03424232382134906,4344.666666666667,128.37575056580314,143.66666666666666,12.58305739211792,141.66666666666666,12.58305739211792,64.33333333333333,15.53490693030806,17.86995215089391,4.3150581366018965,2342.1099578325734,119.63059534776256,0.6505715355329138,0.03323383478590278,2756.3333333333335,201.92160194821486,0.634098177918777,0.035369093941040305,0.5496100673520028,0.07697255199274561,51.0,17.05872210923198,2698.3333333333335,487.28362719604405,183.0,20.663978319771825,135.0,11.357816691600547,48.0,13.45362404707371,48.0,13.45362404707371,1614.0,202.68941758266513,901.3333333333334,267.2907281095499,0.0,0.0,0.7400249894316997,0.04859282200666441,0.0,0.0,0.0,0.0,-0.03707760508569424,0.010384533526972254,1.0,0.0,0.5342857090076357,0.02895929096049054,0.24790828922707278,0.04601169830807879,0.7511111111111112,0.03849001794597505,0.888888888888889,0.07065828042482064,0.0,0.0,0.0,0.0,0.0,0.0,0.0,0.0,0.004216493192424386,0.0010814826368570243,0.036893697127661794,0.009241781677969733,0.9684115241111778,0.004466854121633891,0.9888888888888889,0.01924500897298753,361.6666666666667,16.862186493255656,11215.666666666666,1422.2859534331815,0.9959966738984966,0.0007971280896526277,0.9622222222222222,0.05975257626555001,18.666666666666668,2.081665999466133,4706.666666666667,516.0788053517924,0.9493094828997073,0.007324459533684804,0.9888888888888889,0.01924500897298753,343.0,14.798648586948742,6509.0,919.9804345745621,0.9929029540924573,0.001877659860402886,6109.666666666667,821.4355320616056,0.9649180681212323,0.005032197356487654,3749.3333333333335,432.25031328309444,0.8888110659710623,0.0137162333771006,1718.3333333333333,225.24949130538195,1.0,0.0,0.7998764048008512,0.014101629468171712,1207.5213806110166,163.72012346364178,0.09999999999999998,0.07571877794400365,0.26559069579321554,0.028160755336689786,0.9,0.07571877794400364
strong_drift,nominal,coverage,1.0,1.0,0.0,0.0,0.0,0.0,0.0,0.0,0.0,0.0,3600.25,0.0,3658.0,0.0,27.0,0.0,26.0,0.0,26.0,0.0,7.221720713839317,0.0,3563.25,0.0,0.9897229359072287,0.0,3618.0,0.0,0.9890650628758885,0.0,0.0,0.0,0.0,0.0,27.666666666666668,24.583192089989726,0.0,0.0,0.0,0.0,0.0,0.0,0.0,0.0,27.666666666666668,24.583192089989726,0.0,0.0,0.0,0.0,0.0,0.0,0.0,0.0,0.0,0.0,-0.07464258882083828,0.008589420571200122,0.0,0.0,0.0,0.0,0.0,0.0,0.0,0.0,0.0,0.0,0.5086999022482893,0.09576714688407528,0.16917748917748918,0.07791572845703626,0.251175461608314,0.10096326614270092,0.14612985282538912,0.06510029031615254,0.007478447103332453,0.0006251123365402678,0.04586059595050323,0.0010787649294292019,0.9502499274851411,0.010768289943384995,1.0,0.0,304.6666666666667,22.479620400116495,5943.666666666667,901.8116950524279,0.9913811109837667,0.002888032144755707,0.9688888888888889,0.020367003088692645,15.0,2.6457513110645907,1790.0,314.8539343886304,0.9337138760553785,0.013093600458658613,1.0,0.0,289.6666666666667,19.857828011475316,4153.666666666667,587.0556475610581,0.9798226337689785,0.008440439600048739,2006.6666666666667,388.18337591057826,0.9610085303575074,0.005516067794264852,2792.0,371.1455240198917,0.889696473776957,0.02278650392545735,1449.6666666666667,128.5936753239961,1.0,0.0,0.7998764048008512,0.014101629468171712,1207.5213806110166,163.72012346364178,1.0,0.0,0.7998764048008512,0.014101629468171712,0.0,0.0
strong_drift,nominal,greedy,1.0,1.0,18.0,7.937253933193772,0.12,0.052915026221291815,7.079717611930114,3.3599628609403522,0.001966518427530204,0.0009332857799104922,3600.1291924434568,0.07839418678667288,4831.666666666667,162.6663251362536,154.33333333333334,17.8978583448784,153.33333333333334,17.8978583448784,136.33333333333334,16.041612554021288,37.869075331913166,4.4566789088161896,3450.0099170723875,77.71800632894403,0.9583014067640213,0.021568437338871715,4609.666666666667,90.91387866180476,0.9544388837545464,0.020864508481179486,0.1101599549875412,0.049793183598716304,0.0,0.0,525.0,276.72910941930195,25.0,13.228756555322953,18.0,7.937253933193772,7.0,5.291502622129181,7.0,5.291502622129181,358.0,181.0,142.0,84.45116932286965,0.0,0.0,0.7619047619047619,0.11980710119437264,0.0,0.0,0.0,0.0,0.03354984614465072,0.020487620773912044,0.0,0.0,0.06630207775796886,0.04704841649478292,0.03333333333333333,0.05773502691896258,0.08444444444444443,0.07784124394727553,0.11777777777777777,0.050479185296002434,0.0,0.0,0.0,0.0,0.0,0.0,0.0,0.0,0.007168990612513852,0.0004742733195615966,0.021171483236020364,0.0019326593171431266,0.8720082540911843,0.06841468327026162,0.7511111111111112,0.22561849149328095,412.3333333333333,17.4737898961082,3350.0,1523.2639298558868,0.979564517614559,0.014343103070765067,0.6822222222222223,0.28568306707751306,23.0,4.58257569495584,1396.3333333333333,638.8398338655264,0.808167590325784,0.09794344442615623,0.7511111111111112,0.22561849149328095,389.3333333333333,14.011899704655795,1953.6666666666667,925.2379874028807,0.9643369739489991,0.01950614509069092,1878.0,818.787518224356,0.8432772831235272,0.09971113242251325,1209.0,564.5502634841295,0.664498923259031,0.14338860224495112,675.3333333333334,246.84678108764822,1.0,0.0,0.7998764048008512,0.014101629468171712,1207.5213806110166,163.72012346364178,0.8799999999999999,0.05291502622129179,0.7335743270428824,0.03341534220893079,0.12,0.052915026221291815
strong_drift,nominal,lawnmower_collect,1.0,1.0,0.0,0.0,0.0,0.0,0.0,0.0,0.0,0.0,3194.7000000012067,0.0,5401.0,0.0,34.0,0.0,33.0,0.0,33.0,0.0,10.329608413931679,0.0,3095.2500000011464,0.0,0.9688703164616325,0.0,5233.0,0.0,0.9688946491390483,0.0,0.0,0.0,0.0,0.0,4.333333333333333,5.131601439446884,0.0,0.0,0.0,0.0,0.0,0.0,0.0,0.0,4.333333333333333,5.131601439446884,0.0,0.0,0.0,0.0,0.0,0.0,0.0,0.0,0.0,0.0,-0.011441705790149373,0.014186949399823904,0.0,0.0,0.0,0.0,0.0,0.0,0.0,0.0,0.0,0.0,0.0,0.0,0.0,0.0,0.0,0.0,0.0,0.0,0.007013271768255382,0.0007833098104337162,0.02138236930247278,0.0013415712038413873,0.8827383775133928,0.061702158847539594,0.5,0.13920408678547397,455.6666666666667,7.767453465154027,4061.0,1806.8621972912047,0.9624989741247106,0.02541334792585651,0.2866666666666667,0.12666666666666665,28.0,4.358898943540674,952.3333333333334,516.3161176385387,0.8633564370294357,0.06495754816884407,0.5,0.13920408678547397,427.6666666666667,7.371114795831996,3108.6666666666665,1291.7067520661699,0.9346320221271367,0.04302507933117565,1019.6666666666666,536.6249466185236,0.9035183876275238,0.0589651151354117,1952.3333333333333,818.7761191762577,0.827892029507626,0.05993387114687622,1544.6666666666667,447.1468811624803,1.0,0.0,0.7998764048008512,0.014101629468171712,1207.5213806110166,163.72012346364178,1.0,0.0,0.7998764048008512,0.014101629468171712,0.0,0.0
strong_drift,nominal,lawnmower_survey,1.0,1.0,0.0,0.0,0.0,0.0,0.0,0.0,0.0,0.0,3600.25,0.0,3658.0,0.0,27.0,0.0,26.0,0.0,26.0,0.0,7.221720713839317,0.0,3563.25,0.0,0.9897229359072287,0.0,3618.0,0.0,0.9890650628758885,0.0,0.0,0.0,0.0,0.0,27.666666666666668,24.583192089989726,0.0,0.0,0.0,0.0,0.0,0.0,0.0,0.0,27.666666666666668,24.583192089989726,0.0,0.0,0.0,0.0,0.0,0.0,0.0,0.0,0.0,0.0,-0.07464258882083828,0.008589420571200122,0.0,0.0,0.0,0.0,0.0,0.0,0.0,0.0,0.0,0.0,0.5086999022482893,0.09576714688407528,0.16917748917748918,0.07791572845703626,0.251175461608314,0.10096326614270092,0.14612985282538912,0.06510029031615254,0.007478447103332453,0.0006251123365402678,0.04586059595050323,0.0010787649294292019,0.9502499274851411,0.010768289943384995,1.0,0.0,304.6666666666667,22.479620400116495,5943.666666666667,901.8116950524279,0.9913811109837667,0.002888032144755707,0.9688888888888889,0.020367003088692645,15.0,2.6457513110645907,1790.0,314.8539343886304,0.9337138760553785,0.013093600458658613,1.0,0.0,289.6666666666667,19.857828011475316,4153.666666666667,587.0556475610581,0.9798226337689785,0.008440439600048739,2006.6666666666667,388.18337591057826,0.9610085303575074,0.005516067794264852,2792.0,371.1455240198917,0.889696473776957,0.02278650392545735,1449.6666666666667,128.5936753239961,1.0,0.0,0.7998764048008512,0.014101629468171712,1207.5213806110166,163.72012346364178,1.0,0.0,0.7998764048008512,0.014101629468171712,0.0,0.0
strong_drift,nominal,oracle_current_physics,1.0,1.0,150.0,0.0,1.0,0.0,52.41641139573514,1.4259612921530251,0.04402506120947745,0.006831120958566323,1207.5213806110166,163.72012346364178,2015.0,211.53959440256097,165.0,1.7320508075688772,162.66666666666666,1.5275252316519499,19.333333333333332,2.516611478423583,16.406631383696677,4.407793475288103,157.29486679025828,115.46043534414089,0.12366857458117987,0.07671015116704055,276.6666666666667,111.90323200575278,0.13494144791715565,0.042327313073209596,0.881195651399413,0.01491023819752162,0.0,0.0,1991.3333333333333,178.37133551479994,203.0,7.211102550927978,150.0,0.0,53.0,7.211102550927978,53.0,7.211102550927978,1421.3333333333333,50.06329327294931,367.0,122.04917041913886,0.0,0.0,0.7395301501490072,0.025925751093367293,0.0,0.0,0.0,0.0,-0.06847463774253322,0.022056289210464538,1.0,0.0,0.7998764048008512,0.014101629468171712,0.6777777777777777,0.1688303992286452,0.9933333333333333,0.0,0.9933333333333333,0.0,0.0,0.0,0.0,0.0,0.0,0.0,0.0,0.0,0.021833971944174347,0.007131385437949866,0.09679056267172166,0.01912891383470518,0.9742505081475569,0.0040212273870196625,1.0,0.0,165.33333333333334,22.678918257565403,6268.333333333333,211.0694988228602,0.9964170664229125,0.0017751766192919886,1.0,0.0,8.666666666666666,3.7859388972001824,2451.6666666666665,171.80318196510018,0.9605225807884814,0.004722675988138009,1.0,0.0,156.66666666666666,19.139836293274122,3816.6666666666665,254.513915795057,0.9938049481077295,0.0006541378775862226,3337.6666666666665,240.49185710400536,0.9694698484123551,0.008096146677128987,2066.0,173.38973441354594,0.9193385182533372,0.0051881828477582815,1030.0,218.57492994394394,1.0,0.0,0.7998764048008512,0.014101629468171712,1207.5213806110166,163.72012346364178,0.0,0.0,0.0,0.0,1.0,0.0
strong_drift,nominal,oracle_perfect_static,1.0,1.0,0.3333333333333333,0.5773502691896258,0.0022222222222222222,0.0038490017945975057,0.06588658976706124,0.11411892101399775,2.6497816843176687e-05,4.5895565062036374e-05,2282.2048823379955,209.6490714564216,5401.0,0.0,428.0,17.776388834631177,427.0,17.776388834631177,426.6666666666667,18.175074506954118,188.50968259667897,25.59990957290326,2276.97567103238,203.16421130588827,0.997868389446379,0.002904124454729874,5392.333333333333,10.785793124909006,0.9983953588841573,0.0019969992825234393,0.0008071025020177563,0.001397942540410716,0.0,0.0,8.333333333333334,10.408329997330664,0.6666666666666666,1.1547005383792517,0.3333333333333333,0.5773502691896258,0.3333333333333333,0.5773502691896258,0.3333333333333333,0.5773502691896258,7.666666666666667,9.291573243177568,0.0,0.0,0.0,0.0,0.16666666666666666,0.2886751345948129,0.0,0.0,0.0,0.0,-0.02293797177716797,0.016450655785350505,0.0,0.0,0.002128065524691991,0.0036859176106022492,0.0022222222222222222,0.0038490017945975057,0.0022222222222222222,0.0038490017945975057,0.0022222222222222222,0.0038490017945975057,0.0,0.0,0.0,0.0,0.0,0.0,0.0,0.0,0.006902263684785265,0.0007951130970317512,0.016887197997212767,0.0004100350211990615,0.5978971021521199,0.10949078952259679,0.22666666666666666,0.08326663997864531,459.0,38.742741255621034,742.0,354.2640258338405,0.8741532976827094,0.05221035054202806,0.11333333333333333,0.019999999999999997,22.0,2.0,173.33333333333334,79.68897874444956,0.5446532041355151,0.11776424634593403,0.22666666666666666,0.08326663997864531,437.0,38.43175770115127,568.6666666666666,284.04635771882965,0.677349422207017,0.1700397251306562,209.66666666666666,102.7634824893227,0.6638795098646302,0.09102763281788522,492.6666666666667,148.28800805639455,0.48153027727455927,0.14108534581097815,498.6666666666667,143.22825605771138,1.0,0.0,0.7998764048008512,0.014101629468171712,1207.5213806110166,163.72012346364178,0.9977777777777778,0.0038490017945975617,0.7977483392761592,0.0112277925738911,0.0022222222222222222,0.0038490017945975057
strong_drift,nominal,oracle_route_heuristic,1.0,1.0,150.0,0.0,1.0,0.0,52.41641139573514,1.4259612921530251,0.027194130448450007,0.004890660907512714,1971.2267847534133,374.8123046051603,3344.3333333333335,489.9554401507686,289.6666666666667,22.007574453658755,287.3333333333333,22.03028218914441,146.66666666666666,20.55075018906447,75.16129249895671,9.527037829916797,1089.3442957957316,181.8427626338654,0.5552494429732021,0.04461271354959405,2061.3333333333335,316.3421143846221,0.6164006395367688,0.03159897738835942,0.491209300037823,0.032283498189854536,0.0,0.0,2232.6666666666665,68.85734044626852,200.33333333333334,6.506407098647715,150.0,0.0,50.333333333333336,6.5064070986477125,50.333333333333336,6.5064070986477125,1441.3333333333333,65.51590137770623,591.0,21.633307652783937,0.0,0.0,0.7492778524826934,0.02428715095127231,0.0,0.0,0.0,0.0,-0.06645645117709709,0.018675926034366123,1.0,0.0,0.6954500537937062,0.029185686226776697,0.5222222222222223,0.03288588574877499,0.9812475977219052,0.020933108125837895,0.9933333333333333,0.0,0.0,0.0,0.0,0.0,0.0,0.0,0.0,0.0,0.027911129112998964,0.011369134984738934,0.12480720254793443,0.026235565901362622,0.9762427761546961,0.0031736716999446915,1.0,0.0,273.3333333333333,29.365512652316035,11269.666666666666,702.844458847997,0.99668964852026,0.0011535693129829593,1.0,0.0,15.0,5.5677643628300215,4490.333333333333,126.09652387490038,0.9629240418985977,0.00624095161589164,1.0,0.0,258.3333333333333,24.826061575153904,6779.333333333333,742.5424791440106,0.9946397272574105,0.0012612709112906108,5994.0,326.501148543156,0.9748495567642802,0.0034278902926305178,3834.6666666666665,189.9929823265411,0.9109144384579282,0.030222920030879567,1714.3333333333333,406.7976564993134,1.0,0.0,0.7998764048008512,0.014101629468171712,1207.5213806110166,163.72012346364178,0.0,0.0,0.10442635100714504,0.04268645831636176,1.0,0.0
weak_drift,nominal,active,1.0,1.0,9.666666666666666,0.5773502691896255,0.06444444444444444,0.0038490017945975057,3.347396084385057,0.12806241181691305,0.0009298035929119639,3.55864928559488e-05,3600.112406824008,0.06032789466363509,5254.333333333333,70.26616065598952,159.0,6.557438524302,158.0,6.557438524302,148.66666666666666,6.027713773341707,41.29499851987202,1.67401442003074,3400.2124068239864,30.346256597505484,0.9444739549575821,0.008429055883439276,4973.666666666667,39.82880029995043,0.9466338686864955,0.006318249781446715,0.05904714256206043,0.0016467002157881105,0.0,0.0,173.0,16.46207763315433,14.333333333333334,2.0816659994661326,9.666666666666666,0.5773502691896255,4.666666666666667,2.309401076758503,4.666666666666667,2.309401076758503,158.66666666666666,14.433756729740647,0.0,0.0,0.0,0.0,0.6861111111111112,0.12810947286222457,0.0,0.0,0.0,0.0,0.0035161487254540854,0.016675824143709467,0.0,0.0,0.03842842444976482,0.003021586915035515,0.015555555555555557,0.003849001794597504,0.04888888888888889,0.0038490017945975057,0.06444444444444444,0.0038490017945975057,0.0,0.0,0.0,0.0,0.0,0.0,0.0,0.0,0.006661789017688086,0.0006434125202661902,0.0171573833104376,0.0010804937130713765,0.9518277933594738,0.0069412352928173915,0.6133333333333333,0.05033222956847163,452.3333333333333,2.0816659994661384,9083.0,1514.9376224782327,0.9892393117109899,0.002092536454401775,0.4222222222222222,0.05047918529600242,28.333333333333332,7.76745346515403,2580.6666666666665,209.57178563283122,0.9373533246442317,0.011444277748758275,0.6133333333333333,0.05033222956847163,424.0,6.082762530298219,6502.333333333333,1305.3897246927195,0.9835208580734184,0.0018526938732472526,3214.6666666666665,206.66962363476003,0.9630061130907716,0.004220738647781572,4237.333333333333,861.127361853828,0.8774130241835173,0.03229354279435423,2083.3333333333335,482.9299466106169,1.0,0.0,0.767579718054599,0.011034484099638402,1630.4349134781387,55.58955811660604,0.9355555555555556,0.00384900179459745,0.7291512936048342,0.010553101352480866,0.06444444444444444,0.0038490017945975057
weak_drift,nominal,belief_cluster_route,1.0,1.0,82.0,40.59556626036888,0.5466666666666666,0.2706371084024592,29.993986448620046,15.187499361983868,0.009502483090603692,0.0051478535302407905,3201.254529733251,126.3342576632343,5401.0,0.0,167.66666666666666,10.263202878893772,113.0,19.313207915827967,75.33333333333333,27.73685875028629,23.334894101192436,7.680974961892997,1725.26681225201,825.4148341997144,0.532771969100209,0.23545636957013136,2742.6666666666665,1216.3972761122632,0.5078071961982349,0.22521704797486825,0.34781178206825203,0.12708074138724543,0.0,0.0,1217.3333333333333,653.5719802235507,115.0,56.66568626602876,82.0,40.59556626036888,33.0,16.09347693943108,33.0,16.09347693943108,887.3333333333334,409.99065029989805,215.0,200.0524931111832,0.0,0.0,0.7131403318903319,0.0073936609318709665,0.0,0.0,0.0,0.0,-0.04360021107879838,0.012617385317144472,0.6666666666666666,0.5773502691896258,0.280204913825145,0.04072115841176652,0.16666666666666666,0.07859884081701066,0.2866666666666667,0.0851143022320247,0.5311111111111111,0.245522873642114,0.005338078291814947,0.009245822816203971,0.1875,0.3247595264191645,0.010380622837370243,0.01797976616853506,0.005272407732864675,0.009132078071540654,0.017042334327120965,0.01915189371540737,0.056049735557223986,0.06699484596908566,0.9565985605365616,0.018287063437061254,0.8422222222222221,0.17541485219436345,465.0,12.767145334803704,11489.333333333334,4449.494615496611,0.9916074590526018,0.004082108847639117,0.8066666666666666,0.22040367006422057,29.666666666666668,1.154700538379251,4040.0,1684.2280130671145,0.9392400423495845,0.023816523750967745,0.8422222222222221,0.17541485219436345,435.3333333333333,11.93035344544886,7449.333333333333,2765.9346220280286,0.9862963523034801,0.00683650028716715,5222.0,2179.1016497630394,0.9587920332926473,0.01748694519708642,4465.333333333333,1639.5979181901073,0.8876160931691337,0.036278610347741935,2267.0,685.5136760123754,1.0,0.0,0.767579718054599,0.011034484099638402,1630.4349134781387,55.58955811660604,0.4533333333333333,0.2706371084024592,0.4873748042294541,0.04712367192188343,0.5466666666666666,0.2706371084024592
weak_drift,nominal,belief_horizon,1.0,1.0,94.0,18.24828759089466,0.6266666666666666,0.12165525060596437,33.12728130926021,5.309700185702258,0.011361656125170863,0.0024038128250621206,2940.4186959896037,195.72476684582261,5401.0,0.0,248.33333333333334,39.31072796748152,119.66666666666667,2.516611478423583,74.0,5.291502622129181,25.16116725810984,0.2583588791314153,1081.5572917861662,397.6099543712542,0.3627769147905798,0.11383892735122891,1840.6666666666667,512.7975558964115,0.3408010862186015,0.09494492795712117,0.3808743169398907,0.05601292812639102,0.0,0.0,1237.0,286.87976575562107,128.0,22.338307903688676,94.0,18.24828759089466,34.0,5.291502622129181,34.0,5.291502622129181,956.3333333333334,193.97508431067462,152.66666666666666,89.67348177322732,0.0,0.0,0.732576074766969,0.027699354145809478,0.0,0.0,0.0,0.0,-0.06657976360112933,0.049191251321044696,0.6666666666666666,0.5773502691896258,0.35813266323649584,0.03577960349502037,0.18944334833506848,0.0755784788210366,0.48666666666666664,0.03527668414752785,0.6266666666666666,0.12165525060596437,0.1111111111111111,0.19245008972987526,0.006802721088435374,0.01178265855489032,0.012820512820512818,0.022205779584216375,0.006535947712418301,0.011320593513522074,0.012045988887538182,0.0066945978273514626,0.0437601114520911,0.024716817370838765,0.9651789667260863,0.0038705067442237535,0.8422222222222221,0.1731195262538873,440.3333333333333,47.60602202803059,12350.666666666666,2218.9200826828655,0.9941803754484969,0.002224654083004345,0.7911111111111112,0.20713209240410735,26.666666666666668,12.503332889007368,4445.0,814.027640808345,0.9496292021100796,0.005951245693131707,0.8422222222222221,0.1731195262538873,413.6666666666667,35.11884584284246,7905.666666666667,1407.7792203798624,0.9900273290929129,0.0006945492056750639,5754.0,920.834404222605,0.9676978190871587,0.0014089037769254285,4708.333333333333,690.6115647260285,0.8955248206024292,0.027357860760657875,2328.6666666666665,661.3866745961348,1.0,0.0,0.767579718054599,0.011034484099638402,1630.4349134781387,55.58955811660604,0.37333333333333335,0.12165525060596438,0.4094470548181033,0.046786655353604184,0.6266666666666666,0.12165525060596437
weak_drift,nominal,belief_horizon_no_efficiency,1.0,1.0,102.0,23.515952032609693,0.68,0.15677301355073128,35.74650570052202,7.360831205321587,0.011005540683420278,0.002282080139075705,3248.9662410829987,71.29292816180312,5401.0,0.0,106.33333333333333,8.504900548115382,47.333333333333336,7.505553499465135,22.666666666666668,8.082903768654761,7.002433449592435,2.559979877882408,737.3549363403305,184.15699056749227,0.22739624209533418,0.058551839650457176,1115.6666666666667,334.5210506580017,0.20656668518175647,0.061936872923162696,0.5313023855577047,0.10425874318082487,0.0,0.0,1382.0,406.8746735789781,136.33333333333334,28.936712552280937,102.0,23.515952032609693,34.333333333333336,5.507570547286101,34.333333333333336,5.507570547286101,984.0,222.73751367921838,261.6666666666667,218.92997358364005,0.0,0.0,0.7459300110824659,0.016698910764681326,0.0,0.0,0.0,0.0,-0.0571484809324631,0.021643013784745785,1.0,0.0,0.3236077975992145,0.03169447579806112,0.13333333333333333,0.09820613241770824,0.3444444444444445,0.13765227258620957,0.6533333333333333,0.13383239933256494,0.001987083954297069,0.003441730367747397,0.05555555555555555,0.09622504486493763,0.0038369304556354917,0.0066457584942690735,0.0019295706705258079,0.0033421144381454455,0.0214571768013109,0.020361110816010494,0.06945638795379115,0.055829741481583345,0.9653518934336679,0.010376955178221584,0.8666666666666667,0.18666666666666662,459.0,13.74772708486752,13682.0,4522.774480338368,0.9937532152064256,0.0013749789737336987,0.8133333333333334,0.21176506899024786,30.0,3.605551275463989,5019.666666666667,1682.6272116346308,0.94971744738165,0.015013872003088378,0.8666666666666667,0.18666666666666662,429.0,10.14889156509222,8662.333333333334,2840.20938195291,0.9896130433297369,0.002356788752323608,6361.0,2235.682446144801,0.9667983549186133,0.007939026666893733,5199.0,1521.9004566659412,0.9028785071224763,0.03552854548496329,2581.0,805.2248133285511,1.0,0.0,0.767579718054599,0.011034484099638402,1630.4349134781387,55.58955811660604,0.32,0.15677301355073125,0.44397192045538464,0.040586927466852836,0.68,0.15677301355073128
weak_drift,nominal,belief_horizon_no_refinement,1.0,1.0,89.0,16.09347693943108,0.5933333333333334,0.10728984626287388,32.26680851406219,5.817398489836523,0.010331784539972813,0.0019409382563333071,3131.5806857605626,173.58648689953154,5401.0,0.0,180.66666666666666,17.473789896108208,178.66666666666666,17.785762095938797,117.0,16.522711641858304,37.5319873666895,6.562602943617339,2040.361811810147,535.5976785035361,0.6504732909300278,0.15555347652134258,3547.3333333333335,757.9138033664076,0.6567919521076343,0.14032842128613354,0.3460075484615362,0.05690403722683146,0.0,0.0,1230.3333333333333,184.7629111410982,118.66666666666667,24.90649179096352,89.0,16.09347693943108,29.666666666666668,11.060440015358038,29.666666666666668,11.060440015358038,928.3333333333334,171.73914327646253,183.33333333333334,23.69247419188915,0.0,0.0,0.7550089529733296,0.05432581071193284,0.0,0.0,0.0,0.0,-0.07674604156451556,0.04172330262567646,0.6666666666666666,0.5773502691896258,0.32544185340562376,0.0456298329093664,0.16043101155200287,0.11169356657277124,0.37777777777777777,0.12334834743447037,0.5488888888888889,0.14241306640010767,0.07474007474007474,0.07811674379059344,0.21586165772212285,0.23220926999645614,0.1110032362459547,0.11689390273850593,0.061499903605166766,0.06637986469762379,0.013343437849831807,0.006774754055530265,0.056943081108343896,0.019738935013868506,0.9639794475559906,0.01313154287820458,0.9577777777777777,0.07313103409735262,462.6666666666667,35.52933060632206,13190.0,3378.063942556446,0.9946286966479034,0.0013697203538066735,0.9155555555555556,0.06710963942462887,24.333333333333332,4.932882862316248,4641.333333333333,1033.4361776778155,0.9476604785099619,0.02073406914041476,0.9555555555555556,0.07128451081042418,438.3333333333333,38.55299383100271,8548.666666666666,2364.0169909146875,0.9905772620207145,0.004270592884942921,6194.333333333333,1302.2996327010667,0.9652579475714455,0.012219558860419697,5034.0,1195.0803320279354,0.8868869419083412,0.05586108277757391,2424.3333333333335,849.5377174283277,1.0,0.0,0.767579718054599,0.011034484099638402,1630.4349134781387,55.58955811660604,0.4066666666666667,0.10728984626287391,0.44213786464897536,0.04456021923982699,0.5933333333333334,0.10728984626287388
weak_drift,nominal,belief_horizon_no_track_prediction,1.0,1.0,76.33333333333333,5.859465277082315,0.5088888888888888,0.03906310184721546,26.594662859217706,0.5713480693568379,0.008932442752305371,0.0001891771268643702,2978.787865874146,115.88314864394582,5401.0,0.0,233.33333333333334,18.90326250501043,160.33333333333334,20.74447717666881,111.66666666666667,18.009256878986797,37.48406133170895,5.953232349287647,1758.3033639548478,199.0599479819301,0.5908513330206403,0.07102922440638071,3023.3333333333335,347.39218951112485,0.5597728815651423,0.06431997583986757,0.30525144272574617,0.02737285579217842,0.0,0.0,874.0,52.67826876426369,97.33333333333333,6.110100926607786,76.33333333333333,5.859465277082315,21.0,1.0,21.0,1.0,718.6666666666666,46.608296829355744,58.0,4.358898943540674,0.0,0.0,0.7838396506874767,0.013663445145843,0.0,0.0,0.0,0.0,-0.031068145312539038,0.021068770936301225,0.3333333333333333,0.5773502691896258,0.3071511557518097,0.020532031325249514,0.15777777777777777,0.032885885748774976,0.39333333333333337,0.12489995996796796,0.5088888888888888,0.03906310184721546,0.0,0.0,0.0,0.0,0.0,0.0,0.0,0.0,0.007352314812860708,0.004410514408498028,0.025998452897410724,0.021977912543413792,0.9593455665352689,0.007158977248977445,0.8688888888888888,0.18139378077460014,456.3333333333333,23.028967265887832,10937.333333333334,1511.9554667163095,0.9941816506486488,0.001631908956407709,0.7244444444444444,0.11476223407711428,22.333333333333332,4.163331998932265,3878.0,356.5627574495127,0.940914176004663,0.011397508506750552,0.8688888888888888,0.18139378077460014,434.0,21.0,7059.333333333333,1219.225300481143,0.9872264555490758,0.004013584798232633,5052.666666666667,501.2557564091741,0.9618390526260061,0.0072019611401708105,4222.333333333333,652.5537014938567,0.8859702504290708,0.022123596152623524,2118.6666666666665,465.0046594748631,1.0,0.0,0.767579718054599,0.011034484099638402,1630.4349134781387,55.58955811660604,0.49111111111111105,0.03906310184721543,0.4604285623027895,0.020431774839663963,0.5088888888888888,0.03906310184721546
weak_drift,nominal,belief_horizon_provisional,1.0,1.0,94.33333333333333,29.14332399252586,0.6288888888888889,0.19428882661683905,33.833046429762746,10.184643448466083,0.011845679516480365,0.003936515008759982,2880.1668683321536,193.70962324629096,5401.0,0.0,269.6666666666667,39.24708057083142,121.33333333333333,15.631165450257805,75.0,17.578395831246947,25.981934302570057,5.530846707141502,1061.528959783445,420.0281030608846,0.3638810430055119,0.11989937868948991,1758.3333333333333,554.2718947712696,0.3255569956180954,0.10262393904300492,0.3840942038470542,0.11429454596849103,0.0,0.0,1231.3333333333333,527.5664255175204,125.33333333333333,42.15843134336634,94.33333333333333,29.14332399252586,31.0,13.114877048604,31.0,13.114877048604,934.3333333333334,306.78059477961335,171.66666666666666,181.63241267277525,0.0,0.0,0.7576250056666213,0.027316372870825067,0.0,0.0,0.0,0.0,-0.0568720674712741,0.0358435414543054,1.0,0.0,0.3723356411931362,0.06306970008289642,0.19999999999999998,0.06765927710061477,0.45777777777777784,0.08467803948114515,0.6288888888888889,0.19428882661683905,0.010840108401084013,0.018775618510231733,0.028368794326241134,0.04913619312252134,0.015686274509803925,0.02716942443245298,0.008032128514056226,0.013912054679268092,0.014194652260409666,0.006521744675929073,0.04854514997009246,0.020357375814185133,0.9651705879033874,0.007690996042137814,0.84,0.16825905952165274,443.3333333333333,34.26854728950927,12746.666666666666,3161.7739219199934,0.9944581347136833,0.0010553640589304359,0.8066666666666666,0.21385353243127253,24.666666666666668,3.055050463303893,4524.0,950.9642474877802,0.9494420901708569,0.012384386591076125,0.84,0.16825905952165274,418.6666666666667,35.94903800289145,8222.666666666666,2223.506764849915,0.9896812875106517,0.0019819649509676862,6027.0,1163.5544679988127,0.9667844328099854,0.006364709056930123,4793.333333333333,1168.252683854539,0.892508435488485,0.04438364616174688,2369.6666666666665,891.7451055841761,1.0,0.0,0.767579718054599,0.011034484099638402,1630.4349134781387,55.58955811660604,0.3711111111111111,0.19428882661683905,0.3952440768614629,0.06531611390394075,0.6288888888888889,0.19428882661683905
weak_drift,nominal,belief_orienteering,1.0,1.0,100.33333333333333,23.072349974229617,0.668888888888889,0.1538156664948641,35.3034320377661,7.4539074195368045,0.011652306330133762,0.0023854414512605978,3027.86198674076,57.729301902440625,5401.0,0.0,229.66666666666666,7.637626158259731,116.66666666666667,12.858201014657272,62.333333333333336,14.571661996262929,20.555587669573608,4.642620025731737,1168.537815591251,331.27655560696456,0.3851139502238968,0.10595641074674082,1911.6666666666667,558.8401679669539,0.3539467999753132,0.10346975892741232,0.46944278622195684,0.08341622241694016,0.0,0.0,1418.6666666666667,453.7150353838115,142.0,33.95585369269929,100.33333333333333,23.072349974229617,41.666666666666664,10.96965511460289,41.666666666666664,10.96965511460289,1050.6666666666667,262.8009386081666,226.0,185.6959881095981,0.0,0.0,0.7079133475594088,0.011168690800880747,0.0,0.0,0.0,0.0,-0.054560410226740165,0.031173153287896067,0.6666666666666666,0.5773502691896258,0.3503121684526433,0.046034859839153786,0.17333333333333334,0.07688375063113866,0.40444444444444444,0.10117824389184185,0.668888888888889,0.1538156664948641,0.03566595016320357,0.051205542323387636,0.10519740129935033,0.10349262823129363,0.04162231995233983,0.05279648504146731,0.021754641323116,0.027886241774212582,0.014558496254294721,0.014044959689687305,0.05089397148696411,0.040359906022496776,0.9661301563058203,0.00530714689114083,0.8822222222222221,0.1869442380715388,444.0,15.0996688705415,12897.0,2224.1294926330165,0.9940098746178126,0.0016894169677215398,0.8244444444444445,0.20713209240410746,27.333333333333332,3.511884584284246,4665.0,692.2225075797521,0.9507728688775668,0.008474134826571987,0.8822222222222221,0.1869442380715388,416.6666666666667,18.556220879622373,8232.0,1604.9087201457908,0.990584983315072,0.0027938826566287597,6092.0,904.1719969120919,0.9676663910753142,0.0048678850289342835,4899.0,740.2857556376456,0.8963361477580746,0.02703932831540724,2350.0,668.4975691803224,1.0,0.0,0.767579718054599,0.011034484099638402,1630.4349134781387,55.58955811660604,0.3311111111111111,0.15381566649486406,0.41726754960195583,0.04814579448847675,0.668888888888889,0.1538156664948641
weak_drift,nominal,belief_orienteering_density_disabled,1.0,1.0,95.0,34.044089061098404,0.6333333333333334,0.22696059374065608,33.64858727446304,11.336252051236823,0.011315550012350758,0.004298517163600155,3010.1944132954136,147.1706745319664,5401.0,0.0,236.33333333333334,23.62907813126304,115.66666666666667,14.977761292440645,65.66666666666667,16.802777548171413,21.75168077664475,4.940243153585267,1168.114523330565,678.5475443835769,0.38262240793343333,0.20568254812767026,1867.3333333333333,914.7908686324614,0.34573844349811766,0.16937435079290158,0.43349116161616164,0.11662639556910774,0.0,0.0,1281.6666666666667,503.6430614367017,129.33333333333334,44.73626418615364,95.0,34.044089061098404,34.333333333333336,14.011899704655802,34.333333333333336,14.011899704655802,957.0,325.03999753876445,195.33333333333334,139.76527942709282,0.0,0.0,0.7349465811965813,0.05117537315072483,0.0,0.0,0.0,0.0,-0.05590907737623548,0.03553989093326185,0.6666666666666666,0.5773502691896258,0.34649587286375233,0.06642178025698943,0.18444444444444444,0.06194382162118382,0.39999999999999997,0.1139200499375671,0.6333333333333334,0.22696059374065608,0.003147599546919927,0.002817703479231998,0.051948051948051945,0.04820575205913439,0.005889123345482448,0.005226286686916907,0.0029578450631082207,0.0026254788972702864,0.022371791246191052,0.014286813923720934,0.06796297067539718,0.047608923620814196,0.9648576341766164,0.007561971983410688,0.8711111111111111,0.17818010031467638,449.3333333333333,34.588051886935375,12823.666666666666,3364.4328397715617,0.9939809327776613,0.001115415983777517,0.8066666666666666,0.200776271285008,28.333333333333332,5.131601439446885,4793.333333333333,1175.2235248382894,0.9480886455180378,0.01192408754155233,0.8711111111111111,0.17818010031467638,421.0,30.4138126514911,8030.333333333333,2199.4056772986046,0.9898783964668684,0.0028363847689633643,6157.666666666667,1475.4288642063816,0.9673197338649722,0.006306397493998132,4896.0,1233.072179558034,0.8870594033368278,0.03487492847104834,2219.3333333333335,701.9290087561086,1.0,0.0,0.767579718054599,0.011034484099638402,1630.4349134781387,55.58955811660604,0.36666666666666664,0.22696059374065602,0.4210838451908468,0.06825554246829546,0.6333333333333334,0.22696059374065608
weak_drift,nominal,belief_orienteering_depth1,1.0,1.0,84.33333333333333,40.10403138505322,0.5622222222222222,0.26736020923368814,29.50288173854185,13.471817588795844,0.009192375794646856,0.0044610220141811695,3239.5395991685887,93.03405999711924,5401.0,0.0,180.33333333333334,43.82160806421112,99.0,7.937253933193772,55.333333333333336,5.131601439446885,17.062746316860583,1.1538073265750393,1400.107493841516,517.7124625119483,0.4296490055560511,0.14815571698102928,2194.6666666666665,722.5630306992832,0.4063445041041782,0.13378319398246313,0.4364545997610514,0.09185034010200793,0.0,0.0,1131.0,520.8464265020929,113.33333333333333,52.38638499966698,84.33333333333333,40.10403138505322,29.0,12.489995996796797,29.0,12.489995996796797,884.0,404.5787933147263,133.66666666666666,67.09197666884867,0.0,0.0,0.7391351270886831,0.028772802486286282,0.0,0.0,0.0,0.0,-0.06621657562613434,0.05068778611234647,0.6666666666666666,0.5773502691896258,0.3091539053788182,0.10455275959797175,0.14888888888888888,0.055511093319096864,0.3666666666666667,0.12771496040445343,0.5622222222222222,0.26736020923368814,0.0,0.0,0.0,0.0,0.0,0.0,0.0,0.0,0.00980869655466728,0.006744633807523157,0.037784395082459614,0.0315146540676539,0.9626243326521582,0.011278745398041965,0.8488888888888889,0.1775554164927838,457.0,19.974984355438178,12533.0,3801.520222226892,0.9939361632192037,0.001371316219459158,0.7933333333333333,0.23786083699881702,25.666666666666668,3.511884584284246,4394.666666666667,1324.6480035591844,0.9465457384029538,0.016278322241417804,0.8488888888888889,0.1775554164927838,431.3333333333333,18.03699901129157,8138.333333333333,2477.085047658504,0.9892726248360036,0.003664986836136963,5683.666666666667,1763.7248462652367,0.9645991873907599,0.01061850665408081,4866.666666666667,1196.6212154785378,0.8942447591411108,0.0377284784321966,2439.6666666666665,861.8679326517106,1.0,0.0,0.767579718054599,0.011034484099638402,1630.4349134781387,55.58955811660604,0.4377777777777778,0.26736020923368814,0.4584258126757809,0.10741407838822326,0.5622222222222222,0.26736020923368814
weak_drift,nominal,belief_orienteering_no_opportunity_cost,1.0,1.0,87.0,19.974984355438178,0.58,0.13316656236958782,30.65974152535455,5.787652576601658,0.00997202585386186,0.0021765207143243114,3088.0440442029944,134.2061549799156,5401.0,0.0,211.66666666666666,30.038863715748853,111.33333333333333,9.237604307034012,66.33333333333333,13.428824718989125,21.447438456025584,4.0902232940518575,1324.3981314155296,435.0018906576635,0.42626510232674786,0.12806176874617897,2155.0,734.3098800915047,0.39900018515089797,0.13595813369589055,0.40555727394576757,0.10208694481887562,0.0,0.0,1098.6666666666667,241.80432860751964,116.66666666666667,29.02297940138699,87.0,19.974984355438178,29.666666666666668,10.016652800877813,29.666666666666668,10.016652800877813,864.0,205.2778604720928,118.0,35.02855977627399,0.0,0.0,0.7485314560882572,0.039916346158849814,0.0,0.0,0.0,0.0,-0.03846359228264424,0.04332405644880837,0.6666666666666666,0.5773502691896258,0.3176348105195082,0.015556542098562057,0.1711111111111111,0.0800925390708449,0.40222222222222226,0.0976008500266567,0.58,0.13316656236958782,0.03565706719629262,0.05121153123918099,0.10074801309022907,0.0970186490433363,0.04157517200995462,0.052820339986876554,0.02173049645390071,0.027898845066750493,0.015098854781493608,0.014492033115508786,0.045009576966207165,0.04549876940034174,0.9609378596574868,0.00694625388929284,0.8555555555555555,0.16631073104060146,466.0,37.589892258425,11686.333333333334,2128.107453427419,0.9931600022023006,0.0023441737430242252,0.7533333333333334,0.14847371634213394,28.0,5.196152422706632,4265.0,878.5857954690595,0.9434855962174581,0.008316552602896947,0.8555555555555555,0.16631073104060146,438.0,37.589892258425,7421.333333333333,1294.3594297309126,0.9874657796720757,0.002616351833895701,5526.666666666667,1018.3095469125944,0.9620359986258253,0.008905130008352755,4470.666666666667,819.6379281935002,0.8890538794582504,0.020841953795849397,2155.0,464.92042329843935,1.0,0.0,0.767579718054599,0.011034484099638402,1630.4349134781387,55.58955811660604,0.42,0.13316656236958782,0.4499449075350909,0.02532546623730227,0.58,0.13316656236958782
weak_drift,nominal,belief_orienteering_provisional,1.0,1.0,73.66666666666667,22.722969289539016,0.4911111111111111,0.1514864619302601,25.56007860502361,9.542322401132157,0.008748643985458998,0.004244660813379848,3026.3497378457473,325.2077216857458,5401.0,0.0,224.33333333333334,52.624455658309024,95.0,10.583005244258363,54.0,4.358898943540674,17.96549372704971,2.137885263844118,1202.5355671226937,462.0432006368953,0.39014880000159025,0.12376821165579727,1866.6666666666667,572.159360085399,0.3456150095661297,0.1059358193085353,0.4291580364805303,0.044635388350031675,0.0,0.0,917.3333333333334,353.03446479534165,101.66666666666667,32.53203549323856,73.66666666666667,22.722969289539016,28.0,10.14889156509222,28.0,10.14889156509222,735.0,229.77597785669414,80.66666666666667,94.15589908940031,0.0,0.0,0.727689594356261,0.02861222510329048,0.0,0.0,0.0,0.0,-0.04462465225508633,0.03727936498160232,0.3333333333333333,0.5773502691896258,0.29831458419998286,0.056626057239365264,0.18000000000000002,0.07211102550927977,0.3711111111111111,0.10590002273283428,0.4911111111111111,0.1514864619302601,0.0149812734082397,0.02594832670515172,0.07017543859649122,0.12154742509255279,0.024691358024691357,0.042766686606638946,0.012820512820512822,0.022205779584216375,0.010166313902228982,0.008467000800366453,0.03372824309545073,0.03189435411005345,0.9555057786630944,0.013568358496680706,0.7888888888888889,0.18016453385519376,455.3333333333333,28.72861523522033,10608.0,4208.319973576154,0.991613062623064,0.00224635487802656,0.6711111111111111,0.24947351971108486,29.333333333333332,6.806859285554046,3632.6666666666665,1256.499237299145,0.9372493033788202,0.01958331384832908,0.7888888888888889,0.18016453385519376,426.0,21.93171219946131,6975.333333333333,2984.802226837372,0.9848634674581757,0.00799000308376781,4547.0,1757.1920782885404,0.958108492783634,0.010860688702760246,4222.666666666667,1597.4296019960732,0.8900484087611136,0.0362157294887995,2293.6666666666665,990.3354650487548,1.0,0.0,0.767579718054599,0.011034484099638402,1630.4349134781387,55.58955811660604,0.508888888888889,0.15148646193026016,0.46926513385461616,0.05006531366641575,0.4911111111111111,0.1514864619302601
weak_drift,nominal,confirmed_route,1.0,1.0,97.0,13.114877048604,0.6466666666666666,0.08743251365736003,34.014958980148016,5.401693681381071,0.009448300246104869,0.0015003836860450748,3600.1116807702474,0.11059730316726873,4872.0,183.60010893242955,189.66666666666666,29.02297940138699,187.66666666666666,29.02297940138699,120.33333333333333,15.307950004273382,33.42489853551475,4.252204199951208,2360.6705444091936,164.79858641940743,0.6557220047456065,0.04578813503998139,3324.6666666666665,133.0012531269286,0.6830347619795679,0.037561992907300674,0.3570577214086342,0.018151139522244373,115.66666666666667,17.61628034896508,1889.3333333333333,384.2139161109776,132.66666666666666,16.653327995729065,97.0,13.114877048604,35.666666666666664,7.023769168568492,35.666666666666664,7.023769168568492,1275.6666666666667,138.3377509334792,481.0,238.64827675891564,0.0,0.0,0.7314312682639694,0.037975279045106725,0.0,0.0,0.0,0.0,-0.06487623583610594,0.004817229229038816,1.0,0.0,0.2028523569457842,0.024369460345729472,0.03333333333333333,0.006666666666666667,0.1288888888888889,0.04537906190369364,0.4977777777777778,0.04018475848894471,0.032476933773824025,0.00787413988255373,0.3634844521941296,0.13731825138610712,0.05850386850591811,0.01147696073120695,0.03015734598539414,0.006077685806589394,0.03324194759787199,0.011761434392101056,0.11602342022606286,0.033486602727326696,0.971769030355945,0.004904360515691359,0.9888888888888889,0.01924500897298753,416.0,7.211102550927978,14680.666666666666,3112.1301922209705,0.9953246875412818,0.0012760374201313772,0.9488888888888889,0.06577177149754995,24.0,5.291502622129181,5213.0,948.5520544493064,0.9591448535308197,0.007433722319410995,0.9888888888888889,0.01924500897298753,392.0,6.928203230275509,9467.666666666666,2177.5569644290217,0.9922449765798476,0.0014018809998097843,6879.666666666667,1221.593358418968,0.9721534261150501,0.005653354194144043,5564.0,1223.936681368771,0.9166916672339257,0.018923195304309984,2653.0,693.751396394991,1.0,0.0,0.767579718054599,0.011034484099638402,1630.4349134781387,55.58955811660604,0.35333333333333333,0.08743251365736,0.5647273611088149,0.020762377542424933,0.6466666666666666,0.08743251365736003
weak_drift,nominal,coverage,1.0,1.0,0.0,0.0,0.0,0.0,0.0,0.0,0.0,0.0,3600.25,0.0,3658.0,0.0,27.0,0.0,26.0,0.0,26.0,0.0,7.221720713839317,0.0,3563.25,0.0,0.9897229359072287,0.0,3618.0,0.0,0.9890650628758885,0.0,0.0,0.0,0.0,0.0,105.0,32.51153641401772,0.0,0.0,0.0,0.0,0.0,0.0,0.0,0.0,101.33333333333333,28.93671255228094,3.6666666666666665,4.725815626252609,0.0,0.0,0.0,0.0,0.0,0.0,0.0,0.0,-0.13433342299480452,0.01977303303245463,0.0,0.0,0.0,0.0,0.0,0.0,0.0,0.0,0.0,0.0,0.5401858304297329,0.23119466836193525,0.15527014018458787,0.10047053067669309,0.21242869092595748,0.11970725037706617,0.12209465252943513,0.0730031810358305,0.010710814413571856,0.000802157696553269,0.04293857579113155,0.0029515207254482093,0.9430997814297383,0.007461771863946334,1.0,0.0,312.6666666666667,20.52640575778753,5218.666666666667,446.679228679075,0.9870340048926908,0.0014209511473319998,0.9688888888888889,0.031505437508350685,19.0,1.0,1455.3333333333333,142.77721573603168,0.927174674456504,0.009417653444966827,1.0,0.0,293.6666666666667,20.256686138984655,3763.3333333333335,314.66543078853346,0.9767802548952095,0.0044864191319153235,1694.3333333333333,137.4130027811536,0.9531799505241588,0.006818946798790734,2346.3333333333335,198.58583366729195,0.8890670539834448,0.01148719201454317,1490.6666666666667,110.56370712549996,1.0,0.0,0.767579718054599,0.011034484099638402,1630.4349134781387,55.58955811660604,1.0,0.0,0.767579718054599,0.011034484099638402,0.0,0.0
weak_drift,nominal,greedy,1.0,1.0,33.666666666666664,3.511884584284247,0.22444444444444445,0.023412563895228312,11.267809040808814,1.2245954295455748,0.0031298287032729584,0.000340260584455785,3600.1446339489034,0.12275954822580908,5260.333333333333,185.97132395434863,198.0,18.027756377319946,197.0,18.027756377319946,165.33333333333334,20.599352740640505,45.92395429430605,5.720393806429128,3216.5424893990717,52.82352821289127,0.8934477983722932,0.014642586027510743,4723.666666666667,241.4711853065152,0.8976396062008342,0.014610845174238121,0.1625102948414445,0.030538937512472386,0.0,0.0,522.6666666666666,70.7837081066917,44.0,3.605551275463989,33.666666666666664,3.511884584284247,10.333333333333334,0.5773502691896258,10.333333333333334,0.5773502691896258,428.3333333333333,58.87557501488485,50.333333333333336,38.552993831002716,0.0,0.0,0.7642631993695823,0.02008633308513999,0.0,0.0,0.0,0.0,-0.011710523226660198,0.03476497018286917,0.0,0.0,0.1391295534033067,0.03747749007518806,0.09999999999999999,0.08353309390761111,0.15333333333333332,0.0692820323027551,0.22444444444444445,0.023412563895228312,0.0,0.0,0.0,0.0,0.0,0.0,0.0,0.0,0.006620446212681815,0.0002266412230975279,0.017801167203371993,0.0010122428993043376,0.9283986789905607,0.03663954253513325,0.7355555555555556,0.15453634356189963,460.0,22.9128784747792,7005.0,3174.500118128837,0.9884976209640891,0.0036014849868867805,0.6933333333333334,0.14742229591663988,25.0,4.358898943540674,2279.0,672.5674687345501,0.8968743255174597,0.061500585674106274,0.7355555555555556,0.15453634356189963,435.0,23.643180835073778,4726.0,2502.0149879647006,0.9778052681661912,0.005911024117196822,3027.0,723.3927010967142,0.9253354225849876,0.04377017737736019,2708.6666666666665,1555.8567843260296,0.8158180311446553,0.13975679307566105,1729.3333333333333,912.6167505219994,1.0,0.0,0.767579718054599,0.011034484099638402,1630.4349134781387,55.58955811660604,0.7755555555555556,0.02341256389522832,0.6284501646512924,0.03496182128100008,0.22444444444444445,0.023412563895228312
weak_drift,nominal,lawnmower_collect,1.0,1.0,1.6666666666666667,2.0816659994661326,0.011111111111111112,0.01387777332977422,0.6299572357079384,0.6750347408081879,0.00019718822916320796,0.00021129831934389238,3194.7000000012067,0.0,5401.0,0.0,34.0,0.0,33.0,0.0,31.666666666666668,1.5275252316519472,9.912250498217269,0.4781435601625724,2845.7500000010145,285.98550662595267,0.890772216483532,0.08951873622745314,4814.0,480.1885046520793,0.891316422884651,0.08890733283689674,0.04040404040404041,0.04628864338339233,0.0,0.0,32.333333333333336,30.36994127971494,2.6666666666666665,3.785938897200183,1.6666666666666667,2.0816659994661326,1.0,1.7320508075688772,1.0,1.7320508075688772,29.666666666666668,26.633312473917574,0.0,0.0,0.0,0.0,0.5238095238095238,0.5016977977548923,0.0,0.0,0.0,0.0,-0.057213626099665994,0.010244713468906153,0.0,0.0,0.006742499999999574,0.007831617370167108,0.0022222222222222222,0.0038490017945975057,0.008888888888888889,0.010183501544346312,0.011111111111111112,0.01387777332977422,0.0,0.0,0.0,0.0,0.0,0.0,0.0,0.0,0.007268235494024354,0.0005780913452216289,0.02115988340184417,0.0016116111529729511,0.8807302589986447,0.07610036846443155,0.43555555555555553,0.15294637162284236,465.0,9.16515138991168,4435.666666666667,2360.446214878308,0.9494169693378144,0.05371346371812044,0.22666666666666666,0.11372481406154653,29.666666666666668,4.041451884327381,1016.3333333333334,673.0113916816961,0.8649254485956409,0.07534231536424628,0.43555555555555553,0.15294637162284236,435.3333333333333,13.05118130030127,3419.3333333333335,1691.8916434965133,0.9073239632807484,0.08772209500502262,1139.6666666666667,696.7326125087969,0.8949878077833054,0.06889404819426076,2060.6666666666665,1084.3026945153892,0.8471359073115899,0.06794984735169145,1700.3333333333333,619.1932923839965,1.0,0.0,0.767579718054599,0.011034484099638402,1630.4349134781387,55.58955811660604,0.9888888888888889,0.013877773329774131,0.7608372180545996,0.01443008440763149,0.011111111111111112,0.01387777332977422
weak_drift,nominal,lawnmower_survey,1.0,1.0,0.0,0.0,0.0,0.0,0.0,0.0,0.0,0.0,3600.25,0.0,3658.0,0.0,27.0,0.0,26.0,0.0,26.0,0.0,7.221720713839317,0.0,3563.25,0.0,0.9897229359072287,0.0,3618.0,0.0,0.9890650628758885,0.0,0.0,0.0,0.0,0.0,105.0,32.51153641401772,0.0,0.0,0.0,0.0,0.0,0.0,0.0,0.0,101.33333333333333,28.93671255228094,3.6666666666666665,4.725815626252609,0.0,0.0,0.0,0.0,0.0,0.0,0.0,0.0,-0.13433342299480452,0.01977303303245463,0.0,0.0,0.0,0.0,0.0,0.0,0.0,0.0,0.0,0.0,0.5401858304297329,0.23119466836193525,0.15527014018458787,0.10047053067669309,0.21242869092595748,0.11970725037706617,0.12209465252943513,0.0730031810358305,0.010710814413571856,0.000802157696553269,0.04293857579113155,0.0029515207254482093,0.9430997814297383,0.007461771863946334,1.0,0.0,312.6666666666667,20.52640575778753,5218.666666666667,446.679228679075,0.9870340048926908,0.0014209511473319998,0.9688888888888889,0.031505437508350685,19.0,1.0,1455.3333333333333,142.77721573603168,0.927174674456504,0.009417653444966827,1.0,0.0,293.6666666666667,20.256686138984655,3763.3333333333335,314.66543078853346,0.9767802548952095,0.0044864191319153235,1694.3333333333333,137.4130027811536,0.9531799505241588,0.006818946798790734,2346.3333333333335,198.58583366729195,0.8890670539834448,0.01148719201454317,1490.6666666666667,110.56370712549996,1.0,0.0,0.767579718054599,0.011034484099638402,1630.4349134781387,55.58955811660604,1.0,0.0,0.767579718054599,0.011034484099638402,0.0,0.0
weak_drift,nominal,oracle_current_physics,1.0,1.0,150.0,0.0,1.0,0.0,52.41641139573514,1.4259612921530251,0.0321782570835675,0.0015509446783403603,1630.4349134781387,55.58955811660604,2544.6666666666665,61.71979693204879,173.0,3.605551275463989,171.0,3.605551275463989,25.333333333333332,4.725815626252609,15.565626509605972,3.0340577274314624,180.84574624052675,45.339508372246016,0.11039402399611899,0.024539716805163644,362.0,50.47771785649585,0.1420543796898879,0.01711438650549158,0.8521987033684569,0.024762658131572957,0.0,0.0,1640.3333333333333,58.77357682950163,198.0,6.244997998398398,150.0,0.0,48.0,6.244997998398398,48.0,6.244997998398398,1386.0,43.71498598878879,56.333333333333336,9.29157324317757,0.0,0.0,0.7580718373536701,0.023594371242965557,0.0,0.0,0.0,0.0,-0.07209854500625548,0.010894694755956004,1.0,0.0,0.767579718054599,0.011034484099638402,0.5311111111111111,0.01924500897298748,0.9933333333333333,0.0,0.9933333333333333,0.0,0.0,0.0,0.0,0.0,0.0,0.0,0.0,0.0,0.012016211215821526,0.0001925934971339875,0.05597704488837491,0.004471867635296976,0.9612260080577276,0.0013581875521337554,1.0,0.0,215.66666666666666,14.153915830374768,5346.0,277.13534599541794,0.992128382488476,0.001516893204112565,1.0,0.0,15.333333333333334,3.0550504633038935,1932.3333333333333,70.23057263993604,0.9445870616235549,0.001869322923711813,0.9977777777777778,0.0038490017945975617,200.33333333333334,17.097758137642877,3413.6666666666665,238.08051859262522,0.9887095003034112,0.0011803511624658332,2660.3333333333335,46.60829682935578,0.96072472663073,0.0024022155223247014,1902.6666666666667,179.4918753964461,0.8883686036566921,0.010607692518753474,998.6666666666666,121.557942288167,1.0,0.0,0.767579718054599,0.011034484099638402,1630.4349134781387,55.58955811660604,0.0,0.0,0.0,0.0,1.0,0.0
weak_drift,nominal,oracle_perfect_static,1.0,1.0,5.0,1.7320508075688772,0.03333333333333333,0.011547005383792516,1.52266973860835,0.7162526685231612,0.0006776312957102714,0.0003725192000175945,2321.79913813538,227.51584333039895,5401.0,0.0,415.0,22.338307903688676,414.0,22.338307903688676,409.0,21.93171219946131,177.9654093506313,27.962759538318785,2279.1165279315846,221.61319711818953,0.9817155894576536,0.009828877923033958,5331.666666666667,31.973947728320024,0.9871628710732581,0.00592000513392333,0.012063316163543954,0.0041308536078470065,0.0,0.0,64.66666666666667,8.504900548115382,5.333333333333333,1.1547005383792517,5.0,1.7320508075688772,0.3333333333333333,0.5773502691896258,0.3333333333333333,0.5773502691896258,59.333333333333336,7.371114795831994,0.0,0.0,0.0,0.0,0.9166666666666666,0.14433756729740646,0.0,0.0,0.0,0.0,-0.02308852836517247,0.009197912474098404,0.0,0.0,0.031169637998426435,0.010501022941020724,0.03333333333333333,0.011547005383792516,0.03333333333333333,0.011547005383792516,0.03333333333333333,0.011547005383792516,0.0,0.0,0.0,0.0,0.0,0.0,0.0,0.0,0.007004388460587729,0.0002625756211196793,0.016238564918836733,0.0004907924850667081,0.8582888364293805,0.060648425309254864,0.30666666666666664,0.15070206073943088,460.6666666666667,16.258331197676263,3168.3333333333335,1369.124659530071,0.9675515073270559,0.019395400438139615,0.21555555555555558,0.0712845108104242,26.666666666666668,7.505553499465136,904.3333333333334,344.44786736650485,0.8199381388081083,0.07759464880266358,0.30666666666666664,0.15070206073943088,434.0,15.716233645501712,2264.0,1027.2468057871974,0.9358277463847209,0.026150120780072866,1092.6666666666667,342.50304134902706,0.8921030048615036,0.04565761821240421,1564.6666666666667,641.0213204982603,0.7052700583424203,0.1529110870100139,971.6666666666666,394.51277968315975,1.0,0.0,0.767579718054599,0.011034484099638402,1630.4349134781387,55.58955811660604,0.9666666666666667,0.011547005383792535,0.7364100800561727,0.020269179178230363,0.03333333333333333,0.011547005383792516
weak_drift,nominal,oracle_route_heuristic,1.0,1.0,149.0,1.7320508075688772,0.9933333333333333,0.011547005383792509,52.12027144568746,1.1321363086465954,0.0170112029505851,0.0006569960655573863,3065.482259096676,71.58824892698917,5237.333333333333,236.64389561814895,371.3333333333333,30.237945256470944,369.3333333333333,30.237945256470944,229.0,30.789608636681304,74.84258024378495,11.398920132098212,1999.3191925149597,158.81806846625426,0.6516595550781472,0.03785666751809932,3657.3333333333335,116.02729563914403,0.6986849435524652,0.01563556390154512,0.3818086740118604,0.03384022770335368,0.0,0.0,2016.3333333333333,208.16900185506324,207.0,8.717797887081348,149.0,1.7320508075688772,58.0,8.18535277187245,58.0,8.18535277187245,1506.3333333333333,57.95112883571235,303.0,179.65244223221683,0.0,0.0,0.720550275794079,0.027687092145641634,0.0,0.0,0.0,0.0,-0.07401150242460473,0.05426598517325585,1.0,0.0,0.5154959447883546,0.034106649586242446,0.2288888888888889,0.08572134009771515,0.5066666666666667,0.01763834207376394,0.9822222222222222,0.010183501544346244,0.0,0.0,0.0,0.0,0.0,0.0,0.0,0.0,0.016402097551052486,0.0022868508919188413,0.07273761038342648,0.006530535445874577,0.9660251434023953,0.0026931915222355783,1.0,0.0,442.0,35.679125549822544,12673.666666666666,1971.486072315332,0.9954724428449984,0.0005154671625289322,1.0,0.0,21.0,3.0,4613.666666666667,349.4128408249092,0.9494128402713143,0.0070067072134507745,1.0,0.0,421.0,32.96968304366907,8060.0,1687.4442213003665,0.9912718338740545,0.0010007584050799384,6307.333333333333,456.0793059691849,0.9641518542416699,0.003311786287384547,4492.333333333333,956.5596339660866,0.8958538312728029,0.030899623554912905,2316.0,668.4100537843517,1.0,0.0,0.767579718054599,0.011034484099638402,1630.4349134781387,55.58955811660604,0.006666666666666672,0.011547005383792526,0.2520837732662445,0.024360201367125044,0.9933333333333333,0.011547005383792509
