scenario,profile,mode,seed,stop_reason,collected,collected_ratio,collected_mass_kg,collected_mass_per_meter,path_length_m,sim_time_s,goal_count,evaluated_goal_count,empty_goal_arrivals,empty_goal_arrivals_per_km,wasted_path_to_empty_goals,wasted_path_ratio,wasted_time_to_empty_goals,wasted_time_ratio,goal_success_rate,route_false_visits,capture_contacts,terminal_capture_attempts,successful_captures,missed_capture_count,missed_captures,partial_contact_events,throughput_limit_events,bin_full_events,collection_precision,pushed_away_events,pushed_away_debris_count,info_gain_total,unload_events,auc_collected_by_path,collected_ratio_at_1km,collected_ratio_at_2km,collected_ratio_at_3km,map_precision,map_recall,map_f1,map_iou,map_brier,count_mae,detection_precision,detection_recall,false_detection_count,true_detection_count,camera_detection_precision,camera_detection_recall,camera_false_detection_count,camera_true_detection_count,radar_detection_precision,radar_detection_recall,radar_false_detection_count,radar_true_detection_count,near_range_detection_precision,near_range_detection_count,mid_range_detection_precision,mid_range_detection_count,far_range_detection_precision,far_range_detection_count,config_hash,git_commit,git_dirty,runner,oracle_current_collected_ratio,oracle_current_auc_collected_by_path,oracle_current_path_length_m,oracle_gap_collected_ratio,oracle_gap_auc_collected_by_path,collected_ratio_vs_oracle
static_calm,nominal,coverage,0,path_budget,0,0.0,0.0,0.0,3600.25,3658.0,27,26,26,7.221720713839317,3563.25,0.9897229359072287,3618.0,0.9890650628758885,0.0,0,28,0,0,0,0,28,0,0,0.0,0,0,-0.17718785930853453,0,0.0,0.0,0.0,0.0,0.3541666666666667,0.11486486486486487,0.17346938775510207,0.09497206703910614,0.01347043540476902,0.038110679297945885,0.9223963599595552,1.0,307,3649,0.9838362068965517,0.98,15,913,0.9035667107001321,1.0,292,2736,0.9641819941916747,1033,0.9391199517781796,1659,0.8662974683544303,1264,cd5fc40d9b09,912d45a,False,run_experiments,1.0,0.7617948805480809,1817.6240089884316,1.0,0.7617948805480809,0.0
static_calm,nominal,coverage,1,path_budget,0,0.0,0.0,0.0,3600.25,3658.0,27,26,26,7.221720713839317,3563.25,0.9897229359072287,3618.0,0.9890650628758885,0.0,0,84,0,0,0,0,84,0,0,0.0,0,0,-0.165840782549337,0,0.0,0.0,0.0,0.0,0.5,0.12080536912751678,0.19459459459459458,0.10778443113772455,0.01324269823032792,0.031137196624249974,0.926184178889156,1.0,307,3852,0.987027027027027,0.9533333333333334,12,913,0.9087816944959802,1.0,295,2939,0.9684813753581661,1047,0.9347826086956522,1702,0.8843971631205674,1410,83e568594b16,912d45a,False,run_experiments,1.0,0.7900259246238054,1784.1501815319575,1.0,0.7900259246238054,0.0
static_calm,nominal,coverage,2,path_budget,0,0.0,0.0,0.0,3600.25,3658.0,27,26,26,7.221720713839317,3563.25,0.9897229359072287,3618.0,0.9890650628758885,0.0,0,94,0,0,0,0,94,0,0,0.0,0,0,-0.18124875889645117,0,0.0,0.0,0.0,0.0,0.3870967741935484,0.08,0.13259668508287292,0.07100591715976332,0.013263426227861138,0.0315887609139581,0.9302325581395349,1.0,300,4000,0.98568281938326,0.9666666666666667,13,895,0.9153891509433962,1.0,287,3105,0.9628647214854111,1131,0.9427235534774986,1711,0.8902606310013718,1458,d4c969e12156,912d45a,False,run_experiments,1.0,0.7937183934647967,1756.3914166772051,1.0,0.7937183934647967,0.0
static_calm,nominal,lawnmower_survey,0,path_budget,0,0.0,0.0,0.0,3600.25,3658.0,27,26,26,7.221720713839317,3563.25,0.9897229359072287,3618.0,0.9890650628758885,0.0,0,28,0,0,0,0,28,0,0,0.0,0,0,-0.17718785930853453,0,0.0,0.0,0.0,0.0,0.3541666666666667,0.11486486486486487,0.17346938775510207,0.09497206703910614,0.01347043540476902,0.038110679297945885,0.9223963599595552,1.0,307,3649,0.9838362068965517,0.98,15,913,0.9035667107001321,1.0,292,2736,0.9641819941916747,1033,0.9391199517781796,1659,0.8662974683544303,1264,820c17f7b789,912d45a,False,run_experiments,1.0,0.7617948805480809,1817.6240089884316,1.0,0.7617948805480809,0.0
static_calm,nominal,lawnmower_survey,1,path_budget,0,0.0,0.0,0.0,3600.25,3658.0,27,26,26,7.221720713839317,3563.25,0.9897229359072287,3618.0,0.9890650628758885,0.0,0,84,0,0,0,0,84,0,0,0.0,0,0,-0.165840782549337,0,0.0,0.0,0.0,0.0,0.5,0.12080536912751678,0.19459459459459458,0.10778443113772455,0.01324269823032792,0.031137196624249974,0.926184178889156,1.0,307,3852,0.987027027027027,0.9533333333333334,12,913,0.9087816944959802,1.0,295,2939,0.9684813753581661,1047,0.9347826086956522,1702,0.8843971631205674,1410,7c326d0d865f,912d45a,False,run_experiments,1.0,0.7900259246238054,1784.1501815319575,1.0,0.7900259246238054,0.0
static_calm,nominal,lawnmower_survey,2,path_budget,0,0.0,0.0,0.0,3600.25,3658.0,27,26,26,7.221720713839317,3563.25,0.9897229359072287,3618.0,0.9890650628758885,0.0,0,94,0,0,0,0,94,0,0,0.0,0,0,-0.18124875889645117,0,0.0,0.0,0.0,0.0,0.3870967741935484,0.08,0.13259668508287292,0.07100591715976332,0.013263426227861138,0.0315887609139581,0.9302325581395349,1.0,300,4000,0.98568281938326,0.9666666666666667,13,895,0.9153891509433962,1.0,287,3105,0.9628647214854111,1131,0.9427235534774986,1711,0.8902606310013718,1458,9195440e8280,912d45a,False,run_experiments,1.0,0.7937183934647967,1756.3914166772051,1.0,0.7937183934647967,0.0
static_calm,nominal,lawnmower_collect,0,time_budget,0,0.0,0.0,0.0,3194.7000000012067,5401.0,34,33,33,10.329608413931679,3095.2500000011464,0.9688703164616325,5233.0,0.9688946491390483,0.0,0,0,0,0,0,0,0,0,0,0.0,0,0,-0.0839899160661942,0,0.0,0.0,0.0,0.0,0.0,0.0,0.0,0.0,0.014701495973727347,0.01981958475381063,0.791828793774319,0.2,428,1628,0.5972222222222222,0.03333333333333333,29,43,0.7988911290322581,0.2,399,1585,0.20481927710843373,83,0.7864357864357865,693,0.8328125,1280,ae29178a06d5,912d45a,False,run_experiments,1.0,0.7617948805480809,1817.6240089884316,1.0,0.7617948805480809,0.0
static_calm,nominal,lawnmower_collect,1,time_budget,11,0.07333333333333333,4.060171930837208,0.0012709086708722803,3194.7000000012067,5401.0,34,33,27,8.451497793216829,1972.9500000007952,0.6175697248568097,3347.0,0.6197000555452694,0.18181818181818182,0,111,13,11,2,2,98,0,0,0.8461538461538461,0,0,-0.16009239879177256,0,0.03890916666665837,0.02666666666666667,0.04,0.07333333333333333,0.2564102564102564,0.07246376811594203,0.11299435028248588,0.059880239520958084,0.015003274760980616,0.029750831594582267,0.9471834976765272,0.44666666666666666,466,8357,0.9819958847736625,0.2733333333333333,35,1909,0.9373455444105248,0.44666666666666666,431,6448,0.9712722298221614,2193,0.9572004028197382,3972,0.9123401053423627,2658,87e633ead7ad,912d45a,False,run_experiments,1.0,0.7900259246238054,1784.1501815319575,0.9266666666666666,0.751116757957147,0.07333333333333333
static_calm,nominal,lawnmower_collect,2,time_budget,7,0.04666666666666667,2.8911020240930596,0.0009049682361698963,3194.7000000012067,5401.0,34,33,27,8.451497793216829,1973.2500000006535,0.617663630387801,3348.0,0.6198852064432513,0.18181818181818182,0,71,8,7,1,1,63,0,0,0.875,0,0,-0.1535574380604794,0,0.021805277777771144,0.006666666666666667,0.02666666666666667,0.04,0.18421052631578946,0.04895104895104895,0.07734806629834254,0.040229885057471264,0.0160753804511602,0.030602341286459965,0.9308463580064877,0.44666666666666666,469,6313,0.9777411376751854,0.16666666666666666,27,1186,0.920632070389657,0.44666666666666666,442,5127,0.9569657184536834,1371,0.9410887397464579,2682,0.9076584829607915,2729,6e835c29214d,912d45a,False,run_experiments,1.0,0.7937183934647967,1756.3914166772051,0.9533333333333334,0.7719131156870255,0.04666666666666667
static_calm,nominal,greedy,0,time_budget,34,0.22666666666666666,12.575217725151724,0.00355071450398345,3541.6020384190083,5401.0,218,217,183,51.67153113614433,3058.9049064918418,0.8637065580234855,4725.0,0.8748379929642659,0.15668202764976957,0,555,51,34,17,17,499,5,0,0.6666666666666666,0,0,-0.10668042180802009,0,0.10020141832157861,0.06,0.09333333333333334,0.18,0.1836734693877551,0.23478260869565218,0.20610687022900764,0.1148936170212766,0.017944676282526238,0.048770499853532635,0.9516978594643057,0.5933333333333334,431,8492,0.993439226519337,0.5666666666666667,19,2877,0.9316409490625519,0.5933333333333334,412,5615,0.9893238434163701,3934,0.9522184300341296,3516,0.8499660556687033,1473,f219772ae3e6,912d45a,False,run_experiments,1.0,0.7617948805480809,1817.6240089884316,0.7733333333333333,0.6615934622265023,0.22666666666666666
static_calm,nominal,greedy,1,time_budget,57,0.38,19.928668269229025,0.005722413069064549,3482.5637416780874,5401.0,241,240,184,52.834639549580466,2799.958033725027,0.8039933340533362,4406.0,0.815774856508054,0.23333333333333334,0,822,72,57,15,15,740,10,0,0.7916666666666666,0,0,-0.14919705454672166,0,0.1956180467403448,0.06,0.24666666666666667,0.3466666666666667,0.2054794520547945,0.16129032258064516,0.18072289156626503,0.09933774834437085,0.011297109211037562,0.031383661392201626,0.9586088216647043,0.8866666666666667,457,10584,0.9930575643621637,0.8533333333333334,24,3433,0.9429061181434599,0.8866666666666667,433,7151,0.9871382636655949,4665,0.9628269848554383,4358,0.8835480673934589,2018,9981d345487b,912d45a,False,run_experiments,1.0,0.7900259246238054,1784.1501815319575,0.62,0.5944078778834606,0.38
static_calm,nominal,greedy,2,time_budget,64,0.4266666666666667,23.292183469089487,0.006863192089420549,3393.7828295661207,5401.0,247,246,183,53.92213031598009,2708.348481566995,0.798032348437936,4359.0,0.8070727643029069,0.25609756097560976,0,757,75,64,11,11,682,0,0,0.8533333333333334,0,0,-0.1819295406152778,0,0.22749748104458503,0.19333333333333333,0.24,0.38666666666666666,0.17543859649122806,0.23255813953488372,0.2,0.1111111111111111,0.0130521031911395,0.04036281950947518,0.9584898391601656,0.98,431,9952,0.9950116395078151,0.8666666666666667,15,2992,0.9436008676789588,0.98,416,6960,0.9860811135109191,4167,0.9615585774058577,3824,0.9055183946488294,2392,ce352d67f58f,912d45a,False,run_experiments,1.0,0.7937183934647967,1756.3914166772051,0.5733333333333333,0.5662209124202117,0.4266666666666667
static_calm,nominal,active,0,time_budget,0,0.0,0.0,0.0,3502.6908212333833,5401.0,175,174,174,49.67609443151775,3501.9408212333833,0.9997858789033124,5396.0,0.9990742455100907,0.0,0,0,0,0,0,0,0,0,0,0.0,0,0,-0.10931653848766405,0,0.0,0.0,0.0,0.0,0.16,0.08108108108108109,0.10762331838565023,0.05687203791469194,0.01836685190102424,0.040965526153708194,0.9646044471335653,0.25333333333333335,468,12754,0.993952967525196,0.10666666666666667,27,4438,0.9496402877697842,0.25333333333333335,441,8316,0.9900609169605643,6238,0.9622775800711744,4215,0.9107981220657277,2769,02c003d3b2e6,912d45a,False,run_experiments,1.0,0.7617948805480809,1817.6240089884316,1.0,0.7617948805480809,0.0
static_calm,nominal,active,1,time_budget,0,0.0,0.0,0.0,3494.122278738504,5401.0,175,174,174,49.797913787613595,3485.372278738504,0.997495794565278,5388.0,0.9975930383262359,0.0,0,0,0,0,0,0,0,0,0,0.0,0,0,-0.1223937287620123,0,0.0,0.0,0.0,0.0,0.19047619047619047,0.026845637583892617,0.04705882352941177,0.024096385542168676,0.015829551182570963,0.028275168624929455,0.9456508979927222,0.31333333333333335,463,8056,0.9807480748074807,0.04666666666666667,35,1783,0.9361289359797045,0.31333333333333335,428,6273,0.9789473684210527,2945,0.9293096320793717,2419,0.9270998415213946,3155,d23d8b76940d,912d45a,False,run_experiments,1.0,0.7900259246238054,1784.1501815319575,1.0,0.7900259246238054,0.0
static_calm,nominal,active,2,time_budget,1,0.006666666666666667,0.2561905527276161,7.328968750854019e-05,3495.588007491001,5401.0,175,175,174,49.777033113490546,3476.3380074910006,0.9944930581181913,5374.0,0.99500092575449,0.005714285714285714,0,14,1,1,0,0,13,0,0,1.0,0,0,-0.12417820820194239,0,0.00654011480094327,0.006666666666666667,0.006666666666666667,0.006666666666666667,0.14285714285714285,0.06711409395973154,0.091324200913242,0.04784688995215311,0.01828165436091088,0.03913242044116163,0.9673111698428154,0.3333333333333333,470,13908,0.9927263606721846,0.14666666666666667,29,3958,0.9575594264267154,0.3333333333333333,441,9950,0.9879671832269826,5485,0.970461334218387,6026,0.9211719567492153,2867,5d4a392866a7,912d45a,False,run_experiments,1.0,0.7937183934647967,1756.3914166772051,0.9933333333333333,0.7871782786638534,0.006666666666666667
static_calm,nominal,belief_horizon,0,time_budget,69,0.46,24.261485515217917,0.008609210133778513,2818.084950677089,5401.0,228,166,104,36.90449430029154,1630.6931492931215,0.5786529426308891,2993.0,0.5541566376596927,0.37349397590361444,0,797,91,69,22,22,688,18,0,0.7582417582417582,0,0,-0.15052843469720176,0,0.2769675040810638,0.17333333333333334,0.3333333333333333,0.46,0.07142857142857142,0.025,0.03703703703703704,0.018867924528301886,0.00955288181622903,0.021141090331034496,0.959910078681154,0.88,428,10248,0.9929667519181585,0.8533333333333334,22,3106,0.9462109167991521,0.88,406,7142,0.9850037490627344,4001,0.9674681753889675,4242,0.9054665022605837,2433,8b6abe301120,912d45a,False,run_experiments,1.0,0.7617948805480809,1817.6240089884316,0.54,0.48482737646701707,0.46
static_calm,nominal,belief_horizon,1,time_budget,54,0.36,18.03921547832102,0.006216433068294845,2901.859519782321,5401.0,215,160,111,38.25133478836581,1817.728368930881,0.6264012287773446,3252.0,0.6021107202369932,0.30625,0,738,86,54,32,32,652,0,0,0.627906976744186,0,0,-0.14944902961328616,0,0.22756492825900712,0.14666666666666667,0.26666666666666666,0.36,0.13924050632911392,0.11578947368421053,0.1264367816091954,0.06748466257668712,0.013092744192754304,0.03370538395377541,0.9581944088227751,0.86,489,11208,0.9903791737408036,0.7866666666666666,34,3500,0.9442606884723753,0.86,455,7708,0.9855534310601233,4707,0.961250550418318,4542,0.8999183006535948,2448,28bc960b9d28,912d45a,False,run_experiments,1.0,0.7900259246238054,1784.1501815319575,0.64,0.5624609963647983,0.36
static_calm,nominal,belief_horizon,2,time_budget,66,0.44,21.27338012193906,0.007546519018581202,2818.9659456975173,5401.0,214,148,94,33.34556068102515,1604.1485786399735,0.5690556784087178,2949.0,0.546009998148491,0.36486486486486486,0,773,89,66,23,23,683,1,0,0.7415730337078652,0,0,-0.1607153797897894,0,0.28486021893565006,0.12666666666666668,0.3933333333333333,0.44,0.2222222222222222,0.09523809523809523,0.13333333333333333,0.07142857142857142,0.00936551443382428,0.0207956094449327,0.9552703228315831,0.98,460,9824,0.9897470950102529,0.8733333333333333,30,2896,0.9415602065778744,0.98,430,6928,0.9846872566831041,3853,0.9608138658628486,3981,0.9,2450,c4c954a3cd74,912d45a,False,run_experiments,1.0,0.7937183934647967,1756.3914166772051,0.56,0.5088581745291466,0.44
static_calm,nominal,belief_horizon_provisional,0,time_budget,76,0.5066666666666667,27.33517995142456,0.009263216812479205,2950.9381573147675,5401.0,223,171,106,35.92077988393211,1660.4033584970477,0.5626696562180573,2987.0,0.5530457322718015,0.38011695906432746,0,884,102,76,26,26,771,11,0,0.7450980392156863,0,0,-0.16069694591497452,1,0.30985879971153973,0.22,0.37333333333333335,0.5066666666666667,0.1557377049180328,0.2638888888888889,0.1958762886597938,0.10857142857142857,0.012831422692677398,0.044331816419988956,0.9540126239855726,1.0,459,9522,0.9929328621908127,0.9466666666666667,22,3091,0.9363715783343041,1.0,437,6431,0.9834881320949432,3876,0.9596814335490294,4018,0.8883564925730714,2087,8c79cbabc819,912d45a,False,run_experiments,1.0,0.7617948805480809,1817.6240089884316,0.4933333333333333,0.45193608083654113,0.5066666666666667
static_calm,nominal,belief_horizon_provisional,1,time_budget,68,0.4533333333333333,23.110096860265063,0.008107968757045475,2850.2942663886547,5401.0,216,165,109,38.24166553094318,1740.4228947463716,0.6106116534246484,3216.0,0.5954452879096463,0.3393939393939394,0,795,93,68,25,25,698,4,0,0.7311827956989247,0,0,-0.13679521914629172,0,0.2767483019037276,0.15333333333333332,0.35333333333333333,0.4533333333333333,0.15714285714285714,0.13580246913580246,0.1456953642384106,0.07857142857142857,0.010854914220910701,0.02837233316561113,0.9566921954777534,0.86,475,10493,0.9943788645306352,0.8,20,3538,0.9385964912280702,0.86,455,6955,0.9867695700110254,4535,0.96,4400,0.882439744220364,2033,94dba50c9df6,912d45a,False,run_experiments,1.0,0.7900259246238054,1784.1501815319575,0.5466666666666666,0.5132776227200777,0.4533333333333333
static_calm,nominal,belief_horizon_provisional,2,time_budget,65,0.43333333333333335,20.22378459939121,0.007226773993719016,2798.4526175812675,5401.0,210,160,101,36.09137398484716,1593.9003605876987,0.5695648911737958,3014.0,0.5580448065173116,0.36875,0,822,98,65,33,33,724,0,0,0.6632653061224489,0,0,-0.1622387488364414,0,0.25851652951527987,0.14666666666666667,0.30666666666666664,0.43333333333333335,0.1111111111111111,0.08235294117647059,0.09459459459459459,0.04964539007092199,0.011364841637735072,0.029565704470744542,0.9645959678741189,0.9866666666666667,432,11770,0.9924790280590107,0.8333333333333334,26,3431,0.9535734705546026,0.9866666666666667,406,8339,0.9869440141624253,4519,0.9677215189873418,4740,0.9252463472646959,2943,2cb0467222b7,912d45a,False,run_experiments,1.0,0.7937183934647967,1756.3914166772051,0.5666666666666667,0.5352018639495169,0.43333333333333335
static_calm,nominal,belief_cluster_route,0,time_budget,56,0.37333333333333335,21.369957998131653,0.0070995964473598945,3010.024324140062,5401.0,153,134,81,26.9100815400025,1878.6345066687718,0.6241260217076423,3321.0,0.6148861321977411,0.39552238805970147,0,667,80,56,24,24,580,7,0,0.7,0,0,-0.1093220086576777,0,0.21926788681351747,0.12666666666666668,0.28,0.37333333333333335,0.16666666666666666,0.08602150537634409,0.11347517730496454,0.06015037593984962,0.011501126595131427,0.02331144851679497,0.9560868736902267,0.6466666666666666,461,10037,0.9921615917998191,0.58,26,3291,0.9394234786241471,0.6466666666666666,435,6746,0.9869585468095017,4294,0.9616840113528855,4228,0.8770242914979757,1976,797ca947c1c8,912d45a,False,run_experiments,1.0,0.7617948805480809,1817.6240089884316,0.6266666666666667,0.5425269937345634,0.37333333333333335
static_calm,nominal,belief_cluster_route,1,time_budget,51,0.34,17.550795556322687,0.005869244837245954,2990.2987595518516,5401.0,171,127,83,27.756423914123882,1753.0970121640976,0.5862614919543456,3109.0,0.5756341418255878,0.3464566929133858,0,638,71,51,20,20,567,0,0,0.7183098591549296,0,0,-0.16094893975515653,0,0.18630678024680486,0.12,0.2,0.34,0.14606741573033707,0.1326530612244898,0.13903743315508021,0.07471264367816093,0.013942529259222687,0.03906840229718477,0.9623849539815926,0.8733333333333333,470,12025,0.9954714970697922,0.8066666666666666,17,3737,0.9481752659878733,0.8733333333333333,453,8288,0.9874213836477987,4770,0.9694288012872083,4972,0.906284053759535,2753,875883f0ab52,912d45a,False,run_experiments,1.0,0.7900259246238054,1784.1501815319575,0.6599999999999999,0.6037191443770005,0.34
static_calm,nominal,belief_cluster_route,2,time_budget,61,0.4066666666666667,20.491949015058317,0.0068851557132410335,2976.250627948716,5401.0,168,126,78,26.207470321059272,1583.291602857543,0.5319752268137362,2819.0,0.5219403814108499,0.38095238095238093,0,722,80,61,19,19,631,11,0,0.7625,0,0,-0.17863067297054025,0,0.23453550944980303,0.14,0.2866666666666667,0.4066666666666667,0.22580645161290322,0.15730337078651685,0.18543046357615894,0.10218978102189781,0.010952363861317004,0.03021566151289129,0.9637417858523386,0.9933333333333333,469,12466,0.9936235098419739,0.8666666666666667,23,3584,0.9521869639794168,0.9933333333333333,446,8882,0.9893269440209105,4591,0.9640542133176193,5091,0.9271441746080541,3253,4383fc609577,912d45a,False,run_experiments,1.0,0.7937183934647967,1756.3914166772051,0.5933333333333333,0.5591828840149936,0.4066666666666667
static_calm,nominal,belief_orienteering,0,time_budget,46,0.30666666666666664,17.117034427748017,0.005833482905032126,2934.2735217381683,5401.0,152,112,80,27.263988652499783,1940.0963517696973,0.6611845614925658,3474.0,0.643214219588965,0.2857142857142857,0,546,61,46,15,15,485,0,0,0.7540983606557377,0,0,-0.11864935295504325,0,0.2071387824105556,0.16,0.25333333333333335,0.30666666666666664,0.2,0.13592233009708737,0.16184971098265896,0.0880503144654088,0.012632697921476341,0.029162185719397667,0.9541471367434278,0.6466666666666666,450,9364,0.990722968650032,0.5733333333333334,29,3097,0.9370514354066986,0.6466666666666666,421,6267,0.9852293340243586,3859,0.9599402836526499,4019,0.8801652892561983,1936,0cd68eeb89c1,912d45a,False,run_experiments,1.0,0.7617948805480809,1817.6240089884316,0.6933333333333334,0.5546560981375253,0.30666666666666664
static_calm,nominal,belief_orienteering,1,time_budget,52,0.3466666666666667,17.71476046206221,0.006053104640288802,2926.5577773354025,5401.0,156,123,74,25.285678817992157,1614.607801640471,0.5517088417473696,2958.0,0.5476763562303277,0.3983739837398374,0,621,69,52,17,17,552,0,0,0.7536231884057971,0,0,-0.1531071203473581,0,0.19510539493910795,0.08666666666666667,0.24666666666666667,0.3466666666666667,0.13253012048192772,0.1134020618556701,0.12222222222222222,0.0650887573964497,0.013954026373341357,0.03585926025835409,0.9666108913903255,0.9133333333333333,439,12709,0.9933993399339934,0.8,26,3913,0.9551525681398632,0.9133333333333333,413,8796,0.9891681994686287,4893,0.9708388562772202,5281,0.9219905850706119,2974,846c8a701b3a,912d45a,False,run_experiments,1.0,0.7900259246238054,1784.1501815319575,0.6533333333333333,0.5949205296846974,0.3466666666666667
static_calm,nominal,belief_orienteering,2,time_budget,65,0.43333333333333335,22.646730374090797,0.007701502623474646,2940.559976576804,5401.0,163,125,74,25.165274842020285,1392.7540677870334,0.4736356608540871,2581.0,0.4778744676911683,0.408,0,734,85,65,20,20,648,1,0,0.7647058823529411,0,0,-0.1666924720203101,0,0.25008288363071585,0.12666666666666668,0.31333333333333335,0.43333333333333335,0.1650485436893204,0.2,0.18085106382978725,0.09941520467836257,0.012914625028310254,0.039774304917424896,0.9616299089940149,1.0,468,11729,0.9929019929019929,0.9266666666666666,26,3637,0.9482071713147411,1.0,442,8092,0.9885129490392648,4788,0.9666807254323071,4742,0.9043869516310461,2667,a85b93f0d35c,912d45a,False,run_experiments,1.0,0.7937183934647967,1756.3914166772051,0.5666666666666667,0.5436355098340808,0.43333333333333335
static_calm,nominal,belief_orienteering_provisional,0,time_budget,55,0.36666666666666664,20.914172639758366,0.007067202862759869,2959.328187671552,5401.0,165,131,89,30.074393360888664,1905.3587103522063,0.6438483971767166,3393.0,0.6282169968524347,0.32061068702290074,0,615,72,55,17,17,540,3,0,0.7638888888888888,0,0,-0.162320683761989,0,0.21322310748594012,0.13333333333333333,0.24666666666666667,0.36666666666666664,0.13385826771653545,0.18085106382978725,0.15384615384615385,0.08333333333333333,0.01565469465138659,0.04641354010760104,0.9643776824034335,0.9733333333333334,415,11235,0.9927283304246655,0.8333333333333334,25,3413,0.952508524111057,0.9733333333333334,390,7822,0.9899036255162919,4358,0.9696266610419743,4741,0.911015288122305,2551,518c863ec974,912d45a,False,run_experiments,1.0,0.7617948805480809,1817.6240089884316,0.6333333333333333,0.5485717730621408,0.36666666666666664
static_calm,nominal,belief_orienteering_provisional,1,time_budget,59,0.3933333333333333,19.60134337913847,0.006787357253354122,2887.9197966855263,5401.0,160,127,80,27.701600332466377,1729.3528464064684,0.5988230173120637,3189.0,0.5904462136641363,0.3700787401574803,0,681,79,59,20,20,601,1,0,0.7468354430379747,0,0,-0.144756699565451,0,0.2260481865594011,0.12666666666666668,0.25333333333333335,0.3933333333333333,0.10843373493975904,0.1,0.10404624277456649,0.054878048780487805,0.01284867534581058,0.033192003201881565,0.9639557082856052,0.88,472,12623,0.9939728779507785,0.7933333333333333,24,3958,0.950839460111928,0.88,448,8665,0.9888782358581016,5215,0.9702780441035475,5215,0.9028142589118199,2665,4b86d1dd28df,912d45a,False,run_experiments,1.0,0.7900259246238054,1784.1501815319575,0.6066666666666667,0.5639777380644043,0.3933333333333333
static_calm,nominal,belief_orienteering_provisional,2,time_budget,57,0.38,19.89967496983933,0.006555068282589931,3035.7692875133403,5401.0,140,114,66,21.74078256587869,1706.627766821605,0.5621730787781762,2967.0,0.5493427143121644,0.42105263157894735,0,617,74,57,17,17,543,0,0,0.7702702702702703,0,0,-0.14940573588748035,0,0.20492961801656814,0.12666666666666668,0.20666666666666667,0.37333333333333335,0.125,0.07526881720430108,0.09395973154362416,0.04929577464788732,0.012254880657526446,0.031799647883566394,0.9571217348447512,0.86,435,9710,0.9910034602076124,0.6533333333333333,26,2864,0.9436250861474845,0.86,409,6846,0.984416980118216,3722,0.9635403570530551,3977,0.9051512673753066,2446,081c93e99afa,912d45a,False,run_experiments,1.0,0.7937183934647967,1756.3914166772051,0.62,0.5887887754482285,0.38
static_calm,nominal,belief_orienteering_depth1,0,time_budget,48,0.32,16.61187405662828,0.005503595076223204,3018.367780797573,5401.0,116,93,54,17.890463959872726,1621.2813837678964,0.5371384475020765,2842.0,0.5261988520644325,0.41935483870967744,0,532,62,48,14,14,468,2,0,0.7741935483870968,0,0,-0.1712144606614068,0,0.18779692684557583,0.13333333333333333,0.20666666666666667,0.32,0.17543859649122806,0.19801980198019803,0.18604651162790697,0.10256410256410256,0.01517405955455318,0.04840276113297448,0.9657231485071733,0.96,442,12453,0.9932379713914175,0.8533333333333334,26,3819,0.9540331491712707,0.96,416,8634,0.9874947894956232,4798,0.9737190395159766,5289,0.9134615384615384,2808,7a1efca7daa1,912d45a,False,run_experiments,1.0,0.7617948805480809,1817.6240089884316,0.6799999999999999,0.5739979537025051,0.32
static_calm,nominal,belief_orienteering_depth1,1,time_budget,46,0.30666666666666664,16.600289237532124,0.005423457233277728,3060.831592010093,5401.0,124,98,58,18.949098719250525,1726.1023058052087,0.5639324653832561,2957.0,0.5474912053323459,0.40816326530612246,0,505,57,46,11,11,448,0,0,0.8070175438596491,0,0,-0.1555226341318521,0,0.15556032994779936,0.09333333333333334,0.14,0.29333333333333333,0.17894736842105263,0.1650485436893204,0.1717171717171717,0.09392265193370165,0.01436962402549934,0.04099753106466533,0.9628857381150959,0.8933333333333333,445,11545,0.9904386951631046,0.78,34,3522,0.9512686744130898,0.8933333333333333,411,8023,0.986420302760463,4492,0.9698275862068966,4872,0.9097486671744097,2626,f99980c737db,912d45a,False,run_experiments,1.0,0.7900259246238054,1784.1501815319575,0.6933333333333334,0.634465594676006,0.30666666666666664
static_calm,nominal,belief_orienteering_depth1,2,time_budget,56,0.37333333333333335,18.318242397206966,0.006107343489539514,2999.3797513733975,5401.0,131,95,51,17.00351546903903,1409.0706307746188,0.4697873385753885,2500.0,0.46287724495463806,0.4631578947368421,0,648,75,56,19,19,573,0,0,0.7466666666666667,0,0,-0.18703508330201152,0,0.19792301498839987,0.10666666666666667,0.22,0.37333333333333335,0.13740458015267176,0.19148936170212766,0.16,0.08695652173913043,0.01581184814297,0.04820447743598903,0.9680129925151815,0.9866666666666667,453,13709,0.9941089837997055,0.8533333333333334,24,4050,0.9574742268041238,0.9866666666666667,429,9659,0.9871695178849145,5144,0.9743722050223598,5814,0.9257178526841449,3204,9d78fa4388dd,912d45a,False,run_experiments,1.0,0.7937183934647967,1756.3914166772051,0.6266666666666667,0.5957953784763967,0.37333333333333335
static_calm,nominal,belief_orienteering_no_opportunity_cost,0,time_budget,64,0.4266666666666667,22.770546244324372,0.00784126511932433,2903.937808225323,5401.0,167,128,80,27.54879934873337,1602.0266140041274,0.5516738717566305,2946.0,0.5454545454545454,0.375,0,669,80,64,16,16,578,11,0,0.8,0,0,-0.1486165654407567,0,0.24278653185900276,0.14,0.29333333333333333,0.4266666666666667,0.09523809523809523,0.09302325581395349,0.09411764705882353,0.04938271604938271,0.01342875289947803,0.034734922680925734,0.9681643711898849,0.86,423,12864,0.9908051689860835,0.78,37,3987,0.9583288351505992,0.86,386,8877,0.9883720930232558,5160,0.9757290686735653,5315,0.9167852062588905,2812,03c6e55fbbda,912d45a,False,run_experiments,1.0,0.7617948805480809,1817.6240089884316,0.5733333333333333,0.5190083486890781,0.4266666666666667
static_calm,nominal,belief_orienteering_no_opportunity_cost,1,time_budget,57,0.38,17.881886226084276,0.0060886010910701244,2936.94494985241,5401.0,153,124,76,25.877230012029752,1730.4584716730574,0.5892035776019628,3134.0,0.5802629142751342,0.3870967741935484,0,649,75,57,18,18,574,0,0,0.76,0,0,-0.1563302386321299,0,0.21106096594801638,0.08666666666666667,0.24,0.38,0.17777777777777778,0.17204301075268819,0.1748633879781421,0.09580838323353294,0.013038055533482855,0.03794630009397294,0.9682782760883832,0.9133333333333333,435,13278,0.9953238251110591,0.84,20,4257,0.9560194997880458,0.9133333333333333,415,9021,0.9908290535583272,5452,0.9733259749816041,5436,0.9150442477876106,2825,fdc20f920dc5,912d45a,False,run_experiments,1.0,0.7900259246238054,1784.1501815319575,0.62,0.578964958675789,0.38
static_calm,nominal,belief_orienteering_no_opportunity_cost,2,time_budget,61,0.4066666666666667,20.161857038093675,0.007023497367965894,2870.6292580177674,5401.0,169,127,77,26.82338716674622,1507.2138016134572,0.5250464849836518,2788.0,0.5162007035734123,0.3937007874015748,0,818,95,61,34,34,722,1,0,0.6421052631578947,0,0,-0.18149911378447153,0,0.24005827686637943,0.12666666666666668,0.2866666666666667,0.4066666666666667,0.15873015873015872,0.11235955056179775,0.13157894736842105,0.07042253521126761,0.011210144485773565,0.028355500607286005,0.9700035625222657,0.98,421,13614,0.9935419771485345,0.86,26,4000,0.9605355180337696,0.98,395,9614,0.9896551724137931,5220,0.9724063787851639,5581,0.9341372912801484,3234,182d1428f5d2,912d45a,False,run_experiments,1.0,0.7937183934647967,1756.3914166772051,0.5933333333333333,0.5536601165984172,0.4066666666666667
static_calm,nominal,belief_orienteering_density_disabled,0,time_budget,53,0.35333333333333333,19.32198897168601,0.006557705725515944,2946.4556325704607,5401.0,148,122,74,25.114920849985133,1740.4211446527308,0.590682963426944,3154.0,0.5839659322347713,0.39344262295081966,0,562,66,53,13,13,493,3,0,0.803030303030303,0,0,-0.11630180165246368,0,0.19289564635450948,0.09333333333333334,0.20666666666666667,0.35333333333333333,0.20689655172413793,0.0625,0.09600000000000002,0.05042016806722689,0.010611767047585062,0.021034806971783764,0.9608331849741855,0.6466666666666666,440,10794,0.9912503528083545,0.5733333333333334,31,3512,0.9468209595631257,0.6466666666666666,409,7282,0.9860924181247196,4458,0.9680087051142546,4595,0.8940852819807428,2181,d18f3366401b,912d45a,False,run_experiments,1.0,0.7617948805480809,1817.6240089884316,0.6466666666666667,0.5688992341935714,0.35333333333333333
static_calm,nominal,belief_orienteering_density_disabled,1,time_budget,51,0.34,15.197848361425072,0.005227165726997262,2907.473984023739,5401.0,162,126,82,28.203175832554756,1687.087829973701,0.5802589599233113,3085.0,0.5711905202740233,0.3492063492063492,0,597,68,51,17,17,519,10,0,0.75,0,0,-0.15537662269325903,0,0.181077952081488,0.08,0.20666666666666667,0.34,0.19298245614035087,0.2222222222222222,0.20657276995305165,0.11518324607329843,0.014829245433010348,0.04409136267175858,0.963466803559206,0.88,427,11261,0.9935174746335964,0.8133333333333334,23,3525,0.9503685503685504,0.88,404,7736,0.9893262174783188,4497,0.9670050761421319,4728,0.9094600081201787,2463,87553a609ee2,912d45a,False,run_experiments,1.0,0.7900259246238054,1784.1501815319575,0.6599999999999999,0.6089479725423174,0.34
static_calm,nominal,belief_orienteering_density_disabled,2,time_budget,56,0.37333333333333335,19.117242278633036,0.006410725574148516,2982.071538941553,5401.0,161,121,73,24.47962734854791,1617.8752103404647,0.5425340033642211,2853.0,0.528235511942233,0.39669421487603307,0,715,79,56,23,23,635,1,0,0.7088607594936709,0,0,-0.18189932593045346,0,0.19053649530427672,0.1,0.18,0.37333333333333335,0.13178294573643412,0.18085106382978725,0.1524663677130045,0.0825242718446602,0.015644353529016285,0.0482178913752995,0.959939019225883,0.9733333333333334,473,11334,0.993434795583408,0.8466666666666667,22,3329,0.9466650898770104,0.9733333333333334,451,8005,0.9851590106007068,4245,0.9652100127280441,4714,0.913623595505618,2848,f5bbe27dba24,912d45a,False,run_experiments,1.0,0.7937183934647967,1756.3914166772051,0.6266666666666667,0.6031818981605199,0.37333333333333335
static_calm,nominal,belief_horizon_no_efficiency,0,time_budget,48,0.32,17.998519345049345,0.005850955135144299,3076.1677246403046,5401.0,90,82,43,13.978431558060763,1473.1123546021395,0.4788790750265056,2553.0,0.47269024254767633,0.47560975609756095,0,538,66,48,18,18,468,4,0,0.7272727272727273,0,0,-0.10789633691816426,0,0.18501672524782303,0.1,0.2,0.31333333333333335,0.15,0.0297029702970297,0.04958677685950413,0.025423728813559324,0.011264600695407903,0.019346279926714196,0.9594843462246777,0.5133333333333333,462,10941,0.9898697539797395,0.44,35,3420,0.9462757926522396,0.5133333333333333,427,7521,0.9880952380952381,4368,0.9603016189842537,4509,0.9085510688836105,2526,5cb3d0e21502,912d45a,False,run_experiments,1.0,0.7617948805480809,1817.6240089884316,0.6799999999999999,0.5767781553002578,0.32
static_calm,nominal,belief_horizon_no_efficiency,1,time_budget,35,0.23333333333333334,11.344012802109875,0.0036263297261891303,3128.2353394905354,5401.0,62,53,25,7.991726096947521,1392.3966823648261,0.4451061161503252,2354.0,0.43584521384928715,0.5283018867924528,0,395,46,35,11,11,344,5,0,0.7608695652173914,0,0,-0.1454963427225511,0,0.1193187794011448,0.06,0.12666666666666668,0.22666666666666666,0.16417910447761194,0.09565217391304348,0.12087912087912085,0.06432748538011696,0.01458802783851021,0.03721609564852682,0.9577763436894994,0.7466666666666667,458,10389,0.9890373415553272,0.56,32,2887,0.9462663975782039,0.7466666666666667,426,7502,0.9848612279226241,3567,0.9608597285067874,4420,0.9192307692307692,2860,9a8ea5b81c0b,912d45a,False,run_experiments,1.0,0.7900259246238054,1784.1501815319575,0.7666666666666666,0.6707071452226606,0.23333333333333334
static_calm,nominal,belief_horizon_no_efficiency,2,time_budget,32,0.21333333333333335,11.513305037139176,0.003658201366123941,3147.2584160499987,5401.0,61,49,25,7.94342144658605,1425.180690178055,0.45283243438482684,2417.0,0.44750972042214404,0.4897959183673469,0,382,43,32,11,11,333,6,0,0.7441860465116279,0,0,-0.11600196116828543,0,0.1123632696612442,0.04666666666666667,0.14666666666666667,0.2,0.0967741935483871,0.025423728813559324,0.04026845637583893,0.02054794520547945,0.013658509303376764,0.024972816485665846,0.9533191536997649,0.46,417,8516,0.9862896315338475,0.3466666666666667,32,2302,0.9416578269434763,0.46,385,6214,0.9803779069767442,2752,0.965008201202843,3658,0.9068569163694015,2523,cedccd3892b4,912d45a,False,run_experiments,1.0,0.7937183934647967,1756.3914166772051,0.7866666666666666,0.6813551238035525,0.21333333333333335
static_calm,nominal,belief_horizon_no_track_prediction,0,time_budget,69,0.46,24.261485515217917,0.008609210133778513,2818.084950677089,5401.0,228,166,104,36.90449430029154,1630.6931492931215,0.5786529426308891,2993.0,0.5541566376596927,0.37349397590361444,0,797,91,69,22,22,688,18,0,0.7582417582417582,0,0,-0.15052843469720203,0,0.2769675040810638,0.17333333333333334,0.3333333333333333,0.46,0.07142857142857142,0.025,0.03703703703703704,0.018867924528301886,0.00955288181622903,0.021141090331034496,0.959910078681154,0.88,428,10248,0.9929667519181585,0.8533333333333334,22,3106,0.9462109167991521,0.88,406,7142,0.9850037490627344,4001,0.9674681753889675,4242,0.9054665022605837,2433,b78d0b18771f,912d45a,False,run_experiments,1.0,0.7617948805480809,1817.6240089884316,0.54,0.48482737646701707,0.46
static_calm,nominal,belief_horizon_no_track_prediction,1,time_budget,54,0.36,18.03921547832102,0.006216433068294845,2901.859519782321,5401.0,215,160,111,38.25133478836581,1817.728368930881,0.6264012287773446,3252.0,0.6021107202369932,0.30625,0,738,86,54,32,32,652,0,0,0.627906976744186,0,0,-0.14944902961328616,0,0.22756492825900712,0.14666666666666667,0.26666666666666666,0.36,0.13924050632911392,0.11578947368421053,0.1264367816091954,0.06748466257668712,0.013092744192754304,0.03370538395377541,0.9581944088227751,0.86,489,11208,0.9903791737408036,0.7866666666666666,34,3500,0.9442606884723753,0.86,455,7708,0.9855534310601233,4707,0.961250550418318,4542,0.8999183006535948,2448,560989a5a81b,912d45a,False,run_experiments,1.0,0.7900259246238054,1784.1501815319575,0.64,0.5624609963647983,0.36
static_calm,nominal,belief_horizon_no_track_prediction,2,time_budget,66,0.44,21.27338012193906,0.007546519018581202,2818.9659456975173,5401.0,214,148,94,33.34556068102515,1604.1485786399735,0.5690556784087178,2949.0,0.546009998148491,0.36486486486486486,0,773,89,66,23,23,683,1,0,0.7415730337078652,0,0,-0.1607153797897894,0,0.28486021893565006,0.12666666666666668,0.3933333333333333,0.44,0.2222222222222222,0.09523809523809523,0.13333333333333333,0.07142857142857142,0.00936551443382428,0.0207956094449327,0.9552703228315831,0.98,460,9824,0.9897470950102529,0.8733333333333333,30,2896,0.9415602065778744,0.98,430,6928,0.9846872566831041,3853,0.9608138658628486,3981,0.9,2450,7007e95ad831,912d45a,False,run_experiments,1.0,0.7937183934647967,1756.3914166772051,0.56,0.5088581745291466,0.44
static_calm,nominal,belief_horizon_no_refinement,0,time_budget,75,0.5,26.232790076669215,0.00889031231020607,2950.7163709596566,5401.0,189,188,121,41.006991112686094,2036.4469607104957,0.6901534084240653,3739.0,0.6922792075541566,0.35638297872340424,0,766,91,75,16,16,668,7,0,0.8241758241758241,0,0,-0.14831687891281065,0,0.2848326273361039,0.18,0.3,0.5,0.16417910447761194,0.14666666666666667,0.15492957746478875,0.08396946564885496,0.010852596245526518,0.03113204943853857,0.9596977329974811,0.8666666666666667,432,10287,0.9902146464646465,0.82,31,3137,0.9468944510660839,0.8666666666666667,401,7150,0.9858919177427068,4182,0.9641670621737067,4214,0.9044339216530348,2323,bbec70819519,912d45a,False,run_experiments,1.0,0.7617948805480809,1817.6240089884316,0.5,0.47696225321197694,0.5
static_calm,nominal,belief_horizon_no_refinement,1,time_budget,46,0.30666666666666664,14.886659698293096,0.004806782400279734,3097.0113599123515,5401.0,150,149,112,36.16389705563421,2570.711371769381,0.8300619768608581,4458.0,0.8254027032031105,0.2483221476510067,0,502,60,46,14,14,440,2,0,0.7666666666666667,0,0,-0.11616580103680488,0,0.19054639075225274,0.14666666666666667,0.24666666666666667,0.30666666666666664,0.21875,0.0673076923076923,0.10294117647058824,0.05426356589147287,0.0114867698940097,0.02381924605604996,0.9249923617476321,0.6333333333333333,491,6055,0.9874274661508704,0.54,26,2042,0.8961589995533721,0.6333333333333333,465,4013,0.9790235081374322,2765,0.9256335687577898,2407,0.8151382823871907,1374,b989fbc39ad2,912d45a,False,run_experiments,1.0,0.7900259246238054,1784.1501815319575,0.6933333333333334,0.5994795338715526,0.30666666666666664
static_calm,nominal,belief_horizon_no_refinement,2,time_budget,56,0.37333333333333335,20.433195113501707,0.006593560744577569,3098.962139736957,5401.0,170,169,116,37.43188679608916,2264.739797009795,0.7308058940023153,3929.0,0.7274578781707092,0.3136094674556213,0,677,78,56,22,22,591,8,0,0.717948717948718,0,0,-0.1602819460545934,0,0.2094759847642705,0.14666666666666667,0.23333333333333334,0.35333333333333333,0.2222222222222222,0.14893617021276595,0.178343949044586,0.0979020979020979,0.011775486034749831,0.032276366347102355,0.9507345631282448,0.86,446,8607,0.9895591647331786,0.7266666666666667,27,2559,0.9352095252822019,0.86,419,6048,0.9829164124466138,3278,0.9555491826785202,3487,0.8972902097902098,2288,28830d3bb9fa,912d45a,False,run_experiments,1.0,0.7937183934647967,1756.3914166772051,0.6266666666666667,0.5842424087005261,0.37333333333333335
static_calm,nominal,confirmed_route,0,path_budget,38,0.25333333333333335,13.112607145644795,0.0036422562634829615,3600.1330486025904,4351.0,111,110,73,20.277028380474803,2821.8977361932184,0.7838315134738012,3348.0,0.7694782808549758,0.33636363636363636,59,532,52,38,14,14,476,4,0,0.7307692307692307,0,0,-0.1507649954846783,0,0.12274505112819241,0.06666666666666667,0.16666666666666666,0.21333333333333335,0.19696969696969696,0.11711711711711711,0.14689265536723164,0.07926829268292683,0.014264556858905654,0.037536017356975725,0.9474630167288816,0.86,380,6853,0.9877986781901372,0.6066666666666667,24,1943,0.9323965058868211,0.86,356,4910,0.9799518845228549,2494,0.9498109315916122,2909,0.8994535519125683,1830,f27c00b1b16b,912d45a,False,run_experiments,1.0,0.7617948805480809,1817.6240089884316,0.7466666666666666,0.6390498294198884,0.25333333333333335
static_calm,nominal,confirmed_route,1,path_budget,39,0.26,12.13631861990557,0.0033709941581874614,3600.2194161116868,4366.0,113,112,74,20.55430279300076,2668.7618024557055,0.7412775428387709,3231.0,0.7400366468163079,0.3392857142857143,65,575,57,39,18,18,497,21,0,0.6842105263157895,0,0,-0.11327148392864293,0,0.15758977721505077,0.08666666666666667,0.19333333333333333,0.24,0.20512820512820512,0.07207207207207207,0.10666666666666667,0.056338028169014086,0.012349615720695982,0.026060412431130987,0.9447529961999416,0.6466666666666666,378,6464,0.9899521531100478,0.4266666666666667,21,2069,0.9248737373737373,0.6466666666666666,357,4395,0.9808575803981623,2612,0.9475683890577508,2632,0.8811013767209012,1598,018a77b00201,912d45a,False,run_experiments,1.0,0.7900259246238054,1784.1501815319575,0.74,0.6324361474087546,0.26
static_calm,nominal,confirmed_route,2,path_budget,41,0.2733333333333333,14.825733766051092,0.00411803761341379,3600.193868496696,4647.0,146,145,104,28.887333237814342,2871.3280272562997,0.7975481688310461,3703.0,0.7968581880783301,0.2827586206896552,95,563,52,41,11,11,504,7,0,0.7884615384615384,0,0,-0.15129714376393041,0,0.136884456203022,0.08666666666666667,0.13333333333333333,0.24,0.22321428571428573,0.22935779816513763,0.2262443438914027,0.12755102040816327,0.014791382029934252,0.0405617681869569,0.956805125939019,0.8533333333333334,391,8661,0.9885466034755134,0.6466666666666666,29,2503,0.944478527607362,0.8533333333333334,362,6158,0.9845605700712589,3368,0.9664852477800058,3491,0.8987688098495212,2193,dbd308876bc6,912d45a,False,run_experiments,1.0,0.7937183934647967,1756.3914166772051,0.7266666666666667,0.6568339372617746,0.2733333333333333
static_calm,nominal,oracle_perfect_static,0,done,150,1.0,52.872430006813836,0.026634114492670394,1985.1393978712574,2792.0,157,155,9,4.533686656791484,172.97539239718918,0.08713513649604529,244.0,0.08739255014326648,0.9419354838709677,0,1726,210,150,60,60,1490,26,0,0.7142857142857143,0,0,-0.11990975166577719,1,0.760812361228712,0.54,0.9933333333333333,0.9933333333333333,0.0,0.0,0.0,0.0,0.00969471879264255,0.03966650902904371,0.9552326722953073,1.0,228,4865,0.9923245614035088,1.0,14,1810,0.9345365555215662,1.0,214,3055,0.9857201142390861,2451,0.9585698070374574,1762,0.8636363636363636,880,8ed7187dbaf3,912d45a,False,run_experiments,1.0,0.7617948805480809,1817.6240089884316,0.0,0.0009825193193688797,1.0
static_calm,nominal,oracle_perfect_static,1,done,150,1.0,50.8182193007545,0.02814739519769632,1805.4324012515956,2577.0,154,151,4,2.2155357338369717,23.720612389909633,0.0131384660945852,56.0,0.02173069460613116,0.9735099337748344,0,1602,199,150,49,49,1400,3,0,0.7537688442211056,0,0,-0.1231906437428902,1,0.7686874425627549,0.54,0.9933333333333333,0.9933333333333333,0.0,0.0,0.0,0.0,0.014496736330370186,0.05551612979951775,0.9518595431376251,1.0,255,5042,0.9914529914529915,1.0,16,1856,0.9302189781021898,1.0,239,3186,0.9876256767208044,2586,0.945693911135491,1823,0.8603603603603603,888,d00b515317c4,912d45a,False,run_experiments,1.0,0.7900259246238054,1784.1501815319575,0.0,0.02133848206105049,1.0
static_calm,nominal,oracle_perfect_static,2,done,150,1.0,53.55858487963708,0.028066190149844475,1908.2955183332522,2655.0,154,151,4,2.09611140495351,19.35515634496676,0.010142640989835779,43.0,0.016195856873822974,0.9735099337748344,0,1503,187,150,37,37,1316,0,0,0.8021390374331551,0,0,-0.12010943146476322,1,0.7793008048206235,0.5466666666666666,0.9933333333333333,0.9933333333333333,0.0,0.0,0.0,0.0,0.010735210729647391,0.04336706963176004,0.9564102564102565,1.0,221,4849,0.9931662870159453,1.0,12,1744,0.9369342184671092,1.0,209,3105,0.9893162393162394,2340,0.9543683917640512,1797,0.8778135048231511,933,6d9a28e66f66,912d45a,False,run_experiments,1.0,0.7937183934647967,1756.3914166772051,0.0,0.014417588644173196,1.0
static_calm,nominal,oracle_current_physics,0,done,150,1.0,52.872430006813836,0.029088760791754237,1817.6240089884316,2584.0,153,150,2,1.1003375781293,35.219973423602426,0.019376930129352505,51.0,0.019736842105263157,0.9866666666666667,0,1540,191,150,41,41,1337,12,0,0.7853403141361257,0,0,-0.12667089447084012,1,0.7617948805480809,0.5066666666666667,0.9933333333333333,0.9933333333333333,0.0,0.0,0.0,0.0,0.015052517983814306,0.059378471351095016,0.9540964555490994,1.0,237,4926,0.9923161361141603,1.0,14,1808,0.9332535169111045,1.0,223,3118,0.992109634551495,2408,0.9580838323353293,1837,0.8464052287581699,918,3506f75eea94,912d45a,False,run_experiments,1.0,0.7617948805480809,1817.6240089884316,0.0,0.0,1.0
static_calm,nominal,oracle_current_physics,1,done,150,1.0,50.8182193007545,0.028483151153295583,1784.1501815319575,2563.0,156,153,5,2.8024546653952407,42.71365400402638,0.023940615787932367,82.0,0.03199375731564573,0.9673202614379085,0,1594,197,150,47,47,1379,18,0,0.7614213197969543,0,0,-0.11224919700217174,1,0.7900259246238054,0.6320609716257825,0.9933333333333333,0.9933333333333333,0.0,0.0,0.0,0.0,0.010775773286965462,0.043228021792237635,0.9517543859649122,1.0,231,4557,0.993637941006362,1.0,11,1718,0.9280810722458319,1.0,220,2839,0.9898089171974522,2355,0.9460966542750929,1614,0.8534798534798534,819,b586b6bcb784,912d45a,False,run_experiments,1.0,0.7900259246238054,1784.1501815319575,0.0,0.0,1.0
static_calm,nominal,oracle_current_physics,2,done,150,1.0,53.55858487963708,0.03049353599151654,1756.3914166772051,2541.0,158,156,8,4.5547933814973,59.87197479613674,0.0340880593173271,118.0,0.046438410074773714,0.9487179487179487,0,1649,205,150,55,55,1435,9,0,0.7317073170731707,0,0,-0.1254854231692575,1,0.7937183934647967,0.6533333333333333,0.9933333333333333,0.9933333333333333,0.0,0.0,0.0,0.0,0.01175945049458926,0.04579613830406137,0.9598712852545902,1.0,212,5071,0.9942954934398175,1.0,10,1743,0.9427762039660057,0.9933333333333333,202,3328,0.9890664423885618,2378,0.9656652360515021,1864,0.882804995196926,1041,193f66e106cc,912d45a,False,run_experiments,1.0,0.7937183934647967,1756.3914166772051,0.0,0.0,1.0
static_calm,nominal,oracle_route_heuristic,0,done,150,1.0,52.872430006813836,0.026634114492670394,1985.1393978712574,2792.0,157,155,9,4.533686656791484,172.97539239718918,0.08713513649604529,244.0,0.08739255014326648,0.9419354838709677,0,1726,210,150,60,60,1490,26,0,0.7142857142857143,0,0,-0.11990975166577719,1,0.760812361228712,0.54,0.9933333333333333,0.9933333333333333,0.0,0.0,0.0,0.0,0.00969471879264255,0.03966650902904371,0.9552326722953073,1.0,228,4865,0.9923245614035088,1.0,14,1810,0.9345365555215662,1.0,214,3055,0.9857201142390861,2451,0.9585698070374574,1762,0.8636363636363636,880,54fe659d8c20,912d45a,False,run_experiments,1.0,0.7617948805480809,1817.6240089884316,0.0,0.0009825193193688797,1.0
static_calm,nominal,oracle_route_heuristic,1,done,150,1.0,50.8182193007545,0.02814739519769632,1805.4324012515956,2577.0,154,151,4,2.2155357338369717,23.720612389909633,0.0131384660945852,56.0,0.02173069460613116,0.9735099337748344,0,1602,199,150,49,49,1400,3,0,0.7537688442211056,0,0,-0.1231906437428902,1,0.7686874425627549,0.54,0.9933333333333333,0.9933333333333333,0.0,0.0,0.0,0.0,0.014496736330370186,0.05551612979951775,0.9518595431376251,1.0,255,5042,0.9914529914529915,1.0,16,1856,0.9302189781021898,1.0,239,3186,0.9876256767208044,2586,0.945693911135491,1823,0.8603603603603603,888,477e90863cf3,912d45a,False,run_experiments,1.0,0.7900259246238054,1784.1501815319575,0.0,0.02133848206105049,1.0
static_calm,nominal,oracle_route_heuristic,2,done,150,1.0,53.55858487963708,0.028066190149844475,1908.2955183332522,2655.0,154,151,4,2.09611140495351,19.35515634496676,0.010142640989835779,43.0,0.016195856873822974,0.9735099337748344,0,1503,187,150,37,37,1316,0,0,0.8021390374331551,0,0,-0.12010943146476322,1,0.7793008048206235,0.5466666666666666,0.9933333333333333,0.9933333333333333,0.0,0.0,0.0,0.0,0.010735210729647391,0.04336706963176004,0.9564102564102565,1.0,221,4849,0.9931662870159453,1.0,12,1744,0.9369342184671092,1.0,209,3105,0.9893162393162394,2340,0.9543683917640512,1797,0.8778135048231511,933,665fe48b9f39,912d45a,False,run_experiments,1.0,0.7937183934647967,1756.3914166772051,0.0,0.014417588644173196,1.0
weak_drift,nominal,coverage,0,path_budget,0,0.0,0.0,0.0,3600.25,3658.0,27,26,26,7.221720713839317,3563.25,0.9897229359072287,3618.0,0.9890650628758885,0.0,0,68,0,0,0,0,68,0,0,0.0,0,0,-0.11150921487843553,0,0.0,0.0,0.0,0.0,0.4634146341463415,0.2289156626506024,0.3064516129032258,0.18095238095238095,0.009862697387224197,0.04544850343606122,0.9384555835107412,1.0,318,4849,0.9871244635193133,0.9333333333333333,18,1380,0.9204032899973468,1.0,300,3469,0.9721534653465347,1616,0.9495875343721356,2182,0.8809349890430972,1369,43cc477f2342,912d45a,False,run_experiments,1.0,0.7773619318808573,1566.458143512485,1.0,0.7773619318808573,0.0
weak_drift,nominal,coverage,1,path_budget,0,0.0,0.0,0.0,3600.25,3658.0,27,26,26,7.221720713839317,3563.25,0.9897229359072287,3618.0,0.9890650628758885,0.0,0,118,0,0,0,0,116,2,0,0.0,0,0,-0.14523125261453346,0,0.0,0.0,0.0,0.0,0.35714285714285715,0.19607843137254902,0.2531645569620253,0.14492753623188406,0.011457332385211473,0.04368027718989526,0.951706910907577,1.0,290,5715,0.9884075655887736,0.98,19,1620,0.9379294548786075,1.0,271,4095,0.9811117107393416,1853,0.9610440202571094,2567,0.9022082018927445,1585,e0eefb9c5b01,912d45a,False,run_experiments,1.0,0.7556181755934861,1657.9034920302747,1.0,0.7556181755934861,0.0
weak_drift,nominal,coverage,2,path_budget,0,0.0,0.0,0.0,3600.25,3658.0,27,26,26,7.221720713839317,3563.25,0.9897229359072287,3618.0,0.9890650628758885,0.0,0,129,0,0,0,0,120,9,0,0.0,0,0,-0.14625980149144457,0,0.0,0.0,0.0,0.0,0.8,0.04081632653061224,0.07766990291262134,0.04040404040404041,0.0108124134682799,0.03968694674743816,0.9391368498708963,1.0,330,5092,0.9855699855699855,0.9933333333333333,20,1366,0.923191278493558,1.0,310,3726,0.9770755885997522,1614,0.9489082969432314,2290,0.8840579710144928,1518,ba86fe87ed16,912d45a,False,run_experiments,1.0,0.7697590466894539,1666.943104891656,1.0,0.7697590466894539,0.0
weak_drift,nominal,lawnmower_survey,0,path_budget,0,0.0,0.0,0.0,3600.25,3658.0,27,26,26,7.221720713839317,3563.25,0.9897229359072287,3618.0,0.9890650628758885,0.0,0,68,0,0,0,0,68,0,0,0.0,0,0,-0.11150921487843553,0,0.0,0.0,0.0,0.0,0.4634146341463415,0.2289156626506024,0.3064516129032258,0.18095238095238095,0.009862697387224197,0.04544850343606122,0.9384555835107412,1.0,318,4849,0.9871244635193133,0.9333333333333333,18,1380,0.9204032899973468,1.0,300,3469,0.9721534653465347,1616,0.9495875343721356,2182,0.8809349890430972,1369,9cbf72bb1f15,912d45a,False,run_experiments,1.0,0.7773619318808573,1566.458143512485,1.0,0.7773619318808573,0.0
weak_drift,nominal,lawnmower_survey,1,path_budget,0,0.0,0.0,0.0,3600.25,3658.0,27,26,26,7.221720713839317,3563.25,0.9897229359072287,3618.0,0.9890650628758885,0.0,0,118,0,0,0,0,116,2,0,0.0,0,0,-0.14523125261453346,0,0.0,0.0,0.0,0.0,0.35714285714285715,0.19607843137254902,0.2531645569620253,0.14492753623188406,0.011457332385211473,0.04368027718989526,0.951706910907577,1.0,290,5715,0.9884075655887736,0.98,19,1620,0.9379294548786075,1.0,271,4095,0.9811117107393416,1853,0.9610440202571094,2567,0.9022082018927445,1585,da98e738653e,912d45a,False,run_experiments,1.0,0.7556181755934861,1657.9034920302747,1.0,0.7556181755934861,0.0
weak_drift,nominal,lawnmower_survey,2,path_budget,0,0.0,0.0,0.0,3600.25,3658.0,27,26,26,7.221720713839317,3563.25,0.9897229359072287,3618.0,0.9890650628758885,0.0,0,129,0,0,0,0,120,9,0,0.0,0,0,-0.14625980149144457,0,0.0,0.0,0.0,0.0,0.8,0.04081632653061224,0.07766990291262134,0.04040404040404041,0.0108124134682799,0.03968694674743816,0.9391368498708963,1.0,330,5092,0.9855699855699855,0.9933333333333333,20,1366,0.923191278493558,1.0,310,3726,0.9770755885997522,1614,0.9489082969432314,2290,0.8840579710144928,1518,c14243b0562a,912d45a,False,run_experiments,1.0,0.7697590466894539,1666.943104891656,1.0,0.7697590466894539,0.0
weak_drift,nominal,lawnmower_collect,0,time_budget,0,0.0,0.0,0.0,3194.7000000012067,5401.0,34,33,33,10.329608413931679,3095.2500000011464,0.9688703164616325,5233.0,0.9688946491390483,0.0,0,7,0,0,0,0,7,0,0,0.0,0,0,-0.05061309923184553,0,0.0,0.0,0.0,0.0,0.0,0.0,0.0,0.0,0.007389846619930075,0.01930980150602598,0.7931190583974649,0.26,457,1752,0.8874172185430463,0.1,34,268,0.778185631882538,0.26,423,1484,0.8066298342541437,362,0.8156359393232205,857,0.7686868686868686,990,8099cb6734e2,912d45a,False,run_experiments,1.0,0.7773619318808573,1566.458143512485,1.0,0.7773619318808573,0.0
weak_drift,nominal,lawnmower_collect,1,time_budget,1,0.006666666666666667,0.5473967835544589,0.00017134528548979627,3194.7000000012067,5401.0,34,33,32,10.016589977145872,2908.3500000010913,0.9103671706263476,4919.0,0.9107572671727457,0.030303030303030304,0,24,1,1,0,0,23,0,0,1.0,0,0,-0.05201218747690709,0,0.004894722222222406,0.006666666666666667,0.006666666666666667,0.006666666666666667,0.0,0.0,0.0,0.0,0.007775846727060237,0.022258671989913152,0.9304073350368255,0.5066666666666667,463,6190,0.9818863210493441,0.32,29,1572,0.9140934283452098,0.5066666666666667,434,4618,0.9671939074399531,1707,0.939547450185748,2961,0.8851385390428211,1985,14b9c47e8b4c,912d45a,False,run_experiments,1.0,0.7556181755934861,1657.9034920302747,0.9933333333333333,0.7507234533712637,0.006666666666666667
weak_drift,nominal,lawnmower_collect,2,time_budget,4,0.02666666666666667,1.3424749235693563,0.0004202194019998276,3194.7000000012067,5401.0,34,33,30,9.390553103574254,2533.650000000806,0.7930791623626159,4290.0,0.7942973523421588,0.09090909090909091,0,66,7,4,3,3,59,0,0,0.5714285714285714,0,0,-0.06901559159024537,0,0.015332777777776316,0.0,0.02,0.02666666666666667,0.0,0.0,0.0,0.0,0.006639013135082749,0.02191117670959338,0.9186643835616438,0.54,475,5365,0.9789473684210527,0.26,26,1209,0.9024972855591749,0.54,449,4156,0.9481481481481482,1350,0.9297800338409475,2364,0.8875823142050799,2126,c429f89e9a1c,912d45a,False,run_experiments,1.0,0.7697590466894539,1666.943104891656,0.9733333333333334,0.7544262689116776,0.02666666666666667
weak_drift,nominal,greedy,0,path_budget,30,0.2,10.242818466270126,0.002845053618155833,3600.2198344892818,5333.0,203,202,173,48.05262121571011,3243.597080114756,0.9009441726424143,4832.0,0.9060566285392837,0.14356435643564355,0,475,40,30,10,10,366,69,0,0.75,0,0,0.021933271968341307,0,0.12555288400047618,0.10666666666666667,0.11333333333333333,0.2,0.0,0.0,0.0,0.0,0.006694656698980333,0.016637211365972498,0.8876274328081557,0.5933333333333334,485,3831,0.9859327217125382,0.58,23,1612,0.8276762402088773,0.5933333333333334,462,2219,0.9714030384271671,2238,0.8793626707132018,1318,0.6552631578947369,760,fa7e5f620dd0,912d45a,False,run_experiments,1.0,0.7773619318808573,1566.458143512485,0.8,0.6518090478803812,0.2
weak_drift,nominal,greedy,1,path_budget,34,0.22666666666666666,10.936693216460933,0.0030377922101470526,3600.2110940733214,5399.0,213,212,181,50.27482980038664,3250.3582185935675,0.902824343812594,4892.0,0.9060937210594554,0.14622641509433962,0,604,45,34,11,11,483,76,0,0.7555555555555555,0,0,-0.009567336182288722,0,0.11033252877984649,0.013333333333333334,0.11333333333333333,0.22666666666666666,0.0,0.0,0.0,0.0,0.006800679062833401,0.01847556153635939,0.9389998659337713,0.9,455,7004,0.9869451697127938,0.86,30,2268,0.917651617903507,0.9,425,4736,0.9789572864321608,3184,0.9301364200082679,2419,0.8820043103448276,1856,d543cda57439,912d45a,False,run_experiments,1.0,0.7556181755934861,1657.9034920302747,0.7733333333333333,0.6452856468136396,0.22666666666666666
weak_drift,nominal,greedy,2,path_budget,37,0.24666666666666667,12.623915439695383,0.0035066402815159894,3600.0029732841076,5049.0,178,177,142,39.444411866821405,3155.6721694888925,0.8765748786618712,4447.0,0.8807684690037632,0.1977401129943503,0,489,47,37,10,10,436,6,0,0.7872340425531915,0,0,-0.04749750546603318,0,0.18150324742959748,0.18,0.23333333333333334,0.24666666666666667,0.0,0.0,0.0,0.0,0.006366002876231712,0.018290728707784087,0.9585687382297552,0.7133333333333334,440,10180,0.9926149714669352,0.64,22,2957,0.9452951184399948,0.7133333333333334,418,7223,0.9830554796392457,3659,0.9665071770334929,4389,0.9101866251944012,2572,a81df001b0aa,912d45a,False,run_experiments,1.0,0.7697590466894539,1666.943104891656,0.7533333333333333,0.5882557992598565,0.24666666666666667
weak_drift,nominal,active,0,path_budget,10,0.06666666666666667,3.386163191245104,0.0009405708427396976,3600.114991213078,5331.0,166,165,155,43.0541803187714,3365.2149912130567,0.9347520841491592,5008.0,0.9394109923091353,0.06060606060606061,0,154,12,10,2,2,142,0,0,0.8333333333333334,0,0,0.02015633954479253,0,0.04135029537063683,0.02,0.04666666666666667,0.06666666666666667,0.0,0.0,0.0,0.0,0.006393934416543411,0.018362752427004195,0.9467685076380729,0.5666666666666667,453,8057,0.9894394800974817,0.48,26,2436,0.9293981481481481,0.5666666666666667,427,5621,0.9818476499189627,3085,0.9606963861777895,3791,0.8482252141982864,1634,db0a2302fb9a,912d45a,False,run_experiments,1.0,0.7773619318808573,1566.458143512485,0.9333333333333333,0.7360116365102205,0.06666666666666667
weak_drift,nominal,active,1,path_budget,10,0.06666666666666667,3.451595761571655,0.0009587630636964593,3600.0508282663845,5193.0,153,152,143,39.721661393559295,3416.2008282663637,0.9489312765929602,4930.0,0.9493549008280378,0.05921052631578947,0,183,16,10,6,6,167,0,0,0.625,0,0,0.0035871883995460038,0,0.038618849103427416,0.013333333333333334,0.05333333333333334,0.06666666666666667,0.0,0.0,0.0,0.0,0.007395858056285293,0.0162758069566361,0.9489738065540311,0.6666666666666666,450,8369,0.9912245712006382,0.4,22,2485,0.9321926489226869,0.6666666666666666,428,5884,0.9855119124275595,3106,0.9604443240314278,3691,0.8719090009891197,2022,970c83b30d83,912d45a,False,run_experiments,1.0,0.7556181755934861,1657.9034920302747,0.9333333333333333,0.7169993264900587,0.06666666666666667
weak_drift,nominal,active,2,path_budget,9,0.06,3.204429300338413,0.0008900768722997348,3600.171400992561,5239.0,158,157,148,41.10915384728534,3419.2214009925387,0.9497385041306271,4983.0,0.9511357129223135,0.05732484076433121,0,182,15,9,6,6,167,0,0,0.6,0,0,-0.013195081767976277,0,0.03531612887523022,0.013333333333333334,0.04666666666666667,0.06,0.0,0.0,0.0,0.0,0.006195574580235555,0.016833590547672504,0.9597410658863172,0.6066666666666667,454,10823,0.9870538838348496,0.38666666666666666,37,2821,0.95046917686186,0.6066666666666667,417,8002,0.9832030118737329,3453,0.9678776290630975,5230,0.9121048573631457,2594,723a6fca94e8,912d45a,False,run_experiments,1.0,0.7697590466894539,1666.943104891656,0.94,0.7344429178142238,0.06
weak_drift,nominal,belief_horizon,0,time_budget,73,0.4866666666666667,26.998719119799368,0.008684016645762332,3109.0128244945654,5401.0,233,117,78,25.088349390350462,1421.187533774276,0.45711858200691713,2172.0,0.4021477504165895,0.3333333333333333,0,907,103,73,30,30,734,70,0,0.7087378640776699,0,0,-0.02302802174409107,0,0.3243835688871037,0.2733333333333333,0.46,0.4866666666666667,0.3333333333333333,0.02040816326530612,0.03846153846153846,0.0196078431372549,0.005721298464078,0.017517235571955232,0.9618014849550606,0.6533333333333333,391,9845,0.9960618846694796,0.56,14,3541,0.9435713216584344,0.6533333333333333,377,6304,0.9894291754756871,4730,0.9670134483633596,3941,0.8651757188498402,1565,d2fa1273403e,912d45a,False,run_experiments,1.0,0.7773619318808573,1566.458143512485,0.5133333333333333,0.45297836299375366,0.4866666666666667
weak_drift,nominal,belief_horizon,1,time_budget,106,0.7066666666666667,36.344729565875205,0.01333372242954622,2725.7751732808574,5401.0,293,122,68,24.94703182660232,644.1937642178348,0.23633415203589814,1250.0,0.23143862247731903,0.4426229508196721,0,1377,146,106,40,40,1091,140,0,0.726027397260274,0,0,-0.1199343226348185,1,0.3956452577802563,0.1683300450052055,0.5266666666666666,0.7066666666666667,0.0,0.0,0.0,0.0,0.019057536400462927,0.06659775544690254,0.964332892998679,0.88,486,13140,0.991725015913431,0.8533333333333334,39,4674,0.9498485358465163,0.88,447,8466,0.9898637421070123,6018,0.9667618270799347,4904,0.9031065088757396,2704,b82b7ee54f45,912d45a,False,run_experiments,1.0,0.7556181755934861,1657.9034920302747,0.29333333333333333,0.3599729178132298,0.7066666666666667
weak_drift,nominal,belief_horizon,2,time_budget,103,0.6866666666666666,36.03839524210606,0.012067229300204037,2986.4680901933893,5401.0,219,120,76,25.448120557376722,1179.2905773663872,0.394878010328924,2100.0,0.38881688576189594,0.36666666666666664,0,1427,135,103,32,32,1044,248,0,0.762962962962963,0,0,-0.05677694642447839,1,0.3543691630421275,0.12666666666666668,0.47333333333333333,0.6866666666666666,0.0,0.0,0.0,0.0,0.011359131798073624,0.04716534333741553,0.9694025222245193,0.9933333333333333,444,14067,0.9947542257625801,0.96,27,5120,0.9554677488252883,0.9933333333333333,417,8947,0.9907890696960393,6514,0.9693181818181819,5280,0.9182922340817078,2717,675441718436,912d45a,False,run_experiments,1.0,0.7697590466894539,1666.943104891656,0.31333333333333335,0.41538988364732643,0.6866666666666666
weak_drift,nominal,belief_horizon_provisional,0,time_budget,71,0.47333333333333333,27.224059017704636,0.008777894287916107,3101.4339116822166,5401.0,226,119,88,28.3739723321297,1529.4908317528566,0.4931560288909272,2333.0,0.4319570449916682,0.2605042016806723,0,767,90,71,19,19,645,32,0,0.7888888888888889,0,0,-0.015639982826215502,1,0.3193128011046907,0.2733333333333333,0.36,0.47333333333333333,0.032520325203252036,0.0851063829787234,0.04705882352941177,0.024096385542168676,0.012659157311765682,0.03836357497029377,0.9572711322117866,0.66,414,9275,0.9932584269662922,0.5733333333333334,24,3536,0.9363680861478219,0.66,390,5739,0.9878525838995265,4857,0.9597684515195369,3455,0.8431372549019608,1377,4e75b50e3c5b,912d45a,False,run_experiments,1.0,0.7773619318808573,1566.458143512485,0.5266666666666666,0.45804913077616666,0.47333333333333333
weak_drift,nominal,belief_horizon_provisional,1,time_budget,85,0.5666666666666667,28.713293806723176,0.010474805228282227,2741.176869732775,5401.0,281,138,82,29.91415873430809,937.9218075885876,0.3421602662509047,1715.0,0.3175337900388817,0.4057971014492754,0,1122,114,85,29,29,902,106,0,0.7456140350877193,0,0,-0.08060192752346448,1,0.3556125739585343,0.18666666666666668,0.5066666666666667,0.5666666666666667,0.0,0.0,0.0,0.0,0.00857766441797609,0.03528724819984022,0.9656060064354666,0.8666666666666667,481,13504,0.9952432432432432,0.8533333333333334,22,4603,0.9509615384615384,0.8666666666666667,459,8901,0.9894039735099338,6040,0.9683972911963883,5316,0.9052871814378091,2629,c73722110900,912d45a,False,run_experiments,1.0,0.7556181755934861,1657.9034920302747,0.43333333333333335,0.4000056016349518,0.5666666666666667
weak_drift,nominal,belief_horizon_provisional,2,time_budget,127,0.8466666666666667,45.561786464860425,0.01628433903324276,2797.8898235814695,5401.0,302,107,55,19.657671841272382,717.1742400088914,0.25632683387470373,1227.0,0.22718015182373635,0.48598130841121495,0,1805,172,127,45,45,1256,377,0,0.7383720930232558,0,0,-0.07437429206414231,1,0.44208154851618364,0.14,0.5066666666666667,0.8466666666666667,0.0,0.0,0.0,0.0,0.021347135051487224,0.07198462674014337,0.9726346250629089,0.9933333333333333,435,15461,0.9948727339315143,0.9933333333333333,28,5433,0.9609966459032103,0.9933333333333333,407,10028,0.9917873051224945,7184,0.972187555714031,5609,0.9291008701256849,3103,2a38c6984c50,912d45a,False,run_experiments,1.0,0.7697590466894539,1666.943104891656,0.15333333333333332,0.3276774981732703,0.8466666666666667
weak_drift,nominal,belief_cluster_route,0,time_budget,46,0.30666666666666664,16.358082327614387,0.004913428760905626,3329.260099946849,5401.0,165,134,106,31.83890618870309,2608.008632284754,0.7833598319117183,4029.0,0.7459729679688947,0.208955223880597,0,663,64,46,18,18,499,100,0,0.71875,0,0,-0.03442748593273069,0,0.23624516361485437,0.25333333333333335,0.26666666666666666,0.30666666666666664,0.0,0.0,0.0,0.0,0.006543194652136454,0.015153021314115426,0.9357000285143998,0.6533333333333333,451,6563,0.9869192602616148,0.5666666666666667,29,2188,0.9120283510527413,0.6533333333333333,422,4375,0.9788540245566166,2932,0.9386100386100386,2590,0.8458445040214477,1492,2cc7f77edf1d,912d45a,False,run_experiments,1.0,0.7773619318808573,1566.458143512485,0.6933333333333334,0.541116768266003,0.30666666666666664
weak_drift,nominal,belief_cluster_route,1,time_budget,74,0.49333333333333335,27.261717256590753,0.008525033599343737,3197.8427930992993,5401.0,159,109,68,21.26433486559715,1595.1591475616813,0.498823504083413,2588.0,0.4791705239770413,0.3761467889908257,0,1051,105,74,31,31,847,99,0,0.7047619047619048,0,0,-0.03838380632381121,1,0.28773252220555734,0.14666666666666667,0.38,0.49333333333333335,0.0,0.0,0.0,0.0,0.0054360125403135765,0.019630672660725285,0.9644295812115223,0.8733333333333333,468,12689,0.9935282303057353,0.8533333333333334,29,4452,0.9494006454587367,0.8733333333333333,439,8237,0.9877379209370425,5464,0.9683275395905755,5178,0.9057654075546719,2515,f4a26ce40423,912d45a,False,run_experiments,1.0,0.7556181755934861,1657.9034920302747,0.5066666666666666,0.46788565338792876,0.49333333333333335
weak_drift,nominal,belief_cluster_route,2,time_budget,126,0.84,46.362159761654986,0.015068986911561711,3076.660696153603,5401.0,179,96,52,16.901441249277067,972.6326569095944,0.3161325713054955,1611.0,0.29827809664876875,0.4583333333333333,0,1938,176,126,50,50,1316,446,0,0.7159090909090909,0,0,-0.05798934097985322,1,0.31663705565502326,0.1,0.21333333333333335,0.7933333333333333,0.01601423487544484,0.5625,0.03114186851211073,0.015817223198594025,0.039147795788912865,0.13336551269683125,0.9696660718837624,1.0,476,15216,0.9943748865904555,1.0,31,5480,0.9562911305372753,1.0,445,9736,0.9922971114167813,7270,0.9694385216773277,5628,0.9112383679312813,2794,aab7ec494440,912d45a,False,run_experiments,1.0,0.7697590466894539,1666.943104891656,0.16000000000000003,0.4531219910344307,0.84
weak_drift,nominal,belief_orienteering,0,time_budget,74,0.49333333333333335,27.168218462503454,0.008973742182502298,3027.5238479079735,5401.0,228,122,76,25.10302274002439,1459.8139479318054,0.4821808254096959,2330.0,0.4314015922977226,0.3770491803278688,0,932,103,74,29,29,749,80,0,0.7184466019417476,0,0,-0.023134478484719605,0,0.3132547355426706,0.25333333333333335,0.38666666666666666,0.49333333333333335,0.09433962264150944,0.10869565217391304,0.10101010101010101,0.05319148936170213,0.008292553584401553,0.026284814607186683,0.9600334603587694,0.6666666666666666,430,10329,0.9921717171717171,0.5933333333333334,31,3929,0.9413148992498896,0.6666666666666666,399,6400,0.9885125767478709,5049,0.9623011015911873,4085,0.8658461538461538,1625,183c4b3422cb,912d45a,False,run_experiments,1.0,0.7773619318808573,1566.458143512485,0.5066666666666666,0.46410719633818676,0.49333333333333335
weak_drift,nominal,belief_orienteering,1,time_budget,110,0.7333333333333333,36.93701728016151,0.012435439595032531,2970.302496979391,5401.0,238,102,47,15.823304208172742,808.1607978044584,0.27208030112296866,1277.0,0.2364376967228291,0.5392156862745098,0,1494,158,110,48,48,1173,163,0,0.6962025316455697,0,0,-0.08547448120626357,1,0.33583681970343565,0.16666666666666666,0.31333333333333335,0.7333333333333333,0.012658227848101266,0.20689655172413793,0.02385685884691849,0.012072434607645875,0.030645785962978705,0.09747265184644584,0.9686413525121004,0.98,460,14209,0.9954946498967524,0.8866666666666667,24,5303,0.9533290515949475,0.98,436,8906,0.9894800120228434,6654,0.9718004338394793,5532,0.9057591623036649,2483,388e0dbd4239,912d45a,False,run_experiments,1.0,0.7556181755934861,1657.9034920302747,0.2666666666666667,0.41978135589005044,0.7333333333333333
weak_drift,nominal,belief_orienteering,2,time_budget,117,0.78,41.805060370633335,0.013547737212866458,3085.7596153349164,5401.0,223,126,64,20.740436060523688,1237.6387010374897,0.40108072413902573,2128.0,0.39400111090538786,0.49206349206349204,0,1830,165,117,48,48,1230,435,0,0.7090909090909091,0,0,-0.05507227098923734,1,0.40184495011182364,0.1,0.5133333333333333,0.78,0.0,0.0,0.0,0.0,0.004737149215503908,0.02892444800725982,0.9697156560465913,1.0,442,14153,0.9943632567849687,0.9933333333333333,27,4763,0.9576746557878634,1.0,415,9390,0.9937623611745018,6573,0.9688976377952756,5080,0.9174031271244052,2942,807f2ca25705,912d45a,False,run_experiments,1.0,0.7697590466894539,1666.943104891656,0.21999999999999997,0.3679140965776303,0.78
weak_drift,nominal,belief_orienteering_provisional,0,time_budget,70,0.4666666666666667,24.35689365659109,0.007769822386875871,3134.8070063651267,5401.0,197,103,59,18.8209353495135,1578.1031219207723,0.5034131666531572,2401.0,0.4445473060544344,0.42718446601941745,0,864,100,70,30,30,722,42,0,0.7,0,0,-0.017290250526351414,0,0.2997585705474621,0.24,0.31333333333333335,0.4666666666666667,0.0,0.0,0.0,0.0,0.005198272986828751,0.016162125106251084,0.9554140127388535,0.6533333333333333,434,9300,0.9932222536006777,0.58,24,3517,0.933796221540449,0.6533333333333333,410,5783,0.9907017932255922,4517,0.9531073446327684,3540,0.8652355396541443,1677,ff49da7f0f11,912d45a,False,run_experiments,1.0,0.7773619318808573,1566.458143512485,0.5333333333333333,0.47760336133339526,0.4666666666666667
weak_drift,nominal,belief_orienteering_provisional,1,time_budget,53,0.35333333333333333,16.67641007639721,0.005078899025554609,3283.4695063810937,5401.0,191,83,51,15.532350734759868,1342.921986560647,0.40899480989569503,1936.0,0.35845213849287166,0.3855421686746988,0,594,70,53,17,17,512,12,0,0.7571428571428571,0,0,-0.02949300045080363,0,0.24098034379963085,0.2,0.30666666666666664,0.35333333333333333,0.0,0.0,0.0,0.0,0.0053579390298206095,0.014478759426395848,0.941983535868287,0.72,444,7209,0.9890466531440162,0.48,27,2438,0.9196222050886661,0.72,417,4771,0.9757575757575757,2805,0.9506493506493506,3080,0.8733031674208145,1768,c85773b5af59,912d45a,False,run_experiments,1.0,0.7556181755934861,1657.9034920302747,0.6466666666666667,0.5146378317938552,0.35333333333333333
weak_drift,nominal,belief_orienteering_provisional,2,time_budget,98,0.6533333333333333,35.64693208208252,0.013397210543946513,2660.772700791022,5401.0,285,99,52,19.543195096875767,686.5815928866616,0.2580384234559185,1263.0,0.23384558415108314,0.47474747474747475,0,1294,135,98,37,37,971,188,0,0.725925925925926,0,0,-0.08709070578810393,1,0.35420483825285576,0.1,0.49333333333333335,0.6533333333333333,0.0449438202247191,0.21052631578947367,0.07407407407407407,0.038461538461538464,0.019942729690037585,0.07054384475370525,0.9691197873821427,0.9933333333333333,488,15315,0.992570281124498,0.9533333333333334,37,4943,0.9583294835073455,0.9933333333333333,451,10372,0.9881310333913594,6319,0.970568783068783,6048,0.9316065192083819,3436,f75e689fcf55,912d45a,False,run_experiments,1.0,0.7697590466894539,1666.943104891656,0.3466666666666667,0.4155542084365982,0.6533333333333333
weak_drift,nominal,belief_orienteering_depth1,0,time_budget,46,0.30666666666666664,17.343695445618874,0.005227219857130415,3317.957904900529,5401.0,144,93,61,18.384802263435816,1968.7164838059768,0.5933518568449102,2986.0,0.5528605813738197,0.34408602150537637,0,670,65,46,19,19,514,91,0,0.7076923076923077,0,0,-0.01302126900213079,0,0.21405112694336048,0.19333333333333333,0.28,0.30666666666666664,0.0,0.0,0.0,0.0,0.005828459255028104,0.013967489484797034,0.9513717052178591,0.6533333333333333,452,8843,0.993000318167356,0.5333333333333333,22,3121,0.9301040312093628,0.6533333333333333,430,5722,0.9858571080224335,4101,0.9529891304347826,3680,0.8540290620871862,1514,0fc92287f8ab,912d45a,False,run_experiments,1.0,0.7773619318808573,1566.458143512485,0.6933333333333334,0.5633108049374969,0.30666666666666664
weak_drift,nominal,belief_orienteering_depth1,1,time_budget,81,0.54,27.179766353447302,0.00832734578399629,3263.9171061783077,5401.0,168,96,54,16.544537818617624,1275.6124361240545,0.3908225590991366,2028.0,0.37548602110720236,0.4375,0,1027,106,81,25,25,822,99,0,0.7641509433962265,0,0,-0.07167312736194886,1,0.2923012909170906,0.16666666666666666,0.30666666666666664,0.54,0.0,0.0,0.0,0.0,0.006001542701274248,0.02586555939061458,0.9625722769182685,0.8933333333333333,479,12319,0.9932978969262769,0.8466666666666667,29,4298,0.9468775823397474,0.8933333333333333,450,8021,0.9888164026095061,5365,0.9669898906540128,4847,0.89984532095901,2586,bd3f9ba626e8,912d45a,False,run_experiments,1.0,0.7556181755934861,1657.9034920302747,0.45999999999999996,0.4633168846763955,0.54
weak_drift,nominal,belief_orienteering_depth1,2,time_budget,126,0.84,43.98518341655937,0.014022561742813865,3136.74378642693,5401.0,229,108,51,16.258898868528306,955.9935615945167,0.3047726007241065,1570.0,0.2906869098315127,0.5277777777777778,0,1696,169,126,43,43,1316,211,0,0.7455621301775148,0,0,-0.11395533051432336,1,0.4211092982760036,0.08666666666666667,0.5133333333333333,0.84,0.0,0.0,0.0,0.0,0.017596087707699486,0.07352013637196722,0.9739290158203472,1.0,440,16437,0.9955102745639786,1.0,26,5765,0.9626556016597511,1.0,414,10672,0.9931443638760712,7585,0.9738185410834843,6073,0.9288598943771358,3219,13ae3cd20a07,912d45a,False,run_experiments,1.0,0.7697590466894539,1666.943104891656,0.16000000000000003,0.34864974841345037,0.84
weak_drift,nominal,belief_orienteering_no_opportunity_cost,0,time_budget,74,0.49333333333333335,27.168218462503454,0.008973742182502298,3027.5238479079735,5401.0,228,122,76,25.10302274002439,1459.8139479318054,0.4821808254096959,2330.0,0.4314015922977226,0.3770491803278688,0,932,103,74,29,29,749,80,0,0.7184466019417476,0,0,-0.023134478484719605,0,0.3132547355426706,0.25333333333333335,0.38666666666666666,0.49333333333333335,0.09433962264150944,0.10869565217391304,0.10101010101010101,0.05319148936170213,0.008292553584401553,0.026284814607186683,0.9600334603587694,0.6666666666666666,430,10329,0.9921717171717171,0.5933333333333334,31,3929,0.9413148992498896,0.6666666666666666,399,6400,0.9885125767478709,5049,0.9623011015911873,4085,0.8658461538461538,1625,d27714f3aaca,912d45a,False,run_experiments,1.0,0.7773619318808573,1566.458143512485,0.5066666666666666,0.46410719633818676,0.49333333333333335
weak_drift,nominal,belief_orienteering_no_opportunity_cost,1,time_budget,110,0.7333333333333333,37.34046732956141,0.012468619742409362,2994.7554822412094,5401.0,230,106,51,17.029770978775442,837.794577019043,0.2797539171351832,1349.0,0.24976856137752268,0.5188679245283019,0,1376,150,110,40,40,1101,125,0,0.7333333333333333,0,0,-0.08736814881554499,1,0.3349118360924419,0.16666666666666666,0.31333333333333335,0.7333333333333333,0.01263157894736842,0.1935483870967742,0.023715415019762848,0.012,0.031741141372688506,0.0968828446678088,0.9682920147924942,0.98,463,14139,0.9958364875094625,0.8866666666666667,22,5262,0.9526722472633612,0.98,441,8877,0.9893966547192353,6696,0.9708056171470806,5412,0.9061748195669607,2494,b9bdfdf61611,912d45a,False,run_experiments,1.0,0.7556181755934861,1657.9034920302747,0.2666666666666667,0.4207063395010442,0.7333333333333333
weak_drift,nominal,belief_orienteering_no_opportunity_cost,2,time_budget,77,0.5133333333333333,27.47053878399879,0.008473715636673923,3241.8528024598004,5401.0,177,106,72,22.209521649276923,1675.5858692957402,0.5168605644353643,2786.0,0.5158304017774487,0.32075471698113206,0,988,97,77,20,20,742,149,0,0.7938144329896907,0,0,-0.004888149547668131,1,0.3047378599234121,0.09333333333333334,0.5066666666666667,0.5133333333333333,0.0,0.0,0.0,0.0,0.00526286938739077,0.011861071623626027,0.9544881038211969,0.92,505,10591,0.9914718019257222,0.78,31,3604,0.9364696421391234,0.92,474,6987,0.984488107549121,4835,0.9530012771392081,3915,0.8951406649616368,2346,af7ecb0ba3de,912d45a,False,run_experiments,1.0,0.7697590466894539,1666.943104891656,0.4866666666666667,0.4650211867660418,0.5133333333333333
weak_drift,nominal,belief_orienteering_density_disabled,0,time_budget,58,0.38666666666666666,21.53473898213586,0.006846016029464369,3145.5869938739734,5401.0,218,120,84,26.70407786005915,1950.4676743937443,0.6200647695302268,2922.0,0.5410109239029809,0.3,0,706,78,58,20,20,582,46,0,0.7435897435897436,0,0,-0.015121434365531948,0,0.2925015217974728,0.25333333333333335,0.38666666666666666,0.38666666666666666,0.0,0.0,0.0,0.0,0.006043271939172957,0.01341173088760462,0.9561591103507271,0.6666666666666666,410,8942,0.9930935251798562,0.5866666666666667,24,3451,0.9343202314105836,0.6666666666666666,386,5491,0.9867534800179614,4454,0.961284772010324,3487,0.8469170800850461,1411,85ae331344fd,912d45a,False,run_experiments,1.0,0.7773619318808573,1566.458143512485,0.6133333333333333,0.48486041008338454,0.38666666666666666
weak_drift,nominal,belief_orienteering_density_disabled,1,time_budget,102,0.68,35.409976502594596,0.011680905522168536,3031.4410501302305,5401.0,228,99,51,16.823681924413158,813.9437616005636,0.2685006068534952,1289.0,0.23865950749861137,0.48484848484848486,0,1498,150,102,48,48,1131,217,0,0.68,0,0,-0.08022208001693977,1,0.3263198522765707,0.16666666666666666,0.29333333333333333,0.68,0.005434782608695652,0.06060606060606061,0.009975062344139652,0.005012531328320802,0.02849947410977062,0.08934526497642244,0.969866579889359,0.9533333333333334,463,14902,0.9952330508474576,0.8533333333333334,27,5637,0.9550561797752809,0.9533333333333334,436,9265,0.9905915894511761,7015,0.9738663897542402,5778,0.9043545878693624,2572,1174c75d2443,912d45a,False,run_experiments,1.0,0.7556181755934861,1657.9034920302747,0.31999999999999995,0.4292983233169154,0.68
weak_drift,nominal,belief_orienteering_density_disabled,2,time_budget,125,0.8333333333333334,44.00104633865866,0.015419728485419365,2853.5551958820356,5401.0,263,128,62,21.727282545461946,739.932133997387,0.259301847416578,1391.0,0.2575448990927606,0.515625,0,1641,160,125,35,35,1158,323,0,0.78125,0,0,-0.07238371774623473,1,0.4206662445172135,0.13333333333333333,0.52,0.8333333333333334,0.004008016032064128,0.09523809523809523,0.007692307692307692,0.003861003861003861,0.03257262768962957,0.10113191616216446,0.9685472122897629,0.9933333333333333,475,14627,0.9936162223056703,0.98,34,5292,0.9548895253682488,0.9933333333333333,441,9335,0.9922901199314678,7004,0.9668080398303522,5423,0.9099065420560748,2675,7a2420cb5865,912d45a,False,run_experiments,1.0,0.7697590466894539,1666.943104891656,0.16666666666666663,0.3490928021722404,0.8333333333333334
weak_drift,nominal,belief_horizon_no_efficiency,0,time_budget,75,0.5,27.250316494874607,0.008398670012661374,3244.5990202964904,5401.0,115,55,30,9.246134826626006,930.9434463154419,0.2869209540198815,1390.0,0.25735974819477875,0.45454545454545453,0,939,103,75,28,28,730,106,0,0.7281553398058253,0,0,-0.03265912377577926,1,0.3183258345399765,0.24666666666666667,0.4066666666666667,0.5,0.0,0.0,0.0,0.0,0.006399409421079917,0.024710246780665295,0.9543256866577513,0.6533333333333333,444,9277,0.9923842999414177,0.58,26,3388,0.9337244331694942,0.6533333333333333,418,5889,0.9870740305522914,4255,0.9585547290116897,3764,0.86310223266745,1702,e3a0a90b3f44,912d45a,False,run_experiments,1.0,0.7773619318808573,1566.458143512485,0.5,0.45903609734088086,0.5
weak_drift,nominal,belief_horizon_no_efficiency,1,time_budget,118,0.7866666666666666,39.787446327722975,0.011975721250466925,3322.342387200411,5401.0,98,40,14,4.213894405927612,564.3608534062,0.1698683602209228,743.0,0.13756711720051842,0.65,0,1468,155,118,37,37,1146,167,0,0.7612903225806451,0,0,-0.06507765429982687,1,0.3576114232424046,0.07333333333333333,0.44,0.7466666666666667,0.0,0.0,0.0,0.0,0.013348843194093784,0.05163869876293203,0.9668031903427463,0.9466666666666667,462,13455,0.9937411669695134,0.8666666666666667,31,4922,0.9519187862561357,0.9466666666666667,431,8533,0.9900343081195883,6121,0.9674473997618103,5038,0.9140681653372009,2758,ee823a553e6f,912d45a,False,run_experiments,1.0,0.7556181755934861,1657.9034920302747,0.21333333333333337,0.3980067523510815,0.7866666666666666
weak_drift,nominal,belief_horizon_no_efficiency,2,time_budget,113,0.7533333333333333,40.20175427896849,0.012642230787132537,3179.957315752096,5401.0,106,47,24,7.547271116223687,716.7605092993495,0.2253994120451983,1214.0,0.22477319014997224,0.48936170212765956,0,1739,151,113,38,38,1076,512,0,0.7483443708609272,0,0,-0.07370866472178317,1,0.2948861350152624,0.08,0.18666666666666668,0.7133333333333334,0.005961251862891207,0.16666666666666666,0.011510791366906475,0.005788712011577424,0.044623277788759005,0.13202021831777613,0.9749268033005057,1.0,471,18314,0.9951341787083456,0.9933333333333333,33,6749,0.9635091227193202,1.0,438,11565,0.9917307913173309,8707,0.97439293598234,6795,0.931465123362778,3283,f2c4a9ad3c08,912d45a,False,run_experiments,1.0,0.7697590466894539,1666.943104891656,0.2466666666666667,0.47487291167419154,0.7533333333333333
weak_drift,nominal,belief_horizon_no_track_prediction,0,time_budget,72,0.48,25.968153199336278,0.009009068161140363,2882.446079312296,5401.0,248,138,94,32.61119112501381,1600.5458743328938,0.5552734831087482,2756.0,0.510275874837993,0.3188405797101449,0,824,92,72,20,20,677,55,0,0.782608695652174,0,0,-0.010254190414647549,0,0.2976137673768636,0.18,0.43333333333333335,0.48,0.0,0.0,0.0,0.0,0.004785311630235896,0.014723174540044057,0.9635024134134982,0.66,431,11378,0.9949904580152672,0.5933333333333334,21,4171,0.9461730340028883,0.66,410,7207,0.9912704309063893,5384,0.9643890496327621,4493,0.8840579710144928,1932,1209de8146d1,912d45a,False,run_experiments,1.0,0.7773619318808573,1566.458143512485,0.52,0.4797481645039937,0.48
weak_drift,nominal,belief_horizon_no_track_prediction,1,time_budget,83,0.5533333333333333,27.086950789210416,0.008716973632905772,3107.3801447511178,5401.0,212,164,111,35.721409943195226,1692.408859366279,0.5446417176298946,2898.0,0.5365673023514164,0.3231707317073171,0,929,104,83,21,21,769,56,0,0.7980769230769231,0,0,-0.05238280674561887,1,0.2931224304998992,0.17333333333333334,0.25333333333333335,0.5533333333333333,0.0,0.0,0.0,0.0,0.012445082520220177,0.05132567595282618,0.9510791366906475,0.9866666666666667,476,9254,0.99230330672748,0.8066666666666666,27,3481,0.9278367084538733,0.9866666666666667,449,5773,0.9832439678284183,4476,0.9537090281771133,3478,0.8648648648648649,1776,2e488367bb82,912d45a,False,run_experiments,1.0,0.7556181755934861,1657.9034920302747,0.44666666666666666,0.4624957450935869,0.5533333333333333
weak_drift,nominal,belief_horizon_no_track_prediction,2,time_budget,74,0.49333333333333335,26.728884589106425,0.009071286462869976,2946.5373735590233,5401.0,240,179,130,44.11958292691783,1981.9553581653702,0.6726387983232783,3416.0,0.6324754675060174,0.2737430167597765,0,869,96,74,22,22,710,63,0,0.7708333333333334,0,0,-0.030567438777350693,0,0.33071726937866613,0.12,0.49333333333333335,0.49333333333333335,0.0,0.0,0.0,0.0,0.004826550288126053,0.011946508199361938,0.9634551495016611,0.96,462,12180,0.9952511872031992,0.7733333333333333,19,3982,0.9487327855572272,0.96,443,8198,0.9871649679124198,5298,0.9674190800681431,4696,0.908987915407855,2648,3ed520be733e,912d45a,False,run_experiments,1.0,0.7697590466894539,1666.943104891656,0.5066666666666666,0.4390417773107878,0.49333333333333335
weak_drift,nominal,belief_horizon_no_refinement,0,time_budget,72,0.48,26.63137995225533,0.008175558236993164,3257.4387191999153,5401.0,176,175,125,38.373707312812385,2634.697424421719,0.8088248625806373,4264.0,0.7894834289946306,0.2857142857142857,0,1017,90,72,18,18,731,196,0,0.8,0,0,-0.02856814310990669,0,0.3012496338270886,0.2879597013226753,0.38,0.38666666666666666,0.15584415584415584,0.46153846153846156,0.2330097087378641,0.13186813186813187,0.011650651995817777,0.05141182349034225,0.9488249058907315,1.0,503,9326,0.9937553221686063,0.9066666666666666,22,3501,0.9237234379955598,0.9933333333333333,481,5825,0.9857930449533503,4716,0.9511729405346426,3666,0.8223911541119557,1447,0d7ac5b35b9f,912d45a,False,run_experiments,1.0,0.7773619318808573,1566.458143512485,0.52,0.47611229805376876,0.48
weak_drift,nominal,belief_horizon_no_refinement,1,time_budget,91,0.6066666666666667,31.918518391442024,0.010880504253033135,2933.551391475645,5401.0,200,198,128,43.633120037352754,1891.3113843111644,0.6447173176536003,3624.0,0.6709868542862433,0.35353535353535354,0,1339,131,91,40,40,1010,198,0,0.6946564885496184,0,0,-0.10079552730456073,1,0.2970023734590228,0.11333333333333333,0.25333333333333335,0.6066666666666667,0.06837606837606838,0.18604651162790697,0.10000000000000002,0.05263157894736842,0.02080406917232029,0.07885758579438247,0.9719952597767105,0.8733333333333333,449,15584,0.9962073324905183,0.8533333333333334,21,5516,0.9592225609756098,0.8733333333333333,428,10068,0.9940044617958729,7172,0.9715744680851064,5875,0.919959812458138,2986,d3f5b8f17713,912d45a,False,run_experiments,1.0,0.7556181755934861,1657.9034920302747,0.3933333333333333,0.4586158021344633,0.6066666666666667
weak_drift,nominal,belief_horizon_no_refinement,2,time_budget,104,0.6933333333333334,38.25052719848922,0.011939291129892142,3203.7519466061276,5401.0,166,163,98,30.589134749903348,1595.076626697558,0.49787769255584574,2754.0,0.5099055730420292,0.3987730061349693,0,1335,135,104,31,31,1044,156,0,0.7703703703703704,0,0,-0.10087445427907926,1,0.3780735529307599,0.08,0.5,0.6533333333333333,0.0,0.0,0.0,0.0,0.007575592381357353,0.040559834040306976,0.9711181770005299,1.0,436,14660,0.9939234352845858,0.9866666666666667,30,4907,0.9600354365587164,1.0,406,9753,0.9919342793129201,6695,0.9730264340945873,5561,0.9183098591549296,2840,39502bcc528b,912d45a,False,run_experiments,1.0,0.7697590466894539,1666.943104891656,0.30666666666666664,0.39168549375869405,0.6933333333333334
weak_drift,nominal,confirmed_route,0,path_budget,95,0.6333333333333333,32.942544109454886,0.009150121580256465,3600.2302068353015,4765.0,176,174,112,31.109121796533948,2319.622707383577,0.6442984404107279,3192.0,0.669884575026233,0.3563218390804598,105,2038,138,95,43,43,1371,529,0,0.6884057971014492,0,0,-0.06398731629560586,1,0.2295829498911488,0.02666666666666667,0.18,0.54,0.03380281690140845,0.32432432432432434,0.061224489795918366,0.031578947368421054,0.029382097259731524,0.10521509467747236,0.9695490638886866,1.0,418,13309,0.9939686369119421,0.98,30,4944,0.9556723409116874,1.0,388,8365,0.9906685023711183,6537,0.9695616883116883,4928,0.9084880636604774,2262,37f906802888,912d45a,False,run_experiments,1.0,0.7773619318808573,1566.458143512485,0.3666666666666667,0.5477789819897085,0.6333333333333333
weak_drift,nominal,confirmed_route,1,path_budget,85,0.5666666666666667,29.229912861461536,0.008119394884256842,3600.011241987637,4767.0,170,168,111,30.83323704809175,2542.113325683562,0.7061403853505778,3458.0,0.7254038179148311,0.3392857142857143,106,1453,114,85,29,29,1117,222,0,0.7456140350877193,0,0,-0.07007601515219028,1,0.1971013331326539,0.04,0.11333333333333333,0.46,0.039603960396039604,0.25,0.06837606837606838,0.035398230088495575,0.023895459086828084,0.08927579243832923,0.9683671887114281,0.9666666666666667,408,12490,0.9955035971223022,0.8733333333333333,20,4428,0.9540828402366864,0.9666666666666667,388,8062,0.9933515172178656,5866,0.968260597201921,4789,0.903254569772626,2243,fc9708d890f7,912d45a,False,run_experiments,1.0,0.7556181755934861,1657.9034920302747,0.43333333333333335,0.5585168424608322,0.5666666666666667
weak_drift,nominal,confirmed_route,2,path_budget,111,0.74,39.872419969527634,0.0110753842738013,3600.093593487804,5084.0,223,221,138,38.33233676191855,2220.2756001604425,0.6167271884755138,3324.0,0.6538158929976396,0.3755656108597285,136,2177,146,111,35,35,1339,692,0,0.7602739726027398,0,0,-0.060565376060521675,1,0.18187278781354996,0.03333333333333333,0.09333333333333334,0.49333333333333335,0.024024024024024024,0.5161290322580645,0.04591104734576757,0.023494860499265784,0.046448286447056356,0.15357937356238696,0.9773908384677203,1.0,422,18243,0.9965018285896009,0.9933333333333333,22,6267,0.9676793794440853,1.0,400,11976,0.9927149101505586,8236,0.9786379928315412,6975,0.938332368268674,3454,cb6de94446b8,912d45a,False,run_experiments,1.0,0.7697590466894539,1666.943104891656,0.26,0.587886258875904,0.74
weak_drift,nominal,oracle_perfect_static,0,time_budget,3,0.02,0.7452295848061735,0.0003015656885509593,2471.20150965133,5401.0,408,407,404,163.48322806625416,2446.3515096513297,0.9899441628281028,5360.0,0.992408813182744,0.007371007371007371,0,55,4,3,1,1,51,0,0,0.75,0,0,-0.014928461061973647,0,0.019044318751856314,0.02,0.02,0.02,0.0,0.0,0.0,0.0,0.0073034692193172605,0.016580160787661266,0.7921225382932167,0.13333333333333333,475,1810,0.9451612903225807,0.13333333333333333,34,586,0.7351351351351352,0.13333333333333333,441,1224,0.9067909454061251,751,0.8444666001994018,1003,0.5310734463276836,531,d7da716d59d3,912d45a,False,run_experiments,1.0,0.7773619318808573,1566.458143512485,0.98,0.758317613129001,0.02
weak_drift,nominal,oracle_perfect_static,1,time_budget,6,0.04,2.1557420011116655,0.0010464997946480952,2059.954538105355,5401.0,440,439,433,210.19881360986352,2027.758896366385,0.9843707027784303,5338.0,0.9883354934271431,0.01366742596810934,0,71,6,6,0,0,65,0,0,1.0,0,0,-0.021281154260668678,0,0.03729520775134669,0.04,0.04,0.04,0.0,0.0,0.0,0.0,0.006897963990406362,0.015676153067154582,0.9112402324183531,0.38,443,4548,0.9791827293754819,0.26,27,1270,0.887384948565241,0.38,416,3278,0.9575208913649025,1436,0.9354838709677419,2263,0.8173374613003096,1292,d0b4eca48836,912d45a,False,run_experiments,1.0,0.7556181755934861,1657.9034920302747,0.96,0.7183229678421394,0.04
weak_drift,nominal,oracle_perfect_static,2,time_budget,6,0.04,1.6670376299072118,0.0006848284039317597,2434.241366649455,5401.0,397,396,390,160.21418637577622,2363.239177777039,0.9708319027664274,5297.0,0.9807443066098871,0.015151515151515152,0,68,6,6,0,0,62,0,0,1.0,0,0,-0.03305596977287508,0,0.0371693874920763,0.04,0.04,0.04,0.0,0.0,0.0,0.0,0.006811732172039565,0.01645938090169435,0.8715037385765716,0.4066666666666667,464,3147,0.978310502283105,0.25333333333333335,19,857,0.8372943327239488,0.4066666666666667,445,2290,0.9431714023831348,1091,0.896358543417367,1428,0.7673992673992674,1092,1c41aac6ef1a,912d45a,False,run_experiments,1.0,0.7697590466894539,1666.943104891656,0.96,0.7325896591973776,0.04
weak_drift,nominal,oracle_current_physics,0,done,150,1.0,52.872430006813836,0.03375285207956942,1566.458143512485,2474.0,174,172,27,17.236336707636262,132.53692171704427,0.08460929662624458,320.0,0.1293451899757478,0.8430232558139535,0,1618,196,150,46,46,1372,50,0,0.7653061224489796,0,0,-0.08444473683748262,1,0.7773619318808573,0.5533333333333333,0.9933333333333333,0.9933333333333333,0.0,0.0,0.0,0.0,0.011893488686099307,0.05944319594726,0.9627898615854754,1.0,207,5356,0.9910625620655412,1.0,18,1996,0.9467455621301775,0.9933333333333333,189,3360,0.9900515843773029,2714,0.9614181438998958,1918,0.8861439312567132,931,e4f943fb8af3,912d45a,False,run_experiments,1.0,0.7773619318808573,1566.458143512485,0.0,0.0,1.0
weak_drift,nominal,oracle_current_physics,1,done,150,1.0,50.8182193007545,0.030652097389892292,1657.9034920302747,2572.0,169,167,20,12.063428357646998,187.5254875666967,0.11311001422468343,348.0,0.13530326594090203,0.8802395209580839,0,1707,205,150,55,55,1435,67,0,0.7317073170731707,0,0,-0.06383426897516634,1,0.7556181755934861,0.52,0.9933333333333333,0.9933333333333333,0.0,0.0,0.0,0.0,0.012238185807222602,0.05755862586834008,0.960546282245827,1.0,208,5064,0.99145755472504,1.0,16,1857,0.9435127978817299,1.0,192,3207,0.9878326996197718,2630,0.9627039627039627,1716,0.8790496760259179,926,de7fc0eb3007,912d45a,False,run_experiments,1.0,0.7556181755934861,1657.9034920302747,0.0,0.0,1.0
weak_drift,nominal,oracle_current_physics,2,done,150,1.0,53.55858487963708,0.03212982178124079,1666.943104891656,2588.0,176,174,29,17.397114463534656,222.47482943783928,0.13346276113742897,418.0,0.1615146831530139,0.8333333333333334,0,1596,193,150,43,43,1351,52,0,0.7772020725388601,0,0,-0.0680166292061175,1,0.7697590466894539,0.52,0.9933333333333333,0.9933333333333333,0.0,0.0,0.0,0.0,0.011916959154142672,0.050929312849524656,0.9603418803418804,1.0,232,5618,0.9938650306748467,1.0,12,1944,0.943502824858757,1.0,220,3674,0.9882442169131589,2637,0.9580520732883318,2074,0.8999122036874452,1139,26690b9e6074,912d45a,False,run_experiments,1.0,0.7697590466894539,1666.943104891656,0.0,0.0,1.0
weak_drift,nominal,oracle_route_heuristic,0,done,150,1.0,52.872430006813836,0.01703200602989304,3104.29845515654,4966.0,338,336,195,62.816125065579996,2127.765001536873,0.6854253971625859,3532.0,0.7112364075714861,0.41964285714285715,0,2102,201,150,51,51,1468,433,0,0.746268656716418,0,0,-0.03799023100928105,1,0.5333188438788918,0.16666666666666666,0.52,0.9733333333333334,0.0,0.0,0.0,0.0,0.013877603581615699,0.06557401785546975,0.962966383450314,1.0,401,10427,0.9957756395212392,1.0,18,4243,0.9416780874067306,1.0,383,6184,0.9924255465656739,5809,0.9607613469985359,3415,0.8609725685785536,1604,0f1582407a4d,912d45a,False,run_experiments,1.0,0.7773619318808573,1566.458143512485,0.0,0.2440430880019655,1.0
weak_drift,nominal,oracle_route_heuristic,1,done,150,1.0,50.8182193007545,0.01634405240706712,3109.2790230396504,5345.0,379,377,237,76.22345831423881,2048.451634061794,0.6588188512136858,3761.0,0.7036482694106642,0.3713527851458886,0,2168,217,150,67,67,1573,378,0,0.6912442396313364,0,0,-0.04761889330667176,1,0.47617032507513424,0.19333333333333333,0.4866666666666667,0.9933333333333333,0.0,0.0,0.0,0.0,0.01833507894712754,0.07427977438155978,0.9670684459750323,1.0,459,13479,0.9957644211375555,1.0,21,4937,0.9512249443207127,1.0,438,8542,0.9907517899761337,6704,0.9643153526970955,4820,0.9067937033968517,2414,76e099058083,912d45a,False,run_experiments,1.0,0.7556181755934861,1657.9034920302747,0.0,0.27944785051835186,1.0
weak_drift,nominal,oracle_route_heuristic,2,time_budget,147,0.98,52.67016502949405,0.017657550414795137,2982.8692990938366,5401.0,397,395,255,85.48815735153606,1821.7409419462124,0.61073441685817,3679.0,0.6811701536752454,0.35443037974683544,0,1779,203,147,56,56,1478,98,0,0.7241379310344828,0,0,-0.13642538295786139,1,0.5369986654110378,0.32666666666666666,0.5133333333333333,0.98,0.0,0.0,0.0,0.0,0.016993610124414218,0.0783590389132499,0.9680406007818394,1.0,466,14115,0.9948772678762007,1.0,24,4661,0.9553354890864996,1.0,442,9454,0.9906381650803557,6409,0.9673788630293781,5242,0.9197952218430034,2930,2ce12f7c60ab,912d45a,False,run_experiments,1.0,0.7697590466894539,1666.943104891656,0.020000000000000018,0.23276038127841614,0.98
strong_drift,nominal,coverage,0,path_budget,0,0.0,0.0,0.0,3600.25,3658.0,27,26,26,7.221720713839317,3563.25,0.9897229359072287,3618.0,0.9890650628758885,0.0,0,0,0,0,0,0,0,0,0,0.0,0,0,-0.06601065818819146,0,0.0,0.0,0.0,0.0,0.5454545454545454,0.18181818181818182,0.2727272727272727,0.15789473684210525,0.0069137574376449094,0.04485141748675607,0.9380141572603788,1.0,324,4903,0.9882271468144044,0.9466666666666667,17,1427,0.9188474755485064,1.0,307,3476,0.9724535554131967,1561,0.9555837563451777,2364,0.8648233486943164,1302,287079ee8715,912d45a,False,run_experiments,1.0,0.8134064731822331,1040.361233357209,1.0,0.8134064731822331,0.0
strong_drift,nominal,coverage,1,path_budget,0,0.0,0.0,0.0,3600.25,3658.0,27,26,26,7.221720713839317,3563.25,0.9897229359072287,3618.0,0.9890650628758885,0.0,0,36,0,0,0,0,36,0,0,0.0,0,0,-0.08318885860774486,0,0.0,0.0,0.0,0.0,0.5806451612903226,0.24,0.339622641509434,0.20454545454545456,0.00737142113681641,0.045732806423879904,0.9544519541580958,1.0,310,6496,0.9920199501246882,0.9866666666666667,16,1989,0.9387627577588002,1.0,294,4507,0.9779832672831352,2271,0.9666115702479339,3025,0.8947019867549669,1510,e21fadee2cbb,912d45a,False,run_experiments,1.0,0.7852654231942037,1367.5697006184548,1.0,0.7852654231942037,0.0
strong_drift,nominal,coverage,2,path_budget,0,0.0,0.0,0.0,3600.25,3658.0,27,26,26,7.221720713839317,3563.25,0.9897229359072287,3618.0,0.9890650628758885,0.0,0,47,0,0,0,0,47,0,0,0.0,0,0,-0.07472824966657853,0,0.0,0.0,0.0,0.0,0.4,0.08571428571428572,0.1411764705882353,0.0759493670886076,0.008150162735536039,0.04699756394087371,0.9582836710369488,1.0,280,6432,0.9938962360122076,0.9733333333333334,12,1954,0.9435313948588285,1.0,268,4478,0.9890310786106032,2188,0.9608302644794108,2987,0.9095640858815875,1537,e83c459952a4,912d45a,False,run_experiments,1.0,0.8009573180261168,1214.633207857386,1.0,0.8009573180261168,0.0
strong_drift,nominal,lawnmower_survey,0,path_budget,0,0.0,0.0,0.0,3600.25,3658.0,27,26,26,7.221720713839317,3563.25,0.9897229359072287,3618.0,0.9890650628758885,0.0,0,0,0,0,0,0,0,0,0,0.0,0,0,-0.06601065818819146,0,0.0,0.0,0.0,0.0,0.5454545454545454,0.18181818181818182,0.2727272727272727,0.15789473684210525,0.0069137574376449094,0.04485141748675607,0.9380141572603788,1.0,324,4903,0.9882271468144044,0.9466666666666667,17,1427,0.9188474755485064,1.0,307,3476,0.9724535554131967,1561,0.9555837563451777,2364,0.8648233486943164,1302,15185aad3e9a,912d45a,False,run_experiments,1.0,0.8134064731822331,1040.361233357209,1.0,0.8134064731822331,0.0
strong_drift,nominal,lawnmower_survey,1,path_budget,0,0.0,0.0,0.0,3600.25,3658.0,27,26,26,7.221720713839317,3563.25,0.9897229359072287,3618.0,0.9890650628758885,0.0,0,36,0,0,0,0,36,0,0,0.0,0,0,-0.08318885860774486,0,0.0,0.0,0.0,0.0,0.5806451612903226,0.24,0.339622641509434,0.20454545454545456,0.00737142113681641,0.045732806423879904,0.9544519541580958,1.0,310,6496,0.9920199501246882,0.9866666666666667,16,1989,0.9387627577588002,1.0,294,4507,0.9779832672831352,2271,0.9666115702479339,3025,0.8947019867549669,1510,a27356e0fa0e,912d45a,False,run_experiments,1.0,0.7852654231942037,1367.5697006184548,1.0,0.7852654231942037,0.0
strong_drift,nominal,lawnmower_survey,2,path_budget,0,0.0,0.0,0.0,3600.25,3658.0,27,26,26,7.221720713839317,3563.25,0.9897229359072287,3618.0,0.9890650628758885,0.0,0,47,0,0,0,0,47,0,0,0.0,0,0,-0.07472824966657853,0,0.0,0.0,0.0,0.0,0.4,0.08571428571428572,0.1411764705882353,0.0759493670886076,0.008150162735536039,0.04699756394087371,0.9582836710369488,1.0,280,6432,0.9938962360122076,0.9733333333333334,12,1954,0.9435313948588285,1.0,268,4478,0.9890310786106032,2188,0.9608302644794108,2987,0.9095640858815875,1537,ddea06de7879,912d45a,False,run_experiments,1.0,0.8009573180261168,1214.633207857386,1.0,0.8009573180261168,0.0
strong_drift,nominal,lawnmower_collect,0,time_budget,0,0.0,0.0,0.0,3194.7000000012067,5401.0,34,33,33,10.329608413931679,3095.2500000011464,0.9688703164616325,5233.0,0.9688946491390483,0.0,0,0,0,0,0,0,0,0,0,0.0,0,0,-0.027128180371694063,0,0.0,0.0,0.0,0.0,0.0,0.0,0.0,0.0,0.007085090045443853,0.019889027269264746,0.8116591928251121,0.34,462,1991,0.9336734693877551,0.14666666666666667,26,366,0.7884522076661815,0.34,436,1625,0.8850855745721271,409,0.8354679802955665,1015,0.7589893100097181,1029,e33ec238492e,912d45a,False,run_experiments,1.0,0.8134064731822331,1040.361233357209,1.0,0.8134064731822331,0.0
strong_drift,nominal,lawnmower_collect,1,time_budget,0,0.0,0.0,0.0,3194.7000000012067,5401.0,34,33,33,10.329608413931679,3095.2500000011464,0.9688703164616325,5233.0,0.9688946491390483,0.0,0,3,0,0,0,0,3,0,0,0.0,0,0,0.0004905924778007484,0,0.0,0.0,0.0,0.0,0.0,0.0,0.0,0.0,0.007758199270974786,0.021772304458996826,0.9225169006760271,0.5666666666666667,447,5322,0.9816715542521994,0.3933333333333333,25,1339,0.904199772985244,0.5666666666666667,422,3983,0.9625706214689266,1416,0.9394778481012658,2528,0.8679452054794521,1825,e2765ee66074,912d45a,False,run_experiments,1.0,0.7852654231942037,1367.5697006184548,1.0,0.7852654231942037,0.0
strong_drift,nominal,lawnmower_collect,2,time_budget,0,0.0,0.0,0.0,3194.7000000012067,5401.0,34,33,33,10.329608413931679,3095.2500000011464,0.9688703164616325,5233.0,0.9688946491390483,0.0,0,10,0,0,0,0,10,0,0,0.0,0,0,-0.007687529476554808,0,0.0,0.0,0.0,0.0,0.0,0.0,0.0,0.0,0.0061965259883475085,0.022485776179156772,0.914039039039039,0.5933333333333334,458,4870,0.9721518987341772,0.32,33,1152,0.8974173304368814,0.5933333333333334,425,3718,0.9562398703403565,1234,0.935609334485739,2314,0.8567415730337079,1780,721a60ff6919,912d45a,False,run_experiments,1.0,0.8009573180261168,1214.633207857386,1.0,0.8009573180261168,0.0
strong_drift,nominal,greedy,0,path_budget,21,0.14,8.436951255195867,0.002343569759756672,3600.0427211826877,5012.0,175,174,153,42.4994956586894,3360.5411021317464,0.9334725619666369,4669.0,0.9315642458100558,0.1206896551724138,0,512,30,21,9,9,358,124,0,0.7,0,0,0.023540313523333117,0,0.10388046810218952,0.1,0.1,0.14,0.0,0.0,0.0,0.0,0.006855536188215962,0.01936546682014,0.9048997772828508,0.6933333333333334,427,4063,0.984251968503937,0.6,24,1500,0.8641267700606878,0.6933333333333334,403,2563,0.9663386846193682,1931,0.9087656529516994,1677,0.7630385487528345,882,d3360c4e75de,912d45a,False,run_experiments,1.0,0.8134064731822331,1040.361233357209,0.86,0.7095260050800436,0.14
strong_drift,nominal,greedy,1,path_budget,9,0.06,3.2534368858930276,0.000903695005138927,3600.1492399450294,4787.0,144,143,135,37.49844548168267,3500.7930328828215,0.9724021976756372,4655.0,0.9724253185711301,0.055944055944055944,0,255,10,9,1,1,177,68,0,0.9,0,0,0.019991219783098015,0,0.013535655962433259,0.0,0.0,0.06,0.0,0.0,0.0,0.0,0.007714620029033041,0.02093919387710061,0.7933597621407334,0.56,417,1601,0.9634641407307172,0.44666666666666666,27,712,0.6950742767787333,0.56,390,889,0.9439071566731141,1034,0.7285223367697594,582,0.5,402,bdade7ffcd23,912d45a,False,run_experiments,1.0,0.7852654231942037,1367.5697006184548,0.94,0.7717297672317704,0.06
strong_drift,nominal,greedy,2,path_budget,24,0.16,9.548764694701447,0.0026522905176950126,3600.1956162026518,4696.0,144,143,121,33.60928485536743,3488.695616202594,0.96902946064979,4505.0,0.9593270868824532,0.15384615384615385,0,808,35,24,11,11,539,234,0,0.6857142857142857,0,0,0.05711800512752105,0,0.08149010920928379,0.0,0.15333333333333332,0.15333333333333332,0.0,0.0,0.0,0.0,0.006936815620292553,0.023209789010820492,0.9177652228499686,1.0,393,4386,0.9909774436090225,1.0,18,1977,0.865301724137931,1.0,375,2409,0.9827650805545148,2669,0.8925438596491229,1368,0.7304582210242587,742,dd83311231fe,912d45a,False,run_experiments,1.0,0.8009573180261168,1214.633207857386,0.84,0.719467208816833,0.16
strong_drift,nominal,active,0,path_budget,5,0.03333333333333333,1.3973173871709652,0.0003881422802560899,3600.0133411104766,5064.0,150,149,145,40.27762851436341,3507.813341110479,0.9743889837998331,4938.0,0.9751184834123223,0.026845637583892617,0,113,9,5,4,4,104,0,0,0.5555555555555556,0,0,0.021013411245452918,0,0.0277088812848796,0.03333333333333333,0.03333333333333333,0.03333333333333333,0.0,0.0,0.0,0.0,0.006996366476741556,0.01584574174298346,0.9220023282887078,0.5466666666666666,402,4752,0.9780469341408025,0.46,29,1292,0.9026871901904513,0.5466666666666666,373,3460,0.9654471544715447,1476,0.9413667610190053,2473,0.829045643153527,1205,9e09dd0567e2,912d45a,False,run_experiments,1.0,0.8134064731822331,1040.361233357209,0.9666666666666667,0.7856975918973536,0.03333333333333333
strong_drift,nominal,active,1,path_budget,5,0.03333333333333333,1.6539117839242152,0.00045940888096990707,3600.0866601282623,4798.0,125,124,120,33.33253094405363,3460.9866601282624,0.9613620412140178,4626.0,0.9641517298874531,0.03225806451612903,0,63,5,5,0,0,58,0,0,1.0,0,0,-0.007916039950023022,0,0.03110254757648033,0.03333333333333333,0.03333333333333333,0.03333333333333333,0.0,0.0,0.0,0.0,0.0071728916482821006,0.020896953100439115,0.9172470299057763,0.8733333333333333,404,4478,0.9724137931034482,0.54,28,987,0.9027670028445823,0.8733333333333333,376,3491,0.9570175438596491,1140,0.9423240033927057,2358,0.8417630057803468,1384,eea2785fb185,912d45a,False,run_experiments,1.0,0.7852654231942037,1367.5697006184548,0.9666666666666667,0.7541628756177233,0.03333333333333333
strong_drift,nominal,active,2,path_budget,3,0.02,0.8993554219927651,0.0002498083998947201,3600.180868104482,4928.0,139,138,135,37.49811605189668,3540.530868104484,0.9834313879815143,4845.0,0.9831574675324676,0.021739130434782608,0,57,4,3,1,1,53,0,0,0.75,0,0,-0.004344279810618332,0,0.018105478081084685,0.02,0.02,0.02,0.0,0.0,0.0,0.0,0.006773431164919489,0.01653327147447385,0.9362542646794757,0.9866666666666667,355,5214,0.9862258953168044,0.5133333333333333,15,1074,0.9241071428571429,0.9866666666666667,340,4140,0.9666666666666667,1170,0.9616306954436451,2919,0.8621621621621621,1480,e05405af9425,912d45a,False,run_experiments,1.0,0.8009573180261168,1214.633207857386,0.98,0.7828518399450322,0.02
strong_drift,nominal,belief_horizon,0,time_budget,141,0.94,49.75914393135689,0.015569783976971643,3195.878889838981,5401.0,243,115,67,20.964499065662555,1528.7878357271711,0.4783622560253516,2413.0,0.44676911683021664,0.41739130434782606,0,2408,193,141,52,52,1374,841,0,0.7305699481865285,0,0,0.04679284309139449,1,0.547094177216796,0.32,0.5466666666666666,0.9333333333333333,0.0,0.0,0.0,0.0,0.004092930198637631,0.024612531086780288,0.9584480156263873,1.0,468,10795,0.9942315615986815,1.0,28,4826,0.9313465439226088,1.0,440,5969,0.9902439024390244,6560,0.9478939157566303,3205,0.8417890520694259,1498,a3f515c438b9,912d45a,False,run_experiments,1.0,0.8134064731822331,1040.361233357209,0.06000000000000005,0.26631229596543715,0.94
strong_drift,nominal,belief_horizon,1,time_budget,70,0.4666666666666667,23.78665640837691,0.007484000124549342,3178.334582110827,5401.0,236,123,99,31.148388390957614,2506.827108368007,0.7887234787922007,3728.0,0.6902425476763562,0.1951219512195122,0,922,91,70,21,21,693,138,0,0.7692307692307693,0,0,-0.01429718964683856,0,0.37592754288825103,0.3466666666666667,0.4666666666666667,0.4666666666666667,0.0,0.0,0.0,0.0,0.004111974025646259,0.010852602099639124,0.9271685761047463,0.7733333333333333,445,5665,0.9892134831460674,0.5733333333333334,24,2201,0.8916344916344916,0.7733333333333333,421,3464,0.9784268171257883,3013,0.921793534932221,1918,0.804919423240034,1179,87396cb22f0c,912d45a,False,run_experiments,1.0,0.7852654231942037,1367.5697006184548,0.5333333333333333,0.40933788030595264,0.4666666666666667
strong_drift,nominal,belief_horizon,2,time_budget,139,0.9266666666666666,49.744206850128776,0.017456666667476903,2849.5822139289635,5401.0,299,96,53,18.599217717226118,1131.7297221156614,0.397156367899717,1711.0,0.31679318644695426,0.4479166666666667,0,2155,182,139,43,43,1315,658,0,0.7637362637362637,0,0,-0.014691196400314202,1,0.5431713237441619,0.28,0.5733333333333334,0.9266666666666666,0.0,0.0,0.0,0.0,0.002445918694592373,0.027313765100282,0.9681352382377141,1.0,426,12943,0.9960745829244357,1.0,20,5075,0.9509306260575296,1.0,406,7868,0.9923469387755102,6664,0.9671516754850088,4536,0.8958045182111573,2169,efdde44fd64e,912d45a,False,run_experiments,1.0,0.8009573180261168,1214.633207857386,0.07333333333333336,0.2577859942819549,0.9266666666666666
strong_drift,nominal,belief_horizon_provisional,0,time_budget,120,0.8,42.136913388799925,0.012784009053115676,3296.0641074116306,5401.0,249,119,79,23.967980423183572,2016.009725355324,0.6116415396235961,2830.0,0.5239770412886503,0.33613445378151263,0,2450,167,120,47,47,1265,1018,0,0.718562874251497,0,0,-0.03974512355954061,1,0.39677560396979633,0.38,0.38,0.5533333333333333,0.008802816901408451,0.35714285714285715,0.01718213058419244,0.008665511265164644,0.043876342036288214,0.13752181850250303,0.9551024225984472,1.0,480,10211,0.9936522330537293,0.9933333333333333,28,4383,0.9280254777070064,1.0,452,5828,0.9915619080420183,5807,0.9548519495749047,3411,0.811948404616429,1473,7729f5bff271,912d45a,False,run_experiments,1.0,0.8134064731822331,1040.361233357209,0.19999999999999996,0.4166308692124368,0.8
strong_drift,nominal,belief_horizon_provisional,1,time_budget,113,0.7533333333333333,38.280551751161155,0.012300771822456681,3112.044699607789,5401.0,257,110,76,24.42124305270367,1805.022965605839,0.5800119020891076,2661.0,0.4926865395297167,0.3090909090909091,0,1802,157,113,44,44,1172,473,0,0.7197452229299363,0,0,-0.01730397328232565,1,0.5921457349834871,0.56,0.7533333333333333,0.7533333333333333,0.0,0.0,0.0,0.0,0.002740667608213519,0.009392100977610918,0.9597945448104853,0.9266666666666666,454,10838,0.9963915200721696,0.8666666666666667,16,4418,0.9361329833770778,0.9266666666666666,438,6420,0.9885608856088561,5420,0.96250616674889,4054,0.8679867986798679,1818,0338db9a3720,912d45a,False,run_experiments,1.0,0.7852654231942037,1367.5697006184548,0.2466666666666667,0.19311968821071657,0.7533333333333333
strong_drift,nominal,belief_horizon_provisional,2,time_budget,141,0.94,50.12728763145381,0.017075664876020063,2935.597998403521,5401.0,310,122,68,23.163934584020268,1461.9727488242538,0.498015310549784,2180.0,0.40362895760044437,0.4426229508196721,0,2362,192,141,51,51,1390,780,0,0.734375,0,0,-0.07592615245856343,1,0.4425065636749441,0.32666666666666666,0.32666666666666666,0.94,0.0024509803921568627,0.1111111111111111,0.004796163069544364,0.002403846153846154,0.04075530441874337,0.13970302151374725,0.9650876653337435,1.0,454,12550,0.9949406499318934,0.9933333333333333,26,5113,0.9455816910362365,0.9933333333333333,428,7437,0.9895962732919255,6440,0.9587628865979382,4462,0.9034253092293054,2102,6b34d77d5418,912d45a,False,run_experiments,1.0,0.8009573180261168,1214.633207857386,0.06000000000000005,0.3584507543511727,0.94
strong_drift,nominal,belief_cluster_route,0,time_budget,80,0.5333333333333333,27.661747657986385,0.00779591951344149,3548.2341255951696,5401.0,182,121,99,27.901202822515003,2538.051212208723,0.7152998146036934,3585.0,0.6637659692649509,0.18181818181818182,0,1851,108,80,28,28,957,786,0,0.7407407407407407,0,0,-0.011211595591947086,1,0.33734057560143055,0.37333333333333335,0.38666666666666666,0.38666666666666666,0.0,0.0,0.0,0.0,0.037871698960505656,0.12013874124047477,0.9462028985507246,1.0,464,8161,0.9908738938053098,1.0,33,3583,0.9139548812138152,1.0,431,4578,0.9865730221028713,4841,0.9265112603713948,2531,0.8300079808459697,1253,14dee3581117,912d45a,False,run_experiments,1.0,0.8134064731822331,1040.361233357209,0.4666666666666667,0.4760658975808026,0.5333333333333333
strong_drift,nominal,belief_cluster_route,1,path_budget,112,0.7466666666666667,37.74486791043891,0.010484043127394751,3600.220587781804,5286.0,156,109,73,20.276535345568178,2043.4987032590673,0.5676037491130852,2783.0,0.5264850548618993,0.3302752293577982,0,1722,149,112,37,37,1129,444,0,0.7516778523489933,0,0,0.03361349979267096,1,0.4723513620856859,0.36,0.5466666666666666,0.7333333333333333,0.0,0.0,0.0,0.0,0.003678173253619962,0.014050646473259201,0.9546890316958937,0.96,416,8765,0.9948158253751705,0.8866666666666667,19,3646,0.928027556200145,0.96,397,5119,0.9903503251520873,4767,0.953283683141503,2954,0.8410958904109589,1460,3272cbb2ddfb,912d45a,False,run_experiments,1.0,0.7852654231942037,1367.5697006184548,0.2533333333333333,0.31291406110851777,0.7466666666666667
strong_drift,nominal,belief_cluster_route,2,time_budget,142,0.9466666666666667,50.515060071041695,0.01462291514755801,3454.513656223847,5401.0,184,103,62,17.94753362410286,1976.119914773083,0.5720399776717611,2784.0,0.5154600999814849,0.39805825242718446,0,2427,183,142,41,41,1356,888,0,0.7759562841530054,0,0,0.02941052952093745,1,0.5110273272770174,0.31333333333333335,0.54,0.9466666666666667,0.0,0.0,0.0,0.0,0.0012597119174276976,0.017539382330900678,0.9646135870472375,1.0,424,11558,0.9943392118441106,1.0,26,4567,0.9461361483285966,1.0,398,6991,0.9906621392190152,5890,0.9620377173646828,4083,0.8934793429566948,2009,33e4bc0704b8,912d45a,False,run_experiments,1.0,0.8009573180261168,1214.633207857386,0.053333333333333344,0.2899299907490994,0.9466666666666667
strong_drift,nominal,belief_orienteering,0,time_budget,82,0.5466666666666666,27.43049219504334,0.007993403052688829,3431.6413190019543,5401.0,209,130,108,31.471820613061716,2574.5921603901334,0.7502509502184564,3828.0,0.7087576374745418,0.16923076923076924,0,1667,121,82,39,39,1014,532,0,0.6776859504132231,0,0,-0.011888806943385535,1,0.31901369899269816,0.32,0.32666666666666666,0.46,0.0,0.0,0.0,0.0,0.03660012372485999,0.11279639984441085,0.9449133211678832,1.0,483,8285,0.9886332131965623,1.0,41,3566,0.9143576826196473,1.0,442,4719,0.9890563700185835,4843,0.9248598130841121,2675,0.8168,1250,da685572f748,912d45a,False,run_experiments,1.0,0.8134064731822331,1040.361233357209,0.45333333333333337,0.494392774189535,0.5466666666666666
strong_drift,nominal,belief_orienteering,1,time_budget,73,0.4866666666666667,24.371224831523232,0.00817438756120272,2981.4129375506914,5401.0,245,82,56,18.783040515684306,1871.3923161585926,0.6276863874133418,2783.0,0.515274949083503,0.3170731707317073,0,972,94,73,21,21,712,166,0,0.776595744680851,0,0,-0.011460235922058363,0,0.38691147922139324,0.3466666666666667,0.4866666666666667,0.4866666666666667,0.0,0.0,0.0,0.0,0.004200427011013042,0.010518395897539065,0.9305645684620376,0.7733333333333333,428,5736,0.9895424836601308,0.5733333333333334,24,2271,0.8955802532954251,0.7733333333333333,404,3465,0.983409238776838,3074,0.9239979177511712,1921,0.8023952095808383,1169,cb122504c51f,912d45a,False,run_experiments,1.0,0.7852654231942037,1367.5697006184548,0.5133333333333333,0.39835394397281043,0.4866666666666667
strong_drift,nominal,belief_orienteering,2,time_budget,148,0.9866666666666667,52.781036366474524,0.01912190585624978,2760.2393173180294,5401.0,312,78,36,13.042347369712562,974.615492651383,0.35309093908507994,1419.0,0.26272912423625255,0.5384615384615384,0,2320,197,148,49,49,1388,735,0,0.751269035532995,0,0,-0.04709448565287282,1,0.6535478214753985,0.34925195607470527,0.9866666666666667,0.9866666666666667,0.0,0.0,0.0,0.0,0.0007060630383411722,0.018114794109670276,0.9712560883583727,1.0,419,14158,0.9964979863421467,1.0,20,5691,0.9549966162869389,1.0,399,8467,0.9941916747337851,7231,0.9717391304347827,5060,0.8976377952755905,2286,08c76a59d62f,912d45a,False,run_experiments,1.0,0.8009573180261168,1214.633207857386,0.013333333333333308,0.14740949655071833,0.9866666666666667
strong_drift,nominal,belief_orienteering_provisional,0,time_budget,60,0.4,19.951836290817127,0.006380103191935489,3127.1964873603356,5401.0,238,104,81,25.901794251621215,2285.4829600988764,0.7308408567662632,3226.0,0.5972967968894649,0.22115384615384615,0,804,81,60,21,21,572,151,0,0.7407407407407407,0,0,-0.013561349997219956,0,0.3316886725115814,0.38,0.38,0.4,0.0,0.0,0.0,0.0,0.0037418297989999134,0.012414320192836297,0.9152804642166344,0.49333333333333335,438,4732,0.9892197125256673,0.41333333333333333,21,1927,0.8705772811918063,0.49333333333333335,417,2805,0.9838771593090211,2605,0.9178486997635934,1692,0.7056128293241696,873,57cbafe16790,912d45a,False,run_experiments,1.0,0.8134064731822331,1040.361233357209,0.6,0.48171780067065173,0.4
strong_drift,nominal,belief_orienteering_provisional,1,time_budget,118,0.7866666666666666,39.27108691128576,0.012434232308588812,3158.304102470377,5401.0,234,112,69,21.847167898122684,1907.2758951141082,0.6038924160666689,2866.0,0.530642473615997,0.38392857142857145,0,1959,159,118,41,41,1182,618,0,0.7421383647798742,0,0,-0.0055200380256875126,1,0.6135372758247962,0.5466666666666666,0.7866666666666666,0.7866666666666666,0.0,0.0,0.0,0.0,0.0022222190574014257,0.007584277182294831,0.954983603299215,0.9266666666666666,453,9610,0.9966126300508106,0.8666666666666667,14,4119,0.9259696458684654,0.9266666666666666,439,5491,0.9902392344497608,5225,0.9561561561561561,3330,0.830238726790451,1508,73f2f0cf3888,912d45a,False,run_experiments,1.0,0.7852654231942037,1367.5697006184548,0.21333333333333337,0.17172814736940745,0.7866666666666666
strong_drift,nominal,belief_orienteering_provisional,2,time_budget,142,0.9466666666666667,49.53633790510004,0.018581322389229285,2665.9210182916754,5401.0,322,82,35,13.12867101457793,951.7557790330504,0.35700824311852136,1349.0,0.24976856137752268,0.573170731707317,0,2272,182,142,40,40,1305,785,0,0.7802197802197802,0,0,-0.08895353777830227,1,0.6543376154578989,0.5266666666666666,0.9466666666666667,0.9466666666666667,0.0,0.0,0.0,0.0,0.0011961108235754455,0.018480138179248894,0.9662431396135629,1.0,449,12852,0.9958174904942966,1.0,22,5238,0.9468971520955105,0.9933333333333333,427,7614,0.9904478546821172,6386,0.9713940370668815,4964,0.8739108149666838,1951,0f5c9ca80b9e,912d45a,False,run_experiments,1.0,0.8009573180261168,1214.633207857386,0.053333333333333344,0.14661970256821788,0.9466666666666667
strong_drift,nominal,belief_orienteering_depth1,0,time_budget,111,0.74,39.21415604729617,0.012497672028391013,3137.716845042278,5401.0,236,107,66,21.034402802879658,1572.1725755408486,0.5010562307510145,2448.0,0.45324939825958155,0.38317757009345793,0,2244,140,111,29,29,1171,933,0,0.7928571428571428,0,0,-0.05799954100187696,1,0.403171011966142,0.37333333333333335,0.38666666666666666,0.7066666666666667,0.006666666666666667,0.10526315789473684,0.012539184952978058,0.006309148264984227,0.02752444306013093,0.10294139888361545,0.953586913677572,1.0,471,9677,0.9935929029078364,1.0,26,4032,0.9269293924466339,1.0,445,5645,0.9915572232645403,5330,0.9477064220183486,3270,0.8352713178294574,1548,8546c0d84b60,912d45a,False,run_experiments,1.0,0.8134064731822331,1040.361233357209,0.26,0.4102354612160911,0.74
strong_drift,nominal,belief_orienteering_depth1,1,time_budget,120,0.8,40.15084364820014,0.013126462271260972,3058.771115817416,5401.0,232,102,63,20.596506771695495,1678.3713745211119,0.5487077362022851,2612.0,0.4836141455286058,0.38235294117647056,0,1735,152,120,32,32,1107,476,0,0.7894736842105263,0,0,-0.012001228725668334,1,0.6177430667627798,0.56,0.8,0.8,0.0,0.0,0.0,0.0,0.0022169403793152287,0.007051050934713702,0.9524607329842932,0.9266666666666666,454,9096,0.9951219512195122,0.8733333333333333,19,3876,0.9230769230769231,0.9266666666666666,435,5220,0.98921294446664,5006,0.9477102955505035,3079,0.8368600682593856,1465,3907edf986ec,912d45a,False,run_experiments,1.0,0.7852654231942037,1367.5697006184548,0.19999999999999996,0.16752235643142388,0.8
strong_drift,nominal,belief_orienteering_depth1,2,time_budget,130,0.8666666666666667,45.89431070918203,0.014569512412484236,3150.023790079371,5401.0,199,88,55,17.46018559390441,1572.8540821384895,0.4993149852048763,2553.0,0.47269024254767633,0.375,0,2529,185,130,55,55,1362,982,0,0.7027027027027027,0,0,0.017389001236422612,1,0.5906955765765102,0.36,0.8533333333333334,0.86,0.0,0.0,0.0,0.0,0.001989966437079637,0.008471370067905824,0.9637297981678707,1.0,487,12940,0.9940749235474006,0.9866666666666667,31,5201,0.9443563148261135,1.0,456,7739,0.9904250689104889,6893,0.9603084599682468,4409,0.884235294117647,2125,06f8aa27448d,912d45a,False,run_experiments,1.0,0.8009573180261168,1214.633207857386,0.1333333333333333,0.21026174144960663,0.8666666666666667
strong_drift,nominal,belief_orienteering_no_opportunity_cost,0,time_budget,129,0.86,45.60542895955554,0.013487865943967408,3381.219026717348,5401.0,209,128,92,27.20912170227496,2302.2052332514795,0.6808802432081936,3428.0,0.6346972782817997,0.28125,0,2357,175,129,46,46,1305,877,0,0.7371428571428571,0,0,-0.017826693608721602,1,0.3552288726112677,0.32,0.32,0.5,0.0,0.0,0.0,0.0,0.043305953101730216,0.14511678095992012,0.9598543468365953,1.0,441,10544,0.9928940568475452,1.0,33,4611,0.935656836461126,1.0,408,5933,0.9905053105889926,6214,0.9472414832680133,3317,0.8576341127922971,1454,9e7d0d0938f5,912d45a,False,run_experiments,1.0,0.8134064731822331,1040.361233357209,0.14,0.45817760057096546,0.86
strong_drift,nominal,belief_orienteering_no_opportunity_cost,1,time_budget,73,0.4866666666666667,24.371224831523232,0.00817438756120272,2981.4129375506914,5401.0,245,82,56,18.783040515684306,1871.3923161585926,0.6276863874133418,2783.0,0.515274949083503,0.3170731707317073,0,972,94,73,21,21,712,166,0,0.776595744680851,0,0,-0.011460235922058363,0,0.38691147922139324,0.3466666666666667,0.4866666666666667,0.4866666666666667,0.0,0.0,0.0,0.0,0.004200427011013042,0.010518395897539065,0.9305645684620376,0.7733333333333333,428,5736,0.9895424836601308,0.5733333333333334,24,2271,0.8955802532954251,0.7733333333333333,404,3465,0.983409238776838,3074,0.9239979177511712,1921,0.8023952095808383,1169,1a0d6d507265,912d45a,False,run_experiments,1.0,0.7852654231942037,1367.5697006184548,0.5133333333333333,0.39835394397281043,0.4866666666666667
strong_drift,nominal,belief_orienteering_no_opportunity_cost,2,time_budget,148,0.9866666666666667,52.781036366474524,0.01912190585624978,2760.2393173180294,5401.0,312,78,36,13.042347369712562,974.615492651383,0.35309093908507994,1419.0,0.26272912423625255,0.5384615384615384,0,2320,197,148,49,49,1388,735,0,0.751269035532995,0,0,-0.04709448565287282,1,0.6535478214753985,0.34925195607470527,0.9866666666666667,0.9866666666666667,0.0,0.0,0.0,0.0,0.0007060630383411722,0.018114794109670276,0.9712560883583727,1.0,419,14158,0.9964979863421467,1.0,20,5691,0.9549966162869389,1.0,399,8467,0.9941916747337851,7231,0.9717391304347827,5060,0.8976377952755905,2286,d6416b42c6e4,912d45a,False,run_experiments,1.0,0.8009573180261168,1214.633207857386,0.013333333333333308,0.14740949655071833,0.9866666666666667
strong_drift,nominal,belief_orienteering_density_disabled,0,time_budget,141,0.94,49.75914393135689,0.015569783976971643,3195.878889838981,5401.0,243,115,67,20.964499065662555,1528.7878357271711,0.4783622560253516,2413.0,0.44676911683021664,0.41739130434782606,0,2408,193,141,52,52,1374,841,0,0.7305699481865285,0,0,0.04679284309139449,1,0.547094177216796,0.32,0.5466666666666666,0.9333333333333333,0.0,0.0,0.0,0.0,0.004092930198637631,0.024612531086780288,0.9584480156263873,1.0,468,10795,0.9942315615986815,1.0,28,4826,0.9313465439226088,1.0,440,5969,0.9902439024390244,6560,0.9478939157566303,3205,0.8417890520694259,1498,f8033c53781e,912d45a,False,run_experiments,1.0,0.8134064731822331,1040.361233357209,0.06000000000000005,0.26631229596543715,0.94
strong_drift,nominal,belief_orienteering_density_disabled,1,time_budget,70,0.4666666666666667,23.78665640837691,0.007484000124549342,3178.334582110827,5401.0,236,123,99,31.148388390957614,2506.827108368007,0.7887234787922007,3728.0,0.6902425476763562,0.1951219512195122,0,922,91,70,21,21,693,138,0,0.7692307692307693,0,0,-0.01429718964683856,0,0.37592754288825103,0.3466666666666667,0.4666666666666667,0.4666666666666667,0.0,0.0,0.0,0.0,0.004111974025646259,0.010852602099639124,0.9271685761047463,0.7733333333333333,445,5665,0.9892134831460674,0.5733333333333334,24,2201,0.8916344916344916,0.7733333333333333,421,3464,0.9784268171257883,3013,0.921793534932221,1918,0.804919423240034,1179,88014d6df626,912d45a,False,run_experiments,1.0,0.7852654231942037,1367.5697006184548,0.5333333333333333,0.40933788030595264,0.4666666666666667
strong_drift,nominal,belief_orienteering_density_disabled,2,time_budget,148,0.9866666666666667,52.781036366474524,0.019050703953875456,2770.5556967482744,5401.0,315,77,35,12.632844754241376,935.7921149658034,0.33776332887446264,1341.0,0.24828735419366785,0.5454545454545454,0,2320,197,148,49,49,1388,735,0,0.751269035532995,0,0,-0.047396615603112355,1,0.6535478214753985,0.34925195607470527,0.9866666666666667,0.9866666666666667,0.0,0.0,0.0,0.0,0.0008748568071002673,0.019569645220433963,0.9718831436017007,1.0,410,14172,0.9966754155730534,1.0,19,5696,0.9559039133867148,1.0,391,8476,0.9946125155408205,7239,0.9711861061772252,5067,0.9011423550087874,2276,6ef43aafc3d7,912d45a,False,run_experiments,1.0,0.8009573180261168,1214.633207857386,0.013333333333333308,0.14740949655071833,0.9866666666666667
strong_drift,nominal,belief_horizon_no_efficiency,0,time_budget,62,0.41333333333333333,20.21128733204163,0.005986843414186858,3375.9505525311547,5401.0,117,65,53,15.699282076351116,2306.2270808744975,0.6831341410333689,3507.0,0.6493241992223663,0.18461538461538463,0,890,87,62,25,25,623,180,0,0.7126436781609196,0,0,0.007994028676995103,0,0.3228306274753279,0.30666666666666664,0.41333333333333333,0.41333333333333333,0.0,0.0,0.0,0.0,0.0035261118623956668,0.01218392196642729,0.9322971155283216,0.52,453,6238,0.9874558996471972,0.4266666666666667,32,2519,0.8983091787439613,0.52,421,3719,0.9836065573770492,3233,0.9285401139850943,2281,0.7986406117247239,1177,58bd9b9f6186,912d45a,False,run_experiments,1.0,0.8134064731822331,1040.361233357209,0.5866666666666667,0.4905758457069052,0.41333333333333333
strong_drift,nominal,belief_horizon_no_efficiency,1,time_budget,92,0.6133333333333333,29.802865683462873,0.008472116806428244,3517.7590635730917,5401.0,106,43,29,8.243884665183364,1518.7842525340275,0.4317476623857671,2087.0,0.38640992408813185,0.32558139534883723,0,1328,116,92,24,24,907,305,0,0.7931034482758621,0,0,-0.03826612332560653,1,0.45873986795397714,0.4666666666666667,0.6133333333333333,0.6133333333333333,0.0,0.0,0.0,0.0,0.0036246465875109045,0.011085534207304537,0.949427274692025,0.9933333333333333,468,8786,0.9923642533936652,0.9,27,3509,0.922875131164743,0.9933333333333333,441,5277,0.9866011612326931,4478,0.946253556749921,3163,0.8524488530688159,1613,0a29515b2c2b,912d45a,False,run_experiments,1.0,0.7852654231942037,1367.5697006184548,0.3866666666666667,0.32652555524022653,0.6133333333333333
strong_drift,nominal,belief_horizon_no_efficiency,2,time_budget,136,0.9066666666666666,48.32317513646116,0.01378869047286913,3504.5514460958193,5401.0,100,43,27,7.704266984032679,1413.6078243029338,0.4033634107091615,2094.0,0.38770598037400483,0.37209302325581395,0,2431,178,136,42,42,1397,856,0,0.7640449438202247,0,0,0.004735754059010923,1,0.5760728683443064,0.28,0.9,0.9066666666666666,0.0,0.0,0.0,0.0,0.001263444910088398,0.008091893765478239,0.9636725935009197,1.0,474,12574,0.9948269001193792,0.9733333333333334,26,5000,0.944153577661431,1.0,448,7574,0.9908256880733946,6649,0.9652634000460087,4347,0.8723196881091618,2052,614d267da7a8,912d45a,False,run_experiments,1.0,0.8009573180261168,1214.633207857386,0.09333333333333338,0.22488444968181043,0.9066666666666666
strong_drift,nominal,belief_horizon_no_track_prediction,0,time_budget,81,0.54,27.002612305370214,0.007719575917708583,3497.939860067527,5401.0,161,137,97,27.73060826669771,2528.8982173713457,0.7229678949719066,3760.0,0.6961673764117756,0.291970802919708,0,1666,111,81,30,30,960,595,0,0.7297297297297297,0,0,0.02430252902749694,1,0.29451803224388023,0.24666666666666667,0.3466666666666667,0.4,0.030425963488843813,0.42857142857142855,0.056818181818181816,0.029239766081871343,0.03218623091230773,0.10125189712195906,0.9598111025443331,1.0,417,9959,0.9926650366748166,1.0,30,4060,0.9384346166083359,1.0,387,5899,0.9902629016553067,5135,0.9572413793103448,3625,0.8688118811881188,1616,0c44926efed3,912d45a,False,run_experiments,1.0,0.8134064731822331,1040.361233357209,0.45999999999999996,0.518888440938353,0.54
strong_drift,nominal,belief_horizon_no_track_prediction,1,time_budget,100,0.6666666666666666,34.59851160799515,0.009906283658952035,3492.5823648033165,5401.0,170,143,86,24.623613995955985,2301.5340326340192,0.6589777397457681,3359.0,0.6219218663210516,0.3986013986013986,0,1625,141,100,41,41,1095,389,0,0.7092198581560284,0,0,-0.020119660954295737,1,0.47607553528432844,0.5333333333333333,0.5333333333333333,0.6666666666666666,0.0,0.0,0.0,0.0,0.003557618134858805,0.011627423175820302,0.9568308262930146,1.0,419,9287,0.9962069899756164,0.98,14,3677,0.9326683291770573,1.0,405,5610,0.9884583676834295,4852,0.9614290230793551,3163,0.8574807806031933,1691,c2af8da644f8,912d45a,False,run_experiments,1.0,0.7852654231942037,1367.5697006184548,0.33333333333333337,0.3091898879098752,0.6666666666666666
strong_drift,nominal,belief_horizon_no_track_prediction,2,time_budget,116,0.7733333333333333,41.23606694828382,0.011514549682911471,3581.2140364882443,5401.0,172,152,105,29.319666160742376,2515.101024766508,0.7023040229209054,3662.0,0.6780225884095538,0.3092105263157895,0,2048,155,116,39,39,1198,695,0,0.7483870967741936,0,0,0.021469214032139035,1,0.5652561549345902,0.54,0.7733333333333333,0.7733333333333333,0.0,0.0,0.0,0.0,0.0024302880421323367,0.008662502839178125,0.9643380556912555,1.0,438,11844,0.9937310851707739,0.9933333333333333,29,4597,0.9465778474399164,1.0,409,7247,0.9893351108148641,6001,0.9627895515032036,4058,0.899685110211426,2223,0859666c5693,912d45a,False,run_experiments,1.0,0.8009573180261168,1214.633207857386,0.22666666666666668,0.23570116309152656,0.7733333333333333
strong_drift,nominal,belief_horizon_no_refinement,0,time_budget,141,0.94,50.304009695457154,0.01425357291302056,3529.221059339074,5401.0,166,164,95,26.918121138546894,2397.591689057794,0.6793543529140101,3633.0,0.67265321236808,0.42073170731707316,0,2397,190,141,49,49,1417,790,0,0.7421052631578947,0,0,-0.005704373312479152,1,0.6717118605581064,0.54,0.94,0.94,0.0,0.0,0.0,0.0,0.0009325687027509038,0.006523715367200865,0.9569427470151358,1.0,458,10179,0.9948877528339631,1.0,23,4476,0.929130009775171,1.0,435,5703,0.9905548996458088,5929,0.9534114818154493,3327,0.8211440984793628,1381,e0307b47548e,912d45a,False,run_experiments,1.0,0.8134064731822331,1040.361233357209,0.06000000000000005,0.14169461262412675,0.94
strong_drift,nominal,belief_horizon_no_refinement,1,path_budget,113,0.7533333333333333,38.19695341595537,0.010610010550229788,3600.0862803221353,5204.0,144,141,73,20.277291796869925,2598.7126782679525,0.7218473325132141,3757.0,0.721944657955419,0.48226950354609927,0,1941,152,113,39,39,1219,570,0,0.743421052631579,0,0,0.0421532518609021,1,0.4728253187930464,0.16666666666666666,0.6733333333333333,0.7533333333333333,0.0,0.0,0.0,0.0,0.0026165060644820427,0.01332361732965819,0.956315289648623,0.94,460,10070,0.9925892656635976,0.8666666666666667,33,4420,0.929735066644726,0.94,427,5650,0.9894459102902374,5685,0.9516893894487255,3374,0.8388851121685927,1471,41aa555487a0,912d45a,False,run_experiments,1.0,0.7852654231942037,1367.5697006184548,0.2466666666666667,0.31244010440115727,0.7533333333333333
strong_drift,nominal,belief_horizon_no_refinement,2,time_budget,112,0.7466666666666667,38.454372293572646,0.01082206483875832,3553.3304287599094,5401.0,172,170,105,29.549742728723476,2573.8105529283434,0.7243375206810101,3854.0,0.71357156082207,0.38235294117647056,0,1782,145,112,33,33,1091,546,0,0.7724137931034483,0,0,0.022235789470211032,1,0.5548971816288936,0.5466666666666666,0.7333333333333333,0.7466666666666667,0.0,0.0,0.0,0.0,0.0028400368066834585,0.00871103561585567,0.9574362041467305,0.9933333333333333,427,9605,0.9946057025430259,0.9333333333333333,21,3872,0.9338654503990877,0.9933333333333333,406,5733,0.990939531219224,5077,0.9547553093259464,3249,0.8628370457209847,1706,1524a52c9396,912d45a,False,run_experiments,1.0,0.8009573180261168,1214.633207857386,0.2533333333333333,0.24606013639722324,0.7466666666666667
strong_drift,nominal,confirmed_route,0,path_budget,140,0.9333333333333333,49.88585908885232,0.013856916137850945,3600.0693511153104,4211.0,132,130,47,13.055304055584173,2261.8913328320114,0.6282910444853713,2533.0,0.6015198290192353,0.6384615384615384,32,2477,177,140,37,37,1493,807,0,0.7909604519774012,0,0,-0.026336638006959984,1,0.5248503007506563,0.26,0.7733333333333333,0.9,0.0,0.0,0.0,0.0,0.0046460552203123565,0.04289716945762101,0.9666698051030976,1.0,354,10267,0.9959785522788204,1.0,18,4458,0.9453213995117982,1.0,336,5809,0.9921793534932221,5754,0.963716814159292,3390,0.8740690589031821,1477,d2cf2528e013,912d45a,False,run_experiments,1.0,0.8134064731822331,1040.361233357209,0.06666666666666665,0.28855617243157683,0.9333333333333333
strong_drift,nominal,confirmed_route,1,path_budget,122,0.8133333333333334,40.49321894445207,0.01124794572468874,3600.0546175797467,4356.0,142,140,69,19.166375883037986,2479.611305405156,0.6887704684525467,2926.0,0.6717171717171717,0.5071428571428571,56,2361,166,122,44,44,1501,694,0,0.7349397590361446,0,0,-0.04706460855169127,1,0.511220858606305,0.2866666666666667,0.7066666666666667,0.8133333333333334,0.0,0.0,0.0,0.0,0.002986226067314521,0.026251328229012966,0.9650779101741521,0.9666666666666667,381,10529,0.9952087611225188,0.8933333333333333,21,4362,0.9448444921096982,0.9666666666666667,360,6167,0.9914947520810713,5526,0.9605952052907137,3629,0.8911680911680911,1755,11a040e60857,912d45a,False,run_experiments,1.0,0.7852654231942037,1367.5697006184548,0.18666666666666665,0.2740445645878987,0.8133333333333334
strong_drift,nominal,confirmed_route,2,path_budget,143,0.9533333333333334,51.089602194959525,0.014191083503621813,3600.11990500377,4467.0,157,155,77,21.38817651405957,2284.827235260552,0.6346530936608232,2810.0,0.6290575330199238,0.5032258064516129,65,3257,206,143,63,63,1848,1203,0,0.6941747572815534,0,0,-0.037831568698431475,1,0.5667859676659457,0.19705820101455168,0.7733333333333333,0.9533333333333334,0.0,0.0,0.0,0.0,0.005017198289646282,0.041532593696351414,0.9734868570562836,1.0,350,12851,0.9968027082941509,0.9933333333333333,17,5300,0.9577625570776256,1.0,333,7551,0.9950347567030785,7049,0.9704421849136912,4229,0.9011960478419136,1923,d94824c08623,912d45a,False,run_experiments,1.0,0.8009573180261168,1214.633207857386,0.046666666666666634,0.23417135036017112,0.9533333333333334
strong_drift,nominal,oracle_perfect_static,0,time_budget,1,0.006666666666666667,0.19765976930118373,7.949345052953006e-05,2486.491251600124,5401.0,414,413,412,165.69533463464506,2472.9036176832797,0.9945354185710082,5380.0,0.996111831142381,0.002421307506053269,0,20,2,1,1,1,18,0,0,0.5,0,0,-0.00420206270394753,0,0.0063841965740759725,0.006666666666666667,0.006666666666666667,0.006666666666666667,0.0,0.0,0.0,0.0,0.006615969799518004,0.017357419835878237,0.5585215605749486,0.13333333333333333,430,544,0.893048128342246,0.09333333333333334,20,167,0.47903430749682335,0.13333333333333333,410,377,0.7215189873417721,237,0.6450777202072538,386,0.35327635327635326,351,b4ee0af51bda,912d45a,False,run_experiments,1.0,0.8134064731822331,1040.361233357209,0.9933333333333333,0.8070222766081572,0.006666666666666667
strong_drift,nominal,oracle_perfect_static,1,time_budget,0,0.0,0.0,0.0,2067.5759534421013,5401.0,448,447,447,216.19520156240654,2067.275953442101,0.9998549025492869,5400.0,0.9998148491020181,0.0,0,0,0,0,0,0,0,0,0,0.0,0,0,-0.02959514060330639,0,0.0,0.0,0.0,0.0,0.0,0.0,0.0,0.0,0.007800878492728435,0.016700017083526433,0.5135396518375241,0.25333333333333335,503,531,0.8151260504201681,0.11333333333333333,22,97,0.4743169398907104,0.25333333333333335,481,434,0.4895833333333333,96,0.5837209302325581,430,0.45866141732283466,508,3f789ab41cc7,912d45a,False,run_experiments,1.0,0.7852654231942037,1367.5697006184548,1.0,0.7852654231942037,0.0
strong_drift,nominal,oracle_perfect_static,2,time_budget,0,0.0,0.0,0.0,2292.5474419717607,5401.0,422,421,421,183.6385115929853,2290.7474419717596,0.9992148472188419,5397.0,0.9992593964080726,0.0,0,5,0,0,0,0,5,0,0,0.0,0,0,-0.03501671202424998,0,0.0,0.0,0.0,0.0,0.0,0.0,0.0,0.0,0.006289942762109352,0.016604157072233637,0.7216300940438871,0.29333333333333333,444,1151,0.9142857142857143,0.13333333333333333,24,256,0.6806083650190115,0.29333333333333333,420,895,0.8209459459459459,296,0.7628398791540786,662,0.6326530612244898,637,49f2c3b616b9,912d45a,False,run_experiments,1.0,0.8009573180261168,1214.633207857386,1.0,0.8009573180261168,0.0
strong_drift,nominal,oracle_current_physics,0,done,150,1.0,52.872430006813836,0.0508212227748975,1040.361233357209,1782.0,166,163,22,21.1465011330793,64.47711416972734,0.061975698538537405,190.0,0.10662177328843996,0.8650306748466258,0,2179,211,150,61,61,1477,491,0,0.7109004739336493,0,0,-0.04685866101824371,1,0.8134064731822331,0.86,0.9933333333333333,0.9933333333333333,0.0,0.0,0.0,0.0,0.029910240228398027,0.11864542150879924,0.9767149150409062,1.0,148,6208,0.9973514945138101,1.0,7,2636,0.9620253164556962,1.0,141,3572,0.9936057825966083,3597,0.9711246200607903,1974,0.913375796178344,785,5d5998ab9bc2,912d45a,False,run_experiments,1.0,0.8134064731822331,1040.361233357209,0.0,0.0,1.0
strong_drift,nominal,oracle_current_physics,1,done,150,1.0,50.8182193007545,0.03715950951368184,1367.5697006184548,2195.0,163,161,17,12.430810650683549,286.58776284325813,0.2095598949827967,403.0,0.18359908883826878,0.8944099378881988,0,1971,201,150,51,51,1407,363,0,0.746268656716418,0,0,-0.06761891929994028,1,0.7852654231942037,0.5266666666666666,0.9933333333333333,0.9933333333333333,0.0,0.0,0.0,0.0,0.016404048947553516,0.0830901919620383,0.9696101829753381,1.0,191,6094,0.9943698570809875,1.0,13,2296,0.9552313883299799,1.0,178,3798,0.9932735426008968,3122,0.9606741573033708,1958,0.9228215767634855,1205,0e95c2181ecd,912d45a,False,run_experiments,1.0,0.7852654231942037,1367.5697006184548,0.0,0.0,1.0
strong_drift,nominal,oracle_current_physics,2,done,150,1.0,53.55858487963708,0.04409445133985302,1214.633207857386,2068.0,166,164,19,15.642582367327183,120.81972335778943,0.09947013022220554,237.0,0.11460348162475822,0.8841463414634146,0,1824,197,150,47,47,1380,247,0,0.7614213197969543,0,0,-0.0909463329094157,1,0.8009573180261168,0.6466666666666666,0.9933333333333333,0.9933333333333333,0.0,0.0,0.0,0.0,0.0191876266565715,0.08863607454432745,0.9764264264264264,1.0,157,6503,0.9975298476739399,1.0,6,2423,0.9643110375797683,1.0,151,4080,0.994535519125683,3294,0.9766107678729038,2266,0.9218181818181819,1100,c9e62767912a,912d45a,False,run_experiments,1.0,0.8009573180261168,1214.633207857386,0.0,0.0,1.0
strong_drift,nominal,oracle_route_heuristic,0,done,150,1.0,52.872430006813836,0.02207632416892401,2394.983404041526,3910.0,312,310,168,70.14662386240364,1295.9128800874505,0.5410947223686821,2411.0,0.6166240409207161,0.45806451612903226,0,2310,207,150,57,57,1506,597,0,0.7246376811594203,0,0,-0.0455592560239874,1,0.6626667543043279,0.5066666666666667,0.957076126499049,0.9933333333333333,0.0,0.0,0.0,0.0,0.015074378733427898,0.09760685298450136,0.9727377675162063,1.0,307,10954,0.9957026214009455,1.0,20,4634,0.956561222945361,1.0,287,6320,0.9940590879897239,6228,0.9714518760195758,3678,0.8782287822878229,1355,59f4b28af3b3,912d45a,False,run_experiments,1.0,0.8134064731822331,1040.361233357209,0.0,0.15073971887790527,1.0
strong_drift,nominal,oracle_route_heuristic,1,done,150,1.0,50.8182193007545,0.027685521006339232,1835.5522111763223,3070.0,268,266,127,69.18898804769572,953.4432087413809,0.51943126593515,1795.0,0.5846905537459284,0.5225563909774437,0,2210,200,150,50,50,1443,567,0,0.75,0,0,-0.07229303842292294,1,0.7186052629910916,0.56,0.9933333333333333,0.9933333333333333,0.0,0.0,0.0,0.0,0.03194820002347635,0.12685702426643136,0.9770687936191426,1.0,253,10780,0.9979577944179714,1.0,9,4398,0.9631753697555085,1.0,244,6382,0.9937733499377335,5621,0.9783068783068783,3780,0.9166666666666666,1632,8163165d137d,912d45a,False,run_experiments,1.0,0.7852654231942037,1367.5697006184548,0.0,0.06666016020311205,1.0
strong_drift,nominal,oracle_route_heuristic,2,done,150,1.0,53.55858487963708,0.03182054617008677,1683.1447390423918,3053.0,289,286,145,86.14826558677079,1018.676798558363,0.6052223406157743,1978.0,0.647887323943662,0.493006993006993,0,2178,194,150,44,44,1375,609,0,0.7731958762886598,0,0,-0.08151705908438094,1,0.705078144085699,0.5,0.9933333333333333,0.9933333333333333,0.0,0.0,0.0,0.0,0.03671080858209264,0.14995773039287055,0.9789217673287394,1.0,260,12075,0.9964085297418631,1.0,16,4439,0.9690355329949238,1.0,244,7636,0.9960867438447741,6133,0.9747899159663865,4046,0.937847866419295,2156,2837dfb9a262,912d45a,False,run_experiments,1.0,0.8009573180261168,1214.633207857386,0.0,0.09587917394041778,1.0
robot_disturbed,nominal,coverage,0,path_budget,0,0.0,0.0,0.0,3600.25,3658.0,27,26,26,7.221720713839317,3563.25,0.9897229359072287,3618.0,0.9890650628758885,0.0,0,0,0,0,0,0,0,0,0,0.0,789,27,-0.09661524792898572,0,0.0,0.0,0.0,0.0,0.6190476190476191,0.18309859154929578,0.2826086956521739,0.16455696202531644,0.007341302421976502,0.03868628878793656,0.9416292495189224,1.0,273,4404,0.9860356865787432,0.9133333333333333,18,1271,0.9247343565525383,1.0,255,3133,0.9787535410764873,1412,0.9559039686428221,2041,0.875,1224,837c96da587c,912d45a,False,run_experiments,1.0,0.7704240574594726,1458.7266102302572,1.0,0.7704240574594726,0.0
robot_disturbed,nominal,coverage,1,path_budget,0,0.0,0.0,0.0,3600.25,3658.0,27,26,26,7.221720713839317,3563.25,0.9897229359072287,3618.0,0.9890650628758885,0.0,0,56,0,0,0,0,56,0,0,0.0,2078,71,-0.1280557140758378,0,0.0,0.0,0.0,0.0,0.5217391304347826,0.3116883116883117,0.39024390243902435,0.24242424242424243,0.008340763287139006,0.04177987826539537,0.9499141831799033,1.0,321,6088,0.9922523519645822,0.9666666666666667,14,1793,0.93328987396784,1.0,307,4295,0.9810587663914522,2059,0.9608477011494253,2784,0.8895274584929758,1566,f609c2c2b1c8,912d45a,False,run_experiments,1.0,0.7655832141911998,1597.4875536832108,1.0,0.7655832141911998,0.0
robot_disturbed,nominal,coverage,2,path_budget,0,0.0,0.0,0.0,3600.25,3658.0,27,26,26,7.221720713839317,3563.25,0.9897229359072287,3618.0,0.9890650628758885,0.0,0,99,1,0,1,1,98,0,0,0.0,1884,55,-0.12197654986476689,0,0.0,0.0,0.0,0.0,0.5,0.015151515151515152,0.029411764705882356,0.014925373134328358,0.00849077735293835,0.04126477629433148,0.9475409836065574,1.0,288,5202,0.9914473684210526,0.9733333333333334,13,1507,0.9307304785894207,1.0,275,3695,0.978494623655914,1674,0.9555843035791289,2319,0.9004676018704075,1497,6c51cbdd786b,912d45a,False,run_experiments,1.0,0.7763746484523986,1713.9719759257423,1.0,0.7763746484523986,0.0
robot_disturbed,nominal,lawnmower_survey,0,path_budget,0,0.0,0.0,0.0,3600.25,3658.0,27,26,26,7.221720713839317,3563.25,0.9897229359072287,3618.0,0.9890650628758885,0.0,0,0,0,0,0,0,0,0,0,0.0,789,27,-0.09661524792898572,0,0.0,0.0,0.0,0.0,0.6190476190476191,0.18309859154929578,0.2826086956521739,0.16455696202531644,0.007341302421976502,0.03868628878793656,0.9416292495189224,1.0,273,4404,0.9860356865787432,0.9133333333333333,18,1271,0.9247343565525383,1.0,255,3133,0.9787535410764873,1412,0.9559039686428221,2041,0.875,1224,a0db3b8cb471,912d45a,False,run_experiments,1.0,0.7704240574594726,1458.7266102302572,1.0,0.7704240574594726,0.0
robot_disturbed,nominal,lawnmower_survey,1,path_budget,0,0.0,0.0,0.0,3600.25,3658.0,27,26,26,7.221720713839317,3563.25,0.9897229359072287,3618.0,0.9890650628758885,0.0,0,56,0,0,0,0,56,0,0,0.0,2078,71,-0.1280557140758378,0,0.0,0.0,0.0,0.0,0.5217391304347826,0.3116883116883117,0.39024390243902435,0.24242424242424243,0.008340763287139006,0.04177987826539537,0.9499141831799033,1.0,321,6088,0.9922523519645822,0.9666666666666667,14,1793,0.93328987396784,1.0,307,4295,0.9810587663914522,2059,0.9608477011494253,2784,0.8895274584929758,1566,205133e72cc6,912d45a,False,run_experiments,1.0,0.7655832141911998,1597.4875536832108,1.0,0.7655832141911998,0.0
robot_disturbed,nominal,lawnmower_survey,2,path_budget,0,0.0,0.0,0.0,3600.25,3658.0,27,26,26,7.221720713839317,3563.25,0.9897229359072287,3618.0,0.9890650628758885,0.0,0,99,1,0,1,1,98,0,0,0.0,1884,55,-0.12197654986476689,0,0.0,0.0,0.0,0.0,0.5,0.015151515151515152,0.029411764705882356,0.014925373134328358,0.00849077735293835,0.04126477629433148,0.9475409836065574,1.0,288,5202,0.9914473684210526,0.9733333333333334,13,1507,0.9307304785894207,1.0,275,3695,0.978494623655914,1674,0.9555843035791289,2319,0.9004676018704075,1497,f4a4bf9c926e,912d45a,False,run_experiments,1.0,0.7763746484523986,1713.9719759257423,1.0,0.7763746484523986,0.0
robot_disturbed,nominal,lawnmower_collect,0,time_budget,0,0.0,0.0,0.0,3194.7000000012067,5401.0,34,33,33,10.329608413931679,3095.2500000011464,0.9688703164616325,5233.0,0.9688946491390483,0.0,0,0,0,0,0,0,0,0,0,0.0,185,2,-0.03923804354424379,0,0.0,0.0,0.0,0.0,0.0,0.0,0.0,0.0,0.005952158100285773,0.021111048745998704,0.8424492604059167,0.38666666666666666,458,2449,0.9411764705882353,0.17333333333333334,31,496,0.8205882352941176,0.38666666666666666,427,1953,0.8966131907308378,561,0.8557858376511226,1158,0.8038720538720538,1188,52f37ef6d433,912d45a,False,run_experiments,1.0,0.7704240574594726,1458.7266102302572,1.0,0.7704240574594726,0.0
robot_disturbed,nominal,lawnmower_collect,1,time_budget,1,0.006666666666666667,0.19561521918749974,6.123117012158446e-05,3194.7000000012067,5401.0,34,33,32,10.016589977145872,2908.200000001033,0.9103202178608115,4919.0,0.9107572671727457,0.030303030303030304,0,12,1,1,0,0,11,0,0,1.0,1163,16,-0.04902073989624148,0,0.0035455555555550158,0.0,0.006666666666666667,0.006666666666666667,0.0,0.0,0.0,0.0,0.007686259409117307,0.02297884936704181,0.9292118924020765,0.6466666666666666,450,5907,0.9849829351535836,0.36,22,1443,0.9125102207686018,0.6466666666666666,428,4464,0.9691119691119691,1554,0.9425905992106207,2787,0.8799603174603174,2016,910f08c87b09,912d45a,False,run_experiments,1.0,0.7655832141911998,1597.4875536832108,0.9933333333333333,0.7620376586356448,0.006666666666666667
robot_disturbed,nominal,lawnmower_collect,2,time_budget,1,0.006666666666666667,0.09686741098245816,3.0321285561217508e-05,3194.7000000012067,5401.0,34,33,32,10.016589977145872,2908.200000001175,0.9103202178608559,4919.0,0.9107572671727457,0.030303030303030304,0,26,2,1,1,1,24,0,0,0.5,1934,19,-0.038520647145427266,0,0.004982222222222393,0.006666666666666667,0.006666666666666667,0.006666666666666667,0.0,0.0,0.0,0.0,0.006186534640716213,0.022820608933872513,0.9245253412835399,0.4533333333333333,481,5892,0.9862757330006239,0.32666666666666666,22,1581,0.9037735849056604,0.4533333333333333,459,4311,0.9710224166211044,1829,0.9333585762968573,2641,0.8675775091960063,1903,3c186d18dd3a,912d45a,False,run_experiments,1.0,0.7763746484523986,1713.9719759257423,0.9933333333333333,0.7713924262301761,0.006666666666666667
robot_disturbed,nominal,greedy,0,path_budget,18,0.12,6.665699499073891,0.0018515376756164047,3600.0885031166213,4784.0,139,138,121,33.61028482917836,3463.8663671615914,0.9621614480207635,4563.0,0.9538043478260869,0.12318840579710146,0,411,35,18,17,17,329,47,0,0.5142857142857142,10144,73,0.010502736392738334,0,0.06875857833824088,0.03333333333333333,0.06,0.12,0.0,0.0,0.0,0.0,0.0062274140116231076,0.02003713817588306,0.9355551776908689,0.58,379,5502,0.985983566940551,0.5733333333333334,29,2040,0.9081846799580273,0.58,350,3462,0.9807909604519774,2655,0.9348134152102031,2117,0.8286744815148782,1109,50f9195e573b,912d45a,False,run_experiments,1.0,0.7704240574594726,1458.7266102302572,0.88,0.7016654791212318,0.12
robot_disturbed,nominal,greedy,1,path_budget,25,0.16666666666666666,9.081877502751581,0.002522631424680337,3600.160298448046,5296.0,211,210,186,51.66436618952237,3332.494773387415,0.9256517757900903,4921.0,0.9291918429003021,0.11428571428571428,0,433,34,25,9,9,384,15,0,0.7352941176470589,13594,144,-0.0626863349725966,0,0.08391167975956768,0.05333333333333334,0.11333333333333333,0.12,0.06233062330623306,0.3382352941176471,0.10526315789473685,0.05555555555555555,0.02674197165266761,0.08246355743940212,0.9527408195848855,1.0,444,8951,0.9928035043804756,1.0,23,3173,0.9320858202935958,1.0,421,5778,0.9859349780954577,4337,0.9549180327868853,3172,0.8727465535524921,1886,5c3577e34bf5,912d45a,False,run_experiments,1.0,0.7655832141911998,1597.4875536832108,0.8333333333333334,0.6816715344316321,0.16666666666666666
robot_disturbed,nominal,greedy,2,path_budget,21,0.14,8.868500111904934,0.0024634040104102965,3600.0997296532883,4716.0,137,136,115,31.943559522190018,3377.736085418352,0.9382340321287846,4377.0,0.928117048346056,0.15441176470588236,0,373,24,21,3,3,322,27,0,0.875,9443,115,-0.016795903339955665,0,0.10184249117146381,0.08,0.14,0.14,0.0,0.0,0.0,0.0,0.0053588900255050805,0.018184156841775247,0.9467566554180727,0.9933333333333333,426,7575,0.9912,0.9066666666666666,22,2478,0.9265588074895473,0.9866666666666667,404,5097,0.9828483920367534,3265,0.9515803631472763,2974,0.8717366628830874,1762,199a91d52011,912d45a,False,run_experiments,1.0,0.7763746484523986,1713.9719759257423,0.86,0.6745321572809347,0.14
robot_disturbed,nominal,active,0,path_budget,6,0.04,1.3838557505958897,0.0003843885165770551,3600.148523995981,4879.0,123,122,116,32.220892895620295,3319.6985239959777,0.9221004360984757,4554.0,0.9333879893420783,0.04918032786885246,0,96,8,6,2,2,87,1,0,0.75,5789,16,0.016885861444151398,0,0.02842356746081314,0.02666666666666667,0.04,0.04,0.0,0.0,0.0,0.0,0.006135277651239333,0.02091378228948124,0.9461932650073206,0.52,441,7755,0.9901603498542274,0.3933333333333333,27,2717,0.9240645634629494,0.52,414,5038,0.9821263482280431,3245,0.9525557752047444,3541,0.8475177304964538,1410,b399bd746969,912d45a,False,run_experiments,1.0,0.7704240574594726,1458.7266102302572,0.96,0.7420004899986595,0.04
robot_disturbed,nominal,active,1,path_budget,5,0.03333333333333333,1.8809180030500252,0.0005224657481904621,3600.079066550304,5107.0,147,146,141,39.16580647077569,3475.479066550297,0.9653896490336246,4938.0,0.966908165263364,0.03424657534246575,0,82,6,5,1,1,76,0,0,0.8333333333333334,4569,17,0.0020601561736023413,0,0.02565732067554962,0.02,0.03333333333333333,0.03333333333333333,0.0,0.0,0.0,0.0,0.007396912967723428,0.016344888247585166,0.9378873239436619,0.6066666666666667,441,6659,0.9900793650793651,0.36,20,1996,0.9171911880409127,0.6066666666666667,421,4663,0.9781604367912642,2381,0.9505080301540478,3051,0.8573141486810552,1668,cbeb1d8e12ef,912d45a,False,run_experiments,1.0,0.7655832141911998,1597.4875536832108,0.9666666666666667,0.7399258935156502,0.03333333333333333
robot_disturbed,nominal,active,2,path_budget,4,0.02666666666666667,0.9631936678929465,0.00026754657433957104,3600.0971803528223,5184.0,154,153,149,41.38777164493028,3506.5471803528167,0.9740145903531311,5053.0,0.9747299382716049,0.026143790849673203,0,112,6,4,2,2,102,4,0,0.6666666666666666,5617,23,-0.02176392561690451,0,0.018436940685254456,0.013333333333333334,0.02666666666666667,0.02666666666666667,0.0,0.0,0.0,0.0,0.005899671203455408,0.016703628621859826,0.946443615356842,0.44666666666666666,445,7864,0.988431281813975,0.32,25,2136,0.9316851008458035,0.44666666666666666,420,5728,0.9794238683127572,2673,0.9592178770949721,3580,0.8813229571984436,2056,5572791802bb,912d45a,False,run_experiments,1.0,0.7763746484523986,1713.9719759257423,0.9733333333333334,0.7579377077671441,0.02666666666666667
robot_disturbed,nominal,belief_horizon,0,time_budget,56,0.37333333333333335,18.056252074784606,0.0058607067681766415,3080.9001011327155,5401.0,254,149,116,37.651334412742486,2106.1640170233422,0.683619704595094,3294.0,0.6098870579522311,0.2214765100671141,0,690,75,56,19,19,545,70,0,0.7466666666666667,9636,64,-0.0023488764875709313,0,0.2751639843702856,0.21333333333333335,0.37333333333333335,0.37333333333333335,0.0,0.0,0.0,0.0,0.0032080146281476033,0.01227265430529058,0.949180875961217,0.5266666666666666,456,8517,0.9940750493745886,0.44,18,3020,0.9262005054759899,0.5266666666666666,438,5497,0.9872495446265938,3843,0.9529761904761904,3360,0.8593220338983051,1770,63f93965dbcc,912d45a,False,run_experiments,1.0,0.7704240574594726,1458.7266102302572,0.6266666666666667,0.495260073089187,0.37333333333333335
robot_disturbed,nominal,belief_horizon,1,time_budget,91,0.6066666666666667,31.064964919730333,0.01039483816479194,2988.4991403665704,5401.0,246,111,72,24.092360953856073,1273.5820702807325,0.4261610964105931,1999.0,0.37011664506572856,0.35135135135135137,0,1166,123,91,32,32,881,162,0,0.7398373983739838,18037,106,-0.04079299876252793,1,0.406308129918092,0.20666666666666667,0.54,0.6066666666666667,0.0,0.0,0.0,0.0,0.0038289187821687874,0.014933008655168266,0.9633532191833889,0.8666666666666667,473,12434,0.9946480032935364,0.8266666666666667,26,4832,0.9444651509504286,0.8666666666666667,447,7602,0.9889149102263857,6405,0.9645232815964523,4510,0.8785140562248996,1992,5b74c59241c0,912d45a,False,run_experiments,1.0,0.7655832141911998,1597.4875536832108,0.3933333333333333,0.3592750842731078,0.6066666666666667
robot_disturbed,nominal,belief_horizon,2,time_budget,90,0.6,31.558133091661954,0.010377380317372304,3041.050065287856,5401.0,239,130,87,28.608539199358713,1405.9332818072414,0.46231836096856904,2273.0,0.4208479911127569,0.33076923076923076,0,1819,121,90,31,31,1006,692,0,0.743801652892562,18811,144,-0.0178638647632203,1,0.3502531143702768,0.09333333333333334,0.5066666666666667,0.6,0.0,0.0,0.0,0.0,0.004475239920289215,0.022398797044079443,0.967741935483871,1.0,454,13620,0.9933090024330901,0.9933333333333333,33,4899,0.953948807700722,1.0,421,8721,0.9906556372549019,6528,0.9661518933784642,4727,0.9173465768002838,2819,d01d0467e564,912d45a,False,run_experiments,1.0,0.7763746484523986,1713.9719759257423,0.4,0.4261215340821218,0.6
robot_disturbed,nominal,belief_horizon_provisional,0,time_budget,78,0.52,26.446481267563083,0.00863908746590547,3061.258653988081,5401.0,252,136,99,32.3396390798363,1745.1937443259378,0.5700902607665549,2778.0,0.5143491945935937,0.27205882352941174,0,2518,108,78,30,30,964,1446,0,0.7222222222222222,20917,150,-0.02055151719701715,0,0.29578475443429975,0.12,0.4,0.42,0.1206896551724138,0.7241379310344828,0.20689655172413793,0.11538461538461539,0.013077051119954698,0.08358709582674234,0.9660858294930875,1.0,471,13417,0.9943972179289027,1.0,29,5147,0.949265381083563,1.0,442,8270,0.9914269107817495,6882,0.9657047260560435,4782,0.8884892086330936,2224,b9e993262999,912d45a,False,run_experiments,1.0,0.7704240574594726,1458.7266102302572,0.48,0.4746393030251729,0.52
robot_disturbed,nominal,belief_horizon_provisional,1,time_budget,79,0.5266666666666666,27.41520595432022,0.0100499135499782,2727.904654899214,5401.0,304,121,88,32.259191992636296,1313.5338022922265,0.48151748996548294,2224.0,0.411775597111646,0.2727272727272727,0,924,100,79,21,21,738,86,0,0.79,15493,98,-0.0447318869398673,1,0.3735994162774987,0.22666666666666666,0.5266666666666666,0.5266666666666666,0.0,0.0,0.0,0.0,0.003954011602067668,0.013512232957874633,0.9649984409105082,0.8533333333333334,449,12379,0.9948152948801037,0.8066666666666666,24,4605,0.9481644102939383,0.8533333333333334,425,7774,0.9919164701919838,5938,0.9634684022674784,4763,0.8932769158439117,2127,708627d7706b,912d45a,False,run_experiments,1.0,0.7655832141911998,1597.4875536832108,0.4733333333333334,0.3919837979137011,0.5266666666666666
robot_disturbed,nominal,belief_horizon_provisional,2,time_budget,137,0.9133333333333333,48.857941195732465,0.018380235824228628,2658.1781465136837,5401.0,309,129,67,25.20523317365821,680.5306598328482,0.2560139397449316,1311.0,0.2427328272542122,0.4806201550387597,0,2068,178,137,41,41,1273,617,0,0.7696629213483146,30396,144,-0.07849935282819769,1,0.4321264742420841,0.1,0.5,0.9133333333333333,0.00129366106080207,0.07692307692307693,0.0025445292620865138,0.0012738853503184713,0.0524656981258885,0.15993462990523005,0.9750121431269901,1.0,463,18066,0.9955722527841138,1.0,33,7420,0.9611773203322499,1.0,430,10646,0.9924497500255076,9801,0.9762673555053277,6194,0.904498816101026,2534,ef3d7085fc3c,912d45a,False,run_experiments,1.0,0.7763746484523986,1713.9719759257423,0.08666666666666667,0.34424817421031445,0.9133333333333333
robot_disturbed,nominal,belief_cluster_route,0,time_budget,37,0.24666666666666667,12.564636646768214,0.00382404756682213,3285.690469904304,5401.0,200,139,121,36.826353884614136,2564.521827491977,0.7805123005292306,3931.0,0.7278281799666728,0.12949640287769784,0,424,46,37,9,9,358,20,0,0.8043478260869565,8772,62,-0.006110053013917887,0,0.1864770069313494,0.14,0.24666666666666667,0.24666666666666667,0.0,0.0,0.0,0.0,0.004099453255114371,0.013672281321675257,0.9430337229611716,0.5333333333333333,424,7019,0.9906502337441564,0.44666666666666666,22,2331,0.9210216110019647,0.5333333333333333,402,4688,0.983865763149403,3099,0.9498352251922373,2731,0.8530688158710478,1613,355e071dc4bd,912d45a,False,run_experiments,1.0,0.7704240574594726,1458.7266102302572,0.7533333333333333,0.5839470505281232,0.24666666666666667
robot_disturbed,nominal,belief_cluster_route,1,time_budget,69,0.46,23.884396175823902,0.007447359641866136,3207.0958466347174,5401.0,200,142,109,33.98713515667962,2144.8800296141276,0.6687919950583334,3370.0,0.6239585261988521,0.2323943661971831,0,947,92,69,23,23,717,138,0,0.75,12252,96,-0.03645257654965099,0,0.310562855797444,0.10666666666666667,0.46,0.46,0.0,0.0,0.0,0.0,0.005299444174539274,0.012228519391229353,0.9572581360290857,0.9,482,10795,0.9932885906040269,0.8066666666666666,26,3848,0.9384033499932459,0.8933333333333333,456,6947,0.9859441841515584,4909,0.9625298329355608,4190,0.8824609733700642,2178,4db9357f0c97,912d45a,False,run_experiments,1.0,0.7655832141911998,1597.4875536832108,0.54,0.45502035839375576,0.46
robot_disturbed,nominal,belief_cluster_route,2,time_budget,114,0.76,42.44937468575509,0.013745260426928736,3088.2917723836863,5401.0,179,98,63,20.399626927534015,1379.5843204145149,0.4467143722465342,2327.0,0.4308461396037771,0.35714285714285715,0,1786,155,114,41,41,1186,445,0,0.7354838709677419,23880,145,-0.02482472514415228,1,0.3931280349090742,0.04,0.48,0.76,0.0,0.0,0.0,0.0,0.005022989390767847,0.032821109755897276,0.9748511723970356,1.0,414,16048,0.9944873208379272,0.9933333333333333,35,6314,0.9625234846237516,1.0,379,9734,0.9927131406363857,8234,0.9740305940946282,5622,0.9201841903300076,2606,d7cd0455f754,912d45a,False,run_experiments,1.0,0.7763746484523986,1713.9719759257423,0.24,0.38324661354332434,0.76
robot_disturbed,nominal,belief_orienteering,0,time_budget,50,0.3333333333333333,15.719003956990184,0.004823430547948959,3258.884688134318,5401.0,187,128,105,32.21961193727034,2423.5563349485847,0.7436766154300626,3693.0,0.6837622662469913,0.1796875,0,677,73,50,23,23,537,67,0,0.684931506849315,12081,61,-0.0034041551367027453,0,0.23406540577463716,0.08,0.3333333333333333,0.3333333333333333,0.0,0.0,0.0,0.0,0.003499997904452853,0.012759392592375437,0.9519288426943834,0.5133333333333333,481,9525,0.9917261055634807,0.42,29,3476,0.9304722350407629,0.5133333333333333,452,6049,0.9862864606007836,4594,0.9595065701260391,3729,0.8413547237076648,1683,630c57c8a61a,912d45a,False,run_experiments,1.0,0.7704240574594726,1458.7266102302572,0.6666666666666667,0.5363586516848354,0.3333333333333333
robot_disturbed,nominal,belief_orienteering,1,time_budget,107,0.7133333333333334,36.519304284695735,0.010975490435084428,3327.350563575505,5401.0,179,93,52,15.62804970694817,1331.810015553178,0.40026140621685535,1836.0,0.33993704869468616,0.44086021505376344,0,1627,142,107,35,35,1091,394,0,0.7535211267605634,19503,134,-0.0633992943712993,1,0.38637364172143185,0.13333333333333333,0.5333333333333333,0.7133333333333334,0.0,0.0,0.0,0.0,0.004748935137008406,0.028550685864960092,0.9657383004487499,1.0,481,13558,0.9955955221141494,0.9866666666666667,24,5425,0.9467986030267753,1.0,457,8133,0.9891768726858445,7022,0.965135356849877,4876,0.8902382064455862,2141,812b56ba152b,912d45a,False,run_experiments,1.0,0.7655832141911998,1597.4875536832108,0.2866666666666666,0.37920957246976794,0.7133333333333334
robot_disturbed,nominal,belief_orienteering,2,time_budget,124,0.8266666666666667,42.928473660027834,0.014275163219308024,3007.2142083786803,5401.0,262,113,63,20.949621687896332,887.9516572718912,0.2952738301109001,1496.0,0.2769857433808554,0.4424778761061947,0,2075,165,124,41,41,1221,689,0,0.7515151515151515,25119,147,-0.0719051763116744,1,0.4064506087047311,0.06,0.5066666666666667,0.8266666666666667,0.0078125,0.125,0.014705882352941176,0.007407407407407408,0.022056555602942167,0.08784138427552779,0.976295743887498,1.0,445,18328,0.9969591659426585,0.9933333333333333,21,6885,0.9642706665543103,1.0,424,11443,0.9943892965041001,9268,0.9770242433845666,6311,0.9223544145272385,3194,43c74abcae5b,912d45a,False,run_experiments,1.0,0.7763746484523986,1713.9719759257423,0.17333333333333334,0.36992403974766747,0.8266666666666667
robot_disturbed,nominal,belief_orienteering_provisional,0,time_budget,47,0.31333333333333335,16.329641966241393,0.005310576802179034,3074.9281244818867,5401.0,232,123,101,32.84629620961241,2183.330256307859,0.7100426962583855,3343.0,0.618959451953342,0.17886178861788618,0,604,66,47,19,19,477,61,0,0.7121212121212122,9770,57,-1.2627505470076683e-05,0,0.23155231027443623,0.13333333333333333,0.31333333333333335,0.31333333333333335,0.0,0.0,0.0,0.0,0.0039031637371805617,0.01272475717419039,0.9506751478629617,0.48,442,8519,0.992686170212766,0.42,22,2986,0.9294473374769024,0.48,420,5533,0.9849906191369606,3731,0.958603210363278,3551,0.8576533650982728,1679,387d902c1df1,912d45a,False,run_experiments,1.0,0.7704240574594726,1458.7266102302572,0.6866666666666666,0.5388717471850364,0.31333333333333335
robot_disturbed,nominal,belief_orienteering_provisional,1,time_budget,77,0.5133333333333333,27.583707270419758,0.009333265667824681,2955.418633963383,5401.0,238,109,66,22.331861632573617,1335.7399021571343,0.4519630101830385,2141.0,0.396408072579152,0.3944954128440367,0,886,97,77,20,20,723,66,0,0.7938144329896907,18226,101,-0.03794780123923778,1,0.3441503511541018,0.16666666666666666,0.5133333333333333,0.5133333333333333,0.0,0.0,0.0,0.0,0.004826866180558802,0.01351437585881561,0.964543863653656,0.9,466,12677,0.9949769778149854,0.82,24,4754,0.9471607890017932,0.9,442,7923,0.9915293392884645,6493,0.9648562300319489,4695,0.8741687979539642,1955,fd1f945e2d11,912d45a,False,run_experiments,1.0,0.7655832141911998,1597.4875536832108,0.4866666666666667,0.421432863037098,0.5133333333333333
robot_disturbed,nominal,belief_orienteering_provisional,2,time_budget,135,0.9,48.09322635352269,0.01602604304001996,3000.9420437362555,5401.0,233,111,59,19.66049298524385,809.9997381896262,0.26991515543604244,1463.0,0.2708757637474542,0.46846846846846846,0,2205,159,135,24,24,1204,842,0,0.8490566037735849,25394,150,-0.06410492856535299,1,0.39196616655388844,0.04,0.4,0.9,0.0,0.0,0.0,0.0,0.021872806584098372,0.08077639820087264,0.9741369679365434,1.0,463,17439,0.9971518512966572,1.0,19,6652,0.9604665657554982,1.0,444,10787,0.992925604746691,8764,0.9725419269976981,6082,0.9234293193717278,3056,d2d59e5afe3e,912d45a,False,run_experiments,1.0,0.7763746484523986,1713.9719759257423,0.09999999999999998,0.3844084818985101,0.9
robot_disturbed,nominal,belief_orienteering_depth1,0,time_budget,104,0.6933333333333334,36.562167272505775,0.01149495846839681,3180.7132990542295,5401.0,193,93,49,15.405349490181942,1433.7732129732979,0.450770968071729,2113.0,0.3912238474356601,0.4731182795698925,0,1801,146,104,42,42,1138,517,0,0.7123287671232876,22570,144,-0.038349339594005355,1,0.44071129454415325,0.1584204432983054,0.6733333333333333,0.6933333333333334,0.0,0.0,0.0,0.0,0.004364378900225279,0.02349503823696392,0.9675987278028094,1.0,489,14603,0.9966832504145937,0.9933333333333333,20,6010,0.9482454204369897,1.0,469,8593,0.992803938896604,7921,0.9682602658202738,5041,0.8723004694835681,2130,82312e302e9a,912d45a,False,run_experiments,1.0,0.7704240574594726,1458.7266102302572,0.30666666666666664,0.32971276291531937,0.6933333333333334
robot_disturbed,nominal,belief_orienteering_depth1,1,time_budget,70,0.4666666666666667,23.75335521021448,0.007184566221660632,3306.1641409332233,5401.0,155,107,82,24.80215636748575,2177.8021081384,0.658709614920594,3337.0,0.6178485465654509,0.2336448598130841,0,1095,102,70,32,32,828,165,0,0.6862745098039216,16511,104,-0.03380312408225817,0,0.26452081745856104,0.17333333333333334,0.3466666666666667,0.3466666666666667,0.058823529411764705,0.19148936170212766,0.08999999999999998,0.04712041884816754,0.014679751753065464,0.047844282353273766,0.9603857426491443,0.98,419,10158,0.9958082263557768,0.82,16,3801,0.9403846153846154,0.98,403,6357,0.9911826720337359,5217,0.9589239224761353,3457,0.8786127167630058,1903,447c69181246,912d45a,False,run_experiments,1.0,0.7655832141911998,1597.4875536832108,0.5333333333333333,0.5010623967326387,0.4666666666666667
robot_disturbed,nominal,belief_orienteering_depth1,2,time_budget,68,0.4533333333333333,23.901430617357246,0.008020498031702376,2980.04319967199,5401.0,203,100,66,22.147329947184843,1765.3695862934223,0.5923973137328126,2847.0,0.5271246065543418,0.34,0,851,84,68,16,16,648,119,0,0.8095238095238095,11964,87,0.004945677512559241,0,0.2808229694079699,0.05333333333333334,0.4533333333333333,0.4533333333333333,0.0,0.0,0.0,0.0,0.0027418630809953504,0.012679924705387731,0.9609477841158403,0.9866666666666667,445,10950,0.9935449166218397,0.8266666666666667,24,3694,0.9451608701315618,0.9866666666666667,421,7256,0.9893014474512272,4767,0.9637645914396887,4112,0.9026232114467408,2516,1499237039b1,912d45a,False,run_experiments,1.0,0.7763746484523986,1713.9719759257423,0.5466666666666666,0.49555167904442865,0.4533333333333333
robot_disturbed,nominal,belief_orienteering_no_opportunity_cost,0,time_budget,60,0.4,19.819658727982905,0.006626900018766309,2990.7888563063934,5401.0,232,111,81,27.083155612674883,2017.8381258567294,0.6746842464662476,3146.0,0.5824847250509165,0.2702702702702703,0,755,83,60,23,23,591,81,0,0.7228915662650602,10803,63,0.003798213110581209,0,0.2807584458566955,0.18,0.4,0.4,0.0,0.0,0.0,0.0,0.002606747436805769,0.011209104854166464,0.9527970165157166,0.48,443,8942,0.9931592039800995,0.4266666666666667,22,3194,0.9317555519533149,0.48,421,5748,0.9856470588235294,4250,0.9551733859599661,3547,0.8595717884130982,1588,44dc8996e5c0,912d45a,False,run_experiments,1.0,0.7704240574594726,1458.7266102302572,0.6,0.4896656116027771,0.4
robot_disturbed,nominal,belief_orienteering_no_opportunity_cost,1,time_budget,79,0.5266666666666666,27.327746493618747,0.008827303815934325,3095.82031653753,5401.0,215,114,76,24.54922838835846,1711.4345338836208,0.5528210163688528,2795.0,0.5174967598592853,0.3333333333333333,0,1140,101,79,22,22,816,223,0,0.7821782178217822,18077,124,-0.060676062023135316,1,0.29559627071522787,0.19333333333333333,0.36,0.5266666666666666,0.0,0.0,0.0,0.0,0.015847372953134802,0.04846284893659185,0.9660097769630308,0.9,445,12647,0.995021645021645,0.8533333333333334,23,4597,0.9501888574126535,0.9,422,8050,0.9909420289855072,6072,0.9664959453691848,4686,0.9001713796058269,2334,2333e3cbed58,912d45a,False,run_experiments,1.0,0.7655832141911998,1597.4875536832108,0.4733333333333334,0.4699869434759719,0.5266666666666666
robot_disturbed,nominal,belief_orienteering_no_opportunity_cost,2,time_budget,144,0.96,51.16047770118608,0.016577946029384623,3086.0564759050053,5401.0,220,117,60,19.4422883924717,1054.2026825160474,0.3416018762932379,1747.0,0.32345861877430104,0.48717948717948717,0,2285,186,144,42,42,1324,775,0,0.7741935483870968,29626,150,-0.055140529313808306,1,0.3736961493636866,0.06666666666666667,0.26666666666666666,0.9333333333333333,0.0,0.0,0.0,0.0,0.04793725793452649,0.14684905144218982,0.97506334945865,1.0,433,16931,0.9963820549927641,1.0,25,6885,0.9609718767935719,1.0,408,10046,0.9936538668387652,9297,0.975290957923008,5585,0.9049153908138597,2482,c725f0a21bd3,912d45a,False,run_experiments,1.0,0.7763746484523986,1713.9719759257423,0.040000000000000036,0.40267849908871195,0.96
robot_disturbed,nominal,belief_orienteering_density_disabled,0,time_budget,79,0.5266666666666666,27.202609318496393,0.008217193210781615,3310.450249947195,5401.0,185,110,83,25.07211821151033,1927.6765442299454,0.5823004119336014,2948.0,0.5458248472505092,0.24545454545454545,0,1551,101,79,22,22,846,604,0,0.7821782178217822,22883,146,-0.006343860786403744,1,0.23880794681588002,0.07333333333333333,0.26666666666666666,0.5266666666666666,0.010178117048346057,0.125,0.018823529411764708,0.009501187648456057,0.02917968785176531,0.10570985107067185,0.9666712669058791,1.0,483,14009,0.9938775510204082,1.0,33,5357,0.950560316413975,1.0,450,8652,0.9887202339507033,7181,0.9703125,5120,0.8858968507530808,2191,d4dcbfc66277,912d45a,False,run_experiments,1.0,0.7704240574594726,1458.7266102302572,0.4733333333333334,0.5316161106435926,0.5266666666666666
robot_disturbed,nominal,belief_orienteering_density_disabled,1,time_budget,82,0.5466666666666666,25.378278747032954,0.00834468354464279,3041.2511884079267,5401.0,243,132,97,31.894767643569356,1888.7683761306257,0.621049778239259,2922.0,0.5410109239029809,0.26515151515151514,0,1374,112,82,30,30,900,362,0,0.7321428571428571,20671,141,-0.029261771522907966,0,0.2434774887271056,0.2,0.22,0.54,0.02145922746781116,0.32608695652173914,0.040268456375838924,0.02054794520547945,0.046318342379409794,0.1359470627365013,0.9665836916346081,0.9933333333333333,443,12814,0.9941893158388003,0.9733333333333334,31,5304,0.9479929310780106,0.9933333333333333,412,7510,0.9930515344528084,6908,0.9611260053619303,4476,0.8820074746396156,1873,b4a2bb521c2b,912d45a,False,run_experiments,1.0,0.7655832141911998,1597.4875536832108,0.45333333333333337,0.5221057254640942,0.5466666666666666
robot_disturbed,nominal,belief_orienteering_density_disabled,2,time_budget,102,0.68,37.52583377413521,0.012436916757100099,3017.293956937689,5401.0,226,123,76,25.188132507027554,1163.90454217871,0.3857444978148498,2048.0,0.3791890390668395,0.3821138211382114,0,1948,144,102,42,42,1102,702,0,0.7083333333333334,23459,144,-0.010270348533859483,1,0.3679470601189998,0.08666666666666667,0.5133333333333333,0.68,0.0,0.0,0.0,0.0,0.005473873039864877,0.027486697673545762,0.9715828725729716,1.0,442,15112,0.9946329639889196,0.9933333333333333,31,5745,0.9579668643894457,1.0,411,9367,0.9935295610251206,7882,0.9704861111111112,5184,0.9043408360128617,2488,996c38c99177,912d45a,False,run_experiments,1.0,0.7763746484523986,1713.9719759257423,0.31999999999999995,0.40842758833339876,0.68
robot_disturbed,nominal,belief_horizon_no_efficiency,0,time_budget,56,0.37333333333333335,18.626562469290615,0.005763627708878783,3231.742820688552,5401.0,109,62,40,12.377222514097715,1830.6388283033252,0.5664556030214345,2940.0,0.5443436400666544,0.3548387096774194,0,637,69,56,13,13,509,59,0,0.8115942028985508,12119,60,-0.0017421804244888775,0,0.25233241179088145,0.11333333333333333,0.37333333333333335,0.37333333333333335,0.0,0.0,0.0,0.0,0.003108147893946861,0.012498694350575476,0.9474649406688241,0.48,487,8783,0.9913344887348353,0.42,30,3432,0.9213154269972452,0.48,457,5351,0.9874495741819812,4462,0.9423780487804878,3280,0.8416230366492147,1528,a91a530c7f0b,912d45a,False,run_experiments,1.0,0.7704240574594726,1458.7266102302572,0.6266666666666667,0.5180916456685911,0.37333333333333335
robot_disturbed,nominal,belief_horizon_no_efficiency,1,time_budget,108,0.72,37.293955365873856,0.01111318331477534,3355.8301262150803,5401.0,90,31,16,4.767821790206593,738.4404858427745,0.22004703994824518,1067.0,0.1975560081466395,0.4838709677419355,0,1472,145,108,37,37,1091,236,0,0.7448275862068966,18852,118,-0.043058122868484566,1,0.3780123065026032,0.04,0.54,0.72,0.0,0.0,0.0,0.0,0.0029069454668156306,0.021736761587699768,0.968070369857321,0.98,461,13977,0.9958490566037735,0.9,22,5278,0.951958853140731,0.98,439,8699,0.9903961584633854,6664,0.9716867469879518,4980,0.9083750894774517,2794,b7fc5428daac,912d45a,False,run_experiments,1.0,0.7655832141911998,1597.4875536832108,0.28,0.3875709076885966,0.72
robot_disturbed,nominal,belief_horizon_no_efficiency,2,time_budget,142,0.9466666666666667,51.328215330863785,0.016094225155035027,3189.2318416339485,5401.0,99,32,9,2.821996156726255,267.5997047334252,0.08390725981097852,363.0,0.06720977596741344,0.71875,0,2368,181,142,39,39,1292,895,0,0.7845303867403315,31287,149,-0.0634909436722992,1,0.35020713532582143,0.02666666666666667,0.32,0.8,0.002797202797202797,0.2857142857142857,0.00554016620498615,0.002777777777777778,0.04891099396513797,0.17093809075922814,0.9794670996084424,1.0,430,20512,0.9972448340638698,1.0,22,7963,0.9685112294512619,1.0,408,12549,0.9948672391669134,10131,0.980046467131338,7317,0.9336004579278764,3494,6c30294d0ade,912d45a,False,run_experiments,1.0,0.7763746484523986,1713.9719759257423,0.053333333333333344,0.42616751312657714,0.9466666666666667
robot_disturbed,nominal,belief_horizon_no_track_prediction,0,time_budget,47,0.31333333333333335,15.591307443969923,0.004905056085577238,3178.6196063719635,5401.0,202,147,117,36.80843085641894,2499.6434605536133,0.786392764816132,3933.0,0.7281984817626366,0.20408163265306123,0,595,63,47,16,16,471,61,0,0.746031746031746,11907,63,-0.01107814180354218,0,0.2043888841771421,0.14,0.26666666666666666,0.26666666666666666,0.08333333333333333,0.05555555555555555,0.06666666666666667,0.034482758620689655,0.005501497100041214,0.021725887957939345,0.9485468245425188,0.4866666666666667,478,8812,0.9918110236220472,0.42,26,3149,0.9260834014717907,0.4866666666666667,452,5663,0.9852416091406808,4201,0.9512485136741974,3364,0.8539130434782609,1725,17adecb302e0,912d45a,False,run_experiments,1.0,0.7704240574594726,1458.7266102302572,0.6866666666666666,0.5660351732823306,0.31333333333333335
robot_disturbed,nominal,belief_horizon_no_track_prediction,1,time_budget,70,0.4666666666666667,23.714797917996183,0.007899680653910756,3001.994505468536,5401.0,233,185,136,45.303214163869306,2100.1407471421194,0.6995818091327053,3588.0,0.6643214219588965,0.2648648648648649,0,829,90,70,20,20,669,70,0,0.7777777777777778,16139,102,-0.04030867340262974,0,0.311483961631055,0.13333333333333333,0.4666666666666667,0.4666666666666667,0.0,0.0,0.0,0.0,0.004395989274148965,0.012345329995990672,0.9648471443241963,0.86,445,12214,0.9948900244390135,0.8066666666666666,23,4478,0.948271635204707,0.86,422,7736,0.9916652491920395,5879,0.9644182492905479,4581,0.8940427467030468,2199,e3c846fd0c4e,912d45a,False,run_experiments,1.0,0.7655832141911998,1597.4875536832108,0.5333333333333333,0.4540992525601448,0.4666666666666667
robot_disturbed,nominal,belief_horizon_no_track_prediction,2,time_budget,114,0.76,41.19745050641704,0.013607617074939326,3027.5286466055068,5401.0,237,159,91,30.05751905998645,1269.005929796857,0.41915571342972363,2197.0,0.4067765228661359,0.4276729559748428,0,1818,154,114,40,40,1173,491,0,0.7402597402597403,26855,140,-0.031241481782829622,1,0.42592219137090664,0.08666666666666667,0.5066666666666667,0.76,0.0,0.0,0.0,0.0,0.006565803949801063,0.044415996374850795,0.9752909381721913,1.0,448,17683,0.9964523281596452,0.9933333333333333,24,6741,0.9626957592820693,1.0,424,10942,0.9945012647091169,9093,0.9762422360248447,6440,0.9056966897613549,2598,07aae094e48c,912d45a,False,run_experiments,1.0,0.7763746484523986,1713.9719759257423,0.24,0.3504524570814919,0.76
robot_disturbed,nominal,belief_horizon_no_refinement,0,time_budget,109,0.7266666666666667,39.172834142331276,0.012070877084960735,3245.235111468182,5401.0,197,195,120,36.97729005086187,2099.8745012627232,0.6470639041966718,3535.0,0.6545084243658582,0.38461538461538464,0,1820,149,109,40,40,1180,491,0,0.7315436241610739,22673,147,-0.013355757811660887,1,0.4479726065476376,0.16666666666666666,0.6018099159489884,0.7266666666666667,0.0,0.0,0.0,0.0,0.0034282535132956616,0.019663288688975763,0.9670958512160229,1.0,483,14196,0.9943212067435669,1.0,32,5603,0.9501326846528085,1.0,451,8593,0.9929376612793698,7363,0.9682509139888397,5197,0.8744690891930156,2119,9ccc11847648,912d45a,False,run_experiments,1.0,0.7704240574594726,1458.7266102302572,0.2733333333333333,0.322451450911835,0.7266666666666667
robot_disturbed,nominal,belief_horizon_no_refinement,1,time_budget,85,0.5666666666666667,27.406669948066128,0.008583981665694924,3192.768928852016,5401.0,171,169,115,36.0188922413966,2230.9587070802622,0.698753576220256,3853.0,0.7133864099240881,0.31952662721893493,0,1260,119,85,34,34,908,233,0,0.7142857142857143,18599,113,-0.01453209843318718,1,0.3529986394125166,0.16666666666666666,0.5666666666666667,0.5666666666666667,0.0,0.0,0.0,0.0,0.003980418968169925,0.013803019673693982,0.9662676822633297,0.9466666666666667,465,13320,0.9951980792316927,0.8466666666666667,24,4974,0.9498122226015705,0.9466666666666667,441,8346,0.9901693889897156,6612,0.9679591836734693,4900,0.8930928288605368,2273,9c3e502f979f,912d45a,False,run_experiments,1.0,0.7655832141911998,1597.4875536832108,0.43333333333333335,0.4125845747786832,0.5666666666666667
robot_disturbed,nominal,belief_horizon_no_refinement,2,time_budget,103,0.6866666666666666,36.67325109458261,0.011500782832153469,3188.7612895404714,5401.0,170,168,107,33.5553496434409,2244.7254336944493,0.7039490353377734,3874.0,0.7172745787817071,0.3630952380952381,0,1932,149,103,46,46,1172,611,0,0.6912751677852349,26546,149,-0.059462769192675485,1,0.3364592334662579,0.09333333333333334,0.5,0.6866666666666666,0.0,0.0,0.0,0.0,0.010325335905141281,0.05287783408509557,0.9755545232841714,1.0,421,16801,0.9964631708442258,0.9933333333333333,23,6480,0.9628696706782349,1.0,398,10321,0.9941707623728426,8749,0.9738377231748276,5657,0.9211647727272727,2816,df91f4fba784,912d45a,False,run_experiments,1.0,0.7763746484523986,1713.9719759257423,0.31333333333333335,0.4399154149861407,0.6866666666666666
robot_disturbed,nominal,confirmed_route,0,path_budget,92,0.6133333333333333,32.91603718612982,0.00914319193105743,3600.059742191479,4529.0,150,148,86,23.888492458085953,2300.3621302259457,0.6389788767298725,2950.0,0.6513579156546699,0.4189189189189189,77,2066,129,92,37,37,1305,632,0,0.7131782945736435,21437,149,-0.07121567345232965,1,0.2678133266891954,0.006666666666666667,0.28,0.54,0.0,0.0,0.0,0.0,0.026587960678194855,0.11415269600353636,0.9699379070119643,1.0,397,12809,0.9946732227002664,1.0,26,4855,0.9554354354354354,1.0,371,7954,0.9915700737618546,6643,0.9678929765886287,4485,0.9051973051010587,2078,53fea6202765,912d45a,False,run_experiments,1.0,0.7704240574594726,1458.7266102302572,0.3866666666666667,0.5026107307702772,0.6133333333333333
robot_disturbed,nominal,confirmed_route,1,path_budget,109,0.7266666666666667,36.86975324935761,0.010241243687186518,3600.1245918489117,4977.0,205,203,140,38.887543035864866,2125.772936815731,0.5904720468921328,3222.0,0.6473779385171791,0.3103448275862069,137,2207,152,109,43,43,1478,577,0,0.7171052631578947,24222,131,-0.10673844474216854,1,0.19690674763548052,0.013333333333333334,0.1,0.52,0.0022675736961451248,0.041666666666666664,0.004301075268817205,0.0021551724137931034,0.039494103618256164,0.13578832989040351,0.9788511749347258,1.0,405,18745,0.9960965736591008,0.9333333333333333,27,6890,0.969099975476171,1.0,378,11855,0.9935853379152348,8730,0.9800427655024947,7015,0.9386196769456682,3405,5c86c1d9dd62,912d45a,False,run_experiments,1.0,0.7655832141911998,1597.4875536832108,0.2733333333333333,0.5686764665557192,0.7266666666666667
robot_disturbed,nominal,confirmed_route,2,path_budget,103,0.6866666666666666,37.58482904328833,0.010439682933402363,3600.1887493185754,4966.0,202,200,136,37.77579717889551,2457.999502105105,0.6827418430687396,3517.0,0.7082158679017317,0.32,130,1972,129,103,26,26,1258,585,0,0.7984496124031008,23608,149,-0.046484068939316794,1,0.26186109817082154,0.03333333333333333,0.18,0.6133333333333333,0.0,0.0,0.0,0.0,0.029571276407143767,0.10855948805195298,0.9734656068845993,1.0,444,16289,0.9958025520483546,1.0,25,5931,0.9611209056323652,1.0,419,10358,0.9919425909605942,7943,0.9746020995597697,5906,0.920249653259362,2884,b5b5630a52c6,912d45a,False,run_experiments,1.0,0.7763746484523986,1713.9719759257423,0.31333333333333335,0.514513550281577,0.6866666666666666
robot_disturbed,nominal,oracle_perfect_static,0,time_budget,2,0.013333333333333334,0.7699160920294452,0.0003313442579744229,2323.6138049776514,5401.0,418,417,415,178.6011079427166,2301.6814497482937,0.9905611013403458,5363.0,0.9929642658766895,0.004796163069544364,0,25,2,2,0,0,23,0,0,1.0,1319,13,-0.015081360299271618,0,0.01291563703902836,0.013333333333333334,0.013333333333333334,0.013333333333333334,0.0,0.0,0.0,0.0,0.005915912760913996,0.016453915615044338,0.7621761658031088,0.13333333333333333,459,1471,0.9454191033138402,0.12666666666666668,28,485,0.6958362738179252,0.13333333333333333,431,986,0.9037267080745341,644,0.8062418725617685,769,0.5203094777562862,517,3bf69a76b1ff,912d45a,False,run_experiments,1.0,0.7704240574594726,1458.7266102302572,0.9866666666666667,0.7575084204204443,0.013333333333333334
robot_disturbed,nominal,oracle_perfect_static,1,time_budget,3,0.02,0.513368257093263,0.00022880593560341254,2243.6841760219017,5401.0,420,419,416,185.409338999563,2223.6610011751545,0.9910757605456536,5361.0,0.9925939640807258,0.007159904534606206,0,45,5,3,2,2,40,0,0,0.6,1043,16,-0.034037954367704966,0,0.018795803833233676,0.02,0.02,0.02,0.0,0.0,0.0,0.0,0.006403394697871487,0.01637703326613656,0.8449356647970967,0.3466666666666667,470,2561,0.9744680851063829,0.24666666666666667,18,687,0.8056749785038693,0.3466666666666667,452,1874,0.925609756097561,820,0.8605003790750568,1319,0.7477578475336323,892,557a1cf92ff5,912d45a,False,run_experiments,1.0,0.7655832141911998,1597.4875536832108,0.98,0.7467874103579661,0.02
robot_disturbed,nominal,oracle_perfect_static,2,time_budget,1,0.006666666666666667,0.13194847611872118,5.751411946475301e-05,2294.1927538260334,5401.0,422,421,420,183.07092954572562,2288.4539122869533,0.9974985355831547,5386.0,0.9972227365302722,0.0023752969121140144,0,19,1,1,0,0,18,0,0,1.0,1937,19,-0.02996109062350768,0,0.005954106796259086,0.006666666666666667,0.006666666666666667,0.006666666666666667,0.0,0.0,0.0,0.0,0.006304523032725247,0.016428531635244853,0.878732796676188,0.36,467,3384,0.9763513513513513,0.24666666666666667,21,867,0.8494768815389807,0.36,446,2517,0.9535747446610956,1077,0.9027777777777778,1656,0.7710196779964222,1118,16eaef59d885,912d45a,False,run_experiments,1.0,0.7763746484523986,1713.9719759257423,0.9933333333333333,0.7704205416561395,0.006666666666666667
robot_disturbed,nominal,oracle_current_physics,0,done,150,1.0,52.872430006813836,0.036245606021040516,1458.7266102302572,2274.0,154,152,9,6.169764736504922,51.91182160180722,0.03558708070295162,111.0,0.048812664907651716,0.9407894736842105,0,1866,201,150,51,51,1407,258,0,0.746268656716418,7200,150,-0.06425249335442416,1,0.7704240574594726,0.5133333333333333,0.9933333333333333,0.9933333333333333,0.0,0.0,0.0,0.0,0.01909741789427861,0.07960407794184356,0.9670212765957447,1.0,186,5454,0.9915134370579916,1.0,18,2103,0.9522591645353794,1.0,168,3351,0.9920159680638723,3006,0.961910176236498,1759,0.8914285714285715,875,c2ae7f360559,912d45a,False,run_experiments,1.0,0.7704240574594726,1458.7266102302572,0.0,0.0,1.0
robot_disturbed,nominal,oracle_current_physics,1,done,150,1.0,50.8182193007545,0.03181133974007286,1597.4875536832108,2471.0,155,153,12,7.511795614515101,73.65239760515642,0.046105146444078045,170.0,0.0687980574666127,0.9215686274509803,0,1583,188,150,38,38,1316,79,0,0.7978723404255319,6558,150,-0.053664885324963316,1,0.7655832141911998,0.5466666666666666,0.9933333333333333,0.9933333333333333,0.0,0.0,0.0,0.0,0.013951759103110214,0.05896007558363198,0.9658181818181818,1.0,188,5312,0.9950738916256158,1.0,10,2020,0.9487031700288184,1.0,178,3292,0.989803094233474,2844,0.9651685393258427,1780,0.889269406392694,876,73fa003c7cce,912d45a,False,run_experiments,1.0,0.7655832141911998,1597.4875536832108,0.0,0.0,1.0
robot_disturbed,nominal,oracle_current_physics,2,done,150,1.0,53.55858487963708,0.03124822671077179,1713.9719759257423,2659.0,154,152,9,5.250960999603837,57.03362437608678,0.033275704140542935,121.0,0.04550582925911997,0.9407894736842105,0,1636,196,150,46,46,1372,68,0,0.7653061224489796,5952,150,-0.0793787194347862,1,0.7763746484523986,0.6,0.9933333333333333,0.9933333333333333,0.0,0.0,0.0,0.0,0.010838151234028611,0.05689635183265505,0.955772734802054,1.0,267,5770,0.9885167464114832,1.0,24,2066,0.938434253863694,1.0,243,3704,0.9893579283433842,2819,0.9526570048309179,2070,0.8789198606271778,1148,04cd74a532af,912d45a,False,run_experiments,1.0,0.7763746484523986,1713.9719759257423,0.0,0.0,1.0
robot_disturbed,nominal,oracle_route_heuristic,0,done,150,1.0,52.872430006813836,0.02143458938064199,2466.687328032698,4232.0,330,328,193,78.24258786537278,1416.9310119447784,0.5744266797992793,2698.0,0.6375236294896031,0.4115853658536585,0,2228,187,150,37,37,1345,696,0,0.8021390374331551,22397,150,-0.05157780641585598,1,0.6355260478963818,0.3333333333333333,0.9266666666666666,0.9933333333333333,0.0,0.0,0.0,0.0,0.019716845764312006,0.09295049519431546,0.9713671539122958,1.0,333,11297,0.9946224994622499,1.0,25,4624,0.9558802463830397,1.0,308,6673,0.9942714453584018,6808,0.9709892660284305,3447,0.858909090909091,1375,382b2dacec7f,912d45a,False,run_experiments,1.0,0.7704240574594726,1458.7266102302572,0.0,0.13489800956309084,1.0
robot_disturbed,nominal,oracle_route_heuristic,1,done,150,1.0,50.8182193007545,0.018150746170998096,2799.786786834893,4970.0,391,389,245,87.50666341881268,1715.5262974403433,0.6127346216172818,3399.0,0.6839034205231388,0.37017994858611825,0,2045,207,150,57,57,1476,362,0,0.7246376811594203,24379,150,-0.06612411615169302,1,0.5904071756120737,0.17333333333333334,0.8692468380255716,0.9933333333333333,0.0,0.0,0.0,0.0,0.01105326357980203,0.07301918130947228,0.9744173586927404,1.0,382,14550,0.9959721713658001,1.0,22,5440,0.9619852164730729,1.0,360,9110,0.9932806324110672,7590,0.9727742448330684,5032,0.9160173160173161,2310,7e1d93cad00f,912d45a,False,run_experiments,1.0,0.7655832141911998,1597.4875536832108,0.0,0.17517603857912611,1.0
robot_disturbed,nominal,oracle_route_heuristic,2,done,150,1.0,53.55858487963708,0.02194560600883981,2440.515192793646,4530.0,374,371,237,97.11064315428713,1466.3621955410968,0.6008412485490652,3120.0,0.6887417218543046,0.3611859838274933,0,2080,198,150,48,48,1442,440,0,0.7575757575757576,23637,150,-0.08444487747246572,1,0.5819228111777,0.24429068098466322,0.7866666666666666,0.9933333333333333,0.0,0.0,0.0,0.0,0.028795103384011173,0.1090056026140799,0.9762461305199318,1.0,376,15453,0.9962406015037594,1.0,21,5565,0.9653421849067656,1.0,355,9888,0.9923838537699924,7878,0.9764309764309764,5346,0.927063339731286,2605,101feefff8dd,912d45a,False,run_experiments,1.0,0.7763746484523986,1713.9719759257423,0.0,0.1944518372746986,1.0
