,,,,seed,seed,collected,collected,collected_ratio,collected_ratio,collected_mass_kg,collected_mass_kg,collected_mass_per_meter,collected_mass_per_meter,path_length_m,path_length_m,sim_time_s,sim_time_s,goal_count,goal_count,evaluated_goal_count,evaluated_goal_count,empty_goal_arrivals,empty_goal_arrivals,empty_goal_arrivals_per_km,empty_goal_arrivals_per_km,wasted_path_to_empty_goals,wasted_path_to_empty_goals,wasted_path_ratio,wasted_path_ratio,wasted_time_to_empty_goals,wasted_time_to_empty_goals,wasted_time_ratio,wasted_time_ratio,goal_success_rate,goal_success_rate,route_false_visits,route_false_visits,capture_contacts,capture_contacts,terminal_capture_attempts,terminal_capture_attempts,successful_captures,successful_captures,missed_capture_count,missed_capture_count,missed_captures,missed_captures,partial_contact_events,partial_contact_events,throughput_limit_events,throughput_limit_events,bin_full_events,bin_full_events,collection_precision,collection_precision,pushed_away_events,pushed_away_events,pushed_away_debris_count,pushed_away_debris_count,info_gain_total,info_gain_total,unload_events,unload_events,auc_collected_by_path,auc_collected_by_path,collected_ratio_at_1km,collected_ratio_at_1km,collected_ratio_at_2km,collected_ratio_at_2km,collected_ratio_at_3km,collected_ratio_at_3km,map_precision,map_precision,map_recall,map_recall,map_f1,map_f1,map_iou,map_iou,map_brier,map_brier,count_mae,count_mae,detection_precision,detection_precision,detection_recall,detection_recall,false_detection_count,false_detection_count,true_detection_count,true_detection_count,camera_detection_precision,camera_detection_precision,camera_detection_recall,camera_detection_recall,camera_false_detection_count,camera_false_detection_count,camera_true_detection_count,camera_true_detection_count,radar_detection_precision,radar_detection_precision,radar_detection_recall,radar_detection_recall,radar_false_detection_count,radar_false_detection_count,radar_true_detection_count,radar_true_detection_count,near_range_detection_precision,near_range_detection_precision,near_range_detection_count,near_range_detection_count,mid_range_detection_precision,mid_range_detection_precision,mid_range_detection_count,mid_range_detection_count,far_range_detection_precision,far_range_detection_precision,far_range_detection_count,far_range_detection_count,path_budget_m,path_budget_m,safety_tmax_s,safety_tmax_s,world_area_m2,world_area_m2,collection_coverage_ratio,collection_coverage_ratio,drift_speed_mps,drift_speed_mps,drift_per_update_width,drift_per_update_width,drift_per_60s_width,drift_per_60s_width,camera_sigma_eff_m,camera_sigma_eff_m,radar_sigma_eff_m,radar_sigma_eff_m,camera_capture_uncertainty_ratio,camera_capture_uncertainty_ratio,radar_capture_uncertainty_ratio,radar_capture_uncertainty_ratio,expected_camera_clutter_per_scan,expected_camera_clutter_per_scan,expected_radar_clutter_per_scan,expected_radar_clutter_per_scan,oracle_current_collected_ratio,oracle_current_collected_ratio,oracle_current_auc_collected_by_path,oracle_current_auc_collected_by_path,oracle_current_path_length_m,oracle_current_path_length_m,oracle_gap_collected_ratio,oracle_gap_collected_ratio,oracle_gap_auc_collected_by_path,oracle_gap_auc_collected_by_path,collected_ratio_vs_oracle,collected_ratio_vs_oracle,best_fixed_auc_collected_by_path,best_fixed_auc_collected_by_path,best_fixed_collected_ratio,best_fixed_collected_ratio,delta_vs_best_fixed_auc,delta_vs_best_fixed_auc,delta_vs_best_fixed_collected_ratio,delta_vs_best_fixed_collected_ratio,gain_vs_best_fixed_auc,gain_vs_best_fixed_auc,gain_vs_best_fixed_collected_ratio,gain_vs_best_fixed_collected_ratio,regret_to_best_fixed_auc,regret_to_best_fixed_auc,regret_to_best_fixed_collected_ratio,regret_to_best_fixed_collected_ratio
,,,,mean,std,mean,std,mean,std,mean,std,mean,std,mean,std,mean,std,mean,std,mean,std,mean,std,mean,std,mean,std,mean,std,mean,std,mean,std,mean,std,mean,std,mean,std,mean,std,mean,std,mean,std,mean,std,mean,std,mean,std,mean,std,mean,std,mean,std,mean,std,mean,std,mean,std,mean,std,mean,std,mean,std,mean,std,mean,std,mean,std,mean,std,mean,std,mean,std,mean,std,mean,std,mean,std,mean,std,mean,std,mean,std,mean,std,mean,std,mean,std,mean,std,mean,std,mean,std,mean,std,mean,std,mean,std,mean,std,mean,std,mean,std,mean,std,mean,std,mean,std,mean,std,mean,std,mean,std,mean,std,mean,std,mean,std,mean,std,mean,std,mean,std,mean,std,mean,std,mean,std,mean,std,mean,std,mean,std,mean,std,mean,std,mean,std,mean,std,mean,std,mean,std,mean,std,mean,std,mean,std,mean,std
path_budget_m,scenario,profile,mode,,,,,,,,,,,,,,,,,,,,,,,,,,,,,,,,,,,,,,,,,,,,,,,,,,,,,,,,,,,,,,,,,,,,,,,,,,,,,,,,,,,,,,,,,,,,,,,,,,,,,,,,,,,,,,,,,,,,,,,,,,,,,,,,,,,,,,,,,,,,,,,,,,,,,,,,,,,,,,,,,,,,,,,,,,
1200.0,robot_disturbed,nominal,adaptive_mission,114.5,8.803408430829505,44.93333333333333,23.289680019319693,0.2995555555555555,0.15526453346213132,15.767563238172102,8.358124790168679,0.013138751458727983,0.0069647095399418945,1200.0852670792906,0.031386645972110355,2585.233333333333,249.60958250468053,154.13333333333333,33.17324777310917,60.43333333333333,10.122298135316402,40.56666666666667,8.07586157817759,33.803162405983834,6.729437658148591,404.6181232481828,147.53611838090475,0.33715763753519146,0.12293860030992071,800.8666666666667,239.9502438844976,0.31564562670603513,0.11560791087495494,0.32406274112044603,0.121268864959722,0.0,0.0,651.4,365.3267408583813,60.3,30.32143887041665,44.93333333333333,23.289680019319693,15.366666666666667,8.09633094139831,15.366666666666667,8.09633094139831,477.6,228.2572051965456,113.5,119.12345088908457,0.0,0.0,0.7425015449261335,0.05904130199533189,11228.866666666667,4639.919200644096,74.76666666666667,31.297993031759912,-0.04075584060130905,0.02121016642964927,0.1,0.30512857662936466,0.09991391690849984,0.05429749850707174,0.19599999999999998,0.13132510622460664,0.2995555555555555,0.15526453346213132,0.2995555555555555,0.15526453346213132,0.04560455453646643,0.037675444253349365,0.156965843842274,0.13549001287116333,0.061690808954223054,0.048781332977389284,0.03247969773605097,0.0268513080240105,0.029288926218218863,0.012612105201384269,0.09329087616167968,0.04279040739864199,0.9715080940803607,0.016669150331073253,0.7688888888888888,0.1982709422455866,220.06666666666666,25.257205640799008,8867.466666666667,3211.6277399832447,0.9954558844893409,0.0024922660860478008,0.6308888888888888,0.2366722248551358,11.633333333333333,2.5255021123610706,3065.9,1182.686344579649,0.9595461371107594,0.023613044130800537,0.7686666666666666,0.19826952513611654,208.43333333333334,24.4733258500131,5801.566666666667,2077.449458837203,0.9919021103893025,0.004620551120126828,4090.5333333333333,1569.2231052412492,0.9715745855203555,0.019128398954327747,3284.8,1191.0365639021013,0.9214459506433148,0.049671481874029186,1712.2,602.3268902835242,1200.0,0.0,8000.0,0.0,40000.0,0.0,0.029999999999999995,0.0,0.045276925690687,0.0,0.0905538513813741,0.0,2.7166155414412247,0.0,1.25,0.0,3.67,0.0,1.25,0.0,3.67,0.0,0.0095447693468439,0.0,0.1590431280879832,0.0,0.7137777777777778,0.13166698190951157,0.3699927673743525,0.03756458190023627,1200.1013126509888,0.06368820769050955,0.41422222222222227,0.17455566652273985,0.2700788504658526,0.06205817159621887,0.4249296775161356,0.20498406858739807,0.1045261889049513,0.051391049262677915,0.31355555555555553,0.1484064351274183,-0.004612271996451465,0.01786221152039175,-0.013999999999999997,0.10254015193386781,0.002602916391766827,0.007517610668706597,0.01644444444444445,0.04935548844963619,0.0072151883882182926,0.014956197941659881,0.030444444444444448,0.08392084088664346
1200.0,robot_disturbed,nominal,belief_horizon,114.5,8.803408430829505,45.56666666666667,23.762740079627893,0.30377777777777776,0.15841826719751934,15.8563464144889,8.463918969181993,0.013212677241404317,0.007052745523030445,1200.0853174258013,0.04229957301476773,2585.7,261.6527245718302,155.86666666666667,33.57311458575903,61.63333333333333,10.99053929627607,41.63333333333333,8.462832872619256,34.69206596923859,7.052231149402308,415.3470924908989,152.8311514261472,0.34609845680951906,0.12735436279148996,817.4666666666667,244.14209165881294,0.32268417426959817,0.11839067124871396,0.32066780634496383,0.11441703560436928,0.0,0.0,661.5,385.9217135190987,60.733333333333334,30.8868159948359,45.56666666666667,23.762740079627893,15.166666666666666,8.375182276280293,15.166666666666666,8.375182276280293,483.53333333333336,239.24705645626761,117.23333333333333,128.4755936391015,0.0,0.0,0.750408378399418,0.06766156919846834,11559.2,4740.875813165967,74.23333333333333,31.592975357728232,-0.042749788240665144,0.02157360386674444,0.06666666666666667,0.2537081317024624,0.10203161761592416,0.053537716691323775,0.20288888888888887,0.130612272672476,0.30377777777777776,0.15841826719751934,0.30377777777777776,0.15841826719751934,0.046229474022840965,0.03599490725316649,0.14538388165447796,0.13389418462219832,0.05550614640239408,0.041482469801696537,0.02900585108844093,0.02234459205860432,0.030475017080954413,0.013216708454729387,0.09733274169671824,0.04611814845124386,0.9717001223149002,0.017230469436833894,0.7588888888888888,0.2035025362194904,221.6,24.849339129490218,9030.6,3218.0140438175376,0.9954632039572291,0.0027156728326641413,0.6293333333333333,0.23442176353400043,11.8,2.8695788469077987,3128.5333333333333,1200.55474916687,0.9598459745149477,0.024081975506492576,0.7584444444444445,0.2038155828839127,209.8,24.120959550879654,5902.066666666667,2074.440297315504,0.9921146123776494,0.004411548899987126,4184.1,1588.8092776320434,0.9717789658514976,0.020263357018173694,3324.4333333333334,1185.196118889142,0.9215792087681366,0.04753908027852102,1743.6666666666667,614.0316364607875,1200.0,0.0,8000.0,0.0,40000.0,0.0,0.029999999999999995,0.0,0.045276925690687,0.0,0.0905538513813741,0.0,2.7166155414412247,0.0,1.25,0.0,3.67,0.0,1.25,0.0,3.67,0.0,0.0095447693468439,0.0,0.1590431280879832,0.0,0.7137777777777778,0.13166698190951157,0.3699927673743525,0.03756458190023627,1200.1013126509888,0.06368820769050955,0.41000000000000003,0.17696245028892582,0.26796114975842833,0.06428488801421657,0.432493674713337,0.2237904522752584,0.1045261889049513,0.051391049262677915,0.31355555555555553,0.1484064351274183,-0.0024945712890271274,0.005179272963846325,-0.009777777777777778,0.026536078719710015,0.0,0.0,0.0,0.0,0.0024945712890271274,0.005179272963846325,0.009777777777777778,0.026536078719710015
1200.0,robot_disturbed,nominal,belief_orienteering,114.5,8.803408430829505,29.166666666666668,19.95526606382789,0.1944444444444444,0.13303510709218594,10.48707486535773,7.551572647644766,0.008738539364677533,0.006292299798049438,1200.0828483296348,0.044347797801239146,2404.7,159.7696941613577,109.0,19.310529555766664,49.333333333333336,8.218286310725459,34.63333333333333,7.364796662845316,28.8591637733129,6.137046763993237,504.199086122827,125.6543285051551,0.4201366340649881,0.10470132074094116,945.6666666666666,227.09064472042922,0.39564454348493244,0.10640407768031743,0.292404505528934,0.12589025466620604,0.0,0.0,424.5,317.92535992392715,39.0,26.038433132583073,29.166666666666668,19.95526606382789,9.833333333333334,6.690617894940044,9.833333333333334,6.690617894940044,315.2,198.87500839853465,70.3,100.0975903116898,0.0,0.0,0.7457227533311882,0.0748526228344323,7971.1,3361.2278375412266,55.233333333333334,27.13273037258256,-0.034445161932822425,0.02244528634812914,0.03333333333333333,0.18257418583505536,0.0705327153645883,0.04654046982639309,0.1364218377010812,0.11259594150648927,0.1944444444444444,0.13303510709218594,0.1944444444444444,0.13303510709218594,0.08658724517053482,0.05652396390007772,0.13689579298214818,0.11209668779637517,0.08017046039145774,0.04281667976457228,0.042265793213423414,0.023511843204902145,0.023025446504606733,0.011671858997407915,0.07185998022212499,0.03968239469936201,0.970346471823111,0.012029493208997434,0.6606666666666666,0.1963213410852657,199.86666666666667,17.083432856452458,7323.966666666666,2333.8136391534886,0.9947898308284039,0.0023275351774625563,0.4955555555555556,0.2075977050739713,11.0,2.791613054897806,2389.8333333333335,878.2851270332524,0.959178563895852,0.01622095801417721,0.6604444444444444,0.19653655024218356,188.86666666666667,17.09553951369677,4934.133333333333,1523.0612941530378,0.991690819286488,0.004185171785705429,3204.7,1140.0422300103169,0.9707700991503375,0.012300065659901115,2803.8333333333335,885.9397536663747,0.9228978275419709,0.03521736051423869,1515.3,481.6295006143924,1200.0,0.0,8000.0,0.0,40000.0,0.0,0.029999999999999995,0.0,0.045276925690687,0.0,0.0905538513813741,0.0,2.7166155414412247,0.0,1.25,0.0,3.67,0.0,1.25,0.0,3.67,0.0,0.0095447693468439,0.0,0.1590431280879832,0.0,0.7137777777777778,0.13166698190951157,0.3699927673743525,0.03756458190023627,1200.1013126509888,0.06368820769050955,0.5193333333333334,0.15301165658147886,0.29946005200976417,0.05861564010681806,0.27079331983352467,0.16710014323971864,0.1045261889049513,0.051391049262677915,0.31355555555555553,0.1484064351274183,-0.03399347354036299,0.03247153642778303,-0.11911111111111111,0.1318042590644746,0.0,0.0,0.0,0.0,0.03399347354036299,0.03247153642778303,0.11911111111111111,0.1318042590644746
1200.0,robot_disturbed,nominal,belief_orienteering_depth1,114.5,8.803408430829505,25.2,17.04638701733677,0.16799999999999998,0.11364258011557847,8.753621978953333,6.397826444347406,0.0072942740844256235,0.005331147722734956,1200.0633236163153,0.050796246603208,2303.766666666667,118.05395707730094,85.56666666666666,12.759535537253571,41.53333333333333,7.060005535473717,29.0,5.795360808142297,24.165410239313665,4.829360681304737,553.7575709148633,115.22577670199023,0.4614402668426289,0.09601551282760498,1005.6666666666666,224.6993905019638,0.43702086128426115,0.10193359920898039,0.296708111443994,0.12151428803781861,0.0,0.0,378.3,301.9177953887677,34.0,23.659947241029002,25.2,17.04638701733677,8.8,7.1264441972523525,8.8,7.1264441972523525,277.26666666666665,187.92018359478806,67.03333333333333,104.32062094343087,0.0,0.0,0.753964997170765,0.08793883961911765,6714.333333333333,2883.641009429636,52.06666666666667,26.84043955307548,-0.04035582763695896,0.022783344221374218,0.03333333333333333,0.18257418583505536,0.06208017981038926,0.0437208204847682,0.11688888888888886,0.09988089970139258,0.16799999999999998,0.11364258011557847,0.16799999999999998,0.11364258011557847,0.07666012859930559,0.05462295356454983,0.12236144735119178,0.11429064227234308,0.0785793049523354,0.05883724201671973,0.04186387369929758,0.03270128704373286,0.021697169511290092,0.009964531204014903,0.06656579280815174,0.03192872785499541,0.9676830332226751,0.014241765286047574,0.6595555555555556,0.20103131288725887,197.63333333333333,15.510804539780144,6851.666666666667,2432.5819309068943,0.9936207291835573,0.00338233069671413,0.5002222222222222,0.21511813262344298,11.533333333333333,3.266690124241369,2160.733333333333,853.497588358241,0.9563015184824792,0.01896782270966948,0.6593333333333333,0.20096586698612925,186.1,14.907415419272338,4690.933333333333,1635.719306780571,0.9898896881016598,0.00510984903017914,2867.4333333333334,1105.1169600554952,0.9699660675190878,0.014104581603249745,2694.3333333333335,961.5472564761347,0.9198642010395246,0.03602493544161461,1487.5333333333333,513.9585877140856,1200.0,0.0,8000.0,0.0,40000.0,0.0,0.029999999999999995,0.0,0.045276925690687,0.0,0.0905538513813741,0.0,2.7166155414412247,0.0,1.25,0.0,3.67,0.0,1.25,0.0,3.67,0.0,0.0095447693468439,0.0,0.1590431280879832,0.0,0.7137777777777778,0.13166698190951157,0.3699927673743525,0.03756458190023627,1200.1013126509888,0.06368820769050955,0.5457777777777778,0.16164606654707211,0.30791258756396317,0.05484658309030349,0.24195050515976183,0.16384831492135418,0.1045261889049513,0.051391049262677915,0.31355555555555553,0.1484064351274183,-0.04244600909456204,0.039688973886093916,-0.14555555555555558,0.13478614630692118,0.0,0.0,0.0,0.0,0.04244600909456204,0.039688973886093916,0.14555555555555558,0.13478614630692118
1200.0,robot_disturbed,nominal,confirmed_route,114.5,8.803408430829505,14.033333333333333,15.689845900065942,0.09355555555555553,0.10459897266710627,4.768576760395374,5.482623241819517,0.00397351495611692,0.0045685413312662885,1200.09727232041,0.07530101911778002,1710.0333333333333,139.33573528150197,69.26666666666667,19.741315564822038,68.26666666666667,19.741315564822038,57.4,15.81705757544138,47.82911204699281,13.178568605990062,1054.8143466368729,118.93414281075611,0.8789395976976907,0.0990959528736569,1510.1333333333334,194.81286039353938,0.8834257585223925,0.09133316155632965,0.14755622124861176,0.11677989628598734,55.03333333333333,16.261830353216137,281.46666666666664,312.2407043792727,18.733333333333334,20.321439898300266,14.033333333333333,15.689845900065942,4.7,5.086493270722321,4.7,5.086493270722321,214.9,206.27373008732334,47.833333333333336,93.4828338781247,0.0,0.0,0.7182257561854336,0.23018184866900065,5326.733333333334,3462.498588903816,51.46666666666667,23.780219733524593,-0.05392227022719403,0.016313412465939578,0.0,0.0,0.02701662498355105,0.02513846374674775,0.05860631860206308,0.06206281648443084,0.09355555555555553,0.10459897266710627,0.09355555555555553,0.10459897266710627,0.08351380797147986,0.04147113032801708,0.14918926278673542,0.10154261056897015,0.08961976430031271,0.038492252307697344,0.04732300989740434,0.02111013207163365,0.026463199988427815,0.0110534949968343,0.07760688328320126,0.034764167077755134,0.9695241757283078,0.013004124280039145,0.706,0.13857899527357845,144.33333333333334,18.25552978732997,5488.4,2522.1619161018352,0.9938996023702782,0.004050077883090702,0.5008888888888888,0.1772046316592247,8.1,4.08825061651659,1648.0333333333333,904.6690948984427,0.9599746163126717,0.01647894613080284,0.7057777777777777,0.13849473573500568,136.23333333333332,16.941447508349487,3840.366666666667,1652.2388673290081,0.9892708912953283,0.005883110123663945,2159.0,1206.4653131044165,0.9730703623738638,0.012054948498523987,2205.5333333333333,989.5209824519355,0.9323011740590922,0.027006405677880988,1268.2,435.2438397036769,1200.0,0.0,8000.0,0.0,40000.0,0.0,0.029999999999999995,0.0,0.045276925690687,0.0,0.0905538513813741,0.0,2.7166155414412247,0.0,1.25,0.0,3.67,0.0,1.25,0.0,3.67,0.0,0.0095447693468439,0.0,0.1590431280879832,0.0,0.7137777777777778,0.13166698190951157,0.3699927673743525,0.03756458190023627,1200.1013126509888,0.06368820769050955,0.6202222222222222,0.1522599444269036,0.34297614239080143,0.049402434424815865,0.13066957728388295,0.13839007824442906,0.1045261889049513,0.051391049262677915,0.31355555555555553,0.1484064351274183,-0.07750956392140025,0.045443524914832445,-0.22,0.14623761695619503,0.0,0.0,0.0,0.0,0.07750956392140025,0.045443524914832445,0.22,0.14623761695619503
1200.0,robot_disturbed,nominal,greedy,114.5,8.803408430829505,14.0,5.458305913768105,0.09333333333333331,0.03638870609178735,4.87182679387674,1.9582958503289962,0.004059417288527007,0.0016317547760942483,1200.1291555932935,0.06173210679829896,2059.0333333333333,227.27159558756907,102.3,26.962489908555657,101.3,26.962489908555657,87.66666666666667,22.885522201531288,73.04774127178,19.069400437473863,1050.759792148491,69.44007551652932,0.8755387165579103,0.05785818743676585,1836.1,204.68383525279444,0.8929253112808357,0.043749799237011486,0.1287748160893796,0.0449147952278466,0.0,0.0,188.56666666666666,87.61541485115637,18.3,7.6795743416523745,14.0,5.458305913768105,4.3,3.217945371474336,4.3,3.217945371474336,164.8,73.19854907173296,5.466666666666667,11.85758402249694,0.0,0.0,0.7363458072275095,0.23113427303289025,5288.933333333333,2422.5842988547315,31.833333333333332,22.626020012569498,-0.026726156770367892,0.02221857360574685,0.0,0.0,0.04996987563261134,0.020237579804793578,0.07999999999999997,0.033218191941495986,0.09333333333333331,0.03638870609178735,0.09333333333333331,0.03638870609178735,0.09205591949220174,0.1011780633522973,0.06576068701039364,0.07531870652906118,0.061270153806732106,0.05321561982995095,0.03237609311799826,0.029148779255319376,0.01488579389281545,0.004648124611298732,0.03994722875562857,0.01639991952821525,0.9030805542127782,0.2004944611522476,0.5355555555555556,0.24972219558555767,169.23333333333332,24.19843730111702,4086.133333333333,1928.2766065231328,0.9309037124883484,0.23441256137664818,0.34133333333333327,0.2160062437014441,8.533333333333333,3.0369373562434783,1199.6333333333334,576.2129924287356,0.8898841939110629,0.1964416076331866,0.5355555555555556,0.24972219558555767,160.7,22.48240691495586,2886.5,1365.3785315738482,0.9226347616586857,0.23828205623151677,1623.8666666666666,767.0419551234079,0.895916194882618,0.23002572678580818,1564.9333333333334,754.5445272998545,0.8624068806925727,0.17260305673850462,1066.5666666666666,504.1486291064224,1200.0,0.0,8000.0,0.0,40000.0,0.0,0.029999999999999995,0.0,0.045276925690687,0.0,0.0905538513813741,0.0,2.7166155414412247,0.0,1.25,0.0,3.67,0.0,1.25,0.0,3.67,0.0,0.0095447693468439,0.0,0.1590431280879832,0.0,0.7137777777777778,0.13166698190951157,0.3699927673743525,0.03756458190023627,1200.1013126509888,0.06368820769050955,0.6204444444444445,0.14257547126482065,0.3200228917417411,0.034831038510221804,0.13659185937700996,0.06292578371178326,0.1045261889049513,0.051391049262677915,0.31355555555555553,0.1484064351274183,-0.05455631327233996,0.05759524719117422,-0.2202222222222222,0.15439892931688934,0.0,0.0,0.0,0.0,0.05455631327233996,0.05759524719117422,0.2202222222222222,0.15439892931688934
1200.0,robot_disturbed,nominal,lawnmower_collect,114.5,8.803408430829505,3.4,2.3282374567840827,0.02266666666666663,0.015521583045227223,1.1879357055752002,0.9665669945876466,0.00098982269347593,0.0008053718240117069,1200.1499999999974,0.0,2030.0,0.0,12.0,0.0,11.0,0.0,8.633333333333333,1.5196036990935664,7.1935452512880484,1.2661781436433528,663.5449999999257,227.05257037855264,0.5528850560346016,0.18918682696209066,1126.6333333333334,382.45031079852066,0.554991789819376,0.1883991678810447,0.21515151515151515,0.13814579082668785,0.0,0.0,52.666666666666664,35.295143099820145,4.466666666666667,3.048270661045129,3.4,2.3282374567840827,1.0666666666666667,1.2015315896469556,1.0666666666666667,1.2015315896469556,42.63333333333333,26.614078894493023,5.566666666666666,11.921245402810184,0.0,0.0,0.7384920634920635,0.27832138535609763,1418.7666666666667,692.7341970886755,17.233333333333334,8.058764059142042,-0.041264208083761446,0.012657377076749049,0.0,0.0,0.01165241666666749,0.008674867282598421,0.01755555555555551,0.012803655289063926,0.02266666666666663,0.015521583045227223,0.02266666666666663,0.015521583045227223,0.04491559417773206,0.07542316518260293,0.010465582302045527,0.02096935149125071,0.01471967033899733,0.02646831046765338,0.00759288052500472,0.013850994159668773,0.01302872784456794,0.002030255010671508,0.032299715779347205,0.005919359431744142,0.9349885223084424,0.028021627566994303,0.52,0.1517408559232544,171.43333333333334,12.033525964007255,2860.633333333333,1077.869081786496,0.9808112233446642,0.01565308833976869,0.24799999999999997,0.10186611301528546,9.733333333333333,3.5519138438344737,658.9333333333333,303.39492111919003,0.9228465087477207,0.030102777104901023,0.52,0.1517408559232544,161.7,11.474559566335403,2201.7,787.8040693752083,0.9636947594499772,0.02552486077599461,792.4333333333333,362.86339058919276,0.9426054844306806,0.027596260522965797,1248.2333333333333,461.5882389087167,0.9023503903599971,0.034154470706262055,991.4,285.28226796243945,1200.0,0.0,8000.0,0.0,40000.0,0.0,0.029999999999999995,0.0,0.045276925690687,0.0,0.0905538513813741,0.0,2.7166155414412247,0.0,1.25,0.0,3.67,0.0,1.25,0.0,3.67,0.0,0.0095447693468439,0.0,0.1590431280879832,0.0,0.7137777777777778,0.13166698190951157,0.3699927673743525,0.03756458190023627,1200.1013126509888,0.06368820769050955,0.6911111111111111,0.13264573661888762,0.358340350707685,0.0374273974990874,0.03293914348746872,0.02511837694580284,0.1045261889049513,0.051391049262677915,0.31355555555555553,0.1484064351274183,-0.0928737722382838,0.04979472228802601,-0.29088888888888886,0.14443955193600477,0.0,0.0,0.0,0.0,0.0928737722382838,0.04979472228802601,0.29088888888888886,0.14443955193600477
1200.0,robot_disturbed,nominal,oracle_current_physics,114.5,8.803408430829505,107.06666666666666,19.750047286426728,0.7137777777777778,0.13166698190951157,37.92109319901865,7.239361991544324,0.03159831671533482,0.0060326539786071205,1200.1013126509888,0.06368820769050955,1870.0333333333333,80.04373086366431,111.66666666666667,20.904270036218115,109.4,20.860125301306486,5.633333333333334,2.846453732379066,4.694042292346712,2.3718295482094023,44.76768490059103,34.241313903080915,0.0373031543434155,0.028531648155413432,86.46666666666667,46.02677881207951,0.04603932679138793,0.024412771341541767,0.9500014288929844,0.02001455813795927,0.0,0.0,1262.8666666666666,328.6328769555656,143.4,27.60884416019746,107.06666666666666,19.750047286426728,36.333333333333336,10.189018203635861,36.333333333333336,10.189018203635861,1006.3666666666667,193.5537853313439,113.1,145.87106966604875,0.0,0.0,0.7491483259198226,0.03939712131682952,5057.166666666667,1720.2648369351164,110.06666666666666,19.93079982361961,-0.06492672788513829,0.014462633465860778,1.0,0.0,0.3699927673743525,0.03756458190023627,0.5490034804047765,0.059284775469285164,0.7137777777777778,0.13166698190951157,0.7137777777777778,0.13166698190951157,0.02641667978301528,0.03058824741053708,0.12142188159487112,0.14623580771552866,0.03790788674861425,0.040404291521951484,0.0197466685816021,0.021432268893755362,0.01639634466242316,0.004540355629594893,0.06850577130711312,0.01605897043860776,0.9653752306385115,0.006610045718557565,0.9253333333333332,0.09548264169942293,158.16666666666666,12.905714674684539,4566.566666666667,953.8407545588897,0.9946139148513539,0.0021624961515682643,0.8417777777777778,0.13408904610772346,8.3,2.7561842689011073,1612.9666666666667,398.35294377736426,0.9503165444523284,0.009042408524454376,0.9246666666666666,0.09497973165516604,149.86666666666667,13.29696188617156,2953.6,575.1984724932956,0.9911381570248134,0.0024320600281706973,2236.233333333333,574.9823195682559,0.9631950434254954,0.008532842054656967,1593.2,316.2630288988516,0.9054186783306422,0.01751684127563409,895.3,141.3694475113175,1200.0,0.0,8000.0,0.0,40000.0,0.0,0.029999999999999995,0.0,0.045276925690687,0.0,0.0905538513813741,0.0,2.7166155414412247,0.0,1.25,0.0,3.67,0.0,1.25,0.0,3.67,0.0,0.0095447693468439,0.0,0.1590431280879832,0.0,0.7137777777777778,0.13166698190951157,0.3699927673743525,0.03756458190023627,1200.1013126509888,0.06368820769050955,0.0,0.0,0.0,0.0,1.0,0.0,0.1045261889049513,0.051391049262677915,0.31355555555555553,0.1484064351274183,,,,,,,,,,,,
1200.0,static_calm,nominal,adaptive_mission,114.5,8.803408430829505,35.6,8.113845127842945,0.2373333333333333,0.054092300852286286,12.215902091367505,2.9694205058073826,0.010179345006210294,0.0024743712122418204,1200.067094196708,0.05009636122247151,2407.133333333333,106.15724619421995,111.2,18.2462088646117,76.13333333333334,11.410017780315963,47.03333333333333,5.7684237572909085,39.192239454269185,4.806687952746709,577.538936629215,92.23464735791039,0.4812564505948211,0.07686384074029991,1152.5666666666666,139.72971034831133,0.48020706421800124,0.06660492434339,0.3779385059313667,0.05135934871181299,0.2,1.0954451150103324,423.43333333333334,105.30503584687982,47.733333333333334,11.41062219384091,35.6,8.113845127842945,12.133333333333333,4.746928831711439,12.133333333333333,4.746928831711439,368.93333333333334,89.77363614740375,6.766666666666667,9.733282160155197,0.0,0.0,0.7505745505681286,0.06684660020534806,0.0,0.0,0.0,0.0,-0.0888382345265144,0.02012274970584825,0.0,0.0,0.1134833117549218,0.02945146562130092,0.1953333333333333,0.04868067819082613,0.2373333333333333,0.054092300852286286,0.2373333333333333,0.054092300852286286,0.15945557108788294,0.029899152901088227,0.1546624846494394,0.09398412463667638,0.14493641319283873,0.04846497637951799,0.07884580188334879,0.028349470230000322,0.016251791821351388,0.0023963071861937816,0.04524459921122232,0.01328296876533493,0.9669153135490208,0.008501999986585046,0.6966666666666667,0.16924216932370795,200.56666666666666,15.727602209630295,6252.766666666666,1659.208861815304,0.9935060925607435,0.002725673855763976,0.5704444444444444,0.15935389982528655,11.6,3.8291081161958904,1914.1666666666667,532.345239504392,0.9556102678363719,0.011424526509102894,0.6966666666666667,0.16924216932370795,188.96666666666667,14.751933440396382,4338.6,1145.2286204524617,0.9892169104663918,0.003340265694448524,2523.8,733.5006945910258,0.9702273068320441,0.008147596369437526,2523.0333333333333,654.0048762516373,0.9195711531939617,0.025691154333956585,1406.5,379.8991472337961,1200.0,0.0,8000.0,0.0,40000.0,0.0,0.029999999999999995,0.0,0.0,0.0,0.0,0.0,0.0,0.0,1.25,0.0,3.67,0.0,1.25,0.0,3.67,0.0,0.0095447693468439,0.0,0.1590431280879832,0.0,0.7591111111111111,0.06496054407160688,0.4089619113720734,0.03649242744711941,1200.0878113387794,0.06261170240528846,0.5217777777777778,0.06039292372679725,0.2954785996171516,0.02996844293151524,0.31173155617093673,0.06231917894903505,0.12424050213330258,0.02790881079314533,0.24666666666666665,0.04717295153286297,-0.010757190378380787,0.016837764295193968,-0.00933333333333334,0.037817873695928844,0.0014183669061395834,0.004501238998665728,0.010000000000000002,0.016586011740036037,0.01217555728452037,0.015083744405261381,0.019333333333333345,0.027479006267341857
1200.0,static_calm,nominal,belief_horizon,114.5,8.803408430829505,33.333333333333336,10.409986363677621,0.2222222222222222,0.06939990909118414,11.489891171667532,3.783198505594586,0.009574263277333624,0.0031525749752596855,1200.0858256576728,0.05174397683145685,2369.4333333333334,121.08181427087406,106.0,21.6858447395753,72.0,14.647584242390655,45.13333333333333,7.389336834288629,37.60843291762716,6.157394873875552,603.0296396346062,106.97460636116082,0.5024878159351879,0.08913396238872782,1169.2,152.28860984871844,0.4962596792139211,0.08215391823443348,0.36515097075886466,0.06209721701320694,0.0,0.0,394.1,130.4245983780244,44.833333333333336,14.381701336536418,33.333333333333336,10.409986363677621,11.5,5.341767755960633,11.5,5.341767755960633,343.3,113.47068586962949,5.966666666666667,7.07342444176322,0.0,0.0,0.7503323544982644,0.07984209140768589,0.0,0.0,0.0,0.0,-0.07929122100619543,0.022611338374587498,0.0,0.0,0.11236405371544507,0.03750621462380939,0.18555555555555553,0.06037134976365925,0.2222222222222222,0.06939990909118414,0.2222222222222222,0.06939990909118414,0.15541828316372627,0.04959051983444584,0.1263227035128126,0.09052193408040186,0.1255992219060459,0.0533411829079935,0.06784550183385372,0.030477715744857036,0.01581143569412515,0.0021836074485787776,0.0411787932085688,0.013100343519935968,0.960447812523143,0.01981483571116293,0.6188888888888889,0.18904951475572265,200.6,18.39527675509536,5561.933333333333,1839.6687095560274,0.9923242373098847,0.004124485432667026,0.5008888888888888,0.17263105595889025,11.633333333333333,3.8639209434810207,1703.8,567.8648697928298,0.9468671306017674,0.02726989293461619,0.6188888888888889,0.18904951475572265,188.96666666666667,17.709306599352924,3858.133333333333,1282.6644341271463,0.9879480008118282,0.005425252693688711,2264.5333333333333,754.7049084579845,0.9639082854749835,0.018578206164239625,2223.9666666666667,744.351070457989,0.9037617464796508,0.05541367638348141,1274.0333333333333,407.78539685115936,1200.0,0.0,8000.0,0.0,40000.0,0.0,0.029999999999999995,0.0,0.0,0.0,0.0,0.0,0.0,0.0,1.25,0.0,3.67,0.0,1.25,0.0,3.67,0.0,0.0095447693468439,0.0,0.1590431280879832,0.0,0.7591111111111111,0.06496054407160688,0.4089619113720734,0.03649242744711941,1200.0878113387794,0.06261170240528846,0.5368888888888889,0.07914743666426365,0.2965978576566283,0.03705769554186527,0.2922509173392528,0.08618944717729354,0.12424050213330258,0.02790881079314533,0.24666666666666665,0.04717295153286297,-0.01187644841785751,0.019031664378895412,-0.024444444444444442,0.043569940544248786,0.0,0.0,0.0,0.0,0.01187644841785751,0.019031664378895412,0.024444444444444442,0.043569940544248786
1200.0,static_calm,nominal,belief_orienteering,114.5,8.803408430829505,24.733333333333334,5.918604992519036,0.1648888888888889,0.03945736661679358,8.591945044591249,2.195445975694325,0.00715952596440746,0.0018294583477918484,1200.0718075307402,0.05248775937609219,2254.233333333333,86.7547805831067,72.0,9.61679565243484,50.96666666666667,6.80001690329204,31.0,4.66091599699399,25.831784739524622,3.883817225810023,593.1861388358743,109.60996541459942,0.4942928299076302,0.09134108987337274,1096.5333333333333,170.2085401101742,0.48743011718280893,0.07992736759481943,0.38986889823756704,0.06585141621219982,0.0,0.0,288.26666666666665,67.56500488461073,32.96666666666667,7.676580297077031,24.733333333333334,5.918604992519036,8.233333333333333,3.3289051045955484,8.233333333333333,3.3289051045955484,250.76666666666668,55.239717928150284,4.533333333333333,8.912344532022493,0.0,0.0,0.7536416778484338,0.07609959435459304,0.0,0.0,0.0,0.0,-0.07627630807435253,0.021335082503727718,0.0,0.0,0.08094056713157277,0.02594565659317548,0.14022222222222216,0.039206041184867514,0.1648888888888889,0.03945736661679358,0.1648888888888889,0.03945736661679358,0.15315355009508122,0.0492430614830559,0.11193625342335793,0.07632719106859269,0.12101379253916404,0.05357579270116828,0.06523758965428514,0.030273269131647566,0.016084618664350094,0.0020018818322396475,0.0405282213164247,0.013058093760908534,0.9624128059616832,0.01650097989646983,0.6037777777777777,0.1822858967340813,193.83333333333334,14.558048688240996,5639.766666666666,1899.4474275128168,0.9926490869367511,0.0032316953798790997,0.4464444444444444,0.14899390132118417,11.166666666666666,3.238596261828021,1690.9,579.8422704673139,0.949846537247793,0.022808331347257748,0.6037777777777777,0.1822858967340813,182.66666666666666,12.731533844081337,3948.866666666667,1340.247679974922,0.9884050190070355,0.004122290526915179,2228.4333333333334,749.4695449786967,0.9652419174564949,0.017425198042976785,2302.366666666667,834.4075529187256,0.9090439727241703,0.053035274992268,1302.8,420.0578285311974,1200.0,0.0,8000.0,0.0,40000.0,0.0,0.029999999999999995,0.0,0.0,0.0,0.0,0.0,0.0,0.0,1.25,0.0,3.67,0.0,1.25,0.0,3.67,0.0,0.0095447693468439,0.0,0.1590431280879832,0.0,0.7591111111111111,0.06496054407160688,0.4089619113720734,0.03649242744711941,1200.0878113387794,0.06261170240528846,0.5942222222222223,0.0545755712359876,0.3280213442405006,0.028864341151919617,0.21631900178079858,0.04344766753808551,0.12424050213330258,0.02790881079314533,0.24666666666666665,0.04717295153286297,-0.0432999350017298,0.02604483803657884,-0.08177777777777777,0.05231596705294232,0.0,0.0,0.0,0.0,0.0432999350017298,0.02604483803657884,0.08177777777777777,0.05231596705294232
1200.0,static_calm,nominal,belief_orienteering_depth1,114.5,8.803408430829505,22.733333333333334,4.748381454430721,0.15155555555555553,0.031655876362871475,7.95283721550031,1.8910772937011746,0.006626862685435731,0.0015757290204838298,1200.0887873743477,0.0434193099637509,2185.366666666667,59.097513415997675,52.666666666666664,5.364849410319203,40.1,4.155179567886243,22.266666666666666,3.7225624594313818,18.554177028330784,3.1018590654054066,589.4421311123026,112.98413178100932,0.4911660358659963,0.09415046919181362,1066.4,191.43191821204957,0.48854505584301755,0.08973711451192735,0.4433037728476126,0.08053149361792848,0.0,0.0,267.5,67.14870271168364,30.333333333333332,7.150275294113451,22.733333333333334,4.748381454430721,7.6,3.275825771123767,7.6,3.275825771123767,232.3,55.833588951207616,4.866666666666666,6.398994173835574,0.0,0.0,0.7551186471714854,0.06298308205114275,0.0,0.0,0.0,0.0,-0.07550317796729021,0.01802230958223908,0.0,0.0,0.07151550445165215,0.017806471398986435,0.12399999999999996,0.03085499394491913,0.15155555555555553,0.031655876362871475,0.15155555555555553,0.031655876362871475,0.15341250824027625,0.03898248023413071,0.09667367741713687,0.05331686924934562,0.11340063390383458,0.04803865446206581,0.06077504699878038,0.027092949934851646,0.015970639106559433,0.001479891525980024,0.0393730118102334,0.00799421706875903,0.9661648685616062,0.011308069308249461,0.596,0.16210870956390683,180.7,12.45169978702534,5711.366666666667,1836.426617915485,0.9935677965888394,0.002940226697639335,0.42266666666666663,0.12239750579683951,10.133333333333333,3.866151372719594,1698.3666666666666,551.8840759918094,0.9549033602742527,0.015462248022701231,0.596,0.16210870956390683,170.56666666666666,11.764010966629899,4013.0,1311.5818562016025,0.9879537754781935,0.005053342983614989,2199.1666666666665,716.8064752696545,0.9694216995367133,0.010563740069180224,2349.9666666666667,799.6117369605435,0.922712482564186,0.02867589513930241,1342.9333333333334,450.2791420298374,1200.0,0.0,8000.0,0.0,40000.0,0.0,0.029999999999999995,0.0,0.0,0.0,0.0,0.0,0.0,0.0,1.25,0.0,3.67,0.0,1.25,0.0,3.67,0.0,0.0095447693468439,0.0,0.1590431280879832,0.0,0.7591111111111111,0.06496054407160688,0.4089619113720734,0.03649242744711941,1200.0878113387794,0.06261170240528846,0.6075555555555555,0.05840100070872361,0.3374464069204212,0.03107869821018153,0.19942928450340378,0.03736107730387357,0.12424050213330258,0.02790881079314533,0.24666666666666665,0.04717295153286297,-0.05272499768165043,0.021703958206801387,-0.09511111111111112,0.04524715721756179,0.0,0.0,0.0,0.0,0.05272499768165043,0.021703958206801387,0.09511111111111112,0.04524715721756179
1200.0,static_calm,nominal,confirmed_route,114.5,8.803408430829505,17.966666666666665,7.71243211933838,0.11977777777777775,0.05141621412892255,6.229872302203883,2.8664561924748044,0.005191080660321163,0.0023885139031660633,1200.111538604467,0.06793250682733763,1589.3,143.7992254547267,55.36666666666667,19.58444726594661,54.36666666666667,19.58444726594661,36.8,13.298690627794647,30.663992508340762,11.081751548456788,885.931970231913,98.05522906448783,0.7382078549770502,0.08170382485356358,1174.4,135.00794357216986,0.740367927344067,0.0720675952013686,0.32180373832739045,0.06812514772550078,33.86666666666667,14.303925994305715,272.8333333333333,108.71731243453594,25.033333333333335,10.277136771975211,17.966666666666665,7.71243211933838,7.066666666666666,3.4334393466503,7.066666666666666,3.4334393466503,243.4,93.51879766785595,4.4,9.114596100155262,0.0,0.0,0.7202677310099962,0.09448577283176014,0.0,0.0,0.0,0.0,-0.07655159964328319,0.020715053271841262,0.0,0.0,0.05436854444989681,0.02476112327192123,0.09805394745611798,0.04230810559944919,0.11977777777777775,0.05141621412892255,0.11977777777777775,0.05141621412892255,0.17738995525454998,0.03482401479254651,0.21009939345473902,0.09589642754267566,0.18279501814110602,0.055893595947645786,0.10157644630702319,0.03316037903020932,0.019296718174915583,0.0021745191839570087,0.05554418490481029,0.012710147694780911,0.9627380049161711,0.017399055460469062,0.6833333333333333,0.146820713249461,133.4,16.470663575602824,4199.266666666666,1894.7344083435337,0.9923118751376255,0.00601770598225623,0.46377777777777773,0.1838430392771967,7.3,2.667169492823483,1219.8666666666666,587.9825667913759,0.9517121820316484,0.021125815774857348,0.6831111111111111,0.14652797343416327,126.1,15.951110652066914,2979.4,1312.9710609516692,0.9862232158727119,0.008914825360659207,1591.0333333333333,758.8780958545424,0.9659875011514031,0.018183144693711708,1704.1333333333334,795.775862280646,0.9242036073897032,0.026965187654531434,1037.5,381.4902493443674,1200.0,0.0,8000.0,0.0,40000.0,0.0,0.029999999999999995,0.0,0.0,0.0,0.0,0.0,0.0,0.0,1.25,0.0,3.67,0.0,1.25,0.0,3.67,0.0,0.0095447693468439,0.0,0.1590431280879832,0.0,0.7591111111111111,0.06496054407160688,0.4089619113720734,0.03649242744711941,1200.0878113387794,0.06261170240528846,0.6393333333333333,0.06523403197107369,0.3545933669221766,0.035794431947341145,0.15658878845306867,0.06346844264565804,0.12424050213330258,0.02790881079314533,0.24666666666666665,0.04717295153286297,-0.06987195768340576,0.02929607205108674,-0.1268888888888889,0.04971900608190664,0.0,0.0,0.0,0.0,0.06987195768340576,0.02929607205108674,0.1268888888888889,0.04971900608190664
1200.0,static_calm,nominal,greedy,114.5,8.803408430829505,26.833333333333332,10.395898837699324,0.17888888888888885,0.06930599225132883,9.506724229688976,4.00671482103512,0.007921565913395932,0.0033386406729456436,1200.1119681067153,0.0686955751777314,1966.5,107.68080224633256,97.33333333333333,15.461483475539074,96.33333333333333,15.461483475539074,70.4,9.189949532711976,58.66131931624943,7.658281457736042,904.3484638979136,98.39732412256394,0.753552393015807,0.08197858113086375,1525.0333333333333,114.62637457028136,0.777671364768818,0.07154499902504738,0.26113786860247207,0.07737343067639582,0.0,0.0,380.56666666666666,143.60138394620145,35.833333333333336,14.000205253011,26.833333333333332,10.395898837699324,9.0,4.690415759823431,9.0,4.690415759823431,339.9,127.28148279333078,4.833333333333333,6.644070902761314,0.0,0.0,0.7575146080741801,0.08701377054858378,0.0,0.0,0.0,0.0,-0.07492262766967421,0.02723126147419013,0.0,0.0,0.09500668215903141,0.03885012406129483,0.15178637289023306,0.05840298935508972,0.17888888888888885,0.06930599225132883,0.17888888888888885,0.06930599225132883,0.18083124974120662,0.0331557423924403,0.18250845912289687,0.09642581244475514,0.16923484116291665,0.0538043645120281,0.09335473057296198,0.0322367382088068,0.017346325864446344,0.001873424003206668,0.04729584506843694,0.013375766728785496,0.9554663997129588,0.023859190992410285,0.5995555555555555,0.2311850751081173,168.16666666666666,19.541438434566533,4359.6,1597.4219661476534,0.9926398602283214,0.003459311296075746,0.48133333333333334,0.20271263846416543,8.633333333333333,2.341283664019014,1344.5,480.0032147880851,0.9394262925300912,0.03357696893201001,0.5995555555555555,0.2311850751081173,159.53333333333333,18.672741211932866,3015.1,1125.066261650152,0.9871858946463508,0.005883141435715856,1856.7,630.9513971117279,0.9571536847340736,0.026340980774521978,1697.3,634.9325323919504,0.8822143568590661,0.08629255183341418,973.7666666666667,385.56985889972515,1200.0,0.0,8000.0,0.0,40000.0,0.0,0.029999999999999995,0.0,0.0,0.0,0.0,0.0,0.0,0.0,1.25,0.0,3.67,0.0,1.25,0.0,3.67,0.0,0.0095447693468439,0.0,0.1590431280879832,0.0,0.7591111111111111,0.06496054407160688,0.4089619113720734,0.03649242744711941,1200.0878113387794,0.06261170240528846,0.5802222222222222,0.086098639561581,0.313955229213042,0.03747834479688786,0.23639082268949324,0.09144450901852978,0.12424050213330258,0.02790881079314533,0.24666666666666665,0.04717295153286297,-0.029233819974271172,0.033836431072505974,-0.06777777777777778,0.06581253612040988,0.0,0.0,0.0,0.0,0.029233819974271172,0.033836431072505974,0.06777777777777778,0.06581253612040988
1200.0,static_calm,nominal,lawnmower_collect,114.5,8.803408430829505,3.0,2.4211709905575116,0.019999999999999973,0.016141139937050075,1.0217401494930043,1.0294295923980303,0.0008513437066141366,0.0008577507748181751,1200.1499999999974,0.0,2030.0,0.0,12.0,0.0,11.0,0.0,9.166666666666666,1.2887666740841357,7.637934147120515,1.073837998653617,645.2299999999321,255.32980416813342,0.5376244636086602,0.2127482432763688,1097.1666666666667,429.39139635578147,0.5404761904761906,0.21152285534767562,0.16666666666666663,0.11716060673492143,0.0,0.0,38.2,30.82139874648221,4.066666666666666,3.106537415297565,3.0,2.4211709905575116,1.0666666666666667,1.2576204496597132,1.0666666666666667,1.2576204496597132,33.56666666666667,26.384012051885193,0.5666666666666667,3.1037611591959413,0.0,0.0,0.6852356902356902,0.3375935416755118,0.0,0.0,0.0,0.0,-0.07445651770531748,0.022778532878302452,0.0,0.0,0.010140527777778404,0.009249893344842936,0.01733333333333331,0.01481430395032338,0.019999999999999973,0.016141139937050075,0.019999999999999973,0.016141139937050075,0.2200519080640002,0.047076609400482076,0.08020027972655029,0.04146815388052352,0.1107508848201815,0.0444756014858488,0.05918723512958366,0.024863299387407004,0.016355856085420162,0.0010789066526653364,0.03587447124677479,0.007630047869709598,0.9408036946915146,0.029661771410851863,0.4691111111111111,0.16258904623798393,169.56666666666666,14.337516096454506,3218.6666666666665,1309.1633372800206,0.9800809484046428,0.022205119111927935,0.18244444444444438,0.08344100324008193,9.433333333333334,3.3700847562587826,715.7666666666667,356.39214002453025,0.9306277896306994,0.030665550211600223,0.4691111111111111,0.16258904623798393,160.13333333333333,13.917821206152803,2502.9,973.834736032479,0.9628162635225987,0.037007138609711276,838.1666666666666,415.08038966573383,0.9488729930506062,0.027025845060248726,1427.4,575.0799404700484,0.911568311440842,0.03768140172612502,1122.6666666666667,381.1222388152392,1200.0,0.0,8000.0,0.0,40000.0,0.0,0.029999999999999995,0.0,0.0,0.0,0.0,0.0,0.0,0.0,1.25,0.0,3.67,0.0,1.25,0.0,3.67,0.0,0.0095447693468439,0.0,0.1590431280879832,0.0,0.7591111111111111,0.06496054407160688,0.4089619113720734,0.03649242744711941,1200.0878113387794,0.06261170240528846,0.739111111111111,0.06023538332951099,0.398821383594295,0.033096180345974904,0.025751549132372327,0.020474184266956737,0.12424050213330258,0.02790881079314533,0.24666666666666665,0.04717295153286297,-0.11409997435552417,0.024169034697160818,-0.22666666666666666,0.04201805851511122,0.0,0.0,0.0,0.0,0.11409997435552417,0.024169034697160818,0.22666666666666666,0.04201805851511122
1200.0,static_calm,nominal,oracle_current_physics,114.5,8.803408430829505,113.86666666666666,9.744081610741034,0.7591111111111111,0.06496054407160688,40.29773535893866,3.4818731479840634,0.03357900506117499,0.0029016006101148847,1200.0878113387794,0.06261170240528846,1779.1333333333334,43.27676236641948,119.3,10.168070376055322,117.03333333333333,10.142037248020234,4.233333333333333,1.9061304607327725,3.5275395594096834,1.5883741004945875,39.875360980227875,29.197914421395065,0.03322712712274583,0.024330073141065372,71.86666666666666,42.34157762061186,0.04034538179116543,0.0236914848113754,0.9640272745628713,0.015788125524523626,0.0,0.0,1216.1666666666667,118.22511645551266,150.36666666666667,14.509172683307032,113.86666666666666,9.744081610741034,36.5,6.836766729262073,36.5,6.836766729262073,1054.1666666666667,101.80443840108798,11.633333333333333,10.423724046064619,0.0,0.0,0.758605631396897,0.02986476316193341,0.0,0.0,0.0,0.0,-0.10293225707537973,0.010140948473890458,1.0,0.0,0.4089619113720734,0.03649242744711941,0.6254793437730466,0.06421543149824009,0.7591111111111111,0.06496054407160688,0.7591111111111111,0.06496054407160688,0.014163863826801504,0.01182866470415142,0.09506706331122003,0.0896997766241695,0.024382005262943256,0.02066024578750508,0.01244910076422328,0.010648641147200493,0.01870584261273803,0.0019038413614279879,0.06414251997649108,0.00736074811147766,0.9634005170129363,0.003913237315482063,0.9428888888888889,0.06189060509255718,149.83333333333334,12.559055898333735,3980.266666666667,455.27603853526927,0.9945598000529187,0.0021972954764579184,0.8684444444444445,0.0728181134750404,7.566666666666666,3.2129407877748277,1377.6333333333334,158.2800842098313,0.947662154487172,0.005700505083559035,0.9415555555555556,0.06176666842419768,142.26666666666668,10.709110956156177,2602.633333333333,305.88768316596816,0.990003510254717,0.0025226075057326997,1877.8,207.42516722905157,0.963779670198904,0.004109027667836084,1446.3333333333333,196.3091041388965,0.9004812175703113,0.015571028798608227,805.9666666666667,96.78575106489285,1200.0,0.0,8000.0,0.0,40000.0,0.0,0.029999999999999995,0.0,0.0,0.0,0.0,0.0,0.0,0.0,1.25,0.0,3.67,0.0,1.25,0.0,3.67,0.0,0.0095447693468439,0.0,0.1590431280879832,0.0,0.7591111111111111,0.06496054407160688,0.4089619113720734,0.03649242744711941,1200.0878113387794,0.06261170240528846,0.0,0.0,0.0,0.0,1.0,0.0,0.12424050213330258,0.02790881079314533,0.24666666666666665,0.04717295153286297,,,,,,,,,,,,
1200.0,strong_drift,nominal,adaptive_mission,114.5,8.803408430829505,82.63333333333334,10.456752754125898,0.5508888888888889,0.06971168502750597,28.87791281544202,3.5430602245224856,0.02406284451019888,0.0029524655622105533,1200.1047247547135,0.055585442245840874,2437.6666666666665,235.83576011098577,159.36666666666667,31.29336531349222,46.93333333333333,6.857833845863523,20.466666666666665,5.550603156621706,17.054124119580358,4.625344301373767,209.30250157552655,104.54343775620417,0.1744039551889217,0.0871145510728716,374.26666666666665,157.8633047560634,0.1557818242851941,0.068068987022986,0.5630503036710663,0.10423272349190184,0.6666666666666666,2.4116575117588708,1439.2,333.42510920486455,112.1,16.766859759862506,82.63333333333334,10.456752754125898,29.466666666666665,7.994538365544376,29.466666666666665,7.994538365544376,880.3,130.41846442152647,446.8,229.4837384367279,0.0,0.0,0.74038083603373,0.04162309487961807,0.0,0.0,0.0,0.0,-0.0572851403097915,0.024378540220534442,0.7,0.46609159969939895,0.25092773097323834,0.046180508433944105,0.5041362204378141,0.04490897360541211,0.5508888888888889,0.06971168502750597,0.5508888888888889,0.06971168502750597,0.020992678412272654,0.05918939825904198,0.08624773069098145,0.14373988291703327,0.025771642140481048,0.05328390050710514,0.013837794288460142,0.030074804401323228,0.03228731548965329,0.011519384434398552,0.12109426863924487,0.029238663077447727,0.9777525372287357,0.003293076293418699,0.9077777777777778,0.11667268731044171,203.6,25.688585953217856,9077.3,1418.0856000134538,0.9966320110722486,0.0010499324228734495,0.8444444444444444,0.1302674329479378,11.466666666666667,2.6617771265198686,3485.133333333333,554.364484440693,0.9663021161259248,0.004716064178748884,0.9077777777777778,0.11667268731044171,192.13333333333333,24.658681528269998,5592.166666666667,934.1118622865077,0.9935860409680655,0.001678248852174445,4421.233333333334,722.8505203101424,0.9779852519626603,0.00425006160119785,3229.266666666667,565.6636586458809,0.9326561195993627,0.013375172577092713,1630.4,375.79071578335396,1200.0,0.0,8000.0,0.0,40000.0,0.0,0.029999999999999995,0.0,0.115039123779695,0.0,0.23007824755939,0.0,6.902347426781702,0.0,1.25,0.0,3.67,0.0,1.25,0.0,3.67,0.0,0.0095447693468439,0.0,0.1590431280879832,0.0,0.9326666666666666,0.11427398680934646,0.43414830933430526,0.03877194684099851,1183.0128539499271,32.271592366925006,0.3817777777777778,0.11272906295511462,0.18322057836106695,0.04998987939323197,0.5984839651468463,0.09490023755550905,0.2581601013076582,0.0443239536198394,0.5735555555555556,0.07287176230898962,-0.0072323703344199285,0.02033383323798626,-0.022666666666666672,0.047709208569997046,0.001311800996611806,0.007185029968020442,0.0,0.0,0.008544171331031736,0.01840246262448499,0.022666666666666672,0.047709208569997046
1200.0,strong_drift,nominal,belief_horizon,114.5,8.803408430829505,82.9,10.58414559286835,0.5526666666666666,0.07056097061912232,28.828832001883484,3.558120780894208,0.024021941451492165,0.002965051951923886,1200.105255661306,0.05820408921876345,2468.6,215.6244500242861,162.1,29.850605030545953,46.7,6.696113128859365,20.133333333333333,5.751961184784227,16.776383666094333,4.793178857127586,205.25404037976617,103.31351460511512,0.17103055040674336,0.08608998538398878,367.76666666666665,159.48574324638108,0.15116313723698488,0.0686701459035483,0.568312281337819,0.10880616789000876,0.0,0.0,1436.7333333333333,328.20136095594324,112.33333333333333,16.686425069774398,82.9,10.58414559286835,29.433333333333334,7.546103508494934,29.433333333333334,7.546103508494934,877.9,123.91914772307705,446.5,229.4179667076575,0.0,0.0,0.7407981411295931,0.03743747785741836,0.0,0.0,0.0,0.0,-0.05881573913338637,0.024055736670267783,0.6666666666666666,0.4794633014853842,0.2502513058509656,0.04715973061860151,0.5041362204378141,0.045821114466818226,0.5526666666666666,0.07056097061912232,0.5526666666666666,0.07056097061912232,0.02017288929506542,0.05913606908722926,0.0772575501790618,0.14286983676195575,0.024131798371382476,0.05283521010551652,0.01298448904650564,0.02986812186785231,0.03161544918231706,0.011418051010711777,0.11996021042480542,0.028792978274838187,0.9776666266432723,0.0032054119419112543,0.9104444444444444,0.11708703686483825,206.3,22.586462225458618,9167.066666666668,1375.7461407098915,0.9966425096722127,0.0010746607408952228,0.8475555555555555,0.13123326993050918,11.5,2.6490076216029173,3518.0,543.8915333042058,0.9661700182177912,0.004567879019273606,0.9104444444444444,0.11708703686483825,194.8,21.762669714523735,5649.066666666667,903.3850873752311,0.993619317142308,0.0015893504262632751,4460.166666666667,714.5223667903462,0.9779153301406324,0.004295541991404005,3262.5666666666666,552.079622151916,0.9323580966870276,0.013276779099222077,1650.6333333333334,364.8385078107973,1200.0,0.0,8000.0,0.0,40000.0,0.0,0.029999999999999995,0.0,0.115039123779695,0.0,0.23007824755939,0.0,6.902347426781702,0.0,1.25,0.0,3.67,0.0,1.25,0.0,3.67,0.0,0.0095447693468439,0.0,0.1590431280879832,0.0,0.9326666666666666,0.11427398680934646,0.43414830933430526,0.03877194684099851,1183.0128539499271,32.271592366925006,0.38,0.11270277595876801,0.18389700348333968,0.05006899813762225,0.6003230456066164,0.09499855568917828,0.2581601013076582,0.0443239536198394,0.5735555555555556,0.07287176230898962,-0.007908795456692647,0.01836954257209408,-0.020888888888888894,0.04774560085517526,0.0,0.0,0.0,0.0,0.007908795456692647,0.01836954257209408,0.020888888888888894,0.04774560085517526
1200.0,strong_drift,nominal,belief_orienteering,114.5,8.803408430829505,76.03333333333333,15.81026147209754,0.5068888888888889,0.10540174314731697,26.71044184406193,6.018714465981284,0.02225740642127701,0.005015330988203307,1200.070323438344,0.05316035809729182,2400.9666666666667,214.07531438698172,147.06666666666666,31.069369918400927,44.93333333333333,8.051272477425362,19.2,5.5423137207587185,15.999077501785775,4.6183038534453065,269.5174954446623,152.36956368800827,0.22458481568896035,0.12696598742038784,455.6666666666667,203.94054801935977,0.19459146032110483,0.1005895342911658,0.569818304033775,0.1124921937669203,0.0,0.0,1265.2666666666667,377.40191083094766,101.5,20.162700284401907,76.03333333333333,15.81026147209754,25.466666666666665,6.246286252968478,25.466666666666665,6.246286252968478,793.9333333333333,155.60115533063976,369.8333333333333,236.07261935513694,0.0,0.0,0.7482988082986779,0.037810304160548515,0.0,0.0,0.0,0.0,-0.05323774766558852,0.02770726198569038,0.5666666666666667,0.5040069329937308,0.2266401568732972,0.05116046419489386,0.46444444444444444,0.09389540660684434,0.5068888888888889,0.10540174314731697,0.5068888888888889,0.10540174314731697,0.013413612696788752,0.0410121728352659,0.031726271837307383,0.06637294450017364,0.01454611945218351,0.03826700332239622,0.007707761402932293,0.020473753397244512,0.029119432563120624,0.013987803418929941,0.11012881970548395,0.03566969263596331,0.9771894397930445,0.004866099229889639,0.8744444444444445,0.13838790872850043,196.06666666666666,22.087495812435773,8717.8,1814.805554322556,0.9961835624027401,0.001319096294839512,0.7959999999999999,0.1605603215562225,12.133333333333333,3.191943882201947,3327.1666666666665,738.1709961385844,0.9658667645975852,0.0067973646474969295,0.8742222222222222,0.13819563381532507,183.93333333333334,20.404416920977123,5390.633333333333,1144.2081581580348,0.9939601883163189,0.0014875904485256886,4224.366666666667,936.6783381691936,0.9767324789085267,0.005875776464085281,3130.733333333333,694.0527125630243,0.9316235236965524,0.014739294659150309,1558.7666666666667,406.36994215253844,1200.0,0.0,8000.0,0.0,40000.0,0.0,0.029999999999999995,0.0,0.115039123779695,0.0,0.23007824755939,0.0,6.902347426781702,0.0,1.25,0.0,3.67,0.0,1.25,0.0,3.67,0.0,0.0095447693468439,0.0,0.1590431280879832,0.0,0.9326666666666666,0.11427398680934646,0.43414830933430526,0.03877194684099851,1183.0128539499271,32.271592366925006,0.42577777777777776,0.1483883620859611,0.20750815246100807,0.05719724830789662,0.5532309327808035,0.14039244842311724,0.2581601013076582,0.0443239536198394,0.5735555555555556,0.07287176230898962,-0.03151994443436104,0.035084188184309945,-0.06666666666666668,0.09871201194729036,0.0,0.0,0.0,0.0,0.03151994443436104,0.035084188184309945,0.06666666666666668,0.09871201194729036
1200.0,strong_drift,nominal,belief_orienteering_depth1,114.5,8.803408430829505,75.3,10.983216035513397,0.502,0.073221440236756,26.34709505573194,3.6228041642787656,0.021954316253393943,0.003018750995314884,1200.0878215804914,0.06072699264087198,2320.9,161.71523503176599,126.13333333333334,24.753590242327626,44.46666666666667,7.69564737405159,19.333333333333332,5.47932372704398,16.109877346223524,4.565611847551187,329.98539677080566,119.83792171082912,0.2749663922077316,0.09985409664307697,581.8333333333334,210.84740083003538,0.2512149017490735,0.09037275595900862,0.5698083523154919,0.08192997326550985,0.0,0.0,1310.7333333333333,344.19280215813825,101.5,15.158359478154802,75.3,10.983216035513397,26.2,6.310363670595573,26.2,6.310363670595573,798.1666666666666,137.96703337700123,411.06666666666666,229.84806575939098,0.0,0.0,0.7429412711714818,0.04049316982828797,0.0,0.0,0.0,0.0,-0.05679493184789238,0.028617890564355552,0.5666666666666667,0.5040069329937309,0.2010604359000772,0.048002346540730545,0.4651111111111111,0.08526152390435547,0.502,0.073221440236756,0.502,0.073221440236756,0.012232626770709836,0.03646538563707531,0.03540906334956677,0.085657293769219,0.014200243508626503,0.0366664290379912,0.007499645729575847,0.019541519169858506,0.035824134579980856,0.013844938575085576,0.12545591125997554,0.035693682143125204,0.9772896063157502,0.005359824068652654,0.8697777777777778,0.14910957511014328,198.9,18.86494651189215,8877.633333333333,1560.2616156258548,0.9965301607118474,0.00104639083585159,0.7968888888888889,0.15874733130971552,11.433333333333334,3.058998408689978,3382.5,608.5813775522944,0.9658059298245963,0.007938857765505188,0.8697777777777778,0.14910957511014328,187.46666666666667,18.102644755019547,5495.133333333333,1014.3803181672333,0.9939327691673322,0.0017729259926185165,4275.033333333334,744.8786748389867,0.97724639439053,0.006952843370175217,3194.633333333333,694.378187889058,0.9317617959964272,0.01638630074921644,1606.8666666666666,345.0119171688214,1200.0,0.0,8000.0,0.0,40000.0,0.0,0.029999999999999995,0.0,0.115039123779695,0.0,0.23007824755939,0.0,6.902347426781702,0.0,1.25,0.0,3.67,0.0,1.25,0.0,3.67,0.0,0.0095447693468439,0.0,0.1590431280879832,0.0,0.9326666666666666,0.11427398680934646,0.43414830933430526,0.03877194684099851,1183.0128539499271,32.271592366925006,0.4306666666666667,0.134655513365378,0.23308787343422807,0.05541282872527569,0.548882880519617,0.1186901753889412,0.2581601013076582,0.0443239536198394,0.5735555555555556,0.07287176230898962,-0.05709966540758106,0.03866655451557311,-0.07155555555555558,0.07856828707789834,0.0,0.0,0.0,0.0,0.05709966540758106,0.03866655451557311,0.07155555555555558,0.07856828707789834
1200.0,strong_drift,nominal,confirmed_route,114.5,8.803408430829505,62.1,18.50694184763448,0.414,0.12337961231756317,21.700702775011784,6.337946208387291,0.018082564872324382,0.005280979511830166,1200.0839587508033,0.06132311315081216,1746.6666666666667,110.78725599974938,89.36666666666666,15.805898797019083,88.16666666666667,15.870343918515255,52.36666666666667,13.74768528061043,43.635942700023094,11.456036417525977,766.5907119602708,169.96859821868364,0.638782893109123,0.14163721899007237,1162.3333333333333,245.8404771999214,0.6627758350756942,0.12554959667174354,0.40769426740672593,0.10636318315155113,50.333333333333336,13.968766473157505,1512.7,470.9410351845437,82.9,24.716809859995532,62.1,18.50694184763448,20.8,7.512747786951509,20.8,7.512747786951509,892.5666666666667,225.6305621468702,537.2333333333333,272.1852416041811,0.0,0.0,0.7500188212872845,0.04645834100139486,0.0,0.0,0.0,0.0,-0.0755016858460888,0.020545539955817337,0.16666666666666666,0.3790490217894517,0.11065773142411721,0.060760728979854545,0.27057032458344665,0.15189820125183803,0.414,0.12337961231756317,0.414,0.12337961231756317,0.01806417971869479,0.023149687268559795,0.18900197859139786,0.17702343835660175,0.03120895357746153,0.03565279965552337,0.016183586576274583,0.018959377660338613,0.05328621462682779,0.014144234887066823,0.16810306204747646,0.038856312804861216,0.9825813549726408,0.003460736670730728,0.92,0.09930023362745642,147.7,19.532731150735078,8634.933333333332,1958.4905329911837,0.9974393284382581,0.0010629886265713301,0.8268888888888888,0.12964417360483546,7.9,2.6697539599926716,3229.9333333333334,807.5307161162754,0.974051855382239,0.0044022493293437,0.92,0.09930023362745642,139.8,18.648102427269407,5405.0,1190.9912127994553,0.9955182904368239,0.0013735323068634927,4262.366666666667,1102.897234195191,0.9820338903837178,0.0036497572356602452,3035.733333333333,701.5727618927955,0.9473327182605717,0.0075950907369683905,1484.5333333333333,295.89522065960335,1200.0,0.0,8000.0,0.0,40000.0,0.0,0.029999999999999995,0.0,0.115039123779695,0.0,0.23007824755939,0.0,6.902347426781702,0.0,1.25,0.0,3.67,0.0,1.25,0.0,3.67,0.0,0.0095447693468439,0.0,0.1590431280879832,0.0,0.9326666666666666,0.11427398680934646,0.43414830933430526,0.03877194684099851,1183.0128539499271,32.271592366925006,0.5186666666666667,0.1378588316766988,0.32349057791018804,0.06491179306917987,0.44533480583728263,0.13276380749219371,0.2581601013076582,0.0443239536198394,0.5735555555555556,0.07287176230898962,-0.147502369883541,0.05048473807617708,-0.15955555555555556,0.11508362221520115,0.0,0.0,0.0,0.0,0.147502369883541,0.05048473807617708,0.15955555555555556,0.11508362221520115
1200.0,strong_drift,nominal,greedy,114.5,8.803408430829505,17.8,9.921762913431504,0.11866666666666664,0.06614508608954336,6.166507999502786,3.5217488949188622,0.005138267615840014,0.0029344994603806578,1200.1140350688252,0.06450745127268213,1912.1666666666667,156.57455717332553,92.03333333333333,21.867127483229616,91.03333333333333,21.867127483229616,74.43333333333334,16.01009020916956,62.021925070584274,13.340788939593798,1067.4928538562488,79.86772466791112,0.8894927101352855,0.06654862613861706,1704.4333333333334,135.0245656661533,0.893571951295618,0.05771108805186034,0.16935393783410863,0.08771892041589505,0.0,0.0,355.56666666666666,201.2253297508376,24.1,13.078938056648756,17.8,9.921762913431504,6.3,4.044152867263193,6.3,4.044152867263193,272.8333333333333,148.74140562441394,58.63333333333333,49.99274660031872,0.0,0.0,0.6676949319795622,0.2459645125953689,0.0,0.0,0.0,0.0,0.00106333553324078,0.010422623037179187,0.0,0.0,0.07590692612740395,0.04135739273692936,0.11777777777777775,0.06758751008726137,0.11866666666666664,0.06614508608954336,0.11866666666666664,0.06614508608954336,0.012244897959183675,0.0670680682659387,0.008108108108108107,0.04440993709501345,0.00975609756097561,0.05343634707367474,0.005714285714285713,0.03129843185743805,0.008513922616053417,0.003444862198092902,0.034125072764174105,0.01756519786414109,0.8577675947745227,0.2755920579504513,0.6875555555555555,0.3038286133810766,158.23333333333332,17.65118601726501,3744.3,1983.252886130467,0.8905196334400027,0.3023929304340237,0.5664444444444444,0.2951899619997088,8.533333333333333,2.4876707473310122,1277.5,734.482165695082,0.8414614964530251,0.27206385174763337,0.6875555555555555,0.3038286133810766,149.7,17.118552146317956,2466.8,1267.2070129987064,0.8838094114398934,0.3008192984595568,1679.1666666666667,953.926480335386,0.8502355781179806,0.2920479295470845,1372.8,715.7326798222346,0.8088415107495235,0.25548506695332557,850.5666666666667,385.96441530930986,1200.0,0.0,8000.0,0.0,40000.0,0.0,0.029999999999999995,0.0,0.115039123779695,0.0,0.23007824755939,0.0,6.902347426781702,0.0,1.25,0.0,3.67,0.0,1.25,0.0,3.67,0.0,0.0095447693468439,0.0,0.1590431280879832,0.0,0.9326666666666666,0.11427398680934646,0.43414830933430526,0.03877194684099851,1183.0128539499271,32.271592366925006,0.8140000000000001,0.14480903000991965,0.3582413832069013,0.05909721551421923,0.13245135537904668,0.08155572324996009,0.2581601013076582,0.0443239536198394,0.5735555555555556,0.07287176230898962,-0.18225317518025427,0.06259395820671584,-0.45488888888888895,0.10110020571899944,0.0,0.0,0.0,0.0,0.18225317518025427,0.06259395820671584,0.45488888888888895,0.10110020571899944
1200.0,strong_drift,nominal,lawnmower_collect,114.5,8.803408430829505,4.2,2.2651786867173684,0.02799999999999996,0.015101191244782453,1.5480045543168097,0.9257761071353935,0.0012898425649433434,0.0007713836663212087,1200.1499999999974,0.0,2030.0,0.0,12.0,0.0,11.0,0.0,7.966666666666667,1.5196036990935664,6.638059131497466,1.266178143643353,707.1699999999179,248.09530829902369,0.5892346789983913,0.20672025021790963,1198.1333333333334,417.39014522785914,0.5902134646962233,0.20561090897924097,0.2757575757575757,0.13814579082668788,0.0,0.0,81.6,53.92689815692709,5.5,2.788523277465246,4.2,2.2651786867173684,1.3,1.1788363637137227,1.3,1.1788363637137227,56.0,30.794088102571983,20.1,22.49957854011401,0.0,0.0,0.7735317460317461,0.19258922913967771,0.0,0.0,0.0,0.0,-0.01969571712241436,0.008745821056943317,0.0,0.0,0.012631472222223532,0.008517086691212298,0.016222222222222187,0.012340424594908831,0.02799999999999996,0.015101191244782453,0.02799999999999996,0.015101191244782453,0.0,0.0,0.0,0.0,0.0,0.0,0.0,0.0,0.008179143478054676,0.0008605703698240923,0.02760703480947883,0.003684960469161144,0.9253359850679075,0.03341239713287151,0.5342222222222223,0.14714377292498745,169.4,13.05848911363924,2459.8333333333335,959.7139690026661,0.9771996352814064,0.01584666889983389,0.2846666666666666,0.11141926616866234,10.566666666666666,2.6611293082829137,581.4,273.6400353850241,0.9116760950099327,0.035374673791216345,0.5342222222222223,0.14714377292498745,158.83333333333334,13.141362269523295,1878.4333333333334,696.2888165782601,0.9619603167547098,0.0320397451666452,706.2666666666667,332.65317273901553,0.9316850916018182,0.04045896322547287,1076.2333333333333,409.4263171749006,0.8870917504457275,0.031624199995963075,846.7333333333333,244.26652110621572,1200.0,0.0,8000.0,0.0,40000.0,0.0,0.029999999999999995,0.0,0.115039123779695,0.0,0.23007824755939,0.0,6.902347426781702,0.0,1.25,0.0,3.67,0.0,1.25,0.0,3.67,0.0,0.0095447693468439,0.0,0.1590431280879832,0.0,0.9326666666666666,0.11427398680934646,0.43414830933430526,0.03877194684099851,1183.0128539499271,32.271592366925006,0.9046666666666667,0.11726317129003537,0.4215168371120817,0.03941404045413055,0.03098095288645858,0.018520907383577062,0.2581601013076582,0.0443239536198394,0.5735555555555556,0.07287176230898962,-0.24552862908543469,0.0439086443502318,-0.5455555555555556,0.07233560213261248,0.0,0.0,0.0,0.0,0.24552862908543469,0.0439086443502318,0.5455555555555556,0.07233560213261248
1200.0,strong_drift,nominal,oracle_current_physics,114.5,8.803408430829505,139.9,17.141098021401973,0.9326666666666666,0.11427398680934646,49.641929114526235,6.371287945178145,0.04201673663052197,0.005638302986416573,1183.0128539499271,32.271592366925006,1943.5333333333333,81.16340832280707,154.76666666666668,19.577755380715285,152.2,19.550817956254935,19.033333333333335,5.744462601036989,16.109225029154988,4.868405550716142,112.90914398321937,87.64609612641036,0.09531158225792478,0.0732053812746306,237.43333333333334,108.08224305762634,0.12150303717363593,0.05380610739975155,0.8756324601698179,0.029575227423998034,0.0,0.0,1844.5333333333333,318.9377556107508,185.23333333333332,24.41266394557423,139.9,17.141098021401973,45.333333333333336,9.976985009764094,45.333333333333336,9.976985009764094,1301.3666666666666,169.77662471274007,357.93333333333334,159.61676805297793,0.0,0.0,0.7569903634400041,0.03322247732614362,0.0,0.0,0.0,0.0,-0.06457771973811645,0.010862729874504531,1.0,0.0,0.43414830933430526,0.03877194684099851,0.6954494427612606,0.12039628329717504,0.9306666666666666,0.11309101884792312,0.9306666666666666,0.11309101884792312,0.014943601768914466,0.060643464195684386,0.17714285714285713,0.3102622239135321,0.014240140851892761,0.03937526909429861,0.007588200264948919,0.021768929963415982,0.024568005534122687,0.007865887200615035,0.10288400494273499,0.02188213339626063,0.9735750232214785,0.0048187583019598705,0.9866666666666667,0.04612161169272058,166.63333333333333,20.330855322905627,6277.333333333333,1005.1010700021866,0.9958109332419249,0.0013012871517957551,0.967111111111111,0.07978771323099129,10.033333333333333,2.747830910489886,2443.5666666666666,441.0047840332685,0.9600144193044885,0.006652596345369918,0.9864444444444445,0.046071187074095965,156.6,18.81415461276705,3833.766666666667,607.700225742772,0.9938253187261776,0.0019567511077706913,3364.4666666666667,615.526392797161,0.9703078846100024,0.00524149967993395,2075.766666666667,367.14017649312405,0.9126039671924652,0.01658846743197226,1003.7333333333333,166.0469259251595,1200.0,0.0,8000.0,0.0,40000.0,0.0,0.029999999999999995,0.0,0.115039123779695,0.0,0.23007824755939,0.0,6.902347426781702,0.0,1.25,0.0,3.67,0.0,1.25,0.0,3.67,0.0,0.0095447693468439,0.0,0.1590431280879832,0.0,0.9326666666666666,0.11427398680934646,0.43414830933430526,0.03877194684099851,1183.0128539499271,32.271592366925006,0.0,0.0,0.0,0.0,1.0,0.0,0.2581601013076582,0.0443239536198394,0.5735555555555556,0.07287176230898962,,,,,,,,,,,,
1200.0,weak_drift,nominal,adaptive_mission,114.5,8.803408430829505,37.63333333333333,16.8798662630209,0.25088888888888883,0.11253244175347271,13.13894251801376,5.9487658482251815,0.010948437226098885,0.004957037620534055,1200.0783378745682,0.04683365468902208,2508.9,180.97196391744762,138.93333333333334,25.490949486967455,63.833333333333336,9.695656095718162,42.233333333333334,8.143892712072473,35.192157416839684,6.786027774446237,469.22581626516563,161.62910183478309,0.39099454671587125,0.1346750054594976,922.5666666666667,265.66723849431526,0.37265658887770764,0.13031159850626908,0.3362134195039196,0.10744122220801322,0.26666666666666666,1.4605934866804429,499.2,261.2768910430148,50.93333333333333,23.485774613484697,37.63333333333333,16.8798662630209,13.3,7.751084462501205,13.3,7.751084462501205,400.73333333333335,182.55238895353762,47.53333333333333,73.83613419352125,0.0,0.0,0.750297362650491,0.08126828225129518,0.0,0.0,0.0,0.0,-0.04508477128121146,0.020905052413136695,0.0,0.0,0.10592912351389347,0.04204029764921118,0.1830561919468288,0.08729457374668823,0.25088888888888883,0.11253244175347271,0.25088888888888883,0.11253244175347271,0.08037931136229502,0.057347098977108234,0.12458726370387446,0.11651953232138149,0.08522996206840712,0.06794764173613674,0.04583607372674232,0.038635490423691826,0.01928620257696756,0.0057299576135864914,0.060320836456193565,0.02366193140607095,0.9644237187528024,0.014345021906695437,0.7255555555555555,0.19688830941855343,213.7,17.796066981218072,6562.166666666667,2276.921713301919,0.9929335961068309,0.005923616145318498,0.5568888888888889,0.19678436636447058,11.8,4.105505135034312,2109.5333333333333,780.0790735044366,0.95159945174133,0.017681749471329965,0.7253333333333334,0.19717079357521605,201.9,17.93734305470208,4452.633333333333,1537.2783940846693,0.9888845967490355,0.006765931017244135,2765.0333333333333,1016.2082831352259,0.9674545232633864,0.012572324449932686,2553.6,910.9193007142801,0.9127173403645987,0.030862855731055013,1457.2333333333333,471.4399572939627,1200.0,0.0,8000.0,0.0,40000.0,0.0,0.029999999999999995,0.0,0.0340587727318528,0.0,0.0681175454637056,0.0,2.0435263639111687,0.0,1.25,0.0,3.67,0.0,1.25,0.0,3.67,0.0,0.0095447693468439,0.0,0.1590431280879832,0.0,0.7295555555555555,0.11628585907887239,0.38770706732760585,0.04188328762191929,1200.099726624635,0.07002787915242221,0.4786666666666667,0.14810579215715397,0.2817779438137124,0.054608172557022966,0.3513043421677887,0.17014355306163104,0.11277146154721422,0.034505523955413016,0.27488888888888885,0.10455793947632633,-0.006842338033320762,0.019700209998540774,-0.024000000000000007,0.04111846263357445,0.0015240604927676338,0.004165729252939282,0.0037777777777777753,0.009854626598178514,0.008366398526088396,0.018557041968440033,0.027777777777777783,0.037101221523955286
1200.0,weak_drift,nominal,belief_horizon,114.5,8.803408430829505,37.03333333333333,17.920289663094046,0.24688888888888885,0.11946859775396032,12.75328053459331,6.327358221134421,0.010627088385394756,0.0052725044661567,1200.0752525277521,0.04355025227758545,2524.766666666667,215.3010215606455,140.76666666666668,29.299503742217716,61.63333333333333,11.046869843233123,40.2,8.087453032427709,33.4979858083921,6.739512074369479,443.7006004622935,167.7669616832663,0.3697276036420843,0.13979745638898536,869.4666666666667,266.80119595106675,0.3512822517645553,0.1313571918721508,0.34085006139510843,0.12297325349300502,0.0,0.0,480.06666666666666,259.9186787059174,50.3,24.247502537588172,37.03333333333333,17.920289663094046,13.266666666666667,7.177230919941263,13.266666666666667,7.177230919941263,391.43333333333334,188.13232381589245,38.333333333333336,64.16053859377801,0.0,0.0,0.7393765017141305,0.06687571350025397,0.0,0.0,0.0,0.0,-0.03976915119705571,0.02495132837236165,0.0,0.0,0.10549653685441128,0.042648998053275135,0.18327841416905102,0.08923964343570563,0.24688888888888885,0.11946859775396032,0.24688888888888885,0.11946859775396032,0.08876316132874133,0.09948382252620934,0.1005458807748035,0.11465141995995515,0.07417793340767195,0.07009740666835727,0.039921077864378804,0.03992340506112559,0.017961947517514225,0.005967086173382743,0.05423675253934206,0.025942896259058556,0.9606855052057562,0.020481571066556434,0.6713333333333333,0.23321934818495674,213.06666666666666,20.923396133207593,6338.433333333333,2553.3156899693536,0.9930943651747495,0.00467592457356296,0.49933333333333335,0.21809590494731732,11.066666666666666,4.076284086520834,2027.4666666666667,848.225560979419,0.9461751188374768,0.027902663208195358,0.6711111111111111,0.23340447738605388,202.0,20.86243943814683,4310.966666666666,1745.643374791662,0.9882483606849949,0.006837343444064627,2652.8,1097.2317644087716,0.9624166439281769,0.019670146989870164,2470.0,998.5069889072145,0.9021684618682794,0.06397277034047977,1428.7,581.5383374559535,1200.0,0.0,8000.0,0.0,40000.0,0.0,0.029999999999999995,0.0,0.0340587727318528,0.0,0.0681175454637056,0.0,2.0435263639111687,0.0,1.25,0.0,3.67,0.0,1.25,0.0,3.67,0.0,0.0095447693468439,0.0,0.1590431280879832,0.0,0.7295555555555555,0.11628585907887239,0.38770706732760585,0.04188328762191929,1200.099726624635,0.07002787915242221,0.4826666666666667,0.15543881771822587,0.28221053047319455,0.05410878265254924,0.34640505158629303,0.18259927754506206,0.11277146154721422,0.034505523955413016,0.27488888888888885,0.10455793947632633,-0.007274924692802939,0.01971189428912649,-0.028000000000000004,0.04343136568085575,0.0,0.0,0.0,0.0,0.007274924692802939,0.01971189428912649,0.028000000000000004,0.04343136568085575
1200.0,weak_drift,nominal,belief_orienteering,114.5,8.803408430829505,29.466666666666665,16.606465988995918,0.19644444444444442,0.11070977325997278,10.15640539960421,6.372387059240597,0.008463023106361713,0.00530960128898415,1200.0784318851058,0.05215461822432347,2389.2,125.48922195784864,104.66666666666667,19.061304607327727,49.833333333333336,7.620676652612822,32.6,5.751161801668036,27.164879888724524,4.792219435369006,511.5792438521492,135.45614665918387,0.4262881202131933,0.1128694159003083,958.6666666666666,224.77840940208944,0.4047535059588458,0.11392669414817802,0.33762136165419526,0.11970509415182554,0.0,0.0,382.8666666666667,252.58658240135284,39.43333333333333,22.953751602813824,29.466666666666665,16.606465988995918,9.966666666666667,6.925631221491075,9.966666666666667,6.925631221491075,308.3,175.3568086640139,35.13333333333333,66.56484177792012,0.0,0.0,0.7534252712764717,0.07207750265583084,0.0,0.0,0.0,0.0,-0.035086888343495895,0.020764501154205684,0.0,0.0,0.08266440754304355,0.033385197854851466,0.14088888888888887,0.07527692595409524,0.19644444444444442,0.11070977325997278,0.19644444444444442,0.11070977325997278,0.0891926264084499,0.08458675859520431,0.10639107104237112,0.11427047942870584,0.07567793477851482,0.06295506068788995,0.04045113883254613,0.03557787912854646,0.018406009908892816,0.006254634586018817,0.05318633001018299,0.024875731682234222,0.9609482404773512,0.021978075385467196,0.6042222222222222,0.22746636033271836,199.0,15.761148216530682,6012.933333333333,2413.6775337193676,0.9934344507440139,0.004059792691987193,0.4646666666666667,0.21007679675870558,9.8,3.1666364184883236,1871.9666666666667,808.6298110163685,0.9472493557530924,0.029414381830972263,0.604,0.2275951234756252,189.2,14.905217785774862,4140.966666666666,1632.5502681880641,0.9871835634520394,0.007073010369822765,2443.0333333333333,1046.0127738170818,0.9647537545676828,0.02085091677210509,2406.733333333333,951.9286387819906,0.9072516204227308,0.05318262678040349,1362.1666666666667,506.09206490609944,1200.0,0.0,8000.0,0.0,40000.0,0.0,0.029999999999999995,0.0,0.0340587727318528,0.0,0.0681175454637056,0.0,2.0435263639111687,0.0,1.25,0.0,3.67,0.0,1.25,0.0,3.67,0.0,0.0095447693468439,0.0,0.1590431280879832,0.0,0.7295555555555555,0.11628585907887239,0.38770706732760585,0.04188328762191929,1200.099726624635,0.07002787915242221,0.5331111111111111,0.14854062316593272,0.3050426597845623,0.0524809575567528,0.2748127919366814,0.166489740625989,0.11277146154721422,0.034505523955413016,0.27488888888888885,0.10455793947632633,-0.030107054004170686,0.02250834297146577,-0.07844444444444446,0.06141831527183191,0.0,0.0,0.0,0.0,0.030107054004170686,0.02250834297146577,0.07844444444444446,0.06141831527183191
1200.0,weak_drift,nominal,belief_orienteering_depth1,114.5,8.803408430829505,24.566666666666666,15.932364227730218,0.16377777777777774,0.10621576151820146,8.404096489014835,5.964033949690255,0.0070030113451878834,0.00496979992808838,1200.0710657448285,0.04540346074470134,2266.9,100.55273106255213,75.83333333333333,11.49237628359245,39.7,5.40210686868463,25.2,5.054189112627949,20.99877636247431,4.211672766398403,527.6771557423898,129.6713341617732,0.43970516817400523,0.10805489753740638,958.9,219.13928022591256,0.4243688922389334,0.10457812373789285,0.35934818519857076,0.1214445834020167,0.0,0.0,307.76666666666665,222.57980875265352,32.166666666666664,20.733253871304285,24.566666666666666,15.932364227730218,7.6,5.275839531166645,7.6,5.275839531166645,249.93333333333334,152.35234419466343,25.666666666666668,52.10687513929049,0.0,0.0,0.7661081099510093,0.06441113736178261,0.0,0.0,0.0,0.0,-0.03760013458567811,0.02053417967175885,0.0,0.0,0.0670062705833156,0.032417454499434555,0.11831911932101082,0.06867594643029087,0.16377777777777774,0.10621576151820146,0.16377777777777774,0.10621576151820146,0.07576706258786474,0.04672344898261561,0.06909198164757958,0.058098357052521934,0.06282626314706527,0.04396679499452595,0.032953327276108904,0.023771857209640968,0.01789974062082639,0.0062559433994587525,0.05007648508244692,0.019560246062824464,0.9630288427336953,0.018400723214014217,0.5993333333333334,0.18492081768221916,194.53333333333333,15.151495506779312,5900.766666666666,2095.2357728136853,0.9935748619107428,0.0035451244094074916,0.4186666666666667,0.16020484970727886,10.133333333333333,2.1452969143162246,1819.4666666666667,700.9332563697185,0.9499924080315747,0.024795806226973915,0.599111111111111,0.18470009518038266,184.4,14.21412604806728,4081.3,1430.405950336694,0.988481848383916,0.006598770738971465,2393.266666666667,888.4831682310504,0.9664494304117057,0.015610977746764019,2357.5666666666666,849.3903973594456,0.9091931866645603,0.05424046328319328,1344.4666666666667,464.0826868456579,1200.0,0.0,8000.0,0.0,40000.0,0.0,0.029999999999999995,0.0,0.0340587727318528,0.0,0.0681175454637056,0.0,2.0435263639111687,0.0,1.25,0.0,3.67,0.0,1.25,0.0,3.67,0.0,0.0095447693468439,0.0,0.1590431280879832,0.0,0.7295555555555555,0.11628585907887239,0.38770706732760585,0.04188328762191929,1200.099726624635,0.07002787915242221,0.5657777777777777,0.1442617176083289,0.32070079674429025,0.052034509730287594,0.228674685244092,0.1542292902173471,0.11277146154721422,0.034505523955413016,0.27488888888888885,0.10455793947632633,-0.04576519096389864,0.02574750572038981,-0.1111111111111111,0.0959459192072074,0.0,0.0,0.0,0.0,0.04576519096389864,0.02574750572038981,0.1111111111111111,0.0959459192072074
1200.0,weak_drift,nominal,confirmed_route,114.5,8.803408430829505,15.066666666666666,12.278192985472485,0.10044444444444442,0.0818546199031499,5.169289050856511,4.505222873297628,0.00430740953623062,0.0037540738762074388,1200.1001057154515,0.06412049149483443,1694.2,133.23958198259464,67.13333333333334,17.980321299214555,66.13333333333334,17.980321299214555,53.733333333333334,14.260950622019493,44.77412090840764,11.883435744417397,1028.212941747244,97.92701695204903,0.8567717872603225,0.08158971347732157,1454.7333333333333,158.4589435204249,0.8596619254319163,0.07895933401497057,0.17901933138510578,0.10372087170937781,51.333333333333336,14.888860296192595,301.53333333333336,243.2522081741689,20.5,15.819564491150038,15.066666666666666,12.278192985472485,5.433333333333334,4.446488993331266,5.433333333333334,4.446488993331266,247.4,171.17375725389041,33.63333333333333,60.56884560127644,0.0,0.0,0.7104991561031995,0.12807034228357228,0.0,0.0,0.0,0.0,-0.05013319415963434,0.017650076764408842,0.0,0.0,0.03331576133758846,0.02310867810225541,0.07088888888888885,0.0540889952995613,0.10044444444444442,0.0818546199031499,0.10044444444444442,0.0818546199031499,0.09119118690597541,0.034370866811222825,0.14985439774292783,0.10196309268705338,0.09680221714882946,0.031300510812203544,0.05113911724927298,0.017375733170227073,0.024825092199384856,0.007172136578307916,0.07140397718013757,0.025158354557022648,0.9690537784808393,0.012324273935198688,0.6891111111111111,0.137970881855927,140.43333333333334,17.08333193159512,5144.933333333333,2172.474688290836,0.9931139009236528,0.0055873701043236855,0.4804444444444444,0.17936399629609406,8.066666666666666,2.9353180328582775,1528.9333333333334,722.7617499054836,0.9594083925382434,0.015460149008809793,0.6886666666666666,0.13737718304527843,132.36666666666667,18.060212190553468,3616.0,1477.4000462135243,0.9886531740180822,0.006591719700619418,2023.7,939.5983789859918,0.9715675746500173,0.012835294498354181,2062.2,897.4029733356828,0.9320668372389437,0.026086431409681112,1199.4666666666667,412.4982535664876,1200.0,0.0,8000.0,0.0,40000.0,0.0,0.029999999999999995,0.0,0.0340587727318528,0.0,0.0681175454637056,0.0,2.0435263639111687,0.0,1.25,0.0,3.67,0.0,1.25,0.0,3.67,0.0,0.0095447693468439,0.0,0.1590431280879832,0.0,0.7295555555555555,0.11628585907887239,0.38770706732760585,0.04188328762191929,1200.099726624635,0.07002787915242221,0.6291111111111112,0.14666126775155386,0.35439130599001734,0.05011395069650894,0.14329831958715675,0.13327462467965345,0.11277146154721422,0.034505523955413016,0.27488888888888885,0.10455793947632633,-0.07945570020962577,0.03155638756036893,-0.17444444444444446,0.08191357623680542,0.0,0.0,0.0,0.0,0.07945570020962577,0.03155638756036893,0.17444444444444446,0.08191357623680542
1200.0,weak_drift,nominal,greedy,114.5,8.803408430829505,21.4,6.866209113201178,0.14266666666666664,0.045774727421341185,7.416390816794239,2.6242490417639743,0.0061798485752359135,0.002186702167546955,1200.0936569354317,0.06297455278246622,2040.9666666666667,126.89079837657135,102.86666666666666,16.16239426897349,101.86666666666666,16.16239426897349,81.23333333333333,11.89228475868322,67.68934359817585,9.9102935684903,971.8223871475603,95.88819324855878,0.809789784510534,0.07990816911161809,1700.9666666666667,160.76143887725397,0.8330144411603921,0.06123793563555197,0.20005650027277153,0.04629507004183054,0.0,0.0,279.1,112.04905021985869,27.566666666666666,9.56532290614648,21.4,6.866209113201178,6.166666666666667,3.563060804820846,6.166666666666667,3.563060804820846,243.86666666666667,93.34021321112807,7.666666666666667,13.27775773896755,0.0,0.0,0.7879228578173058,0.08090122646298714,0.0,0.0,0.0,0.0,-0.03267195664410919,0.018316287205788668,0.0,0.0,0.07309725101546428,0.027054728410767753,0.12199999999999997,0.0427108248502294,0.14266666666666664,0.045774727421341185,0.14266666666666664,0.045774727421341185,0.08372114929230638,0.05388502025956634,0.07192956244542623,0.10265091171255271,0.062114100482744114,0.05492725948879904,0.032879915840215296,0.030213901737989265,0.015316085592286364,0.0034677641104171957,0.04061634490001827,0.014325780410788903,0.951793429870888,0.025742373087007126,0.5475555555555556,0.21502727855699397,172.83333333333334,16.165274261639453,4177.666666666667,1653.5598449767522,0.9905281647716487,0.005219761567403039,0.392,0.19240283411299494,9.466666666666667,2.5425121073638874,1223.2,507.720694327379,0.9366720552873212,0.033523605565803916,0.5475555555555556,0.21502727855699397,163.36666666666667,15.570713742047337,2954.4666666666667,1172.838841071712,0.9828505630095599,0.00993013821542502,1618.4,676.1631408938587,0.9551302035965114,0.025645800434842603,1682.0333333333333,673.1625557298784,0.8948301990849906,0.062316420597586145,1050.0666666666666,418.65037123276664,1200.0,0.0,8000.0,0.0,40000.0,0.0,0.029999999999999995,0.0,0.0340587727318528,0.0,0.0681175454637056,0.0,2.0435263639111687,0.0,1.25,0.0,3.67,0.0,1.25,0.0,3.67,0.0,0.0095447693468439,0.0,0.1590431280879832,0.0,0.7295555555555555,0.11628585907887239,0.38770706732760585,0.04188328762191929,1200.099726624635,0.07002787915242221,0.5868888888888889,0.1207699860373367,0.3146098163121416,0.048531446074676174,0.19917599906401967,0.06786582069626604,0.11277146154721422,0.034505523955413016,0.27488888888888885,0.10455793947632633,-0.039674210531749944,0.0482439451599871,-0.1322222222222222,0.12452617731948298,0.0,0.0,0.0,0.0,0.039674210531749944,0.0482439451599871,0.1322222222222222,0.12452617731948298
1200.0,weak_drift,nominal,lawnmower_collect,114.5,8.803408430829505,3.966666666666667,2.1732437750393134,0.026444444444444413,0.014488291833595419,1.4210737563541764,0.9736469001993836,0.0011840801202800733,0.0008112710079568211,1200.1499999999974,0.0,2030.0,0.0,12.0,0.0,11.0,0.0,8.233333333333333,1.4546793303071945,6.8602535794136985,1.2120812650978612,577.5199999999352,244.81191886972564,0.48120651585213214,0.20398443433714633,981.9666666666667,411.9917544649728,0.48372742200328406,0.20295160318471567,0.2515151515151515,0.13224357548247223,0.0,0.0,52.166666666666664,30.6167447236192,5.066666666666666,2.887945616707051,3.966666666666667,2.1732437750393134,1.1,1.2134305884983487,1.1,1.2134305884983487,45.03333333333333,25.223802843446457,2.066666666666667,4.217642202359801,0.0,0.0,0.7513864838864838,0.26437902039880706,0.0,0.0,0.0,0.0,-0.04415657457606589,0.013385119282794797,0.0,0.0,0.012605291666667757,0.008890703442391656,0.019999999999999973,0.012379689211803456,0.026444444444444413,0.014488291833595419,0.026444444444444413,0.014488291833595419,0.08593898741942375,0.1844020611114404,0.017948883679354228,0.02698950215110547,0.025386531157683686,0.03480317133432359,0.013168344033482321,0.018309762242474242,0.014158623684644362,0.0017981125510478648,0.033078863078640136,0.006529021096044275,0.9359682187278093,0.027696557020830653,0.4988888888888889,0.15352894402651013,172.0,10.573225782526155,2947.866666666667,1161.67844483549,0.9817098904222791,0.015755270390045394,0.21866666666666665,0.09153271299318469,9.166666666666666,2.8172294207599426,677.7333333333333,319.40666256663155,0.9238435233263491,0.030053919901917032,0.49866666666666665,0.1531122844435076,162.83333333333334,11.41107548297534,2270.133333333333,857.8117200915576,0.9656280882912162,0.0224337972564805,812.3666666666667,384.3863433051963,0.9427482466740543,0.03176696962944516,1279.0666666666666,505.7621039057063,0.9038810773852505,0.028954759749059405,1028.4333333333334,310.5850634032413,1200.0,0.0,8000.0,0.0,40000.0,0.0,0.029999999999999995,0.0,0.0340587727318528,0.0,0.0681175454637056,0.0,2.0435263639111687,0.0,1.25,0.0,3.67,0.0,1.25,0.0,3.67,0.0,0.0095447693468439,0.0,0.1590431280879832,0.0,0.7295555555555555,0.11628585907887239,0.38770706732760585,0.04188328762191929,1200.099726624635,0.07002787915242221,0.7031111111111111,0.11376837844317181,0.3751017756609381,0.04313787982207052,0.036485943889456064,0.02162397214545557,0.11277146154721422,0.034505523955413016,0.27488888888888885,0.10455793947632633,-0.10016616988054647,0.03415767129819369,-0.24844444444444444,0.09937634389879824,0.0,0.0,0.0,0.0,0.10016616988054647,0.03415767129819369,0.24844444444444444,0.09937634389879824
1200.0,weak_drift,nominal,oracle_current_physics,114.5,8.803408430829505,109.43333333333334,17.442878861830856,0.7295555555555555,0.11628585907887239,38.6739412277147,6.3889324247019506,0.03222569222697906,0.0053240952632654355,1200.099726624635,0.07002787915242221,1897.0,82.25863333790984,130.73333333333332,20.11507126395586,128.4,19.968250661556677,21.433333333333334,5.48781303927375,17.85970624876703,4.57306567433629,195.95521421238814,70.1477103593543,0.16328313944880296,0.05845361329106543,360.03333333333336,101.92102532009206,0.18924580768406737,0.05144039735832145,0.8334075950039838,0.03341684468774748,0.0,0.0,1207.2,232.00020808551903,144.83333333333334,22.880624740285107,109.43333333333334,17.442878861830856,35.4,8.298732765744502,35.4,8.298732765744502,1017.1666666666666,159.45620592876088,45.2,67.77823880252727,0.0,0.0,0.7563953159219259,0.039345909061841114,0.0,0.0,0.0,0.0,-0.07453870332713525,0.01588926202828279,1.0,0.0,0.38770706732760585,0.04188328762191929,0.5730706348009086,0.06375177138941136,0.7295555555555555,0.11628585907887239,0.7295555555555555,0.11628585907887239,0.027568905365786225,0.04450560343330367,0.10569644212452838,0.15899404209115395,0.04129878116868238,0.06428672468552375,0.022208935392167565,0.0354463891978457,0.01471835995991049,0.0029654850100727494,0.06383927820879044,0.009397581448469949,0.9636860257440066,0.006092030884450749,0.9506666666666667,0.07136544555962199,161.13333333333333,16.853800008088495,4392.1,818.3110170892573,0.9937193465703912,0.002676519118042753,0.8693333333333334,0.09781678079636433,9.166666666666666,3.2492262562597602,1518.5,326.17815631211784,0.9486382426374897,0.008168653904328603,0.9495555555555555,0.07190209037472711,151.96666666666667,16.193833081919102,2873.6,505.83611902506993,0.9898310865971098,0.0028998530646087315,2067.4,434.31298106002004,0.9641700061977581,0.0067686996721371,1580.2666666666667,303.17787351405735,0.9036418348524601,0.01713839278712141,905.5666666666667,135.5771019557235,1200.0,0.0,8000.0,0.0,40000.0,0.0,0.029999999999999995,0.0,0.0340587727318528,0.0,0.0681175454637056,0.0,2.0435263639111687,0.0,1.25,0.0,3.67,0.0,1.25,0.0,3.67,0.0,0.0095447693468439,0.0,0.1590431280879832,0.0,0.7295555555555555,0.11628585907887239,0.38770706732760585,0.04188328762191929,1200.099726624635,0.07002787915242221,0.0,0.0,0.0,0.0,1.0,0.0,0.11277146154721422,0.034505523955413016,0.27488888888888885,0.10455793947632633,,,,,,,,,,,,
2400.0,robot_disturbed,nominal,adaptive_mission,114.5,8.803408430829505,91.4,22.46775467197379,0.6093333333333334,0.14978503114649191,32.26938884024597,7.78495799282627,0.013445011518363437,0.0032435088359270003,2400.0978004107374,0.05928245087898315,4643.6,341.98070120987825,242.73333333333332,46.79149151460037,105.3,12.168784259112636,65.13333333333334,9.96453481217204,27.137810818507912,4.151894357343817,855.2031886247354,329.058127492965,0.3563210470847263,0.13710512456706636,1513.3333333333333,450.142301893549,0.332156462186712,0.11366652982535608,0.37855379455972354,0.08909363390508789,0.0,0.0,1332.2666666666667,377.5389391502719,121.53333333333333,31.239600568479748,91.4,22.46775467197379,30.133333333333333,10.016308540655546,30.133333333333333,10.016308540655546,926.1333333333333,224.8327705487874,284.6,158.77909182256963,0.0,0.0,0.7561282117292009,0.03873662044926429,18962.166666666668,4837.449086132024,121.23333333333333,25.038843387044054,-0.03969974268181104,0.03871376011187904,0.7666666666666667,0.43018306715207627,0.292005994051928,0.07031597509417457,0.19599999999999998,0.13132510622460664,0.5386666666666666,0.09936811857183246,0.6093333333333334,0.14978503114649191,0.032055378130012704,0.07706397729206806,0.12042556110273445,0.17608307344902133,0.03458518672613336,0.06621720530559282,0.018819156279042668,0.03757308847735935,0.01628486827398673,0.013995039851486014,0.06532984988867925,0.050401439596702104,0.9707682673045132,0.005677590961158244,0.9297777777777778,0.104309197506963,394.93333333333334,30.97377459470637,13680.6,3268.6161640036917,0.9957066636254771,0.0010943326927378909,0.882,0.15248792427536165,20.9,3.4476378720149428,5058.733333333334,1208.2009975888586,0.9567012639776842,0.008160824482399751,0.9297777777777778,0.104309197506963,374.03333333333336,29.38505758366661,8621.866666666667,2120.0656582762476,0.9920891728887887,0.0020546822789064495,6725.1,1603.2792333215073,0.970179885418495,0.006965231218687633,4877.666666666667,1221.5248620088528,0.9132627973826554,0.016030896854713584,2472.766666666667,622.2325035754297,2400.0,0.0,13200.0,0.0,40000.0,0.0,0.05999999999999999,0.0,0.045276925690687,0.0,0.0905538513813741,0.0,2.7166155414412247,0.0,1.25,0.0,3.67,0.0,1.25,0.0,3.67,0.0,0.0095447693468439,0.0,0.1590431280879832,0.0,1.0,0.0,0.6620618894096542,0.024985791543388865,1666.523768877111,209.49841639551695,0.39066666666666666,0.14978503114649197,0.3700558953577261,0.06607612736476975,0.6093333333333334,0.14978503114649191,0.31636227333184325,0.0726856573708774,0.7528888888888888,0.12399398494041904,-0.02435627927991525,0.03840439625585818,-0.14355555555555555,0.14902732741591565,0.001754757126462166,0.005925665875628465,0.009333333333333334,0.05112077203381551,0.026111036406377415,0.03667406689817845,0.1528888888888889,0.12900958808804186
2400.0,robot_disturbed,nominal,belief_horizon,114.5,8.803408430829505,99.9,25.272787600568485,0.666,0.1684852506704566,34.79326279310784,8.198172404016605,0.014496574832009711,0.0034157315543357552,2400.1008097264657,0.0692719949438993,4665.5,334.10113583392246,248.53333333333333,46.872338238603184,107.73333333333333,14.848507026618549,64.3,10.106843021540849,26.790549744041762,4.211071748924938,761.2093039604201,285.82795644637196,0.3171570605541427,0.11908836945406005,1382.4333333333334,394.96946048098914,0.30045348685097734,0.0968075212268969,0.39846746105372893,0.08939097879385181,0.0,0.0,1473.0666666666666,413.0395266493421,135.16666666666666,34.78216282197977,99.9,25.272787600568485,35.266666666666666,11.063868916536334,35.266666666666666,11.063868916536334,1019.7666666666667,246.88566156230587,318.1333333333333,162.7053044370528,0.0,0.0,0.7406508271998705,0.038394155702930616,20625.466666666667,5146.838947744818,126.46666666666667,24.9257287561064,-0.052718967628748746,0.037629542153207206,0.8333333333333334,0.3790490217894517,0.3070065757666425,0.0791926193625403,0.20288888888888887,0.130612272672476,0.5737777777777778,0.12231400246070183,0.666,0.1684852506704566,0.012249629059705733,0.029129733181701672,0.09483718608434809,0.1378539511216562,0.01903136528225663,0.03832586445700367,0.009992794917279337,0.02063229892862042,0.018032825414241473,0.01260488258456124,0.07154760872682549,0.04230436576372326,0.9718219308066052,0.006917975653620154,0.9386666666666666,0.11992845887879218,398.6,31.612524798534068,14476.2,3415.0566148687235,0.9957920371814878,0.0014948285329510402,0.8995555555555556,0.15407549856891348,21.5,3.4315975971791213,5432.266666666666,1293.2064115942615,0.9580404991023389,0.00945573859548905,0.9382222222222223,0.12062332787901313,377.1,30.285253040450858,9043.933333333332,2192.8720253448964,0.9927453869058411,0.0024376456414000984,7240.2,1721.2256338895904,0.9709277479315214,0.007524428237159528,5094.0,1273.7778997655103,0.9136311103773989,0.018561437965488328,2540.6,630.4406012656053,2400.0,0.0,13200.0,0.0,40000.0,0.0,0.05999999999999999,0.0,0.045276925690687,0.0,0.0905538513813741,0.0,2.7166155414412247,0.0,1.25,0.0,3.67,0.0,1.25,0.0,3.67,0.0,0.0095447693468439,0.0,0.1590431280879832,0.0,1.0,0.0,0.6620618894096542,0.024985791543388865,1666.523768877111,209.49841639551695,0.33399999999999996,0.1684852506704566,0.3550553136430116,0.07265053742256944,0.666,0.1684852506704566,0.31636227333184325,0.0726856573708774,0.7528888888888888,0.12399398494041904,-0.009355697565200794,0.02193178007348656,-0.08688888888888892,0.10495002763889515,0.0,0.0,0.0,0.0,0.009355697565200794,0.02193178007348656,0.08688888888888892,0.10495002763889515
2400.0,robot_disturbed,nominal,belief_orienteering,114.5,8.803408430829505,93.5,24.634920546752888,0.6233333333333333,0.16423280364501924,32.99970949145481,8.526705214928976,0.013749282715464136,0.0035526043420444574,2400.102432685905,0.06622067699540671,4511.566666666667,251.97860929100688,205.53333333333333,34.10201059229179,96.93333333333334,13.248118495777463,55.7,9.36666871190717,23.20733389197717,3.9025794363779798,847.3891616780309,271.53580298928114,0.35306392305945855,0.11313470832810188,1519.4333333333334,366.0945500007203,0.34004626871928156,0.09296515330312408,0.42301287800934373,0.08434588411599332,0.0,0.0,1391.2,409.9083497227323,125.03333333333333,31.903392245678358,93.5,24.634920546752888,31.533333333333335,8.69694093398336,31.533333333333335,8.69694093398336,939.7,237.02380936711094,326.46666666666664,169.30990425300263,0.0,0.0,0.7463343091556334,0.030381383939797068,18862.0,5019.923464178202,119.1,26.30766244743679,-0.04135700864447326,0.023806347187645037,0.8333333333333334,0.3790490217894517,0.26191097359799415,0.07441557104354263,0.1364218377010812,0.11259594150648927,0.5335555555555556,0.13056298177297743,0.6233333333333333,0.16423280364501924,0.0023762255442728933,0.0046748673704054035,0.042745631393586475,0.08333086176378346,0.004480796275698594,0.008811685736072538,0.0022644784246372233,0.004462823507338259,0.020322233536046022,0.015229956717834534,0.0750503995028907,0.04469106771897841,0.9721882161563212,0.005872658412163218,0.9184444444444445,0.12586781771017294,384.43333333333334,25.7584044983157,14061.4,3286.675551269146,0.9956940998928333,0.001189138372730204,0.8635555555555555,0.1565600843942759,21.533333333333335,4.344900564977319,5220.433333333333,1262.43996602456,0.958880631281082,0.008248041078353032,0.9182222222222223,0.12574904563315806,362.9,25.137346854760775,8840.966666666667,2097.724505815492,0.9930164225354603,0.0019294589935063902,6941.266666666666,1686.0172399276744,0.9712204076914452,0.006527794146066348,5000.266666666666,1201.6046723052252,0.9159832424878864,0.01685489050948281,2504.3,613.9012135514964,2400.0,0.0,13200.0,0.0,40000.0,0.0,0.05999999999999999,0.0,0.045276925690687,0.0,0.0905538513813741,0.0,2.7166155414412247,0.0,1.25,0.0,3.67,0.0,1.25,0.0,3.67,0.0,0.0095447693468439,0.0,0.1590431280879832,0.0,1.0,0.0,0.6620618894096542,0.024985791543388865,1666.523768877111,209.49841639551695,0.3766666666666667,0.16423280364501924,0.40015091581165996,0.06874761503815816,0.6233333333333333,0.16423280364501924,0.31636227333184325,0.0726856573708774,0.7528888888888888,0.12399398494041904,-0.054451299733849066,0.04825008854039657,-0.12955555555555556,0.15110001086117686,0.0,0.0,0.0,0.0,0.054451299733849066,0.04825008854039657,0.12955555555555556,0.15110001086117686
2400.0,robot_disturbed,nominal,belief_orienteering_depth1,114.5,8.803408430829505,85.46666666666667,23.378052385374904,0.5697777777777778,0.15585368256916607,30.02497361639307,8.411182136102369,0.012509877842906386,0.003504500311987888,2400.1003505681797,0.06616784748180779,4388.3,237.35818270401336,171.76666666666668,28.987135474008216,85.63333333333334,14.106695239307918,48.5,6.851881191473546,20.207479354516167,2.8547684909221704,938.0406406409127,267.0421970995126,0.39083434528777433,0.11126447287411884,1650.6666666666667,355.1207015138348,0.3788286138285717,0.09153031017012783,0.4273811705419988,0.06956140862414066,0.0,0.0,1332.3,436.5498865516699,113.56666666666666,30.283355316004908,85.46666666666667,23.378052385374904,28.1,8.579647127218356,28.1,8.579647127218356,870.6333333333333,224.35800875376395,348.1,214.44818520549674,0.0,0.0,0.7528295778142591,0.03686508531747354,17014.133333333335,4241.62082498996,118.36666666666666,25.445659928471148,-0.043592906055239314,0.02941060134355184,0.7333333333333333,0.44977644510880366,0.23601880993947913,0.058102386654165804,0.11688888888888886,0.09988089970139258,0.48800000000000004,0.10959206839885222,0.5697777777777778,0.15585368256916607,0.00824064008446641,0.01521983264292992,0.10933267182645613,0.19266390541425799,0.015199233839645467,0.027985152826941976,0.007856949456044733,0.014611889332224796,0.022315093448657734,0.01618853994528615,0.07901971774551245,0.05034781667249693,0.9717651096481357,0.007762064891851248,0.9162222222222222,0.1251228770251256,369.3,25.61808359141159,13475.533333333333,3156.1541714597824,0.9952155978147021,0.0025057460527850677,0.8702222222222222,0.15610914085011293,21.133333333333333,4.454624356881233,4872.233333333334,1178.3385639383816,0.9589620744984597,0.010466589399767605,0.9162222222222222,0.1251228770251256,348.1666666666667,24.90822234182691,8603.3,2052.3435914196675,0.9925380248676309,0.002190895767345817,6422.933333333333,1534.4495572283115,0.9715337208927285,0.009519808737361066,4911.233333333334,1188.4658521005958,0.9180332853384113,0.021574699840313787,2510.6666666666665,636.3352149198773,2400.0,0.0,13200.0,0.0,40000.0,0.0,0.05999999999999999,0.0,0.045276925690687,0.0,0.0905538513813741,0.0,2.7166155414412247,0.0,1.25,0.0,3.67,0.0,1.25,0.0,3.67,0.0,0.0095447693468439,0.0,0.1590431280879832,0.0,1.0,0.0,0.6620618894096542,0.024985791543388865,1666.523768877111,209.49841639551695,0.43022222222222223,0.15585368256916607,0.426043079470175,0.05275642636399247,0.5697777777777778,0.15585368256916607,0.31636227333184325,0.0726856573708774,0.7528888888888888,0.12399398494041904,-0.0803434633923641,0.06271196346592076,-0.1831111111111111,0.1497966267116913,0.0,0.0,0.0,0.0,0.0803434633923641,0.06271196346592076,0.1831111111111111,0.1497966267116913
2400.0,robot_disturbed,nominal,confirmed_route,114.5,8.803408430829505,67.13333333333334,21.134598751048387,0.44755555555555554,0.14089732500698926,23.505774545381993,7.757590643637997,0.009793568115662534,0.0032321256954102335,2400.1184874224386,0.0786206578376539,3464.1666666666665,181.45771490584406,154.26666666666668,22.419101051425397,153.0,22.4145888452911,109.13333333333334,23.358869442017,45.4700338788857,9.732635923029903,1784.3365423925766,243.5848004972423,0.74343723258434,0.10149145170856883,2649.9,391.14106724142204,0.7628294466763978,0.08827679568725078,0.29066504891605116,0.08180842139299098,106.5,23.91471917258173,1348.3666666666666,514.9555376409952,88.86666666666666,28.909768464027483,67.13333333333334,21.134598751048387,21.733333333333334,8.68980112995464,21.733333333333334,8.68980112995464,901.9333333333333,267.60920211657765,357.56666666666666,295.1456313045492,0.0,0.0,0.7600035253302104,0.04489444916862021,16350.9,4732.070322953719,110.66666666666667,20.58009304850339,-0.07455995554628851,0.02726457451338689,0.3,0.46609159969939906,0.13868294917275226,0.08066071440378393,0.05860631860206308,0.06206281648443084,0.3026666666666667,0.16241095408765638,0.44755555555555554,0.14089732500698926,0.03516442980868288,0.026645968378650426,0.30288410644027336,0.19913720054826461,0.059058178410690054,0.037635379246546266,0.030801850870243168,0.01997178029583961,0.043231646919812114,0.013255543414725922,0.1413180305524994,0.04255279676943545,0.9782039442199444,0.004317601335384486,0.9244444444444445,0.09839062555933151,288.3,26.830438196069473,13467.966666666667,3107.3472829379098,0.9963971334550953,0.001150387173166018,0.8524444444444444,0.12172116031510158,15.8,4.5364424767462435,4560.7,1141.2164758833387,0.9691792973912087,0.005876409357833325,0.924,0.09836362284325734,272.5,24.79397869060842,8907.266666666666,2048.734292752198,0.9936690485910926,0.00174311471238102,6095.033333333334,1554.945269761615,0.9793000957180017,0.004308704973619418,5053.1,1212.0039646572232,0.9398710795450251,0.011989022786031476,2608.133333333333,561.6114581141106,2400.0,0.0,13200.0,0.0,40000.0,0.0,0.05999999999999999,0.0,0.045276925690687,0.0,0.0905538513813741,0.0,2.7166155414412247,0.0,1.25,0.0,3.67,0.0,1.25,0.0,3.67,0.0,0.0095447693468439,0.0,0.1590431280879832,0.0,1.0,0.0,0.6620618894096542,0.024985791543388865,1666.523768877111,209.49841639551695,0.5524444444444445,0.14089732500698926,0.5233789402369018,0.08201852083165088,0.44755555555555554,0.14089732500698926,0.31636227333184325,0.0726856573708774,0.7528888888888888,0.12399398494041904,-0.17767932415909096,0.07135458801427985,-0.30533333333333335,0.13871219411765812,0.0,0.0,0.0,0.0,0.17767932415909096,0.07135458801427985,0.30533333333333335,0.13871219411765812
2400.0,robot_disturbed,nominal,greedy,114.5,8.803408430829505,24.266666666666666,8.95172236685954,0.16177777777777774,0.05967814911239694,8.61813977744546,3.2174542151277095,0.0035907163137822136,0.0013405207265170798,2400.110470141128,0.0701721177163434,3685.9,259.33646764054583,156.1,30.50195019203267,155.1,30.50195019203267,132.06666666666666,25.88027252072757,55.025124212664075,10.782302098210685,2154.8534630002914,119.38890118464138,0.8978145859900324,0.04974884415322598,3328.7,229.2202900689866,0.9040928157105712,0.039970120913135086,0.1467745684501676,0.04828754824921647,0.0,0.0,387.93333333333334,138.27133079398718,32.2,11.757316137563908,24.266666666666666,8.95172236685954,7.933333333333334,4.51001439965079,7.933333333333334,4.51001439965079,322.4,110.11079060154165,33.333333333333336,24.922408326275555,0.0,0.0,0.7320234331266453,0.16321833081369858,9843.666666666666,3265.7372968372733,92.33333333333333,36.967211318189506,-0.018846895263813963,0.02104711330222152,0.0,0.0,0.0922279576892362,0.03170750654692995,0.07999999999999997,0.033218191941495986,0.14745296632804553,0.05414864282355048,0.16177777777777774,0.05967814911239694,0.019889464813865484,0.044668348344289295,0.04129751066819455,0.0989822454702522,0.024238037567934932,0.05325885943669488,0.013017019264401856,0.02876033877288076,0.010963107894885147,0.006972330274505894,0.035701513296372486,0.023191578626053953,0.9238686779207101,0.16737079112791942,0.8448888888888889,0.22058739648752446,306.03333333333336,29.64093550263325,6819.2,2265.1418072378056,0.9593062493099004,0.18122269956752482,0.744,0.23829920983914674,16.066666666666666,3.9122560149403287,2250.9333333333334,732.0837022680103,0.9065176929745815,0.16467085788028663,0.8442222222222221,0.2208689445732101,289.96666666666664,28.84020581175467,4568.266666666666,1584.6445904873808,0.9536206785151881,0.1802171240171515,3047.2,985.5565345319469,0.9211969945418816,0.17502071925648455,2466.7,855.3846140368871,0.8639458401853946,0.15762734740764617,1611.3333333333333,576.1793502705219,2400.0,0.0,13200.0,0.0,40000.0,0.0,0.05999999999999999,0.0,0.045276925690687,0.0,0.0905538513813741,0.0,2.7166155414412247,0.0,1.25,0.0,3.67,0.0,1.25,0.0,3.67,0.0,0.0095447693468439,0.0,0.1590431280879832,0.0,1.0,0.0,0.6620618894096542,0.024985791543388865,1666.523768877111,209.49841639551695,0.8382222222222223,0.059678149112396904,0.5698339317204179,0.03657708039053771,0.16177777777777774,0.05967814911239694,0.31636227333184325,0.0726856573708774,0.7528888888888888,0.12399398494041904,-0.22413431564260702,0.08016762109399705,-0.5911111111111111,0.1385788109541504,0.0,0.0,0.0,0.0,0.22413431564260702,0.08016762109399705,0.5911111111111111,0.1385788109541504
2400.0,robot_disturbed,nominal,lawnmower_collect,114.5,8.803408430829505,8.533333333333333,4.500830063929077,0.05688888888888886,0.03000553375952718,2.8695189013407307,1.7027390882386502,0.0011956328755582265,0.0007094746200992208,2400.000000000725,0.0,4055.0,0.0,24.0,0.0,23.0,0.0,17.0,2.888741522913897,7.083333333331194,1.2036423012137605,1547.0550000004534,395.51716479393576,0.644606249999994,0.1647988186640901,2616.9666666666667,665.7229662675697,0.6453678586107686,0.16417335789582488,0.26086956521739124,0.12559745751799548,0.0,0.0,151.7,84.59361270418015,11.133333333333333,5.488127206059008,8.533333333333333,4.500830063929077,2.6,1.734040527705203,2.6,1.734040527705203,107.76666666666667,49.45473955413996,32.8,39.63836525387998,0.0,0.0,0.733038632907054,0.20715234671385396,2876.5666666666666,1332.8477338425405,29.233333333333334,12.070720726227359,-0.04776548316984233,0.011452614839211176,0.0,0.0,0.02481999999999469,0.014657191286382529,0.01755555555555551,0.012803655289063926,0.04311111111111107,0.024742866665569296,0.05688888888888886,0.03000553375952718,0.00774812734082397,0.02609676466782223,0.005194720412111714,0.016645113965761963,0.00547828213774493,0.016876266858451134,0.002817702431796387,0.008685187583553309,0.009451882589814973,0.001628147684059973,0.029496122016275713,0.00432298700794024,0.9279812072383605,0.029548844078526745,0.6026666666666666,0.15249244689542252,343.23333333333335,16.779879851062464,5028.0,1741.0215788240637,0.979778222785301,0.015601821783669858,0.3502222222222222,0.1157713870027102,19.866666666666667,5.250506270061396,1222.9333333333334,504.78448343094277,0.9132796066883511,0.031937812425278565,0.6026666666666666,0.15249244689542252,323.3666666666667,14.84746195269689,3805.0666666666666,1252.0735610573565,0.9628071608079746,0.021728840210117777,1505.5,633.6350385426657,0.9366505206890715,0.028342890506162864,2154.5,716.7181791163538,0.8879551418585494,0.036163747232192546,1711.2333333333333,437.7341882241207,2400.0,0.0,13200.0,0.0,40000.0,0.0,0.05999999999999999,0.0,0.045276925690687,0.0,0.0905538513813741,0.0,2.7166155414412247,0.0,1.25,0.0,3.67,0.0,1.25,0.0,3.67,0.0,0.0095447693468439,0.0,0.1590431280879832,0.0,1.0,0.0,0.6620618894096542,0.024985791543388865,1666.523768877111,209.49841639551695,0.9431111111111111,0.030005533759527164,0.6372418894096594,0.026510203437407998,0.05688888888888886,0.03000553375952718,0.31636227333184325,0.0726856573708774,0.7528888888888888,0.12399398494041904,-0.2915422733318485,0.06855680162520303,-0.6960000000000001,0.11379352142034,0.0,0.0,0.0,0.0,0.2915422733318485,0.06855680162520303,0.6960000000000001,0.11379352142034
2400.0,robot_disturbed,nominal,oracle_current_physics,114.5,8.803408430829505,150.0,0.0,1.0,0.0,53.11786066270438,2.3316972296569363,0.03223942340424793,0.0032511163884716443,1666.523768877111,209.49841639551695,2552.266666666667,246.5566918557486,155.13333333333333,3.6646807579202925,152.46666666666667,3.5109025594011,8.6,3.317664321736624,5.231789941782652,1.996762585450597,71.21578245010912,64.71060811823179,0.04263653871802945,0.03662835490730343,132.3,83.73445300884013,0.05160806208806177,0.030209012773020905,0.9439316230397521,0.020735368297034856,0.0,0.0,1799.1666666666667,172.0565430984492,200.26666666666668,8.161868165685046,150.0,0.0,50.266666666666666,8.161868165685044,50.266666666666666,8.161868165685044,1402.7666666666667,57.318639523122066,196.13333333333333,155.5288493769106,0.0,0.0,0.7501942946888072,0.030308961485140687,7165.633333333333,1185.3774164966323,150.0,0.0,-0.06715905344086878,0.015465630753853545,1.2666666666666666,0.4497764451088036,0.6620618894096542,0.024985791543388865,0.5490034804047765,0.059284775469285164,0.9908888888888888,0.01113942751967782,0.9933333333333333,0.0,0.0,0.0,0.0,0.0,0.0,0.0,0.0,0.0,0.01517671771309491,0.006247330632313089,0.06776743564404032,0.014377864736102622,0.9645349001210861,0.004552392834269237,1.0,0.0,216.03333333333333,21.49335636460932,5909.466666666666,438.643892431909,0.9944318012697676,0.0019713410942986164,0.9995555555555555,0.0016913875446831186,12.133333333333333,3.803204940059364,2201.8,189.81050441481602,0.9475963308964619,0.006353180230916893,0.9993333333333333,0.0020341905108624777,203.9,19.50835364834679,3707.6666666666665,295.6502282618168,0.9914585578787587,0.0017117688673556522,3089.266666666667,282.3404564233284,0.9609824622783023,0.005770468214901358,1984.3666666666666,192.15250468695763,0.8912180112304047,0.017294234717084845,1051.8666666666666,114.39096098041573,2400.0,0.0,13200.0,0.0,40000.0,0.0,0.05999999999999999,0.0,0.045276925690687,0.0,0.0905538513813741,0.0,2.7166155414412247,0.0,1.25,0.0,3.67,0.0,1.25,0.0,3.67,0.0,0.0095447693468439,0.0,0.1590431280879832,0.0,1.0,0.0,0.6620618894096542,0.024985791543388865,1666.523768877111,209.49841639551695,0.0,0.0,0.0,0.0,1.0,0.0,0.31636227333184325,0.0726856573708774,0.7528888888888888,0.12399398494041904,,,,,,,,,,,,
2400.0,static_calm,nominal,adaptive_mission,114.5,8.803408430829505,62.6,9.474466594029414,0.41733333333333333,0.06316311062686275,21.501778931376418,3.438808396262815,0.008958744402148158,0.0014328242938201675,2400.089980676557,0.06708881017153953,4732.733333333334,160.45730624199325,200.23333333333332,24.750734344150523,141.4,12.251952694472266,89.73333333333333,6.8022984621241145,37.387489912374946,2.8341916380255765,1225.1564449577943,150.9842448627753,0.5104623418321096,0.06290481020282601,2414.9333333333334,227.8881960195777,0.5114216995038529,0.057184628882884954,0.36394168666577137,0.03278655664852521,0.2,1.0954451150103324,727.5,123.4229481819772,84.26666666666667,13.761348503823237,62.6,9.474466594029414,21.666666666666668,6.27162924074226,21.666666666666668,6.27162924074226,632.9333333333333,104.34687951428069,10.3,12.208391687122711,0.0,0.0,0.7461994275493106,0.05130973845900646,0.0,0.0,0.0,0.0,-0.13949560062190808,0.02454844768999402,0.03333333333333333,0.18257418583505536,0.22471392246663047,0.04142931468430269,0.1953333333333333,0.04868067819082613,0.3697777777777777,0.06686713155390894,0.41733333333333333,0.06316311062686275,0.16234009850081688,0.05882416204619272,0.12156122281946342,0.06167166162142017,0.1308708235262871,0.04979811805275774,0.07073217284735965,0.027782350966558025,0.011532929483557743,0.0022184317488076846,0.030674891256140858,0.009854405766202714,0.9616857707985995,0.006815504659817024,0.8595555555555555,0.13870703803708628,395.5,25.794613177280212,10227.6,1889.7346392804866,0.9929547263002438,0.0018795469389445774,0.7693333333333333,0.14159031072765538,22.033333333333335,5.327115628512321,3182.9333333333334,587.7186714590656,0.9480794022020429,0.009833840720321417,0.8595555555555555,0.13870703803708628,373.46666666666664,24.704785706045083,7044.666666666667,1328.607550403243,0.9881975651100188,0.0027103096458697246,4189.333333333333,779.0624486205037,0.9646322048424701,0.006733769931510246,4105.333333333333,775.5601905689862,0.9067637485330293,0.02515347333819322,2328.4333333333334,483.00643840453085,2400.0,0.0,13200.0,0.0,40000.0,0.0,0.05999999999999999,0.0,0.0,0.0,0.0,0.0,0.0,0.0,1.25,0.0,3.67,0.0,1.25,0.0,3.67,0.0,0.0095447693468439,0.0,0.1590431280879832,0.0,1.0,0.0,0.6774424967616994,0.027681998422157073,1833.2005986560296,200.15051778741258,0.5826666666666667,0.06316311062686275,0.45272857429506896,0.030773309608345352,0.41733333333333333,0.06316311062686275,0.229941397768672,0.042538207804578745,0.4142222222222222,0.06645329840161932,-0.005227475302041549,0.024213553542518113,0.00311111111111112,0.04885613671288696,0.007163339115419036,0.013657559263026916,0.020444444444444442,0.027399881608007406,0.012390814417460585,0.014701247798971372,0.017333333333333322,0.03004976714963241
2400.0,static_calm,nominal,belief_horizon,114.5,8.803408430829505,58.56666666666667,14.559469802143903,0.3904444444444444,0.09706313201429269,20.451666270759798,5.1888017710485945,0.008521271247763086,0.0021619756234333358,2400.0752764386666,0.05109819664709152,4651.3,173.77118327827276,191.56666666666666,30.647814045166854,133.03333333333333,20.835121762316984,85.13333333333334,10.721339768740732,35.47113174489017,4.467241077210373,1231.745630825285,181.87763877901162,0.5132109426212994,0.07577746652795554,2367.5333333333333,259.3435656758641,0.5105312191772163,0.06706150118410895,0.35508923713147883,0.04646988035141014,0.0,0.0,676.8666666666667,166.89553481213892,78.4,18.911044027416796,58.56666666666667,14.559469802143903,19.833333333333332,6.507731917699412,19.833333333333332,6.507731917699412,590.6666666666666,144.58152057560474,7.8,8.5476352850082,0.0,0.0,0.7474075398948972,0.05878881955717253,0.0,0.0,0.0,0.0,-0.12466286814988868,0.030054575439219466,0.13333333333333333,0.34574590364176044,0.21554674919509306,0.05773177170149143,0.18555555555555553,0.06037134976365925,0.3533212705915559,0.09094410700033832,0.3904444444444444,0.09706313201429269,0.14876401811929274,0.05534383613121891,0.0873247266400486,0.06421149284775593,0.10026551988876971,0.05652148432589881,0.053682730890570754,0.03144361845704126,0.01128438106090225,0.002112559160644637,0.026898535259590007,0.009633555310168984,0.9562249958474757,0.010977891110822719,0.7717777777777778,0.1835426878496953,394.3,28.662302528005256,9107.066666666668,2192.384262400866,0.9917892102999915,0.0024608283113381965,0.6799999999999999,0.1934403191894663,22.333333333333332,4.626261865758868,2835.866666666667,665.1471049808213,0.9408936915728644,0.014982904325929521,0.7717777777777778,0.1835426878496953,371.96666666666664,27.207356172275496,6271.2,1540.0124809167328,0.9865777426538298,0.0031914110796445114,3774.9666666666667,871.4649372072342,0.9591273737878808,0.011572771319128436,3633.1666666666665,870.4054181552541,0.8945740534038473,0.030230426515436695,2093.233333333333,549.1068411415996,2400.0,0.0,13200.0,0.0,40000.0,0.0,0.05999999999999999,0.0,0.0,0.0,0.0,0.0,0.0,0.0,1.25,0.0,3.67,0.0,1.25,0.0,3.67,0.0,0.0095447693468439,0.0,0.1590431280879832,0.0,1.0,0.0,0.6774424967616994,0.027681998422157073,1833.2005986560296,200.15051778741258,0.6095555555555556,0.09706313201429269,0.4618957475666064,0.05246228371522773,0.3904444444444444,0.09706313201429269,0.229941397768672,0.042538207804578745,0.4142222222222222,0.06645329840161932,-0.014394648573578936,0.0320838748605116,-0.02377777777777778,0.05954317364281564,0.0,0.0,0.0,0.0,0.014394648573578936,0.0320838748605116,0.02377777777777778,0.05954317364281564
2400.0,static_calm,nominal,belief_orienteering,114.5,8.803408430829505,49.166666666666664,10.677347382493311,0.3277777777777777,0.07118231588328874,17.09068262977631,3.410209906561466,0.007120856765024239,0.0014209130242291534,2400.0907447838304,0.056020957946856124,4510.8,116.62684377815931,141.43333333333334,13.634852232506923,102.2,9.578712029178611,61.833333333333336,6.3522102226424835,25.762923918032133,2.6467450849828826,1201.0759056641045,170.77498082703835,0.5004291756804968,0.07115221134276424,2236.633333333333,266.8697839943582,0.4965874603759459,0.06446503377551555,0.3929316471110675,0.05798774173611984,0.0,0.0,552.5333333333333,115.228927562164,64.16666666666667,13.666176049506017,49.166666666666664,10.677347382493311,15.0,4.934047789209879,15.0,4.934047789209879,482.03333333333336,96.76615371991967,6.333333333333333,9.9735281805295,0.0,0.0,0.768186678495276,0.05020253334542134,0.0,0.0,0.0,0.0,-0.12780165002102933,0.026599037503123334,0.0,0.0,0.1648914945982624,0.03613853782901751,0.14022222222222216,0.039206041184867514,0.2751111111111111,0.06057029944591715,0.3277777777777777,0.07118231588328874,0.14169554743557589,0.056818273045661484,0.08391470657638814,0.07411287618036232,0.09668097204437057,0.060290272413652694,0.051844532425654614,0.034271700141317966,0.01246547726575178,0.0016154142035482081,0.02965706723874992,0.008624514064486749,0.9607136454916874,0.012725690085506532,0.7551111111111111,0.17451351830594614,385.5,18.354272264103194,10199.7,2646.240653559635,0.9922183993975398,0.0033253879864685552,0.6433333333333333,0.16204393709081719,22.166666666666668,4.0521031859868835,3098.233333333333,821.3931682097248,0.9475134019127341,0.016898092240133573,0.7551111111111111,0.17451351830594614,363.3333333333333,16.38614497453372,7101.466666666666,1854.4638175426103,0.9875985315968365,0.004451188642378583,4090.133333333333,1101.6755806758501,0.9640771570057769,0.012740131722162113,4153.4,1085.7439400928176,0.9067026781780374,0.03085954874549833,2341.6666666666665,594.0631763299795,2400.0,0.0,13200.0,0.0,40000.0,0.0,0.05999999999999999,0.0,0.0,0.0,0.0,0.0,0.0,0.0,1.25,0.0,3.67,0.0,1.25,0.0,3.67,0.0,0.0095447693468439,0.0,0.1590431280879832,0.0,1.0,0.0,0.6774424967616994,0.027681998422157073,1833.2005986560296,200.15051778741258,0.6722222222222223,0.07118231588328876,0.5125510021634371,0.02513239646257448,0.3277777777777777,0.07118231588328874,0.229941397768672,0.042538207804578745,0.4142222222222222,0.06645329840161932,-0.06504990317040958,0.04072796399561684,-0.08644444444444445,0.06878214446489941,0.0,0.0,0.0,0.0,0.06504990317040958,0.04072796399561684,0.08644444444444445,0.06878214446489941
2400.0,static_calm,nominal,belief_orienteering_depth1,114.5,8.803408430829505,43.333333333333336,8.21828631072546,0.28888888888888886,0.05478857540483639,14.851180715054845,3.190047210686364,0.0061878219896758,0.0013291831001218538,2400.0682054544527,0.045541702779623425,4366.9,90.05911851437475,103.63333333333334,8.652220497665898,80.4,5.455778335066347,45.9,6.0192220828574365,19.124454424560323,2.5079319617066127,1233.2340979258875,168.17510152029018,0.5138327474046633,0.07006972203570336,2232.7,276.8997266533314,0.5118207294736126,0.06709192302406163,0.42886845904539433,0.06578959109434994,0.0,0.0,500.1,112.10135500119277,57.666666666666664,12.021054326740096,43.333333333333336,8.21828631072546,14.333333333333334,5.121511989390562,14.333333333333334,5.121511989390562,432.7,94.18622419221511,9.733333333333333,10.454938886786318,0.0,0.0,0.7562424504281604,0.05618685740993381,0.0,0.0,0.0,0.0,-0.1310645468022073,0.026838708573572755,0.0,0.0,0.14589467216065968,0.02819737730653021,0.12399999999999996,0.03085499394491913,0.2393333333333333,0.04623279425221685,0.28888888888888886,0.05478857540483639,0.14222500050800732,0.04004915586791354,0.12190244495876937,0.08152049289022968,0.12159925987702257,0.05956592291286826,0.06576571576071642,0.03362130368011095,0.01438556294111464,0.002137253776799081,0.03795796731771008,0.01165289820480598,0.9641977389166011,0.010113089572493187,0.7822222222222223,0.18082258473979285,363.3666666666667,17.40686216911918,10449.066666666668,2631.2777404003623,0.9930727895456408,0.0025888528876945403,0.6544444444444444,0.1641799156409586,20.533333333333335,4.897102122214963,3150.266666666667,779.979793431163,0.9521385290540915,0.01368653845357056,0.7822222222222223,0.18082258473979285,342.8333333333333,18.17934283045255,7298.8,1877.0771189124935,0.9876192597151827,0.003624970720224652,4093.5333333333333,988.2714527738902,0.9686211620118599,0.009389296609896252,4300.7,1106.243913678952,0.9146943098651732,0.027324718141679253,2418.2,680.4654289528602,2400.0,0.0,13200.0,0.0,40000.0,0.0,0.05999999999999999,0.0,0.0,0.0,0.0,0.0,0.0,0.0,1.25,0.0,3.67,0.0,1.25,0.0,3.67,0.0,0.0095447693468439,0.0,0.1590431280879832,0.0,1.0,0.0,0.6774424967616994,0.027681998422157073,1833.2005986560296,200.15051778741258,0.7111111111111111,0.05478857540483641,0.5315478246010398,0.026137852142242377,0.28888888888888886,0.05478857540483639,0.229941397768672,0.042538207804578745,0.4142222222222222,0.06645329840161932,-0.08404672560801234,0.0399074943651336,-0.12533333333333335,0.06975380899801674,0.0,0.0,0.0,0.0,0.08404672560801234,0.0399074943651336,0.12533333333333335,0.06975380899801674
2400.0,static_calm,nominal,confirmed_route,114.5,8.803408430829505,38.4,12.076194879125655,0.25599999999999995,0.08050796586083771,13.19879943426498,4.353838797021752,0.005499243466314263,0.001814047497200627,2400.1165597601416,0.06764663203805768,3198.0,207.341630465611,111.93333333333334,27.99745472832071,110.96666666666667,28.022753480764127,74.03333333333333,18.08882934648997,30.845728205456165,7.5367466888472485,1710.7969622832875,159.9926172242508,0.7127969416270186,0.06665460898054593,2298.733333333333,153.25456247544554,0.7208249798253937,0.05592455237351621,0.32917062021174137,0.04880193175912177,69.4,20.063004210013872,538.6,164.1924018570476,51.96666666666667,16.622550809135728,38.4,12.076194879125655,13.566666666666666,5.411885599966654,13.566666666666666,5.411885599966654,479.4,142.29076593006843,7.233333333333333,12.218367556557071,0.0,0.0,0.7410621166669867,0.049988409532209795,0.0,0.0,0.0,0.0,-0.11804045973884446,0.021749749907613646,0.0,0.0,0.12287007993004415,0.041640553443187726,0.09805394745611798,0.04230810559944919,0.2149029073566376,0.06765313732868497,0.25599999999999995,0.08050796586083771,0.16755575248786717,0.030101894110507375,0.15729299427296667,0.0607783194786743,0.15763260917251423,0.038681408447197654,0.08603199060710866,0.02328122443792842,0.01543013841768412,0.0012666087627671184,0.042144754299834664,0.006210813642077784,0.9625803200796138,0.014151101497164371,0.7826666666666667,0.10608461886698399,268.6666666666667,23.43933230385573,7748.233333333334,2650.4552723210995,0.9926541085170952,0.003992612026345363,0.5953333333333333,0.14930900869213604,14.533333333333333,4.199616840760047,2295.9333333333334,847.3192995573149,0.9507324556635885,0.017672092064850004,0.7826666666666667,0.10608461886698399,254.13333333333333,23.34410260508597,5452.3,1814.4435292093424,0.9869271502229814,0.006134732176285582,3029.0666666666666,1086.5250820956635,0.9658583285829359,0.013785156316208353,3121.866666666667,1111.6462391064615,0.9188856245869307,0.025312409641056802,1865.9666666666667,521.2409253875319,2400.0,0.0,13200.0,0.0,40000.0,0.0,0.05999999999999999,0.0,0.0,0.0,0.0,0.0,0.0,0.0,1.25,0.0,3.67,0.0,1.25,0.0,3.67,0.0,0.0095447693468439,0.0,0.1590431280879832,0.0,1.0,0.0,0.6774424967616994,0.027681998422157073,1833.2005986560296,200.15051778741258,0.744,0.08050796586083772,0.5545724168316554,0.03914475926505944,0.25599999999999995,0.08050796586083771,0.229941397768672,0.042538207804578745,0.4142222222222222,0.06645329840161932,-0.10707131783862785,0.04785253575912484,-0.15822222222222224,0.09088636892402582,0.0,0.0,0.0,0.0,0.10707131783862785,0.04785253575912484,0.15822222222222224,0.09088636892402582
2400.0,static_calm,nominal,greedy,114.5,8.803408430829505,43.666666666666664,13.664283504017359,0.2911111111111111,0.09109522336011573,15.225967690081259,4.84282225858136,0.006343843341283286,0.002017703192139339,2400.1115867706453,0.06998603911774566,3844.766666666667,152.0348606424681,179.63333333333333,21.800796147014406,178.63333333333333,21.800796147014406,136.46666666666667,12.928805938233651,56.858451907001175,5.386669533197861,1894.663411247602,134.8148193209464,0.7894067399297822,0.056175332775499395,3104.5666666666666,148.01739956745848,0.8086075817387658,0.048760437238264884,0.23161906310291228,0.054075618750948316,0.0,0.0,622.8333333333334,197.6711102212257,58.03333333333333,18.692582584494872,43.666666666666664,13.664283504017359,14.366666666666667,6.155924162857319,14.366666666666667,6.155924162857319,558.1666666666666,176.07895629681224,6.633333333333334,7.95454037915945,0.0,0.0,0.7552057167315765,0.0565919627078273,0.0,0.0,0.0,0.0,-0.12106655263469832,0.03736705840282888,0.0,0.0,0.16852002722560627,0.055743115233126285,0.15178637289023306,0.05840298935508972,0.25955555555555554,0.08237719681003002,0.2911111111111111,0.09109522336011573,0.21147355782487381,0.03440086788913925,0.17600724138723858,0.08944144768651424,0.17829346015472097,0.06079902392747838,0.09903491803278623,0.03607683875981872,0.013603789194959791,0.0018418781228336423,0.036210484096363925,0.010748432939860955,0.9552871211965298,0.01982196772832091,0.7475555555555555,0.2466059778298264,325.96666666666664,28.934507895010707,7901.7,2479.93495673882,0.9918626607640887,0.003638250944423616,0.6626666666666666,0.24073068846288811,17.866666666666667,4.352829704546411,2433.4333333333334,760.2527113121474,0.9396655475424551,0.02731037516198191,0.7475555555555555,0.2466059778298264,308.1,28.12821629119305,5468.266666666666,1730.9807651142175,0.9864635434021755,0.005276909773782208,3336.1,1018.1021678289126,0.9579338765595706,0.020310520256000043,3131.866666666667,986.3539874232513,0.8876218279120394,0.059558008021709435,1759.7,562.9133668875608,2400.0,0.0,13200.0,0.0,40000.0,0.0,0.05999999999999999,0.0,0.0,0.0,0.0,0.0,0.0,0.0,1.25,0.0,3.67,0.0,1.25,0.0,3.67,0.0,0.0095447693468439,0.0,0.1590431280879832,0.0,1.0,0.0,0.6774424967616994,0.027681998422157073,1833.2005986560296,200.15051778741258,0.708888888888889,0.09109522336011573,0.5089224695360932,0.049176655601471164,0.2911111111111111,0.09109522336011573,0.229941397768672,0.042538207804578745,0.4142222222222222,0.06645329840161932,-0.06142137054306573,0.055328649067929565,-0.12311111111111113,0.09039264428306826,0.0,0.0,0.0,0.0,0.06142137054306573,0.055328649067929565,0.12311111111111113,0.09039264428306826
2400.0,static_calm,nominal,lawnmower_collect,114.5,8.803408430829505,6.8,3.8987177379235853,0.0453333333333333,0.025991451586157236,2.3256099112035256,1.432756535292347,0.0009690041296677866,0.0005969818897049751,2400.000000000725,0.0,4055.0,0.0,24.0,0.0,23.0,0.0,18.4,2.2529673919001842,7.6666666666643515,0.9387364132914602,1324.085000000336,446.758542196981,0.5517020833333067,0.18614939258201924,2247.866666666667,750.3148182175144,0.5543444307439375,0.18503448044821563,0.19999999999999993,0.09795510399566017,0.0,0.0,79.6,51.44907090076287,8.766666666666667,5.4436507357960915,6.8,3.8987177379235853,1.9666666666666666,1.9384197853839131,1.9666666666666666,1.9384197853839131,69.93333333333334,44.86065270278109,0.9,3.387095185125958,0.0,0.0,0.8165938690938691,0.12918490171860258,0.0,0.0,0.0,0.0,-0.12937193128948338,0.035216562466354365,0.0,0.0,0.021273999999996393,0.01444511903322624,0.01733333333333331,0.01481430395032338,0.03644444444444442,0.0233404477386054,0.0453333333333333,0.025991451586157236,0.2214576960229536,0.057825917258036,0.07393131589719663,0.04178818414844396,0.10455210223013704,0.04757781632488668,0.05580537535628064,0.0266277933913843,0.015708380044975358,0.0007472127053119736,0.033181290119891856,0.006452360583826239,0.9374108311605965,0.03070692150138698,0.49666666666666665,0.16141852030457352,340.3333333333333,21.60034056777065,6059.066666666667,2404.4040617071882,0.9782834414232054,0.021779744019908835,0.20488888888888884,0.0906161680419132,19.266666666666666,4.401671573808995,1281.8666666666666,618.2412057649888,0.9273391200999268,0.03230624183241254,0.49666666666666665,0.16141852030457352,321.06666666666666,21.42498273178934,4777.2,1829.8790123939887,0.9593873202064782,0.03450509336707529,1507.5666666666666,714.2909039056138,0.9465444143924874,0.02864787534146334,2696.8333333333335,1065.6860210222796,0.9084515498160327,0.03927581651023918,2195.0,732.8463168618172,2400.0,0.0,13200.0,0.0,40000.0,0.0,0.05999999999999999,0.0,0.0,0.0,0.0,0.0,0.0,0.0,1.25,0.0,3.67,0.0,1.25,0.0,3.67,0.0,0.0095447693468439,0.0,0.1590431280879832,0.0,1.0,0.0,0.6774424967616994,0.027681998422157073,1833.2005986560296,200.15051778741258,0.9546666666666667,0.025991451586157233,0.6561684967617031,0.023779570764570043,0.0453333333333333,0.025991451586157236,0.229941397768672,0.042538207804578745,0.4142222222222222,0.06645329840161932,-0.2086673977686756,0.03913757617286368,-0.36888888888888893,0.06855561454818404,0.0,0.0,0.0,0.0,0.2086673977686756,0.03913757617286368,0.36888888888888893,0.06855561454818404
2400.0,static_calm,nominal,oracle_current_physics,114.5,8.803408430829505,150.0,0.0,1.0,0.0,53.11786066270438,2.3316972296569363,0.029235485409866667,0.0027213641346448205,1833.2005986560296,200.15051778741258,2602.733333333333,211.51358207523887,156.03333333333333,2.7099221687936983,153.36666666666667,2.671475549054381,5.766666666666667,2.5553639774934735,3.1581487121189955,1.3976902977826482,63.066965059434686,43.57670869942056,0.034368746608812645,0.02343716470318706,106.26666666666667,56.99481726790866,0.040689329758893486,0.021533957624929816,0.962662353574561,0.01599738633629985,0.0,0.0,1610.0666666666666,56.60932866545957,199.43333333333334,6.981173369083122,150.0,0.0,49.43333333333333,6.981173369083123,49.43333333333333,6.981173369083123,1397.2,48.887908384455336,13.433333333333334,10.516598812102353,0.0,0.0,0.753022888844725,0.026373071853701642,0.0,0.0,0.0,0.0,-0.12219912278379239,0.012555244347999445,1.3,0.46609159969939895,0.6774424967616994,0.027681998422157073,0.6254793437730466,0.06421543149824009,0.9908888888888888,0.008837976803086884,0.9933333333333333,0.0,0.0,0.0,0.0,0.0,0.0,0.0,0.0,0.0,0.011400306727695519,0.0027491857744700665,0.04556859717373881,0.0089975350957568,0.9565620892462278,0.005277571862040656,1.0,0.0,220.2,23.002848399334344,4865.166666666667,239.22231520481952,0.9933036540269143,0.001992107225084464,0.9995555555555555,0.0016913875446831147,11.733333333333333,3.493178903316392,1744.1666666666667,73.7376913554851,0.9371622030440836,0.007459261882353929,0.9986666666666667,0.002712254014483288,208.46666666666667,20.721026025277553,3121.0,178.7114800549989,0.988261189463205,0.0026906122036577922,2402.0666666666666,101.85789063718865,0.9554212879933711,0.005773888324897382,1736.4,122.48929580255941,0.877990072839283,0.017796915301455645,946.9,76.96096189089906,2400.0,0.0,13200.0,0.0,40000.0,0.0,0.05999999999999999,0.0,0.0,0.0,0.0,0.0,0.0,0.0,1.25,0.0,3.67,0.0,1.25,0.0,3.67,0.0,0.0095447693468439,0.0,0.1590431280879832,0.0,1.0,0.0,0.6774424967616994,0.027681998422157073,1833.2005986560296,200.15051778741258,0.0,0.0,0.0,0.0,1.0,0.0,0.229941397768672,0.042538207804578745,0.4142222222222222,0.06645329840161932,,,,,,,,,,,,
2400.0,strong_drift,nominal,adaptive_mission,114.5,8.803408430829505,128.2,18.075321335437174,0.8546666666666667,0.12050214223624785,45.28471411673718,6.268660176298483,0.018867813524938035,0.002611904162524847,2400.105998490298,0.0824730692198199,4610.766666666666,302.18431043200167,262.3333333333333,39.35456274938654,87.23333333333333,8.756015994272394,43.7,6.4066237275344085,18.20750092780697,2.669103571985353,790.142759229851,161.07677081014114,0.32921135552049524,0.06711173669491832,1269.6666666666667,264.32820942693684,0.27832750022236297,0.06726813894716434,0.49765865032693307,0.06543992099243044,1.0666666666666667,2.8639655812482654,2001.8666666666666,369.44307884401775,171.96666666666667,23.933072389958383,128.2,18.075321335437174,43.766666666666666,9.145126206528444,43.766666666666666,9.145126206528444,1249.7666666666667,172.21672058942107,580.1333333333333,234.19351463875034,0.0,0.0,0.7459084110633166,0.034862068338801844,0.0,0.0,0.0,0.0,-0.020694624983938963,0.033697395285925164,1.0333333333333334,0.18257418583505536,0.507978874150239,0.07269088904273954,0.5041362204378141,0.04490897360541211,0.8202222222222222,0.14803420266831044,0.8546666666666667,0.12050214223624785,0.0007042253521126734,0.0038572011091912964,0.00357142857142857,0.019561519910898783,0.0011764705882352934,0.00644379479417842,0.00059880239520958,0.0032797757934441042,0.004502783293751047,0.006234356177496378,0.029837038911124533,0.020098067807586346,0.9678080268408485,0.004088016325765961,0.9606666666666667,0.10100415377824702,390.1,33.344957743211374,11875.5,1565.9151945593105,0.9951891376214559,0.0010657835340666182,0.9444444444444444,0.1142335221090355,22.266666666666666,3.7868495989486393,4697.733333333334,649.595255064489,0.9506540405096388,0.006037023361216951,0.9606666666666667,0.10100415377824702,367.8333333333333,32.401663785860656,7177.766666666666,1005.5637184952643,0.9912558104868266,0.0019492794439099693,6028.633333333333,865.136245332783,0.9674293171726771,0.004926289347509193,4161.666666666667,588.5963040959417,0.898424057010121,0.01689866905158568,2075.3,412.4734599612608,2400.0,0.0,13200.0,0.0,40000.0,0.0,0.05999999999999999,0.0,0.115039123779695,0.0,0.23007824755939,0.0,6.902347426781702,0.0,1.25,0.0,3.67,0.0,1.25,0.0,3.67,0.0,0.0095447693468439,0.0,0.1590431280879832,0.0,1.0,0.0,0.7112857366513917,0.022550065845133773,1322.328241217823,185.4233307518256,0.14533333333333334,0.12050214223624785,0.2033068625011527,0.06328457579002542,0.8546666666666667,0.12050214223624785,0.5228276294344979,0.05932346716235538,0.9055555555555556,0.08827132212144381,-0.014848755284258861,0.04155324698756151,-0.05088888888888891,0.10451102467403309,0.0026079446208397785,0.010432893417115677,0.004666666666666667,0.025560386016907757,0.017456699905098638,0.039033769039582424,0.05555555555555557,0.09865506818025148
2400.0,strong_drift,nominal,belief_horizon,114.5,8.803408430829505,127.73333333333333,18.08587433813231,0.8515555555555555,0.12057249558754869,45.12354714404505,6.0876041842344675,0.018800618672065655,0.0025364703535799564,2400.111786101878,0.08219183842920572,4663.433333333333,275.36304353911834,266.3,38.36678700161881,85.73333333333333,8.901504457629363,42.4,8.066961142150465,17.66581323052772,3.360898679531046,768.1277293778274,176.87722726289684,0.3200379333775594,0.0736942283920163,1230.4333333333334,297.95054939546174,0.2667246865972778,0.07276123342840811,0.5042594925022751,0.08755635273919544,0.0,0.0,1999.9333333333334,381.5081626399618,171.16666666666666,24.089035040769115,127.73333333333333,18.08587433813231,43.43333333333333,8.966156033830133,43.43333333333333,8.966156033830133,1243.2,169.56971915755602,585.5666666666667,241.06383234398277,0.0,0.0,0.7466737935277216,0.0331300975170758,0.0,0.0,0.0,0.0,-0.025145191741384902,0.03170722929288824,1.0,0.0,0.505980754176743,0.07368284394905157,0.5041362204378141,0.045821114466818226,0.8155555555555555,0.1473685746933585,0.8515555555555555,0.12057249558754869,0.00946327683615819,0.045849260827074995,0.019806763285024155,0.0759752239589924,0.011523809523809523,0.05293089427148455,0.006586483390607097,0.03075647162351315,0.00468996455351241,0.006539001511235959,0.030365992372600435,0.02118445246138192,0.9678192011405978,0.004177085110396042,0.961111111111111,0.10115173281937737,394.06666666666666,28.393701746172063,12026.266666666666,1635.2768390183614,0.995319036687191,0.0010778235876466424,0.9455555555555556,0.11451156756416601,21.866666666666667,3.7575976673780622,4751.866666666667,688.812057512579,0.9506368479400328,0.006166608896163628,0.961111111111111,0.10115173281937737,372.2,27.22498852157701,7274.4,1031.7213470366084,0.991441580205343,0.0019380139131859166,6080.2,900.5815515734722,0.9673255811218249,0.005151392522245929,4229.1,631.1830900011882,0.8988429809688315,0.016813359117336044,2111.0333333333333,405.1878647579742,2400.0,0.0,13200.0,0.0,40000.0,0.0,0.05999999999999999,0.0,0.115039123779695,0.0,0.23007824755939,0.0,6.902347426781702,0.0,1.25,0.0,3.67,0.0,1.25,0.0,3.67,0.0,0.0095447693468439,0.0,0.1590431280879832,0.0,1.0,0.0,0.7112857366513917,0.022550065845133773,1322.328241217823,185.4233307518256,0.14844444444444443,0.1205724955875487,0.2053049824746486,0.06430052649652244,0.8515555555555555,0.12057249558754869,0.5228276294344979,0.05932346716235538,0.9055555555555556,0.08827132212144381,-0.01684687525775476,0.03906734001535871,-0.05400000000000002,0.0986242530771167,0.0,0.0,0.0,0.0,0.01684687525775476,0.03906734001535871,0.05400000000000002,0.0986242530771167
2400.0,strong_drift,nominal,belief_orienteering,114.5,8.803408430829505,118.1,23.647337095836768,0.7873333333333333,0.15764891397224517,41.80246471163125,8.556458353102858,0.017417109944638118,0.003565042308990764,2400.0792778670375,0.051719566154172864,4570.0,329.5454549778402,239.8,44.04809283906195,80.66666666666667,9.286004795253515,38.36666666666667,8.992269988174836,15.985578975332224,3.746659688709299,858.1914644969436,250.69594558648643,0.3575684021340481,0.10445541740059561,1385.8,384.38355485293505,0.30760860240311894,0.1000407959673767,0.5229861922971989,0.10654581661921751,0.0,0.0,1814.0,430.1077651649322,156.0,30.940432201693405,118.1,23.647337095836768,37.9,9.037660667718587,37.9,9.037660667718587,1139.7666666666667,213.31435170582907,518.2333333333333,239.33855451673662,0.0,0.0,0.7570095253999171,0.029609704132685363,0.0,0.0,0.0,0.0,-0.01756572952626442,0.03745366275254026,1.0,0.0,0.4525828646344196,0.08593884578665342,0.46444444444444444,0.09389540660684434,0.7323478736725172,0.18724895485460835,0.7873333333333333,0.15764891397224517,0.018663152921723207,0.073139436920366,0.018410364145658262,0.06240754232425301,0.016678795119655327,0.06293148575624763,0.009512013866806623,0.03594443045424564,0.006581859707358524,0.009200861352528678,0.03396177835578353,0.02967902738227615,0.9671950962405064,0.006327626644180636,0.9422222222222222,0.10111005851837274,378.3333333333333,34.57060075818193,11539.066666666668,2371.922963994918,0.995106074931924,0.0012215631402989115,0.9108888888888889,0.1291111177056335,21.666666666666668,4.816160534995753,4526.766666666666,946.4584688898576,0.950003683998887,0.009421966739237536,0.9422222222222222,0.10111005851837274,356.6666666666667,32.632048276389945,7012.3,1469.543258858062,0.9917713820460052,0.0019784415896913466,5753.233333333334,1171.9083959532618,0.9662984095973101,0.006713406682846603,4117.166666666667,874.2651725615192,0.8986415439768911,0.02227349649401865,2047.0,476.979143619798,2400.0,0.0,13200.0,0.0,40000.0,0.0,0.05999999999999999,0.0,0.115039123779695,0.0,0.23007824755939,0.0,6.902347426781702,0.0,1.25,0.0,3.67,0.0,1.25,0.0,3.67,0.0,0.0095447693468439,0.0,0.1590431280879832,0.0,1.0,0.0,0.7112857366513917,0.022550065845133773,1322.328241217823,185.4233307518256,0.21266666666666667,0.15764891397224515,0.25870287201697206,0.08807852781188605,0.7873333333333333,0.15764891397224517,0.5228276294344979,0.05932346716235538,0.9055555555555556,0.08827132212144381,-0.07024476480007825,0.07653982808888216,-0.11822222222222223,0.1399609505840041,0.0,0.0,0.0,0.0,0.07024476480007825,0.07653982808888216,0.11822222222222223,0.1399609505840041
2400.0,strong_drift,nominal,belief_orienteering_depth1,114.5,8.803408430829505,115.03333333333333,27.624930436277943,0.766888888888889,0.18416620290851962,40.47002071122509,9.219373749312814,0.01686179658663811,0.0038412416543559067,2400.101020456289,0.05529768716657282,4459.833333333333,228.80575760378852,208.7,38.13962551576456,75.3,7.58923920588473,37.06666666666667,10.12655550702121,15.443792864325475,4.2192348356856195,915.1877358362093,357.5804855010753,0.3813124556451262,0.14898641493121484,1508.8,555.0199996396526,0.342499717853084,0.13878268853490386,0.5086511435670944,0.11704466769363599,0.0,0.0,1836.6333333333334,515.4230591320662,153.43333333333334,36.11350242598001,115.03333333333333,27.624930436277943,38.4,10.871030785754753,38.4,10.871030785754753,1130.3,255.0828330643556,552.9,279.4821997909706,0.0,0.0,0.7489278120888766,0.038983373364128944,0.0,0.0,0.0,0.0,-0.023847563988591065,0.04153476002422209,0.9333333333333333,0.2537081317024624,0.4346346971040907,0.08860569607210948,0.4651111111111111,0.08526152390435547,0.7200000000000001,0.18822827911201673,0.766888888888889,0.18416620290851962,0.0017517912336888566,0.0052596941834788915,0.05352564102564102,0.16561584240954236,0.00338146112590662,0.010174312294201905,0.0017191688612392601,0.005192024195997827,0.007723345951191087,0.009352105381567624,0.03890734465205341,0.031282968787632856,0.9664343631781681,0.008780579460866805,0.9357777777777778,0.1362157780378702,379.46666666666664,30.272023425910103,11508.566666666668,2476.7577622051936,0.9949715633294567,0.001669838244302931,0.9022222222222223,0.16260648343366127,21.6,4.753220323977826,4514.133333333333,1016.7358770487843,0.9490020829518451,0.012619405710746882,0.9357777777777778,0.1362157780378702,357.8666666666667,29.14971264226178,6994.433333333333,1501.1366654990968,0.9910209922524198,0.0027668002019490354,5734.266666666666,1283.3347705619658,0.9661216129753659,0.011150993413500105,4101.166666666667,913.656657889465,0.8977082941352286,0.02369857605738602,2052.6,451.70623654974145,2400.0,0.0,13200.0,0.0,40000.0,0.0,0.05999999999999999,0.0,0.115039123779695,0.0,0.23007824755939,0.0,6.902347426781702,0.0,1.25,0.0,3.67,0.0,1.25,0.0,3.67,0.0,0.0095447693468439,0.0,0.1590431280879832,0.0,1.0,0.0,0.7112857366513917,0.022550065845133773,1322.328241217823,185.4233307518256,0.2331111111111111,0.18416620290851962,0.27665103954730097,0.09019147217801517,0.766888888888889,0.18416620290851962,0.5228276294344979,0.05932346716235538,0.9055555555555556,0.08827132212144381,-0.08819293233040715,0.07769061182765441,-0.13866666666666666,0.1701871856542658,0.0,0.0,0.0,0.0,0.08819293233040715,0.07769061182765441,0.13866666666666666,0.1701871856542658
2400.0,strong_drift,nominal,confirmed_route,114.5,8.803408430829505,121.96666666666667,18.092641547350667,0.8131111111111111,0.1206176103156711,42.99699410081061,6.5030645671947,0.017914478492377803,0.0027093667563667457,2400.1230398495613,0.06940288410607057,3190.4333333333334,123.92730998823276,138.26666666666668,18.573123580599734,136.16666666666666,18.545532659085186,67.96666666666667,14.587390240306474,28.317972348819847,6.077695332949966,1227.91976042374,225.81820837773216,0.5116071168507603,0.09408673530666899,1726.0666666666666,257.52923280110633,0.5412009622934667,0.08056023945267396,0.5028530787889424,0.06744595525526034,64.4,14.974921564471346,2475.766666666667,457.0502638421304,162.86666666666667,25.69547569640165,121.96666666666667,18.092641547350667,40.9,9.42977675531995,40.9,9.42977675531995,1516.0666666666666,203.1060421745648,796.8333333333334,279.66902647203557,0.0,0.0,0.7506241367517966,0.031920046145840944,0.0,0.0,0.0,0.0,-0.07476961547726312,0.023335288857995424,1.0,0.0,0.37116722041127237,0.0697419736791072,0.27057032458344665,0.15189820125183803,0.7180346623795039,0.13969269896678932,0.8131111111111111,0.1206176103156711,0.024057703017785523,0.07949549424911835,0.09458469000135666,0.17695715179835333,0.027230086517792407,0.06884180041824658,0.015167264586064865,0.040500749781737774,0.02490332252539047,0.010511092081700656,0.1170548442106653,0.029861757947825886,0.978213576127255,0.0031406539858521696,0.9802222222222222,0.07023732802267614,266.76666666666665,20.9443982031462,12200.7,1915.183238734883,0.9969733808414865,0.0007152354689733279,0.9637777777777778,0.08551280217539133,14.533333333333333,3.2982057121320123,4844.1,787.4411789745488,0.9662469433438887,0.0048558731063951385,0.9802222222222222,0.07023732802267614,252.23333333333332,19.76182899069494,7356.6,1173.0045594761023,0.9947391438206046,0.0010169155098784112,6410.566666666667,1051.6982221981325,0.9764039358830742,0.003931291079704239,4120.5,693.11066688641,0.9271033529515884,0.011200431978633706,1936.4,307.8838338926125,2400.0,0.0,13200.0,0.0,40000.0,0.0,0.05999999999999999,0.0,0.115039123779695,0.0,0.23007824755939,0.0,6.902347426781702,0.0,1.25,0.0,3.67,0.0,1.25,0.0,3.67,0.0,0.0095447693468439,0.0,0.1590431280879832,0.0,1.0,0.0,0.7112857366513917,0.022550065845133773,1322.328241217823,185.4233307518256,0.18688888888888888,0.1206176103156711,0.34011851624011935,0.06756582438610283,0.8131111111111111,0.1206176103156711,0.5228276294344979,0.05932346716235538,0.9055555555555556,0.08827132212144381,-0.1516604090232255,0.05503395433437356,-0.09244444444444447,0.09931155100729129,0.0,0.0,0.0,0.0,0.1516604090232255,0.05503395433437356,0.09244444444444447,0.09931155100729129
2400.0,strong_drift,nominal,greedy,114.5,8.803408430829505,22.9,8.061616163798286,0.15266666666666664,0.05374410775865525,8.01871192246809,2.881693821085824,0.0033409853060093237,0.001200649873380149,2400.104615742392,0.0573003081869019,3534.3333333333335,205.42963109866437,143.16666666666666,23.06823959822074,142.16666666666666,23.06823959822074,121.2,22.055416099233874,50.49782952692781,9.189525853880951,2220.3898394109465,85.86333933829687,0.9251221195992472,0.0357750498022455,3262.766666666667,212.9282999498662,0.9232384905983101,0.029249825942604328,0.1488537915748249,0.047854717118601266,0.0,0.0,487.8,176.30271772114594,31.033333333333335,9.876769447174704,22.9,8.061616163798286,8.133333333333333,3.3603502827813214,8.133333333333333,3.3603502827813214,367.8333333333333,120.2560725639489,88.93333333333334,60.3546606110188,0.0,0.0,0.732893403409788,0.08639758574903401,0.0,0.0,0.0,0.0,0.023249156547180943,0.01815748501138134,0.0,0.0,0.1048790803211996,0.0452067038348643,0.11777777777777775,0.06758751008726137,0.13755555555555551,0.0549603363308858,0.15266666666666664,0.05374410775865525,0.01851851851851852,0.10143010324169742,0.00238095238095238,0.013041013273932521,0.004219409282700421,0.02311065643481713,0.00225225225225225,0.012336093637503728,0.00914315685847727,0.006549169324984283,0.02883824623699484,0.021934869636463662,0.9330401391676716,0.03161456787511478,0.8360000000000001,0.18445820010562528,299.46666666666664,26.682983513756533,4769.666666666667,1502.6334890114924,0.9889681112500239,0.007445589371873089,0.732,0.23361493680267537,15.833333333333334,3.815425436876971,1697.4333333333334,581.0784078693288,0.905222518603664,0.04130549633247064,0.8360000000000001,0.18445820010562528,283.6333333333333,25.347901135084594,3072.233333333333,977.7478584546445,0.9806866161151472,0.010818587992831597,2247.5666666666666,751.3258021121997,0.9310555329151777,0.03457834548522177,1738.9,571.4127290291596,0.8340939280932453,0.07225332172221442,1082.6666666666667,332.21797303757575,2400.0,0.0,13200.0,0.0,40000.0,0.0,0.05999999999999999,0.0,0.115039123779695,0.0,0.23007824755939,0.0,6.902347426781702,0.0,1.25,0.0,3.67,0.0,1.25,0.0,3.67,0.0,0.0095447693468439,0.0,0.1590431280879832,0.0,1.0,0.0,0.7112857366513917,0.022550065845133773,1322.328241217823,185.4233307518256,0.8473333333333334,0.053744107758655235,0.6064066563301921,0.05227048790027139,0.15266666666666664,0.05374410775865525,0.5228276294344979,0.05932346716235538,0.9055555555555556,0.08827132212144381,-0.4179485491132982,0.07216512671323312,-0.7528888888888889,0.10029738666919105,0.0,0.0,0.0,0.0,0.4179485491132982,0.07216512671323312,0.7528888888888889,0.10029738666919105
2400.0,strong_drift,nominal,lawnmower_collect,114.5,8.803408430829505,11.233333333333333,4.903786948551252,0.07488888888888885,0.03269191299034169,4.016629317074497,1.753739968771399,0.0016735955487804767,0.000730724986987865,2400.000000000725,0.0,4055.0,0.0,24.0,0.0,23.0,0.0,15.9,2.53730783203039,6.624999999997999,1.05721159667901,1582.0250000004396,392.1958007983605,0.6591770833333174,0.16341491699926752,2673.1666666666665,659.2494208192941,0.6592272914097822,0.1625769225201712,0.30869565217391304,0.11031773182740827,0.0,0.0,221.76666666666668,110.17061481091994,15.066666666666666,5.794964123737292,11.233333333333333,4.903786948551252,3.8333333333333335,1.9490640252984615,3.8333333333333335,1.9490640252984615,143.5,56.76433435857777,63.2,50.81840557148154,0.0,0.0,0.7304537297453386,0.12488236159304816,0.0,0.0,0.0,0.0,-0.0020818423306396333,0.010611647749648156,0.0,0.0,0.031389076388882074,0.014714434452942278,0.016222222222222187,0.012340424594908831,0.05866666666666663,0.025394964354363392,0.07488888888888885,0.03269191299034169,0.0,0.0,0.0,0.0,0.0,0.0,0.0,0.0,0.008485906223216898,0.0011806244774863613,0.02751116892711328,0.0034821911504265813,0.9202131237744742,0.031118601799578576,0.606,0.13852368844546553,337.8333333333333,20.88240198453421,4420.566666666667,1540.5234820834687,0.9780723067141663,0.014919523869629818,0.36377777777777776,0.12264871599458893,19.933333333333334,4.126728129822858,1101.4666666666667,435.88362361223585,0.903303100770633,0.034167851723888656,0.6057777777777777,0.1389476963623124,317.9,20.591846394411427,3319.1,1115.5443807922843,0.962874664767678,0.024221313677155215,1354.0,536.8594499173106,0.9271810488587081,0.033693479950522576,1890.1666666666667,637.548379953717,0.8746701955858888,0.033948288420909876,1514.2333333333333,391.8141434258158,2400.0,0.0,13200.0,0.0,40000.0,0.0,0.05999999999999999,0.0,0.115039123779695,0.0,0.23007824755939,0.0,6.902347426781702,0.0,1.25,0.0,3.67,0.0,1.25,0.0,3.67,0.0,0.0095447693468439,0.0,0.1590431280879832,0.0,1.0,0.0,0.7112857366513917,0.022550065845133773,1322.328241217823,185.4233307518256,0.9251111111111111,0.03269191299034167,0.6798966602625096,0.026618227933630847,0.07488888888888885,0.03269191299034169,0.5228276294344979,0.05932346716235538,0.9055555555555556,0.08827132212144381,-0.4914385530456158,0.058855883818556484,-0.8306666666666668,0.08043178495253815,0.0,0.0,0.0,0.0,0.4914385530456158,0.058855883818556484,0.8306666666666668,0.08043178495253815
2400.0,strong_drift,nominal,oracle_current_physics,114.5,8.803408430829505,150.0,0.0,1.0,0.0,53.11786066270438,2.3316972296569363,0.040722158499037917,0.004292549788918865,1322.328241217823,185.4233307518256,2125.6666666666665,193.5332695863469,165.33333333333334,4.985035076370445,162.46666666666667,5.076880207733697,20.2,5.3265761792265245,15.514263094953714,4.325553520950802,135.96538856457215,102.95888329055683,0.10296129517834393,0.07634612115200914,267.53333333333336,126.53546138733499,0.125217949491141,0.05625929140512291,0.8764342101857001,0.028474472735077784,0.0,0.0,1983.3666666666666,149.11196518361473,198.7,7.737726655362245,150.0,0.0,48.7,7.737726655362248,48.7,7.737726655362248,1393.6333333333334,54.62946238907664,391.03333333333336,130.71883048619338,0.0,0.0,0.7559921140970348,0.028851865994587434,0.0,0.0,0.0,0.0,-0.06335882415408431,0.012862522881182187,1.2666666666666666,0.4497764451088037,0.7112857366513917,0.022550065845133773,0.6954494427612606,0.12039628329717504,0.9933333333333333,0.0,0.9933333333333333,0.0,0.0,0.0,0.0,0.0,0.0,0.0,0.0,0.0,0.02265402510540931,0.0066623415116211695,0.10155528465464644,0.015523171547914907,0.9731407371881303,0.00402007248947658,0.9997777777777778,0.0012171612389003936,181.4,23.849528297222154,6615.466666666666,596.4956706108363,0.9958604762492572,0.001284854050813496,0.9997777777777778,0.0012171612389003936,10.733333333333333,3.1941037632761264,2600.633333333333,238.91687824982895,0.9589142630868461,0.006069288200209758,0.9995555555555555,0.0016913875446831223,170.66666666666666,22.09436397682064,4014.8333333333335,416.8879021853545,0.9938400807818957,0.0018222095776289841,3590.1666666666665,324.1816310111624,0.969447671277415,0.004862869569044164,2168.5333333333333,278.3198028234394,0.9078695954919308,0.019284137730504036,1038.1666666666667,154.5311224837636,2400.0,0.0,13200.0,0.0,40000.0,0.0,0.05999999999999999,0.0,0.115039123779695,0.0,0.23007824755939,0.0,6.902347426781702,0.0,1.25,0.0,3.67,0.0,1.25,0.0,3.67,0.0,0.0095447693468439,0.0,0.1590431280879832,0.0,1.0,0.0,0.7112857366513917,0.022550065845133773,1322.328241217823,185.4233307518256,0.0,0.0,0.0,0.0,1.0,0.0,0.5228276294344979,0.05932346716235538,0.9055555555555556,0.08827132212144381,,,,,,,,,,,,
2400.0,weak_drift,nominal,adaptive_mission,114.5,8.803408430829505,88.6,20.00275843046619,0.5906666666666667,0.13335172286977462,30.630498087569347,7.033750340991952,0.012762257545899876,0.002930678055187712,2400.087051495083,0.05581896939290711,4653.533333333334,261.79048392037555,241.8,31.94974502083783,114.5,13.064165254355265,68.26666666666667,10.126555507021212,28.443416192898173,4.2192514335281475,854.1977127593441,277.5694206395719,0.3559020314551023,0.11564688684124395,1565.6,350.55695587214467,0.33986252777218967,0.08893372199523329,0.40297776751101005,0.06479356217902066,1.0666666666666667,2.462593717220109,1218.4666666666667,340.4275945431521,120.8,26.92057282784507,88.6,20.00275843046619,32.2,9.147828082156423,32.2,9.147828082156423,908.6,190.9992959004895,189.06666666666666,150.90804081164526,0.0,0.0,0.7340282566233144,0.04250376245817569,0.0,0.0,0.0,0.0,-0.05955054253316602,0.031402625726934294,0.7,0.466091599699399,0.2807676108100995,0.055987173866280375,0.1830561919468288,0.08729457374668823,0.5226666666666666,0.10683320332805402,0.5906666666666667,0.13335172286977462,0.04080000640643434,0.05417447258429477,0.11508989422837214,0.14904743016580846,0.055601646147624195,0.07184669661286391,0.030011887242724834,0.03966746022591237,0.014244328357966586,0.007650332177902232,0.05319849518299473,0.026003216167758914,0.9658496433979415,0.008505965559082517,0.9435555555555555,0.10224654050235571,395.1333333333333,26.83632809732223,11696.733333333334,2440.394695794999,0.993882347394587,0.0028575170802983803,0.8751111111111112,0.13718498106343202,23.5,5.4756514334542565,4100.533333333334,881.2067248688145,0.9514238928438924,0.010910493377543337,0.9433333333333334,0.10324616271291892,371.6333333333333,26.465961657131988,7596.2,1631.2832350954411,0.9901521216190157,0.003659025669678112,5320.166666666667,1131.6088054207373,0.9677363365729161,0.007605630707112528,4408.633333333333,1000.6660707036444,0.9074720868059447,0.0202766809943903,2363.0666666666666,508.9863444637534,2400.0,0.0,13200.0,0.0,40000.0,0.0,0.05999999999999999,0.0,0.0340587727318528,0.0,0.0681175454637056,0.0,2.0435263639111687,0.0,1.25,0.0,3.67,0.0,1.25,0.0,3.67,0.0,0.0095447693468439,0.0,0.1590431280879832,0.0,1.0,0.0,0.669970841174653,0.031102231973437155,1698.2199104138422,218.14400101305546,0.4093333333333333,0.1333517228697746,0.3892032303645535,0.05770964451605041,0.5906666666666667,0.13335172286977462,0.29242227353060424,0.057695302375837615,0.6799999999999999,0.13016935623518308,-0.011654662720504744,0.02749796534785146,-0.08933333333333333,0.12631651542441122,0.0040815730449881215,0.008009400053951022,0.015111111111111105,0.029448745438783338,0.015736235765492865,0.02364531368498151,0.10444444444444444,0.10873474115290274
2400.0,weak_drift,nominal,belief_horizon,114.5,8.803408430829505,90.76666666666667,20.699297561517152,0.605111111111111,0.13799531707678103,31.439480880437955,6.937953612848165,0.013099278249359619,0.0028908054208944553,2400.0961337136414,0.06330583286851951,4650.466666666666,314.2757117381262,240.03333333333333,38.82008308304752,110.66666666666667,10.65876143847393,64.06666666666666,9.734167811811432,26.693385821480128,4.055811805946096,766.4743109826883,294.3363776738489,0.3193512401302225,0.12263359971357343,1424.5,397.71248929085823,0.3115254646631614,0.10318329966053157,0.41961423411308524,0.08069496496118145,0.0,0.0,1245.0,343.4232334035939,123.3,27.019979836129185,90.76666666666667,20.699297561517152,32.53333333333333,9.031490247570112,32.53333333333333,9.031490247570112,925.1333333333333,196.5717791744687,196.56666666666666,146.66374474623407,0.0,0.0,0.7358239072142984,0.04322827996991518,0.0,0.0,0.0,0.0,-0.05931124474805182,0.025064444669692904,0.8,0.40683810217248617,0.27848162048225994,0.06854908078497444,0.18327841416905102,0.08923964343570563,0.5208888888888888,0.11434616171902004,0.605111111111111,0.13799531707678103,0.01342779075847818,0.03055921839526084,0.05239952675122246,0.09458825895077347,0.015612902453722204,0.026690187927661046,0.008048065391924637,0.013860305637847447,0.016594440984578337,0.008767945996402796,0.05883137778150413,0.027570855840459017,0.9662168524488722,0.00802784011486568,0.9346666666666666,0.11060821056870386,389.7,26.145679408348485,11626.833333333334,2383.8395294773622,0.994333684903855,0.0029637916580278136,0.8635555555555555,0.1433772542526779,21.566666666666666,5.7034976161537285,4100.066666666667,850.082467939935,0.9515083904314342,0.010396161903083298,0.9344444444444445,0.11151459308084853,368.1333333333333,25.714256522515814,7526.766666666666,1620.018618099343,0.9903028387683249,0.003788562119602697,5330.9,1137.0104888364654,0.9670118832789323,0.007173118666395019,4339.1,952.8293022941436,0.9087470534804009,0.02120581694319445,2346.5333333333333,554.1332301726807,2400.0,0.0,13200.0,0.0,40000.0,0.0,0.05999999999999999,0.0,0.0340587727318528,0.0,0.0681175454637056,0.0,2.0435263639111687,0.0,1.25,0.0,3.67,0.0,1.25,0.0,3.67,0.0,0.0095447693468439,0.0,0.1590431280879832,0.0,1.0,0.0,0.669970841174653,0.031102231973437155,1698.2199104138422,218.14400101305546,0.3948888888888889,0.13799531707678103,0.39148922069239306,0.06630076658734262,0.605111111111111,0.13799531707678103,0.29242227353060424,0.057695302375837615,0.6799999999999999,0.13016935623518308,-0.013940653048344255,0.029816895885993164,-0.07488888888888888,0.10404365917271716,0.0,0.0,0.0,0.0,0.013940653048344255,0.029816895885993164,0.07488888888888888,0.10404365917271716
2400.0,weak_drift,nominal,belief_orienteering,114.5,8.803408430829505,90.36666666666666,25.974102929427723,0.6024444444444444,0.1731606861961848,31.53395117905035,9.325733125628739,0.013138667842708406,0.00388563389390932,2400.0912707615867,0.06592581817363259,4540.766666666666,228.52294585360394,202.66666666666666,31.87619729552113,99.7,12.225327017697937,54.166666666666664,8.19202022716612,22.56858563193116,3.4131789228125675,818.1305205776189,252.36370338506407,0.3408741165155657,0.10514372260673326,1515.4666666666667,364.2265052497371,0.3363534853033858,0.09150561763749158,0.4528797956819746,0.08278605321718287,0.0,0.0,1243.1333333333334,409.0238786835474,119.96666666666667,33.64672790704283,90.36666666666666,25.974102929427723,29.6,9.163646315365048,29.6,9.163646315365048,900.5666666666667,236.4790117293832,222.6,156.87653832189847,0.0,0.0,0.7521032239939182,0.03743608670265539,0.0,0.0,0.0,0.0,-0.05325876955665954,0.02382169236086361,0.8,0.40683810217248617,0.24939263363255668,0.07218213186116947,0.14088888888888887,0.07527692595409524,0.5002483731934424,0.13449680247563878,0.6024444444444444,0.1731606861961848,0.01542933788455923,0.020790756465522982,0.10075823751793934,0.14365553379923743,0.024758341343639936,0.032260631703018065,0.012801214320009573,0.016906615090113646,0.01880555265476107,0.009046701752043912,0.0654066232764329,0.028263151483340576,0.9670373750639786,0.007570223662904846,0.8975555555555556,0.14754681920312754,381.76666666666665,25.144661918357656,11745.133333333333,2644.6718945617918,0.9950085297283986,0.0024568461909594626,0.849111111111111,0.16995364103828764,18.933333333333334,5.489383693397042,4121.566666666667,996.0532350865775,0.952651576782215,0.009864874608821092,0.8973333333333334,0.1481285555371321,362.8333333333333,23.474246098332053,7623.566666666667,1717.025629582645,0.9904465058419445,0.003228134936069306,5344.833333333333,1256.7405867158307,0.9686159111643924,0.006936148594688476,4424.933333333333,1008.6887334155865,0.9106578206146063,0.019749368021562828,2357.133333333333,544.8812419381787,2400.0,0.0,13200.0,0.0,40000.0,0.0,0.05999999999999999,0.0,0.0340587727318528,0.0,0.0681175454637056,0.0,2.0435263639111687,0.0,1.25,0.0,3.67,0.0,1.25,0.0,3.67,0.0,0.0095447693468439,0.0,0.1590431280879832,0.0,1.0,0.0,0.669970841174653,0.031102231973437155,1698.2199104138422,218.14400101305546,0.3975555555555556,0.17316068619618483,0.4205782075420963,0.07323172247461184,0.6024444444444444,0.1731606861961848,0.29242227353060424,0.057695302375837615,0.6799999999999999,0.13016935623518308,-0.04302963989804754,0.041459634765181115,-0.07755555555555556,0.10083913570588851,0.0,0.0,0.0,0.0,0.04302963989804754,0.041459634765181115,0.07755555555555556,0.10083913570588851
2400.0,weak_drift,nominal,belief_orienteering_depth1,114.5,8.803408430829505,76.93333333333334,22.374451768792525,0.5128888888888888,0.14916301179195018,26.547203729733265,7.658575151655818,0.011060862962210528,0.0031909666145971643,2400.1035311933683,0.05877021854176881,4393.5,190.94750136061495,161.33333333333334,22.987752861234508,84.83333333333333,8.983061966771162,45.93333333333333,7.956490880183096,19.138057959890876,3.3150158246583765,918.4855934053194,255.6826364752879,0.38268514434848694,0.10652727798022132,1645.8,402.4986099783237,0.37540316173433136,0.09374348547619289,0.45556782653986994,0.09342658865511205,0.0,0.0,1126.9333333333334,393.1587319464583,102.86666666666666,29.62027885655754,76.93333333333334,22.374451768792525,25.933333333333334,8.808042302089735,25.933333333333334,8.808042302089735,798.4666666666667,220.07690400894163,225.6,182.0969048573333,0.0,0.0,0.747069119963048,0.04322480932862155,0.0,0.0,0.0,0.0,-0.05366696967569394,0.03065345832971648,0.5333333333333333,0.5074162634049248,0.2024325687382974,0.06876280111655339,0.11831911932101082,0.06867594643029087,0.41444444444444445,0.1364810439263024,0.5128888888888888,0.14916301179195018,0.023685975602014183,0.043369553765660575,0.12456557136942505,0.18065960135847423,0.03447306872717877,0.05344763885283812,0.01830820053713872,0.02928709499746003,0.021540359317037634,0.009883630113672107,0.07155899218296276,0.03044635710295815,0.9674788879254163,0.010103179232104173,0.8993333333333333,0.14693131817463692,370.93333333333334,22.426790219294215,11859.066666666668,3018.5043331417296,0.9946075700202982,0.0022332376111590217,0.8317777777777777,0.18463328743793864,20.266666666666666,3.6001277116555017,4070.4666666666667,1063.403862468368,0.95392169490989,0.013773671990670948,0.8986666666666667,0.1468379355287483,350.6666666666667,21.75464014448624,7788.6,2005.9908481243426,0.9906466846220134,0.003527807738986065,5297.733333333334,1349.644625852285,0.968895418921934,0.010161525809832398,4492.3,1219.7056216351043,0.9146854887379676,0.023130675690011492,2439.9666666666667,604.3479520329632,2400.0,0.0,13200.0,0.0,40000.0,0.0,0.05999999999999999,0.0,0.0340587727318528,0.0,0.0681175454637056,0.0,2.0435263639111687,0.0,1.25,0.0,3.67,0.0,1.25,0.0,3.67,0.0,0.0095447693468439,0.0,0.1590431280879832,0.0,1.0,0.0,0.669970841174653,0.031102231973437155,1698.2199104138422,218.14400101305546,0.4871111111111111,0.14916301179195016,0.4675382724363556,0.07372696575182276,0.5128888888888888,0.14916301179195018,0.29242227353060424,0.057695302375837615,0.6799999999999999,0.13016935623518308,-0.08998970479230683,0.05996493188018981,-0.16711111111111113,0.13580393048480346,0.0,0.0,0.0,0.0,0.08998970479230683,0.05996493188018981,0.16711111111111113,0.13580393048480346
2400.0,weak_drift,nominal,confirmed_route,114.5,8.803408430829505,55.266666666666666,23.774708864867208,0.3684444444444444,0.15849805909911474,19.352493002082216,8.609826381372665,0.008063225721916787,0.0035873099105915725,2400.0993446105535,0.07218425579422497,3368.233333333333,182.02400056478584,137.53333333333333,23.796165053730142,136.3,23.80401299114833,96.53333333333333,20.848771291560954,40.2205845837779,8.686682973366736,1801.7899444715113,235.56152940959709,0.7507142090771705,0.09814266087501433,2571.3,331.4850753388663,0.7629772641241293,0.08585315627396341,0.2910212469862606,0.0911984606776735,93.06666666666666,21.815738281837014,982.1666666666666,437.7886502627159,74.53333333333333,32.44595860635123,55.266666666666666,23.774708864867208,19.266666666666666,10.119742852577769,19.266666666666666,10.119742852577769,747.5333333333333,284.9103589616885,160.1,141.01585873153806,0.0,0.0,0.7457175746023947,0.06372737487955804,0.0,0.0,0.0,0.0,-0.06709257109228384,0.019915821762915304,0.2,0.40683810217248617,0.13410734902335994,0.07507288867845764,0.07088888888888885,0.0540889952995613,0.2817777777777778,0.15057420958647796,0.3684444444444444,0.15849805909911474,0.07989367604141345,0.09164872937683168,0.17469201071060378,0.12150766007654709,0.0744201546702155,0.04043328068517906,0.03909120028704179,0.02183164610684394,0.027692155946606158,0.009898150596631551,0.08804504961897074,0.029799278012416906,0.9718240610746062,0.009877561890131649,0.865111111111111,0.11242616421910745,282.43333333333334,19.94247474238276,10638.133333333333,2949.6612983040345,0.9949703285915344,0.0022705371139269894,0.7286666666666667,0.1568282365693137,15.766666666666667,4.561331727295964,3447.133333333333,1022.4012551032896,0.9612273713109505,0.012959511731054349,0.8644444444444445,0.11180625460860445,266.6666666666667,20.573389798866202,7191.0,1986.5537652097328,0.9912930582421992,0.0035911992437949987,4590.0,1349.1495149882774,0.9727859984365994,0.011245320571066166,4104.8,1172.78878952162,0.929828683899765,0.02133051800489887,2225.766666666667,576.4330677617269,2400.0,0.0,13200.0,0.0,40000.0,0.0,0.05999999999999999,0.0,0.0340587727318528,0.0,0.0681175454637056,0.0,2.0435263639111687,0.0,1.25,0.0,3.67,0.0,1.25,0.0,3.67,0.0,0.0095447693468439,0.0,0.1590431280879832,0.0,1.0,0.0,0.669970841174653,0.031102231973437155,1698.2199104138422,218.14400101305546,0.6315555555555555,0.15849805909911477,0.535863492151293,0.08044196605378709,0.3684444444444444,0.15849805909911474,0.29242227353060424,0.057695302375837615,0.6799999999999999,0.13016935623518308,-0.15831492450724427,0.06968598883648051,-0.3115555555555556,0.15114311132886984,0.0,0.0,0.0,0.0,0.15831492450724427,0.06968598883648051,0.3115555555555556,0.15114311132886984
2400.0,weak_drift,nominal,greedy,114.5,8.803408430829505,34.93333333333333,9.119639032985573,0.23288888888888887,0.06079759355323717,12.130472336929252,3.142105203223457,0.00505411257163483,0.0013091301365434384,2400.117781460924,0.07090642749770093,3722.4666666666667,236.56634752561328,162.26666666666668,27.66042028919143,161.26666666666668,27.66042028919143,128.36666666666667,22.784573325151282,53.4834202582876,9.492751286044069,2020.9445919832333,131.7396552646779,0.8420189824750134,0.05488994127544599,3173.9,280.53475413192933,0.8520312158976272,0.046112962388958734,0.204419266702281,0.040301492911542426,0.0,0.0,514.8666666666667,128.65772108739648,45.666666666666664,11.567890557661022,34.93333333333333,9.119639032985573,10.733333333333333,3.786849598948639,10.733333333333333,3.786849598948639,429.46666666666664,104.08111337278989,39.733333333333334,28.087220475208802,0.0,0.0,0.7657957733960483,0.06408945425152343,0.0,0.0,0.0,0.0,-0.03577203294916783,0.022760341381132542,0.0,0.0,0.13433552887585964,0.038212386983190946,0.12199999999999997,0.0427108248502294,0.21266666666666664,0.05722443547406712,0.23288888888888887,0.06079759355323717,0.08612676969285823,0.09906114553700283,0.07553645472255455,0.10349258385816447,0.07088258421749767,0.08697102272572257,0.03887219072016522,0.04888703201044359,0.010075697890950584,0.0028989225579657495,0.0323320171549769,0.01218468999900099,0.9529874644587297,0.015420739910608836,0.7911111111111111,0.18214838238540418,318.23333333333335,22.843822576028252,7017.1,1975.019394928776,0.9912912418826493,0.0036747377881544874,0.6882222222222223,0.19035504905274325,17.366666666666667,3.438958676926664,2169.866666666667,589.2661557385173,0.9363018144149007,0.0213544317059465,0.7906666666666666,0.1819570072583671,300.8666666666667,21.89588740054789,4847.233333333334,1438.2995391669347,0.9846819641344591,0.005033666217580011,2897.3,759.543472229797,0.9544727772905197,0.01829754833057895,2715.1666666666665,834.8793050633059,0.8911116414589659,0.050788906966427766,1722.8666666666666,540.2211382026063,2400.0,0.0,13200.0,0.0,40000.0,0.0,0.05999999999999999,0.0,0.0340587727318528,0.0,0.0681175454637056,0.0,2.0435263639111687,0.0,1.25,0.0,3.67,0.0,1.25,0.0,3.67,0.0,0.0095447693468439,0.0,0.1590431280879832,0.0,1.0,0.0,0.669970841174653,0.031102231973437155,1698.2199104138422,218.14400101305546,0.7671111111111112,0.06079759355323716,0.5356353122987934,0.0409362185010866,0.23288888888888887,0.06079759355323717,0.29242227353060424,0.057695302375837615,0.6799999999999999,0.13016935623518308,-0.15808674465474457,0.07123144698267457,-0.4471111111111111,0.1489882438555203,0.0,0.0,0.0,0.0,0.15808674465474457,0.07123144698267457,0.4471111111111111,0.1489882438555203
2400.0,weak_drift,nominal,lawnmower_collect,114.5,8.803408430829505,9.3,4.764451699828639,0.061999999999999965,0.03176301133219092,3.2442075827981847,1.8243278017821918,0.0013517531594987833,0.0007601365840756792,2400.000000000725,0.0,4055.0,0.0,24.0,0.0,23.0,0.0,16.5,2.7511752974395103,6.874999999997924,1.1463230405994502,1383.5100000004174,359.4493236548334,0.5764624999999999,0.149770551522802,2342.8,605.3738884586832,0.5777558569667077,0.14929072465072338,0.2826086956521739,0.11961631727997872,0.0,0.0,130.93333333333334,79.54956526174944,12.066666666666666,6.107843082990654,9.3,4.764451699828639,2.7666666666666666,1.9771685315872418,2.7666666666666666,1.9771685315872418,101.4,49.19882252585965,17.466666666666665,34.30264223595342,0.0,0.0,0.7609011579522416,0.13186917790518035,0.0,0.0,0.0,0.0,-0.057281624607252765,0.013669158809926302,0.0,0.0,0.028159104166661675,0.015174391248150667,0.019999999999999973,0.012379689211803456,0.04977777777777773,0.027276550682109085,0.061999999999999965,0.03176301133219092,0.03135959094839344,0.0438309043844405,0.014554282401153714,0.026490205557807435,0.018536952567062715,0.030654083181495272,0.009595673092889926,0.016083382668468232,0.010587529636808948,0.0018253938479416334,0.029072881699337083,0.004706812165919128,0.9291663474648997,0.028320014397510182,0.5577777777777778,0.14804300227848355,342.46666666666664,16.0166579951416,5171.3,1939.244025298305,0.9803756875598938,0.013600779053711183,0.2933333333333333,0.10795202567225543,18.7,3.4755302249912297,1197.8,520.7733241751289,0.9154160577013566,0.031244712330094928,0.5575555555555556,0.14767141045630947,323.76666666666665,16.957722954928016,3973.5,1438.4908938620842,0.962367583465367,0.02319272735793766,1446.9666666666667,637.007144621511,0.9366958878141607,0.031069835863856515,2236.766666666667,824.6865102751985,0.8936357109737316,0.031759005146669406,1830.0333333333333,529.2428217442501,2400.0,0.0,13200.0,0.0,40000.0,0.0,0.05999999999999999,0.0,0.0340587727318528,0.0,0.0681175454637056,0.0,2.0435263639111687,0.0,1.25,0.0,3.67,0.0,1.25,0.0,3.67,0.0,0.0095447693468439,0.0,0.1590431280879832,0.0,1.0,0.0,0.669970841174653,0.031102231973437155,1698.2199104138422,218.14400101305546,0.9380000000000001,0.03176301133219089,0.6418117370079913,0.03283429275326506,0.061999999999999965,0.03176301133219092,0.29242227353060424,0.057695302375837615,0.6799999999999999,0.13016935623518308,-0.26426316936394256,0.056693275344920455,-0.618,0.12549549304236532,0.0,0.0,0.0,0.0,0.26426316936394256,0.056693275344920455,0.618,0.12549549304236532
2400.0,weak_drift,nominal,oracle_current_physics,114.5,8.803408430829505,150.0,0.0,1.0,0.0,53.11786066270438,2.3316972296569363,0.03166496101938872,0.0033441133608901963,1698.2199104138422,218.14400101305546,2602.233333333333,267.73335723199045,176.0,5.836862643342003,173.26666666666668,5.508196609150538,27.733333333333334,5.355843301597272,16.4315395440434,2.9536879422540987,275.31623419884187,104.9418775057516,0.16028521957861588,0.050597914824368796,484.0,141.26595118965236,0.18456011784527318,0.04342474761664209,0.8406960944635261,0.025792648990684636,0.0,0.0,1701.9,132.2571554677243,198.23333333333332,8.240703574470986,150.0,0.0,48.233333333333334,8.240703574470986,48.233333333333334,8.240703574470986,1389.2,57.87108145667846,114.46666666666667,103.59361361401191,0.0,0.0,0.7579772420992765,0.03222042845992109,0.0,0.0,0.0,0.0,-0.0749348675771271,0.015515535354924271,1.2666666666666666,0.4497764451088037,0.669970841174653,0.031102231973437155,0.5730706348009086,0.06375177138941136,0.9928888888888887,0.0024343224778007122,0.9933333333333333,0.0,0.0,0.0,0.0,0.0,0.0,0.0,0.0,0.0,0.011522644983021394,0.004512169324172457,0.05600198886820778,0.011358708883091597,0.9614040210587615,0.0060691203539892085,1.0,0.0,220.53333333333333,29.849892662353465,5526.866666666667,386.90217362276854,0.9935065255804111,0.0025759914536087765,1.0,0.0,13.033333333333333,4.88123312100633,2020.2666666666667,170.3327237544483,0.9438592087506804,0.008327769883301792,0.9991111111111111,0.0023049726909451116,207.5,27.281103729315188,3506.6,244.6714334466277,0.9899554388085224,0.0028229555779538586,2794.766666666667,212.7740720744105,0.9592083098089083,0.0068173949063246265,1909.5333333333333,171.24548488048967,0.888653749673704,0.017535854639431636,1043.1,97.02909268660717,2400.0,0.0,13200.0,0.0,40000.0,0.0,0.05999999999999999,0.0,0.0340587727318528,0.0,0.0681175454637056,0.0,2.0435263639111687,0.0,1.25,0.0,3.67,0.0,1.25,0.0,3.67,0.0,0.0095447693468439,0.0,0.1590431280879832,0.0,1.0,0.0,0.669970841174653,0.031102231973437155,1698.2199104138422,218.14400101305546,0.0,0.0,0.0,0.0,1.0,0.0,0.29242227353060424,0.057695302375837615,0.6799999999999999,0.13016935623518308,,,,,,,,,,,,
3600.0,robot_disturbed,nominal,adaptive_mission,114.5,8.803408430829505,108.73333333333333,25.14911849189828,0.7248888888888889,0.1676607899459886,38.38878712631692,9.539100312616759,0.010663217245816637,0.002649673900144042,3600.113859928647,0.07457234037904582,6468.8,342.64854820385113,302.2,44.12943344924931,150.83333333333334,12.803779973476416,102.96666666666667,13.381622326607262,28.600966799931882,3.7171398586602264,1832.1261680270227,344.61893479621205,0.5089077311945466,0.09572374986375543,2932.3333333333335,471.93653381998615,0.4567642477419467,0.08991732831974403,0.3164207746643063,0.07684805490510549,0.2,1.0954451150103326,1582.7666666666667,437.95785369050685,145.4,36.489582830890434,108.73333333333333,25.14911849189828,36.666666666666664,12.220201853215574,36.666666666666664,12.220201853215574,1090.9333333333334,254.90132415794014,346.43333333333334,201.00500651396266,0.0,0.0,0.7537188362747635,0.03637743362448369,21444.966666666667,5074.977006799167,134.43333333333334,22.264372860033017,-0.013592163299449626,0.02261278609163445,0.8,0.40683810217248617,0.419414394051651,0.08055082114105795,0.19599999999999998,0.13132510622460664,0.5386666666666666,0.09936811857183246,0.6775555555555556,0.16787591963518436,0.024654862878251176,0.07118600409584398,0.0695652278005219,0.16151349805287354,0.025594055505198592,0.05599057206779768,0.013796393699821807,0.030410447179721335,0.00623023073426667,0.006506036021301917,0.025855072701931058,0.023490909957084784,0.9634517772801158,0.0073257021507805746,0.9653333333333334,0.08577614990613827,548.2,33.244548425268164,15044.633333333333,3279.4880328294025,0.9946395644045206,0.0014631285071980001,0.94,0.13331034284547671,29.066666666666666,3.6571454228234024,5665.566666666667,1218.8260797356113,0.9455430149798698,0.010283413572619759,0.9651111111111111,0.08569183553223596,519.1333333333333,31.76501364636923,9379.066666666668,2127.4113447768054,0.9903273793559341,0.0021105234524900003,7549.466666666666,1590.346302199474,0.9618394506971788,0.008950545601734914,5330.066666666667,1245.7594258629697,0.8910941915118594,0.019841245912856527,2713.3,632.4779483684897,3600.0,0.0,20000.0,0.0,40000.0,0.0,0.09,0.0,0.045276925690687,0.0,0.0905538513813741,0.0,2.7166155414412247,0.0,1.25,0.0,3.67,0.0,1.25,0.0,3.67,0.0,0.0095447693468439,0.0,0.1590431280879832,0.0,1.0,0.0,0.7724116299768065,0.01673024349788651,1666.523768877111,209.49841639551695,0.27511111111111114,0.16766078994598857,0.35299723592515536,0.07482837820746592,0.7248888888888889,0.1676607899459886,0.4655413476347007,0.07246630440526829,0.855111111111111,0.08151690858770369,-0.04612695358304967,0.06939511388013674,-0.1302222222222222,0.18425979771063114,0.005868789657368351,0.02177173870442808,0.020000000000000004,0.05344815226780915,0.05199574324041802,0.06091242970744876,0.15022222222222223,0.15773039059577837
3600.0,robot_disturbed,nominal,belief_horizon,114.5,8.803408430829505,108.53333333333333,26.05529045932016,0.7235555555555556,0.17370193639546772,37.86582286134099,8.468670067455793,0.010518003762750456,0.0023523687832678283,3600.097644589609,0.0674230199744777,6462.6,367.74912738122856,302.3666666666667,46.85964614443441,150.23333333333332,15.228565113046557,102.36666666666666,13.71000976717712,28.43441106145911,3.80819637684198,1776.1439414656281,360.1210844213929,0.4933596470555765,0.10003020320951332,2841.3,513.5407279956916,0.4428245943054943,0.09179050129659672,0.31678804323288096,0.08165383116736306,0.0,0.0,1582.7666666666667,416.89308009354755,147.06666666666666,36.59935304999476,108.53333333333333,26.05529045932016,38.53333333333333,11.872115499639548,38.53333333333333,11.872115499639548,1099.0,255.2056641896545,336.7,159.8001229985285,0.0,0.0,0.7401550636211681,0.03544829219756605,21798.233333333334,5496.376120765349,131.6,24.218260423305267,-0.01717862606645327,0.028120397240952257,0.8666666666666667,0.3457459036417604,0.43719403872099566,0.0978900997340862,0.20288888888888887,0.130612272672476,0.5737777777777778,0.12231400246070183,0.7006666666666667,0.17486809478779322,0.011279537456008038,0.0347899839809545,0.04557817998994469,0.1262723071221395,0.016560675638986923,0.04895372682336865,0.008993812754258429,0.027020423996386864,0.00454048109161349,0.004897537734379001,0.018591681028652756,0.01683509975780612,0.963279787769794,0.009431113514290858,0.9484444444444444,0.1172341970604511,549.0,33.01723687764442,15207.966666666667,3578.946083390485,0.9945331820988186,0.002071523028013641,0.9211111111111111,0.14824731674500718,29.266666666666666,3.6477043639029714,5742.133333333333,1368.160928559496,0.9453922538132246,0.012660296578626978,0.9477777777777778,0.11788796985063604,519.7333333333333,31.707644388123168,9465.833333333334,2275.865717560642,0.9906063694246233,0.0033724315721064798,7660.766666666666,1811.3364980575539,0.9617614900617614,0.010431255310170594,5374.733333333334,1332.0805073871923,0.8892787832131775,0.02294537318651096,2721.4666666666667,640.6605283952478,3600.0,0.0,20000.0,0.0,40000.0,0.0,0.09,0.0,0.045276925690687,0.0,0.0905538513813741,0.0,2.7166155414412247,0.0,1.25,0.0,3.67,0.0,1.25,0.0,3.67,0.0,0.0095447693468439,0.0,0.1590431280879832,0.0,1.0,0.0,0.7724116299768065,0.01673024349788651,1666.523768877111,209.49841639551695,0.27644444444444444,0.17370193639546777,0.33521759125581074,0.09147626606545216,0.7235555555555556,0.17370193639546772,0.4655413476347007,0.07246630440526829,0.855111111111111,0.08151690858770369,-0.02834730891370505,0.046449594359311196,-0.13155555555555556,0.14940939496978184,0.0,0.0,0.0,0.0,0.02834730891370505,0.046449594359311196,0.13155555555555556,0.14940939496978184
3600.0,robot_disturbed,nominal,belief_orienteering,114.5,8.803408430829505,107.3,21.221573278477564,0.7153333333333334,0.1414771551898504,37.914914832581445,7.2684099440748655,0.010531677337556845,0.002018984795059525,3600.085226162722,0.06256773118553077,6335.133333333333,303.6427952816217,254.3,36.136856722646804,134.63333333333333,11.929341784117799,87.03333333333333,9.397297239222503,24.175338740024188,2.6101529941621013,1799.2153779713929,315.18998608727065,0.49976995728278695,0.08754918645002718,2916.9,422.3676572975663,0.46303879743476717,0.08002967936419877,0.3523587583830096,0.05619579976753462,0.0,0.0,1640.8666666666666,391.92818952854924,143.63333333333333,27.497314393419856,107.3,21.221573278477564,36.333333333333336,8.276819867946674,36.333333333333336,8.276819867946674,1078.2,196.0333187725125,419.03333333333336,204.35238046643562,0.0,0.0,0.746674876703669,0.031525187680719484,21983.1,5450.594775200986,134.76666666666668,18.18806606339544,-0.010839411775273745,0.025850631800318838,0.9,0.3051285766293647,0.3957727247162355,0.08714274811708321,0.1364218377010812,0.11259594150648927,0.5335555555555556,0.13056298177297743,0.6635555555555556,0.16157020070960962,0.05628445627421455,0.13815362394063033,0.08601506268172934,0.1625449747208762,0.05463527282057053,0.12355852266705043,0.03273623008997405,0.07583442636201988,0.008754573303778327,0.010932437783387707,0.03193067860498421,0.03551429775642799,0.9651948313916509,0.006719953336872612,0.9673333333333333,0.06964276662029403,541.7666666666667,31.349732807895457,15594.266666666666,3284.3267082366797,0.9947949013046892,0.001192357090522871,0.9408888888888889,0.098645746979737,29.866666666666667,5.157741642480234,5895.1,1236.2885878361062,0.9480092945234991,0.01002667261548129,0.967111111111111,0.06958956484359802,511.9,31.350466091239067,9699.166666666666,2115.106878905982,0.9913511301838765,0.0020845246803290734,7891.633333333333,1723.8752751773595,0.9633803574207829,0.007941169987805164,5492.4,1205.8483235093645,0.8929516748964573,0.020474129810446547,2752.0,615.3554621741698,3600.0,0.0,20000.0,0.0,40000.0,0.0,0.09,0.0,0.045276925690687,0.0,0.0905538513813741,0.0,2.7166155414412247,0.0,1.25,0.0,3.67,0.0,1.25,0.0,3.67,0.0,0.0095447693468439,0.0,0.1590431280879832,0.0,1.0,0.0,0.7724116299768065,0.01673024349788651,1666.523768877111,209.49841639551695,0.2846666666666666,0.14147715518985043,0.3766389052605709,0.08169400539260001,0.7153333333333334,0.1414771551898504,0.4655413476347007,0.07246630440526829,0.855111111111111,0.08151690858770369,-0.06976862291846521,0.06987153720468608,-0.13977777777777778,0.10627057685206186,0.0,0.0,0.0,0.0,0.06976862291846521,0.06987153720468608,0.13977777777777778,0.10627057685206186
3600.0,robot_disturbed,nominal,belief_orienteering_depth1,114.5,8.803408430829505,101.16666666666667,27.0530555777338,0.6744444444444445,0.1803537038515587,35.5877787421334,9.845812659535449,0.009885289055603206,0.0027348994433433124,3600.075066273267,0.06021448418237194,6249.533333333334,316.8105855656291,221.53333333333333,32.309637009384076,124.23333333333333,11.927029093135712,80.9,10.961846056459526,22.4717596437777,3.044921329303488,1940.3399581192361,346.72813597203157,0.5389717071229878,0.09630911534488389,3152.733333333333,456.6551504546747,0.5071457673359715,0.086394592490359,0.34705025148871554,0.08120067442049277,0.0,0.0,1567.6666666666667,476.91200181088374,134.16666666666666,36.29674948240553,101.16666666666667,27.0530555777338,33.0,10.573225782526155,33.0,10.573225782526155,1017.5,263.55157186873834,416.0,222.72853431924702,0.0,0.0,0.7556499536575474,0.0331578476573357,19246.266666666666,5213.328236908465,129.26666666666668,26.24018152446324,-0.009763576244905587,0.02216234610685391,0.8,0.40683810217248617,0.3668731790333304,0.07933174723687998,0.11688888888888886,0.09988089970139258,0.48800000000000004,0.10959206839885222,0.6382222222222222,0.181047893439911,0.03306713696892833,0.08203483854183627,0.06021420306746393,0.12823201059525566,0.02714324177336661,0.05552494793426787,0.0145826581266088,0.030314473159370976,0.005676770957642904,0.005259900588596456,0.02288643685409621,0.017808833602009043,0.9633121510050926,0.010980510555155988,0.9440000000000001,0.12386619897713072,524.3333333333334,34.87251000462957,14715.833333333334,3613.5104441367066,0.9939849999853259,0.002994191388428898,0.9113333333333333,0.15666201998489335,29.5,5.348219168645025,5429.6,1395.473510046457,0.9464039485147409,0.01451151772069537,0.9440000000000001,0.12386619897713072,494.8333333333333,34.10741989588225,9286.233333333334,2285.709060487665,0.9903228364790989,0.003302187528475817,7180.9,1828.2098715636448,0.9626299542126607,0.012084099314838528,5328.333333333333,1309.8864739788114,0.8938468704065017,0.026643322659328474,2730.9333333333334,676.9955398077154,3600.0,0.0,20000.0,0.0,40000.0,0.0,0.09,0.0,0.045276925690687,0.0,0.0905538513813741,0.0,2.7166155414412247,0.0,1.25,0.0,3.67,0.0,1.25,0.0,3.67,0.0,0.0095447693468439,0.0,0.1590431280879832,0.0,1.0,0.0,0.7724116299768065,0.01673024349788651,1666.523768877111,209.49841639551695,0.3255555555555556,0.1803537038515587,0.405538450943476,0.07479579216839205,0.6744444444444445,0.1803537038515587,0.4655413476347007,0.07246630440526829,0.855111111111111,0.08151690858770369,-0.09866816860137027,0.07782095127401299,-0.18066666666666667,0.1821148641785982,0.0,0.0,0.0,0.0,0.09866816860137027,0.07782095127401299,0.18066666666666667,0.1821148641785982
3600.0,robot_disturbed,nominal,confirmed_route,114.5,8.803408430829505,116.26666666666667,20.00333305560184,0.7751111111111111,0.13335555370401228,41.13435374041389,7.035114168178578,0.01142586539695387,0.001954118236844311,3600.107551120576,0.0737448048771687,4940.166666666667,181.62182827443164,205.4,23.52929208894514,203.36666666666667,23.54962966739104,129.73333333333332,21.27153405186237,36.03592402823706,5.908352007523265,2350.2042217659978,195.1649110237759,0.6528150094004583,0.054211450919127185,3360.1666666666665,288.34283752856265,0.6798786292788525,0.04851246445111055,0.3636571851002258,0.058082384175375174,124.9,22.53020960460835,2128.3,546.3183453653727,152.8,26.56858398884694,116.26666666666667,20.00333305560184,36.53333333333333,8.484197616475132,36.53333333333333,8.484197616475132,1422.3333333333333,236.0619926371378,553.1666666666666,347.56453961156956,0.0,0.0,0.761946911276235,0.0319690444058878,22916.9,4805.7974999311855,137.0,19.057083034743368,-0.07833967840606751,0.031189877167229155,1.0,0.0,0.3002296616986906,0.08806192809163482,0.05860631860206308,0.06206281648443084,0.3026666666666667,0.16241095408765638,0.6201144905227317,0.14162347192137092,0.00833737290420619,0.013579318266305223,0.11573799228164511,0.17551206541196404,0.015263503374206944,0.024625205289933103,0.007844299703935477,0.012830267439955807,0.027309371655298675,0.012791809913071179,0.10488307301178935,0.034027524457229834,0.9760618059441578,0.0038209405746253322,0.9724444444444444,0.0829112683315566,410.6333333333333,27.28708591021153,17191.533333333333,3217.33744849235,0.9962114017092077,0.00102497286863462,0.946,0.10822638399009213,22.9,4.9154927490046445,6191.633333333333,1170.1866483403505,0.965033346100878,0.0055344739251242826,0.9722222222222222,0.08284377271034789,387.73333333333335,24.96332942722092,10999.9,2120.3951380295393,0.993463391189978,0.001273121434590644,8274.5,1599.156129834172,0.9765468584844169,0.00400272608593106,6229.8,1230.2298187316676,0.928157518367522,0.01231757280408066,3097.866666666667,596.9962013009932,3600.0,0.0,20000.0,0.0,40000.0,0.0,0.09,0.0,0.045276925690687,0.0,0.0905538513813741,0.0,2.7166155414412247,0.0,1.25,0.0,3.67,0.0,1.25,0.0,3.67,0.0,0.0095447693468439,0.0,0.1590431280879832,0.0,1.0,0.0,0.7724116299768065,0.01673024349788651,1666.523768877111,209.49841639551695,0.22488888888888886,0.13335555370401228,0.47218196827811576,0.0860858684791124,0.7751111111111111,0.13335555370401228,0.4655413476347007,0.07246630440526829,0.855111111111111,0.08151690858770369,-0.1653116859360101,0.07611651990728026,-0.08,0.10023726641595962,0.0,0.0,0.0,0.0,0.1653116859360101,0.07611651990728026,0.08,0.10023726641595962
3600.0,robot_disturbed,nominal,greedy,114.5,8.803408430829505,26.566666666666666,7.1904310615271685,0.17711111111111108,0.04793620707684778,9.410157618012448,2.6554401874857327,0.0026138592148992803,0.000737603381302962,3600.1003554808576,0.06506440249256541,5235.6,298.80527623093985,196.83333333333334,33.1080606221645,195.83333333333334,33.1080606221645,171.06666666666666,31.570319248801777,47.51721337790514,8.769428127951286,3357.6844842905807,96.40525027126604,0.9326642616159474,0.026783046881366596,4875.333333333333,293.40454987109104,0.9313250009610666,0.023520787702191886,0.12817306206419365,0.03454759777861838,0.0,0.0,437.8333333333333,99.48421581036008,35.06666666666667,9.024615125362386,26.566666666666666,7.1904310615271685,8.5,4.0236370577394025,8.5,4.0236370577394025,356.7,75.53448630056113,46.06666666666667,30.161557324347246,0.0,0.0,0.7596827729691108,0.08641442292556067,10981.033333333333,2198.1310005098194,108.93333333333334,30.228934909240948,-0.0038468542725408968,0.020484818213647452,0.0,0.0,0.11819058615426936,0.035513206112572054,0.07999999999999997,0.033218191941495986,0.14745296632804553,0.05414864282355048,0.17044444444444443,0.05568613007755206,0.009165277988183607,0.04469544415085149,0.032679738562091505,0.1535815836938813,0.014288018061602964,0.06920854426574215,0.008629130966952262,0.042565143584298006,0.007357175216575866,0.0037759029783444855,0.02214444591420385,0.013644487430096736,0.9423839615233786,0.01458462483893691,0.9253333333333332,0.11688682019642843,433.5,33.566968574930094,7509.833333333333,1833.5962042472397,0.9904387876893056,0.002615721505879382,0.8462222222222222,0.1599706231013302,23.6,4.818069437383429,2541.4,536.4492198868793,0.9185228643604455,0.022862550906932188,0.9242222222222222,0.11768499200641706,409.9,32.715439780018244,4968.433333333333,1367.8709528600134,0.9836609454732935,0.004223877810157986,3448.866666666667,726.006304396173,0.9401796095586852,0.01712213301756088,2724.866666666667,738.9255822421864,0.8565676650463642,0.05506156012740875,1769.6,555.2043798893123,3600.0,0.0,20000.0,0.0,40000.0,0.0,0.09,0.0,0.045276925690687,0.0,0.0905538513813741,0.0,2.7166155414412247,0.0,1.25,0.0,3.67,0.0,1.25,0.0,3.67,0.0,0.0095447693468439,0.0,0.1590431280879832,0.0,1.0,0.0,0.7724116299768065,0.01673024349788651,1666.523768877111,209.49841639551695,0.8228888888888889,0.04793620707684778,0.654221043822537,0.036953933198359795,0.17711111111111108,0.04793620707684778,0.4655413476347007,0.07246630440526829,0.855111111111111,0.08151690858770369,-0.3473507614804313,0.08053881251653083,-0.678,0.08671351518924314,0.0,0.0,0.0,0.0,0.3473507614804313,0.08053881251653083,0.678,0.08671351518924314
3600.0,robot_disturbed,nominal,lawnmower_collect,114.5,8.803408430829505,16.433333333333334,6.468402421391041,0.10955555555555553,0.04312268280927361,5.7719453280054385,2.3557095922548945,0.0016033181466674866,0.0006543637756260986,3600.0000000014525,0.0,6081.0,0.0,36.0,0.0,35.0,0.0,25.033333333333335,3.995543494456287,6.953703703700898,1.1098731929040764,2508.9550000010363,553.3151548419985,0.6969319444444512,0.15369865412271538,4237.366666666667,931.0386296416799,0.6968206983500521,0.1531061716233646,0.2847619047619047,0.11415838555589389,0.0,0.0,302.3666666666667,142.17921748644375,21.733333333333334,8.444273037179505,16.433333333333334,6.468402421391041,5.3,2.6929025489109395,5.3,2.6929025489109395,193.8,72.40946785112261,86.83333333333333,73.20075528785645,0.0,0.0,0.7627375697974439,0.09829867255377038,4467.333333333333,1822.496172520144,40.53333333333333,14.134168268549733,-0.05422743268874627,0.011373318410909957,0.0,0.0,0.04309762037035016,0.021408713251086883,0.01755555555555551,0.012803655289063926,0.04311111111111107,0.024742866665569296,0.07333333333333329,0.03680746217862149,0.02725411312763436,0.03410041036316558,0.033599678790676234,0.04454528218116372,0.029710512998007275,0.037698984361284577,0.01544358751541481,0.019699205880592645,0.009095687322121333,0.0021305786276027134,0.030870863557604364,0.0058020550482211575,0.9246723199185742,0.02972885010296603,0.6506666666666666,0.14863465456076677,510.93333333333334,21.035164865518425,7014.366666666667,2207.5221010075484,0.9808942144429467,0.01078053998138669,0.4242222222222222,0.12514492237571612,29.866666666666667,5.008498524634342,1794.5333333333333,639.0512759813043,0.9074784870900534,0.03385800846346833,0.6506666666666666,0.14863465456076677,481.06666666666666,19.49877685524337,5219.833333333333,1583.9792554226196,0.9651819507111893,0.017676634541043224,2232.366666666667,821.06278828044,0.9327377135286612,0.025933497624652566,2953.7,882.5919957910804,0.8782856989948737,0.039898235890116256,2339.233333333333,553.4429343746248,3600.0,0.0,20000.0,0.0,40000.0,0.0,0.09,0.0,0.045276925690687,0.0,0.0905538513813741,0.0,2.7166155414412247,0.0,1.25,0.0,3.67,0.0,1.25,0.0,3.67,0.0,0.0095447693468439,0.0,0.1590431280879832,0.0,1.0,0.0,0.7724116299768065,0.01673024349788651,1666.523768877111,209.49841639551695,0.8904444444444445,0.043122682809273595,0.7293140096064562,0.024828008121723796,0.10955555555555553,0.04312268280927361,0.4655413476347007,0.07246630440526829,0.855111111111111,0.08151690858770369,-0.42244372726435053,0.06447122210789827,-0.7455555555555555,0.07919292768712198,0.0,0.0,0.0,0.0,0.42244372726435053,0.06447122210789827,0.7455555555555555,0.07919292768712198
3600.0,robot_disturbed,nominal,oracle_current_physics,114.5,8.803408430829505,150.0,0.0,1.0,0.0,53.11786066270438,2.3316972296569363,0.03223942340424793,0.0032511163884716443,1666.523768877111,209.49841639551695,2552.266666666667,246.5566918557486,155.13333333333333,3.6646807579202925,152.46666666666667,3.5109025594011,8.6,3.317664321736624,5.231789941782652,1.996762585450597,71.21578245010912,64.71060811823179,0.04263653871802945,0.03662835490730343,132.3,83.73445300884013,0.05160806208806177,0.030209012773020905,0.9439316230397521,0.020735368297034856,0.0,0.0,1799.1666666666667,172.0565430984492,200.26666666666668,8.161868165685046,150.0,0.0,50.266666666666666,8.161868165685044,50.266666666666666,8.161868165685044,1402.7666666666667,57.318639523122066,196.13333333333333,155.5288493769106,0.0,0.0,0.7501942946888072,0.030308961485140687,7165.633333333333,1185.3774164966323,150.0,0.0,-0.06715905344086878,0.015465630753853545,1.2666666666666666,0.4497764451088036,0.7724116299768065,0.01673024349788651,0.5490034804047765,0.059284775469285164,0.9908888888888888,0.01113942751967782,0.9933333333333333,0.0,0.0,0.0,0.0,0.0,0.0,0.0,0.0,0.0,0.01517671771309491,0.006247330632313089,0.06776743564404032,0.014377864736102622,0.9645349001210861,0.004552392834269237,1.0,0.0,216.03333333333333,21.49335636460932,5909.466666666666,438.643892431909,0.9944318012697676,0.0019713410942986164,0.9995555555555555,0.0016913875446831186,12.133333333333333,3.803204940059364,2201.8,189.81050441481602,0.9475963308964619,0.006353180230916893,0.9993333333333333,0.0020341905108624777,203.9,19.50835364834679,3707.6666666666665,295.6502282618168,0.9914585578787587,0.0017117688673556522,3089.266666666667,282.3404564233284,0.9609824622783023,0.005770468214901358,1984.3666666666666,192.15250468695763,0.8912180112304047,0.017294234717084845,1051.8666666666666,114.39096098041573,3600.0,0.0,20000.0,0.0,40000.0,0.0,0.09,0.0,0.045276925690687,0.0,0.0905538513813741,0.0,2.7166155414412247,0.0,1.25,0.0,3.67,0.0,1.25,0.0,3.67,0.0,0.0095447693468439,0.0,0.1590431280879832,0.0,1.0,0.0,0.7724116299768065,0.01673024349788651,1666.523768877111,209.49841639551695,0.0,0.0,0.0,0.0,1.0,0.0,0.4655413476347007,0.07246630440526829,0.855111111111111,0.08151690858770369,,,,,,,,,,,,
3600.0,static_calm,nominal,adaptive_mission,114.5,8.803408430829505,80.53333333333333,9.84267041607816,0.5368888888888889,0.06561780277385439,27.808830223389027,3.5162315510855735,0.007724499476779054,0.0009767043874495643,3600.0815159110703,0.05016970313311603,6851.9,181.0664480810557,267.8333333333333,25.95763568922858,193.2,12.97583961804027,126.76666666666667,8.88890565132519,35.21216593300906,2.4690780235586387,1922.6676745372226,233.08248736725835,0.5340621468683544,0.06474277609225128,3665.4666666666667,345.1318322166117,0.5358133074621151,0.057567114261507846,0.3433948149607298,0.02861829331487388,1.1333333333333333,2.4173700918393815,924.6,134.2302704952999,107.96666666666667,14.561364404935869,80.53333333333333,9.84267041607816,27.433333333333334,7.426343293481906,27.433333333333334,7.426343293481906,805.0,112.59019372990674,11.633333333333333,12.898765868079794,0.0,0.0,0.7487301122718212,0.04921357626896549,0.0,0.0,0.0,0.0,-0.18201684363239581,0.02713021698650433,0.6666666666666666,0.4794633014853842,0.30970026266631323,0.04524008766974399,0.1953333333333333,0.04868067819082613,0.3697777777777777,0.06686713155390894,0.479321226907595,0.061038507370062806,0.13845983741823334,0.05638322534526754,0.10540539197481089,0.07044421600837146,0.1120246598119225,0.06114055419628661,0.060403246894400305,0.03411767734408658,0.008999067115151456,0.0014974002649429854,0.02352152200242098,0.0073899750123280795,0.9556744456688072,0.005976590624674847,0.932888888888889,0.08555311734596088,574.4,33.11380585089901,12618.833333333334,1962.1298259857804,0.9919918892342666,0.0016182333118711894,0.8666666666666667,0.10382714783885999,31.233333333333334,5.475231585927688,3943.0,616.993433151216,0.9399642831726244,0.008575426726614729,0.932888888888889,0.08555311734596088,543.1666666666666,33.56320166115157,8675.833333333334,1375.5168579253327,0.9860301569141715,0.002414819032610561,5203.666666666667,819.9684322491065,0.9590226937429331,0.0064980977997998925,5069.166666666667,808.5134969267018,0.894136489485526,0.021880884341493562,2920.4,513.9534126210543,3600.0,0.0,20000.0,0.0,40000.0,0.0,0.09,0.0,0.0,0.0,0.0,0.0,0.0,0.0,1.25,0.0,3.67,0.0,1.25,0.0,3.67,0.0,0.0095447693468439,0.0,0.1590431280879832,0.0,1.0,0.0,0.7827394422855775,0.018454665614771402,1833.2005986560296,200.15051778741258,0.4631111111111111,0.06561780277385444,0.47303917961926417,0.03600141641748986,0.5368888888888889,0.06561780277385439,0.3108638449611815,0.050117338863867114,0.5371111111111111,0.06984785509084604,-0.0011635822948682984,0.030085977298420673,-0.00022222222222221624,0.05695957653350416,0.011291948067075263,0.01884851562347496,0.022444444444444447,0.030699798860315958,0.01245553036194356,0.016090533793776965,0.022666666666666665,0.035346126506363214
3600.0,static_calm,nominal,belief_horizon,114.5,8.803408430829505,79.16666666666667,11.954174954825392,0.5277777777777778,0.07969449969883598,27.478898973399986,4.110494608266949,0.00763281211292673,0.0011417701194329647,3600.101682580832,0.05619612074369816,6843.2,156.4915773871024,265.1333333333333,23.933432587121708,188.03333333333333,18.53511733743932,122.76666666666667,10.591744779367762,34.100881441285075,2.941976937540826,1927.1587407393163,208.73726473716042,0.5353066763223295,0.05798020471594708,3643.6,300.17208857357264,0.5330633605823081,0.049755074136386676,0.34557561203817083,0.031809039610038926,0.0,0.0,911.0333333333333,151.43599611565352,106.43333333333334,17.1337201977881,79.16666666666667,11.954174954825392,27.266666666666666,8.30842253724925,27.266666666666666,8.30842253724925,794.8,130.26429367595924,9.8,9.816945237348705,0.0,0.0,0.7467915533087354,0.05444270232608105,0.0,0.0,0.0,0.0,-0.1780704999116043,0.02393887467875346,0.5666666666666667,0.5040069329937309,0.2965957096367777,0.06801818500917058,0.18555555555555553,0.06037134976365925,0.3533212705915559,0.09094410700033832,0.4557777777777778,0.1001222751800448,0.15655560443094033,0.0394142921626746,0.14348114659665404,0.09080151861709022,0.13702380627481975,0.04891114952057758,0.07427391236151319,0.028495233579597302,0.01023578859009489,0.002959322838039926,0.028987156225569202,0.012131582866856856,0.9540856394640809,0.0058215955472543275,0.9255555555555556,0.0997019824923211,582.2,31.373610698736318,12281.033333333333,1641.2683170358675,0.9914629503758362,0.0020410892525403175,0.8537777777777777,0.12104187975199028,32.46666666666667,6.112357936200225,3835.5,518.8148131509233,0.9379902044744058,0.007910706724211364,0.9253333333333333,0.09992180851091494,549.7333333333333,29.621675816214715,8445.533333333333,1149.7399026206583,0.9855494737978847,0.002521826764879951,5078.0,702.1830491280451,0.9577693580049922,0.005592806500233277,4931.766666666666,652.320245200814,0.890277153427096,0.020936939503770374,2853.4666666666667,460.633726386874,3600.0,0.0,20000.0,0.0,40000.0,0.0,0.09,0.0,0.0,0.0,0.0,0.0,0.0,0.0,1.25,0.0,3.67,0.0,1.25,0.0,3.67,0.0,0.0095447693468439,0.0,0.1590431280879832,0.0,1.0,0.0,0.7827394422855775,0.018454665614771402,1833.2005986560296,200.15051778741258,0.4722222222222222,0.07969449969883595,0.4861437326487997,0.06275919530091467,0.5277777777777778,0.07969449969883598,0.3108638449611815,0.050117338863867114,0.5371111111111111,0.06984785509084604,-0.01426813532440383,0.03433008277860682,-0.009333333333333329,0.02090665259206656,0.0,0.0,0.0,0.0,0.01426813532440383,0.03433008277860682,0.009333333333333329,0.02090665259206656
3600.0,static_calm,nominal,belief_orienteering,114.5,8.803408430829505,66.86666666666666,13.053558989748758,0.4457777777777778,0.08702372659832504,23.250487878661072,4.027656104774383,0.006458296738716503,0.0011187701708027934,3600.0963241774757,0.0391974478034601,6650.7,146.21881335625164,202.8,17.902802708726536,150.1,13.774914731571627,95.23333333333333,10.384615057143789,26.45299149797362,2.8844992965178213,1931.3083635739088,242.8086968050764,0.5364601284633118,0.06744447720855772,3534.1666666666665,368.85115990182214,0.5320106218654531,0.060313330699331015,0.36461344204690677,0.05274245455265208,0.0,0.0,751.8666666666667,132.78313492134546,87.6,16.651809469865118,66.86666666666666,13.053558989748758,20.733333333333334,6.596411424264024,20.733333333333334,6.596411424264024,655.9666666666667,115.60678996087329,8.3,10.567190603059041,0.0,0.0,0.7648748590790523,0.05116862338236484,0.0,0.0,0.0,0.0,-0.17478291804280136,0.028334844637628743,0.13333333333333333,0.3457459036417604,0.23904330480268612,0.04817676256217735,0.14022222222222216,0.039206041184867514,0.2751111111111111,0.06057029944591715,0.38711111111111113,0.08363271891462314,0.17196306334064268,0.08213760125733541,0.09955019097792452,0.06123565344194062,0.11311959215173205,0.051148084801618074,0.06069926734741746,0.028587118448965936,0.010441595518684543,0.0017541289583828006,0.025968929400930325,0.008018350897016831,0.9571137571938962,0.009938036304696784,0.8633333333333333,0.1338352621495397,566.8666666666667,24.209905828604217,13241.3,2793.817252064106,0.9914032438971307,0.0027828450507886354,0.7791111111111112,0.15089752767013914,33.233333333333334,6.1177149967622055,4044.7,875.8053298890509,0.9427246426040138,0.013261515577374323,0.8633333333333333,0.1338352621495397,533.6333333333333,22.807263412514345,9196.6,1948.9230907845242,0.9861979037781301,0.003763167919577262,5315.633333333333,1181.4785442718426,0.9611421034895344,0.00908393729901154,5406.733333333334,1143.5987339831295,0.899295490872847,0.025439263476209773,3085.8,622.7454453106601,3600.0,0.0,20000.0,0.0,40000.0,0.0,0.09,0.0,0.0,0.0,0.0,0.0,0.0,0.0,1.25,0.0,3.67,0.0,1.25,0.0,3.67,0.0,0.0095447693468439,0.0,0.1590431280879832,0.0,1.0,0.0,0.7827394422855775,0.018454665614771402,1833.2005986560296,200.15051778741258,0.5542222222222223,0.08702372659832504,0.5436961374828913,0.03956218501506454,0.4457777777777778,0.08702372659832504,0.3108638449611815,0.050117338863867114,0.5371111111111111,0.06984785509084604,-0.07182054015849544,0.0497241313587722,-0.09133333333333334,0.07717522481775159,0.0,0.0,0.0,0.0,0.07182054015849544,0.0497241313587722,0.09133333333333334,0.07717522481775159
3600.0,static_calm,nominal,belief_orienteering_depth1,114.5,8.803408430829505,61.333333333333336,9.792091577965575,0.40888888888888886,0.06528061051977053,21.07232433949049,3.493491451790729,0.0058533067593578665,0.0009703767109675864,3600.069578578544,0.04663465754208209,6556.0,107.65814350093994,153.16666666666666,11.07679566927415,120.36666666666666,7.160636329522549,70.76666666666667,7.4495236289880005,19.657026350251783,2.069272379827823,1892.5248769751677,210.67937694047632,0.5256912157344483,0.05852131396820131,3445.0,334.07628697236413,0.5258666860894688,0.05442195523733978,0.41173137545488714,0.05442081355725884,0.0,0.0,699.3,120.30310856762796,81.2,13.608820668963196,61.333333333333336,9.792091577965575,19.866666666666667,5.250506270061396,19.866666666666667,5.250506270061396,607.4333333333333,101.38886674014348,10.666666666666666,10.124512192023712,0.0,0.0,0.7575777803093243,0.04141438743349099,0.0,0.0,0.0,0.0,-0.17963834631540435,0.027159676766975564,0.03333333333333333,0.18257418583505536,0.21406365094696916,0.03795608484860121,0.12399999999999996,0.03085499394491913,0.2393333333333333,0.04623279425221685,0.34955555555555556,0.0645570426032723,0.15418307560019529,0.04776469902046717,0.08771046679163086,0.04775919045253333,0.10526472615187087,0.04458522459132401,0.05612110050384914,0.024834081387407947,0.011201374234181835,0.0018500589675020547,0.02832189139550231,0.00772573291737365,0.9616687919477059,0.008663134416884004,0.8893333333333333,0.11441137043940937,552.7,22.752264002542226,14449.4,2806.665521882531,0.9926898168935,0.0023362954800097094,0.7906666666666666,0.12800383136028337,30.733333333333334,5.520702937085117,4390.233333333334,875.8039334720171,0.9487049794054031,0.011510918268287719,0.8893333333333333,0.11441137043940937,521.9666666666667,22.778518817961594,10059.166666666666,1966.17100465352,0.9868523824951804,0.0036652023873269134,5691.2,1091.2161011047924,0.9665161373315588,0.008708279017730863,5960.733333333334,1185.3692261480599,0.9088188730921402,0.022346311691621365,3350.1666666666665,721.653947221402,3600.0,0.0,20000.0,0.0,40000.0,0.0,0.09,0.0,0.0,0.0,0.0,0.0,0.0,0.0,1.25,0.0,3.67,0.0,1.25,0.0,3.67,0.0,0.0095447693468439,0.0,0.1590431280879832,0.0,1.0,0.0,0.7827394422855775,0.018454665614771402,1833.2005986560296,200.15051778741258,0.5911111111111111,0.06528061051977047,0.5686757913386082,0.030815570127103457,0.40888888888888886,0.06528061051977053,0.3108638449611815,0.050117338863867114,0.5371111111111111,0.06984785509084604,-0.0968001940142124,0.049599818696177994,-0.12822222222222224,0.0800130896060226,0.0,0.0,0.0,0.0,0.0968001940142124,0.049599818696177994,0.12822222222222224,0.0800130896060226
3600.0,static_calm,nominal,confirmed_route,114.5,8.803408430829505,52.2,12.075623779133416,0.348,0.08050415852755614,17.998682947959125,4.297698179004499,0.0049994725612231335,0.0011937597470504777,3600.1138935340873,0.06950246144688318,4664.866666666667,211.71821437668174,150.63333333333333,28.31166852576238,149.63333333333333,28.31166852576238,99.23333333333333,19.09808319201682,27.56393955917431,5.304886507121776,2552.4203901771166,228.02381931232546,0.7089835714298688,0.0633420957650788,3332.4666666666667,229.85673699117424,0.7153573434657035,0.05371080456414515,0.3356204626597134,0.04030915831248423,91.53333333333333,20.99381408617923,710.6666666666666,152.3748402920344,69.9,15.875268121547885,52.2,12.075623779133416,17.7,5.285960585394562,17.7,5.285960585394562,632.4666666666667,131.0092740421741,8.3,13.305819312849808,0.0,0.0,0.7471577561942786,0.044113616486100835,0.0,0.0,0.0,0.0,-0.16537701077912884,0.02472869118598309,0.0,0.0,0.18242644497591015,0.053609295123193505,0.09805394745611798,0.04230810559944919,0.2149029073566376,0.06765313732868497,0.30311111111111105,0.08464907652072162,0.1717039885966776,0.026648029291388202,0.19202868105138235,0.08347303397807095,0.17399081221731266,0.04328205086920241,0.09587698413535732,0.025857616461508227,0.014160951114877923,0.0025061933426259544,0.04199558461072506,0.010528963456593885,0.9604151669600257,0.009810595485239739,0.8793333333333333,0.09208275471810717,390.73333333333335,26.46394207001402,10037.733333333334,2547.3194556622466,0.9923086053874234,0.002637965136788985,0.7231111111111111,0.12287405424099676,21.733333333333334,4.884411045803558,2986.6666666666665,806.2891726205044,0.9475828056404231,0.012939999961111056,0.8793333333333333,0.09208275471810717,369.0,26.419689627245816,7051.066666666667,1757.9924077615142,0.9866389795841769,0.0038905515233302137,3926.133333333333,1028.882176603975,0.963357132499629,0.010102470104847485,4045.9,1067.5751560396595,0.9136377634278356,0.02009834957254389,2456.4333333333334,545.888436457003,3600.0,0.0,20000.0,0.0,40000.0,0.0,0.09,0.0,0.0,0.0,0.0,0.0,0.0,0.0,1.25,0.0,3.67,0.0,1.25,0.0,3.67,0.0,0.0095447693468439,0.0,0.1590431280879832,0.0,1.0,0.0,0.7827394422855775,0.018454665614771402,1833.2005986560296,200.15051778741258,0.652,0.0805041585275561,0.6003129973096673,0.050336407162138386,0.348,0.08050415852755614,0.3108638449611815,0.050117338863867114,0.5371111111111111,0.06984785509084604,-0.12843739998527143,0.06330001077743287,-0.18911111111111112,0.10219781484393942,0.0,0.0,0.0,0.0,0.12843739998527143,0.06330001077743287,0.18911111111111112,0.10219781484393942
3600.0,static_calm,nominal,greedy,114.5,8.803408430829505,56.666666666666664,14.252243219283384,0.3777777777777777,0.09501495479522257,19.828001877023794,5.0386843946027735,0.005507611927758286,0.0013995705361035924,3600.106936270001,0.06054236614066426,5702.966666666666,197.097469906841,257.96666666666664,26.553113114886433,256.9,26.542548795315877,202.06666666666666,18.078246278490273,56.12799459667656,5.021943279659174,2929.7748816320204,169.42359375891866,0.8138022437951674,0.04706146438432802,4726.633333333333,200.3420322474979,0.8294938559143679,0.040354327490781626,0.21100893896994288,0.042396142296135114,0.0,0.0,808.5,201.50121929981057,75.43333333333334,19.11071794124661,56.666666666666664,14.252243219283384,18.766666666666666,6.106431506790725,18.766666666666666,6.106431506790725,724.6333333333333,179.51188287117384,8.433333333333334,9.61566011983732,0.0,0.0,0.7527043444510431,0.04352892308164962,0.0,0.0,0.0,0.0,-0.17001772247756936,0.04060603956057083,0.06666666666666667,0.2537081317024624,0.22614032245000912,0.0650731768257875,0.15178637289023306,0.05840298935508972,0.25955555555555554,0.08237719681003002,0.3457777777777778,0.09887851338225383,0.2369576491478493,0.06402002562201105,0.18566753327092286,0.09613525343256782,0.18786021258161173,0.0628219450807626,0.10492808709500949,0.03763868252813262,0.011837705722738963,0.002237079443405842,0.032476675122037536,0.010299992928637527,0.9539298208118293,0.01704650492626523,0.8553333333333334,0.20865671453627554,477.23333333333335,34.92028689431988,10791.966666666667,2803.3227757533514,0.9913515040434654,0.003187467121445008,0.7915555555555556,0.20734359536516372,26.533333333333335,4.695803947424092,3288.5333333333333,857.375736782298,0.9383511752203506,0.022923631357158112,0.8553333333333334,0.20865671453627554,450.7,33.77322955363846,7503.433333333333,1964.955780555947,0.9855471115895634,0.0051038537776159545,4491.566666666667,1137.1674332587827,0.9576189674808577,0.015322666121701146,4318.066666666667,1115.2944541869783,0.8872990583466401,0.050614049549440286,2459.5666666666666,668.3443095380958,3600.0,0.0,20000.0,0.0,40000.0,0.0,0.09,0.0,0.0,0.0,0.0,0.0,0.0,0.0,1.25,0.0,3.67,0.0,1.25,0.0,3.67,0.0,0.0095447693468439,0.0,0.1590431280879832,0.0,1.0,0.0,0.7827394422855775,0.018454665614771402,1833.2005986560296,200.15051778741258,0.6222222222222222,0.09501495479522257,0.5565991198355682,0.05963085112249882,0.3777777777777777,0.09501495479522257,0.3108638449611815,0.050117338863867114,0.5371111111111111,0.06984785509084604,-0.08472352251117243,0.06678078987414794,-0.15933333333333335,0.10249530406961015,0.0,0.0,0.0,0.0,0.08472352251117243,0.06678078987414794,0.15933333333333335,0.10249530406961015
3600.0,static_calm,nominal,lawnmower_collect,114.5,8.803408430829505,9.733333333333333,5.304086474910956,0.06488888888888884,0.035360576499406375,3.285235172666595,1.9036227281365188,0.0009125653257403134,0.000528784091148818,3600.0000000014525,0.0,6081.0,0.0,36.0,0.0,35.0,0.0,27.966666666666665,3.112636462410353,7.768518518515385,0.8646212395580827,2097.8900000008052,617.377183570464,0.5827472222222106,0.17149366210283754,3557.5666666666666,1036.6040604594018,0.5850298744724004,0.17046605171179116,0.2009523809523809,0.08893247035458153,0.0,0.0,121.76666666666667,68.50153954138717,13.0,7.158308411234097,9.733333333333333,5.304086474910956,3.2666666666666666,2.5179813114988505,3.2666666666666666,2.5179813114988505,107.53333333333333,59.8876726324653,1.2333333333333334,3.6829835481701454,0.0,0.0,0.7817259059978359,0.13886695016256512,0.0,0.0,0.0,0.0,-0.1836364279638165,0.047514343308380544,0.0,0.0,0.03270979629628807,0.01909952748230715,0.01733333333333331,0.01481430395032338,0.03644444444444442,0.0233404477386054,0.05661111111070786,0.03131377273236022,0.27142653056518834,0.0994387358784303,0.07946874033855456,0.04472481885466707,0.11380212531392549,0.04974095477864178,0.06104831083456954,0.028031626588373534,0.01512916629941554,0.0008641967395096111,0.03170296155654713,0.0066196216332948705,0.9334023836426457,0.03237222754939064,0.526,0.16381795334785643,511.8666666666667,21.661555542152254,8506.133333333333,3379.2665571641155,0.9766126389779263,0.021897158518298637,0.22888888888888884,0.09756158614268673,29.4,4.9730307140373275,1754.8,837.9731869630231,0.9230632018799271,0.034269554551411285,0.526,0.16381795334785643,482.46666666666664,21.687010784836367,6751.333333333333,2599.8637409034286,0.9558073376442081,0.036814331827045715,2074.3333333333335,962.1351375916512,0.9430338163017271,0.030367614486357632,3759.8333333333335,1499.2752061173294,0.9046785996576038,0.04067796301397503,3183.8333333333335,1059.326236205185,3600.0,0.0,20000.0,0.0,40000.0,0.0,0.09,0.0,0.0,0.0,0.0,0.0,0.0,0.0,1.25,0.0,3.67,0.0,1.25,0.0,3.67,0.0,0.0095447693468439,0.0,0.1590431280879832,0.0,1.0,0.0,0.7827394422855775,0.018454665614771402,1833.2005986560296,200.15051778741258,0.9351111111111111,0.035360576499406354,0.7500296459892893,0.018563491378113344,0.06488888888888884,0.035360576499406375,0.3108638449611815,0.050117338863867114,0.5371111111111111,0.06984785509084604,-0.27815404866489346,0.04775617312484574,-0.47222222222222227,0.07374146269611108,0.0,0.0,0.0,0.0,0.27815404866489346,0.04775617312484574,0.47222222222222227,0.07374146269611108
3600.0,static_calm,nominal,oracle_current_physics,114.5,8.803408430829505,150.0,0.0,1.0,0.0,53.11786066270438,2.3316972296569363,0.029235485409866667,0.0027213641346448205,1833.2005986560296,200.15051778741258,2602.733333333333,211.51358207523887,156.03333333333333,2.7099221687936983,153.36666666666667,2.671475549054381,5.766666666666667,2.5553639774934735,3.1581487121189955,1.3976902977826482,63.066965059434686,43.57670869942056,0.034368746608812645,0.02343716470318706,106.26666666666667,56.99481726790866,0.040689329758893486,0.021533957624929816,0.962662353574561,0.01599738633629985,0.0,0.0,1610.0666666666666,56.60932866545957,199.43333333333334,6.981173369083122,150.0,0.0,49.43333333333333,6.981173369083123,49.43333333333333,6.981173369083123,1397.2,48.887908384455336,13.433333333333334,10.516598812102353,0.0,0.0,0.753022888844725,0.026373071853701642,0.0,0.0,0.0,0.0,-0.12219912278379239,0.012555244347999445,1.3,0.46609159969939895,0.7827394422855775,0.018454665614771402,0.6254793437730466,0.06421543149824009,0.9908888888888888,0.008837976803086884,0.9933333333333333,0.0,0.0,0.0,0.0,0.0,0.0,0.0,0.0,0.0,0.011400306727695519,0.0027491857744700665,0.04556859717373881,0.0089975350957568,0.9565620892462278,0.005277571862040656,1.0,0.0,220.2,23.002848399334344,4865.166666666667,239.22231520481952,0.9933036540269143,0.001992107225084464,0.9995555555555555,0.0016913875446831147,11.733333333333333,3.493178903316392,1744.1666666666667,73.7376913554851,0.9371622030440836,0.007459261882353929,0.9986666666666667,0.002712254014483288,208.46666666666667,20.721026025277553,3121.0,178.7114800549989,0.988261189463205,0.0026906122036577922,2402.0666666666666,101.85789063718865,0.9554212879933711,0.005773888324897382,1736.4,122.48929580255941,0.877990072839283,0.017796915301455645,946.9,76.96096189089906,3600.0,0.0,20000.0,0.0,40000.0,0.0,0.09,0.0,0.0,0.0,0.0,0.0,0.0,0.0,1.25,0.0,3.67,0.0,1.25,0.0,3.67,0.0,0.0095447693468439,0.0,0.1590431280879832,0.0,1.0,0.0,0.7827394422855775,0.018454665614771402,1833.2005986560296,200.15051778741258,0.0,0.0,0.0,0.0,1.0,0.0,0.3108638449611815,0.050117338863867114,0.5371111111111111,0.06984785509084604,,,,,,,,,,,,
3600.0,strong_drift,nominal,adaptive_mission,114.5,8.803408430829505,133.06666666666666,16.431536820968724,0.8871111111111111,0.10954357880645814,47.0802373522472,5.5147195058094285,0.013077484571819396,0.0015318286993563797,3600.09872939957,0.0669811161656662,6345.2,315.82245121215686,314.6,40.82054925376814,129.03333333333333,11.391113697280343,83.13333333333334,11.984856344954473,23.09196362661578,3.3290710230560276,1848.3229178041106,253.69408721682856,0.5134091014815011,0.07046983029388147,2750.0333333333333,402.30220955904775,0.435579148128951,0.07405008924663838,0.35694802698934325,0.06576065824239546,1.2333333333333334,2.9441155024818615,2054.6,353.64209454543555,178.3,22.460923922409687,133.06666666666666,16.431536820968724,45.233333333333334,9.152664331647701,45.233333333333334,9.152664331647701,1289.7,163.1714034276586,586.6,231.91535316680256,0.0,0.0,0.7470968953221029,0.033781376245675135,0.0,0.0,0.0,0.0,-0.006110767553136082,0.03163380561072465,1.0333333333333334,0.18257418583505536,0.6301451667920109,0.08041920723048192,0.5041362204378141,0.04490897360541211,0.8202222222222222,0.14803420266831044,0.8793333333333333,0.12402385137066288,0.0007246376811594201,0.003969004039892507,0.0028571428571428567,0.015649215928719026,0.0011560693641618465,0.006332052687920978,0.0005882352941176467,0.00322189739708921,0.0016572734709282733,0.002030631111792207,0.008386714365756253,0.00529359371226116,0.9575450557810474,0.00497490006439554,0.9764444444444444,0.07381728158111447,532.9666666666667,31.543602371554094,12178.366666666667,1560.3396509852532,0.9935855010035446,0.0012005589101910061,0.9593333333333334,0.09211603543723712,30.566666666666666,3.910051885477536,4821.4,636.4499926179968,0.9352566416478422,0.007267002666797415,0.9764444444444444,0.07381728158111447,502.4,30.490925727569135,7356.966666666666,1010.2150158064961,0.9884947111989396,0.0024342806438707554,6202.766666666666,851.1869879795787,0.9566020935764897,0.005835554576957978,4311.533333333334,595.5518873907736,0.8697308773461904,0.019598704532417584,2197.0333333333333,417.0299322204776,3600.0,0.0,20000.0,0.0,40000.0,0.0,0.09,0.0,0.115039123779695,0.0,0.23007824755939,0.0,6.902347426781702,0.0,1.25,0.0,3.67,0.0,1.25,0.0,3.67,0.0,0.0095447693468439,0.0,0.1590431280879832,0.0,1.0,0.0,0.8053016022120388,0.01503337723008919,1322.328241217823,185.4233307518256,0.11288888888888887,0.10954357880645811,0.17515643542002798,0.07138646020888767,0.8871111111111111,0.10954357880645814,0.6508911435230423,0.060125016007472845,0.9644444444444444,0.020367003088692614,-0.020745976731031467,0.053621017439049276,-0.07733333333333334,0.10949693394822205,0.00212438862750662,0.010931535915667688,0.0,0.0,0.022870365358538088,0.051528567012838,0.07733333333333334,0.10949693394822205
3600.0,strong_drift,nominal,belief_horizon,114.5,8.803408430829505,133.36666666666667,16.589326301162348,0.8891111111111112,0.1105955086744157,47.20919861495585,5.642020070947023,0.013113316634256014,0.0015671967915782171,3600.096096371185,0.0596108155519662,6442.433333333333,304.8556111967778,322.8,41.02345838579477,125.93333333333334,11.826135094119625,79.76666666666667,13.795759801683529,22.156818211936425,3.832072823949128,1772.4244117716416,290.6418380524581,0.49232693703374814,0.08073195498447536,2639.0333333333333,460.4723574266136,0.41201036226925253,0.08190481366786233,0.3692047350227488,0.07569819654969058,0.0,0.0,2057.366666666667,358.4035948223863,178.6,22.652700227262244,133.36666666666667,16.589326301162348,45.233333333333334,8.970001089198925,45.233333333333334,8.970001089198925,1288.9666666666667,163.48056582450053,589.8,238.48406293893538,0.0,0.0,0.7474645345315228,0.03257049770141786,0.0,0.0,0.0,0.0,-0.012897831308916474,0.03220917790549453,1.0333333333333334,0.18257418583505536,0.628914953441058,0.08096939444473267,0.5041362204378141,0.045821114466818226,0.8155555555555555,0.1473685746933585,0.8808888888888888,0.12480462381322112,0.0007246376811594201,0.003969004039892507,0.0028571428571428567,0.015649215928719026,0.0011560693641618465,0.006332052687920978,0.0005882352941176467,0.00322189739708921,0.0016808767211247632,0.0020240369373838484,0.008830882407437344,0.0053478657083106985,0.9577264734091379,0.004937264423774296,0.9764444444444444,0.07381728158111447,539.8,30.48843760487256,12388.4,1557.4635568880844,0.9937934986404495,0.0012544013918885833,0.9600000000000001,0.09234285605900489,29.966666666666665,3.9171007340786557,4897.733333333334,657.4732160970951,0.9355044749892171,0.0070793615577681825,0.9764444444444444,0.07381728158111447,509.8333333333333,29.51572734864482,7490.666666666667,988.271543493063,0.9887520560642933,0.002400330642284127,6274.466666666666,864.4474309751521,0.9570803101347237,0.005941241124213434,4406.4,606.0876572541813,0.8702400642163621,0.01894605917141625,2247.3333333333335,402.9752566489218,3600.0,0.0,20000.0,0.0,40000.0,0.0,0.09,0.0,0.115039123779695,0.0,0.23007824755939,0.0,6.902347426781702,0.0,1.25,0.0,3.67,0.0,1.25,0.0,3.67,0.0,0.0095447693468439,0.0,0.1590431280879832,0.0,1.0,0.0,0.8053016022120388,0.01503337723008919,1322.328241217823,185.4233307518256,0.11088888888888887,0.11059550867441567,0.17638664877098095,0.07196060973754614,0.8891111111111112,0.1105955086744157,0.6508911435230423,0.060125016007472845,0.9644444444444444,0.020367003088692614,-0.021976190081984447,0.051662385545630234,-0.07533333333333332,0.11059088944206122,0.0,0.0,0.0,0.0,0.021976190081984447,0.051662385545630234,0.07533333333333332,0.11059088944206122
3600.0,strong_drift,nominal,belief_orienteering,114.5,8.803408430829505,136.6,10.162812534957519,0.9106666666666666,0.06775208356638344,48.50074249985655,3.5708788596442274,0.013472089684812361,0.0009919401185117763,3600.0915633849613,0.08445598263057089,6505.066666666667,372.964446242426,314.23333333333335,51.520791473180886,122.33333333333333,12.957046633830737,72.8,12.338333872878488,20.221688150291858,3.4271357243929113,1794.806753719404,248.47047517549066,0.4985444697424449,0.06901517005066726,2740.3333333333335,387.50006303299455,0.4237393188950062,0.07137698318240647,0.40699622637476884,0.06051974349479308,0.0,0.0,2066.8,246.23207443945768,180.26666666666668,16.895078518933246,136.6,10.162812534957519,43.666666666666664,8.301779341194576,43.666666666666664,8.301779341194576,1298.1333333333334,117.04161751225526,588.4,206.05483033272546,0.0,0.0,0.7594671625489128,0.027388484677009016,0.0,0.0,0.0,0.0,-0.012537719508744783,0.03696988531381152,1.0,0.0,0.5826488912961045,0.08405496418686445,0.46444444444444444,0.09389540660684434,0.7323478736725172,0.18724895485460835,0.8437777777777777,0.13102230903993342,0.045449033205067525,0.19025886509462114,0.05249158249158249,0.15221537565600976,0.02190629060613009,0.08046702418592651,0.013008659370976157,0.04924790962613506,0.0047884093337181135,0.007786667075408249,0.02287408019087429,0.028052053176370245,0.9588199904088477,0.004549733665006333,0.9931111111111111,0.019767486237071797,544.3,38.82600443890223,12812.333333333334,1604.6160639366908,0.9938965855465944,0.0010698253098801703,0.9813333333333333,0.038730822717216964,30.933333333333334,5.476805848197521,5071.4,598.8697169927985,0.9370552007506286,0.007125683719340355,0.9931111111111111,0.019767486237071797,513.3666666666667,37.24613688214763,7740.933333333333,1064.5422825159967,0.9895345386502271,0.002196858966358182,6451.7,790.6671190225683,0.9575638134609734,0.005226791111890546,4588.766666666666,643.36055656772,0.8742018399463475,0.01742142008310756,2316.1666666666665,386.448915599224,3600.0,0.0,20000.0,0.0,40000.0,0.0,0.09,0.0,0.115039123779695,0.0,0.23007824755939,0.0,6.902347426781702,0.0,1.25,0.0,3.67,0.0,1.25,0.0,3.67,0.0,0.0095447693468439,0.0,0.1590431280879832,0.0,1.0,0.0,0.8053016022120388,0.01503337723008919,1322.328241217823,185.4233307518256,0.08933333333333332,0.06775208356638346,0.2226527109159343,0.0851767984088718,0.9106666666666666,0.06775208356638344,0.6508911435230423,0.060125016007472845,0.9644444444444444,0.020367003088692614,-0.06824225222693779,0.07844460586715384,-0.05377777777777779,0.06744223203274125,0.0,0.0,0.0,0.0,0.06824225222693779,0.07844460586715384,0.05377777777777779,0.06744223203274125
3600.0,strong_drift,nominal,belief_orienteering_depth1,114.5,8.803408430829505,129.1,17.71878021800014,0.8606666666666667,0.11812520145333426,45.3837182149492,6.091657512003658,0.01260620770949722,0.001692059901802723,3600.107642616488,0.07000004015908665,6328.1,327.4088817702858,268.0,37.66000347940725,113.1,12.452253638986605,69.66666666666667,16.423980225170194,19.351289188810917,4.5621483205695075,1892.0103676227548,356.06169944119944,0.5255429780641039,0.09890441012001112,2923.8,534.7177405594147,0.4655356953291526,0.10172715677450218,0.39077555906679595,0.08615732320247316,0.0,0.0,2054.9666666666667,327.9984738540329,173.03333333333333,22.689027172247563,129.1,17.71878021800014,43.93333333333333,8.835404224827066,43.93333333333333,8.835404224827066,1272.5666666666666,140.09594823778335,609.3666666666667,238.15359913637496,0.0,0.0,0.7460395054081645,0.037299292078189925,0.0,0.0,0.0,0.0,-0.011450190813611028,0.03311742182666762,1.0,0.0,0.5587538871160068,0.10758757325716346,0.4651111111111111,0.08526152390435547,0.7200000000000001,0.18822827911201673,0.8032914173763489,0.18484892094558336,0.02728816508184646,0.07167868002477402,0.07264436343383712,0.14634402374076166,0.033147000806516766,0.07766257246509568,0.01857828953562914,0.04527740300298281,0.006081485519509857,0.01068447383360419,0.024131144852628066,0.033940214074693685,0.9587145603857266,0.0045123710354841905,0.9957777777777778,0.011411271343079612,537.4,35.83544767886719,12624.233333333334,1579.4476704462736,0.9939218446512482,0.001279599939337355,0.9817777777777777,0.034393857302995226,30.233333333333334,5.98667101860938,4982.7,620.132196696245,0.9369563572754717,0.007523267826465063,0.9957777777777778,0.011411271343079612,507.1666666666667,32.897000527071775,7641.533333333334,1018.2679930878346,0.9891844897713563,0.001631007849439867,6344.233333333334,803.4554118621485,0.9582888865273971,0.006213867000931628,4517.566666666667,658.0922628604454,0.8738697647404573,0.020285990857518272,2299.8333333333335,347.40596180671764,3600.0,0.0,20000.0,0.0,40000.0,0.0,0.09,0.0,0.115039123779695,0.0,0.23007824755939,0.0,6.902347426781702,0.0,1.25,0.0,3.67,0.0,1.25,0.0,3.67,0.0,0.0095447693468439,0.0,0.1590431280879832,0.0,1.0,0.0,0.8053016022120388,0.01503337723008919,1322.328241217823,185.4233307518256,0.13933333333333334,0.11812520145333427,0.24654771509603207,0.10904726044234424,0.8606666666666667,0.11812520145333426,0.6508911435230423,0.060125016007472845,0.9644444444444444,0.020367003088692614,-0.09213725640703556,0.09832298547753127,-0.10377777777777779,0.11166017594220053,0.0,0.0,0.0,0.0,0.09213725640703556,0.09832298547753127,0.10377777777777779,0.11166017594220053
3600.0,strong_drift,nominal,confirmed_route,114.5,8.803408430829505,136.9,8.987922931394642,0.9126666666666666,0.059919486209297636,48.424021125648,4.293371070282152,0.013450722888300105,0.0011925853323854379,3600.1059439440755,0.07267473426892869,4499.0,124.88118491120886,161.9,16.35036644111136,159.7,16.227159013677415,81.8,15.025036576924894,22.721568935105385,4.173579064547665,2247.6006286304796,269.15412498511154,0.624314730327325,0.07475922729484452,2810.8333333333335,300.593216172946,0.6246054790051466,0.06320930470095772,0.4906778665652082,0.057075007971927764,71.06666666666666,15.787234767659456,2687.3333333333335,318.52118787678285,183.36666666666667,12.220625113345042,136.9,8.987922931394642,46.46666666666667,7.491297633246531,46.46666666666667,7.491297633246531,1661.8,94.83248388606091,842.1666666666666,253.6694949016893,0.0,0.0,0.7472623420004059,0.03217780187425456,0.0,0.0,0.0,0.0,-0.04513846663255447,0.016432856295905643,1.0666666666666667,0.2537081317024624,0.5363464765608066,0.06654474182401626,0.27057032458344665,0.15189820125183803,0.7180346623795039,0.13969269896678932,0.8775555555555556,0.0859739483544738,0.0728152194573763,0.14107204926717778,0.08202436237652955,0.13942051495423147,0.061417627272095314,0.11627737403185733,0.035683645321733785,0.06909059927759358,0.00603177758300385,0.005398533680244409,0.04461356323408225,0.01954589489773246,0.9717906603312589,0.002535741810074691,1.0,0.0,376.2,21.169920104747202,13080.333333333334,1589.3962491404116,0.9959267593802958,0.0008687364144619981,0.998,0.0061025715325873035,21.2,4.188654627228998,5236.366666666667,607.961062916852,0.9562488550085053,0.004278117163203776,1.0,0.0,355.0,20.708152650753203,7843.966666666666,1025.2448146101779,0.9932060673238253,0.001086657810232378,6944.9,831.0477122283653,0.9696286855598921,0.0035146949125291014,4419.533333333334,612.8998193063422,0.904742278392728,0.011205439757120399,2092.1,286.43785508830035,3600.0,0.0,20000.0,0.0,40000.0,0.0,0.09,0.0,0.115039123779695,0.0,0.23007824755939,0.0,6.902347426781702,0.0,1.25,0.0,3.67,0.0,1.25,0.0,3.67,0.0,0.0095447693468439,0.0,0.1590431280879832,0.0,1.0,0.0,0.8053016022120388,0.01503337723008919,1322.328241217823,185.4233307518256,0.08733333333333333,0.059919486209297615,0.26895512565123236,0.06562667035315883,0.9126666666666666,0.059919486209297636,0.6508911435230423,0.060125016007472845,0.9644444444444444,0.020367003088692614,-0.11454466696223582,0.05804323210339113,-0.05177777777777779,0.05964603980028317,0.0,0.0,0.0,0.0,0.11454466696223582,0.05804323210339113,0.05177777777777779,0.05964603980028317
3600.0,strong_drift,nominal,greedy,114.5,8.803408430829505,27.033333333333335,8.612274053222881,0.1802222222222222,0.05741516035481921,9.455708339120871,3.2076198947668213,0.002626489780508817,0.0008909704037968084,3600.129534993423,0.07306286740815071,5102.966666666666,245.12776166772682,187.3,26.970162312682024,186.3,26.970162312682024,161.9,26.485324498542653,44.97064348193613,7.3569984315763985,3382.9486553901083,111.63223936208807,0.9396742289928248,0.03101020577486351,4780.366666666667,276.97808743570346,0.9366343664785192,0.02545011088980268,0.13276554207336674,0.041382926720865056,0.0,0.0,585.8,182.0214841430955,36.5,10.549554656395493,27.033333333333335,8.612274053222881,9.466666666666667,3.39099551381488,9.466666666666667,3.39099551381488,438.6,126.71488495423698,110.7,61.608412994688784,0.0,0.0,0.7351755330931099,0.07340318547875141,0.0,0.0,0.0,0.0,0.037004869778731936,0.023751005680931293,0.0,0.0,0.12556631805559174,0.04266196495366394,0.11777777777777775,0.06758751008726137,0.13755555555555551,0.0549603363308858,0.16555555555555554,0.05083466803096727,0.047276878372768776,0.16597716134753254,0.01378673004076073,0.04375287383341689,0.014402634605429888,0.04114600829400712,0.007697138545961909,0.022148068262304376,0.0077120102774168265,0.0025054977917605176,0.02446455403204906,0.014060560763948484,0.9257858870813459,0.018955809329143532,0.8951111111111111,0.14839042768782024,432.2,34.09358317620932,5659.866666666667,1203.7895546788993,0.9878535278923496,0.004588377473278094,0.8313333333333334,0.2020139974665463,23.533333333333335,5.237354776742863,2066.366666666667,510.1722821471825,0.8936264568314015,0.02465111952313793,0.894888888888889,0.14823284296793016,408.6666666666667,32.399801333291876,3593.5,784.5292790298986,0.9786746406067867,0.008418992518900086,2746.1,668.9667972792588,0.9225218797093702,0.020924823873169844,2061.366666666667,454.24651391320424,0.8133549774614255,0.049315106947627356,1284.6,306.37948072104393,3600.0,0.0,20000.0,0.0,40000.0,0.0,0.09,0.0,0.115039123779695,0.0,0.23007824755939,0.0,6.902347426781702,0.0,1.25,0.0,3.67,0.0,1.25,0.0,3.67,0.0,0.0095447693468439,0.0,0.1590431280879832,0.0,1.0,0.0,0.8053016022120388,0.01503337723008919,1322.328241217823,185.4233307518256,0.8197777777777778,0.0574151603548192,0.6797352841564471,0.04632281061555492,0.1802222222222222,0.05741516035481921,0.6508911435230423,0.060125016007472845,0.9644444444444444,0.020367003088692614,-0.5253248254674506,0.07051925763889633,-0.7842222222222223,0.06250169857206568,0.0,0.0,0.0,0.0,0.5253248254674506,0.07051925763889633,0.7842222222222223,0.06250169857206568
3600.0,strong_drift,nominal,lawnmower_collect,114.5,8.803408430829505,19.733333333333334,6.725829436522711,0.13155555555555554,0.04483886291015139,6.975847559033125,2.3026034785698424,0.0019377354330639234,0.000639612077380252,3600.0000000014525,0.0,6081.0,0.0,36.0,0.0,35.0,0.0,23.733333333333334,3.161550616208852,6.592592592589933,0.8782085045021046,2529.415000001014,479.73548209887656,0.702615277777776,0.13325985613852306,4268.966666666666,806.4661731937349,0.7020172120813463,0.13262065008941534,0.32190476190476186,0.0903300176059672,0.0,0.0,351.06666666666666,155.53532326005302,26.5,8.605331146326154,19.733333333333334,6.725829436522711,6.766666666666667,2.6997232723237468,6.766666666666667,2.6997232723237468,231.0,79.76819865862194,93.56666666666666,70.98308848292467,0.0,0.0,0.7439897613195587,0.06380549356752571,0.0,0.0,0.0,0.0,0.010583766176422453,0.01751948555897676,0.0,0.0,0.054285777777755444,0.021962128888929688,0.016222222222222187,0.012340424594908831,0.05866666666666663,0.025394964354363392,0.09399999999999996,0.036988141415377776,0.0,0.0,0.0,0.0,0.0,0.0,0.0,0.0,0.008656747167276877,0.0014824223612947217,0.02790596563493043,0.0036866694214021303,0.9166080771709493,0.02963036832574749,0.6537777777777778,0.1283306712168532,508.76666666666665,23.158648244354577,6219.633333333333,1976.8511444027438,0.9785765294275516,0.01178843738257177,0.424,0.12440940940871507,29.233333333333334,4.680725948215602,1587.1666666666667,573.9877496790408,0.8979566182995604,0.03298451628768695,0.6535555555555556,0.12825362006596752,479.53333333333336,22.763754210303855,4632.466666666666,1414.8036474788792,0.9616794641437975,0.023424212794135875,1958.1666666666667,710.335233307599,0.924261820821028,0.03012418294245663,2640.9333333333334,802.4292399068414,0.8671344397826319,0.03359761522981999,2129.3,492.2411905307929,3600.0,0.0,20000.0,0.0,40000.0,0.0,0.09,0.0,0.115039123779695,0.0,0.23007824755939,0.0,6.902347426781702,0.0,1.25,0.0,3.67,0.0,1.25,0.0,3.67,0.0,0.0095447693468439,0.0,0.1590431280879832,0.0,1.0,0.0,0.8053016022120388,0.01503337723008919,1322.328241217823,185.4233307518256,0.8684444444444445,0.044838862910151434,0.7510158244342835,0.02493057130974196,0.13155555555555554,0.04483886291015139,0.6508911435230423,0.060125016007472845,0.9644444444444444,0.020367003088692614,-0.5966053657452869,0.057215892987520854,-0.8328888888888889,0.03922362777375841,0.0,0.0,0.0,0.0,0.5966053657452869,0.057215892987520854,0.8328888888888889,0.03922362777375841
3600.0,strong_drift,nominal,oracle_current_physics,114.5,8.803408430829505,150.0,0.0,1.0,0.0,53.11786066270438,2.3316972296569363,0.040722158499037917,0.004292549788918865,1322.328241217823,185.4233307518256,2125.6666666666665,193.5332695863469,165.33333333333334,4.985035076370445,162.46666666666667,5.076880207733697,20.2,5.3265761792265245,15.514263094953714,4.325553520950802,135.96538856457215,102.95888329055683,0.10296129517834393,0.07634612115200914,267.53333333333336,126.53546138733499,0.125217949491141,0.05625929140512291,0.8764342101857001,0.028474472735077784,0.0,0.0,1983.3666666666666,149.11196518361473,198.7,7.737726655362245,150.0,0.0,48.7,7.737726655362248,48.7,7.737726655362248,1393.6333333333334,54.62946238907664,391.03333333333336,130.71883048619338,0.0,0.0,0.7559921140970348,0.028851865994587434,0.0,0.0,0.0,0.0,-0.06335882415408431,0.012862522881182187,1.2666666666666666,0.4497764451088037,0.8053016022120388,0.01503337723008919,0.6954494427612606,0.12039628329717504,0.9933333333333333,0.0,0.9933333333333333,0.0,0.0,0.0,0.0,0.0,0.0,0.0,0.0,0.0,0.02265402510540931,0.0066623415116211695,0.10155528465464644,0.015523171547914907,0.9731407371881303,0.00402007248947658,0.9997777777777778,0.0012171612389003936,181.4,23.849528297222154,6615.466666666666,596.4956706108363,0.9958604762492572,0.001284854050813496,0.9997777777777778,0.0012171612389003936,10.733333333333333,3.1941037632761264,2600.633333333333,238.91687824982895,0.9589142630868461,0.006069288200209758,0.9995555555555555,0.0016913875446831223,170.66666666666666,22.09436397682064,4014.8333333333335,416.8879021853545,0.9938400807818957,0.0018222095776289841,3590.1666666666665,324.1816310111624,0.969447671277415,0.004862869569044164,2168.5333333333333,278.3198028234394,0.9078695954919308,0.019284137730504036,1038.1666666666667,154.5311224837636,3600.0,0.0,20000.0,0.0,40000.0,0.0,0.09,0.0,0.115039123779695,0.0,0.23007824755939,0.0,6.902347426781702,0.0,1.25,0.0,3.67,0.0,1.25,0.0,3.67,0.0,0.0095447693468439,0.0,0.1590431280879832,0.0,1.0,0.0,0.8053016022120388,0.01503337723008919,1322.328241217823,185.4233307518256,0.0,0.0,0.0,0.0,1.0,0.0,0.6508911435230423,0.060125016007472845,0.9644444444444444,0.020367003088692614,,,,,,,,,,,,
3600.0,weak_drift,nominal,adaptive_mission,114.5,8.803408430829505,105.36666666666666,24.489946330369282,0.7024444444444444,0.16326630886912852,36.83801782409428,8.889801326897146,0.010232496477320357,0.0024692696391363767,3600.0966015309396,0.06735289611853063,6464.466666666666,342.19763732162977,300.93333333333334,37.87177397967801,161.03333333333333,14.286437584316625,107.4,13.161071122953798,29.83253291986937,3.655758470538479,1800.1942691406405,344.3017640814744,0.500040848364482,0.09563872724514044,2947.733333333333,464.0283086885624,0.45938183935508836,0.08825636828969952,0.33220403932890563,0.0664777420370695,1.1333333333333333,2.4597915994335127,1451.9666666666667,371.0858701008511,143.66666666666666,33.61786607654076,105.36666666666666,24.489946330369282,38.3,11.231574950204845,38.3,11.231574950204845,1064.0333333333333,235.60830781753788,244.26666666666668,146.41625435801137,0.0,0.0,0.7335406868724338,0.03713095857610525,0.0,0.0,0.0,0.0,-0.03637876981822241,0.03307683322536235,0.9,0.30512857662936466,0.40597091772987504,0.07673756829254184,0.1830561919468288,0.08729457374668823,0.5226666666666666,0.10683320332805402,0.6602222222222222,0.17408751340746229,0.06413434384166602,0.18906677341888256,0.11086596736596736,0.20865169341013512,0.04296249664604493,0.08148571832563888,0.023819244206069602,0.046419200313711016,0.005963380131450436,0.005950217123006811,0.021153052273847783,0.021595026158345878,0.9572421841255482,0.010813297578429717,0.9588888888888889,0.09899236912164862,548.9666666666667,32.61423777657738,12873.5,2722.053886694561,0.9925806896991135,0.003406507687168398,0.914,0.13266903480818296,32.13333333333333,5.667410363639205,4616.5,982.9985003671866,0.9386451145272777,0.01369730108642052,0.9586666666666666,0.10004443457228837,516.8333333333334,30.462054783110013,8257.0,1795.804555067171,0.9877948399845333,0.004520701965906041,6017.266666666666,1255.8471500814962,0.9584398849060334,0.009563540514641533,4828.966666666666,1088.4656230876924,0.8837971488818811,0.024168058546110736,2576.233333333333,544.1225573997685,3600.0,0.0,20000.0,0.0,40000.0,0.0,0.09,0.0,0.0340587727318528,0.0,0.0681175454637056,0.0,2.0435263639111687,0.0,1.25,0.0,3.67,0.0,1.25,0.0,3.67,0.0,0.0095447693468439,0.0,0.1590431280879832,0.0,1.0,0.0,0.7777583385608797,0.020734821315624773,1698.2199104138422,218.14400101305546,0.2975555555555556,0.16326630886912855,0.3717874208310047,0.0747773870021158,0.7024444444444444,0.16326630886912852,0.4393557669137465,0.06638651537851023,0.8582222222222222,0.09155838257734132,-0.03338484918387143,0.0625463261118257,-0.1557777777777778,0.17755671121092798,0.011182470467784698,0.02093447290281573,0.01533333333333334,0.04321025846696141,0.04456731965165613,0.04942342308254731,0.17111111111111113,0.15566279828153484
3600.0,weak_drift,nominal,belief_horizon,114.5,8.803408430829505,110.06666666666666,23.629224064388097,0.7337777777777778,0.15752816042925394,38.42621421861349,8.42645735240963,0.010673653254870961,0.002340651689471139,3600.1019128710564,0.06020803361495161,6536.0,356.07806195678023,307.43333333333334,38.760701154945444,157.36666666666667,11.460526958256304,101.8,13.473857190359666,28.276956955453144,3.7424624808429607,1680.416220731091,300.48999789902774,0.4667688689339229,0.08346622421914428,2757.4666666666667,405.6543231435572,0.424880860298836,0.07689105815763762,0.35357333122965945,0.06778111389069441,0.0,0.0,1484.9333333333334,363.95622447395147,148.76666666666668,32.331988359276146,110.06666666666666,23.629224064388097,38.7,11.194672378197247,38.7,11.194672378197247,1094.2333333333333,227.26070147911977,241.93333333333334,143.9271686828358,0.0,0.0,0.7401448257035887,0.03992891262570528,0.0,0.0,0.0,0.0,-0.036367636651021405,0.02877937786835393,0.9,0.30512857662936466,0.41438864769810463,0.07581430776920181,0.18327841416905102,0.08923964343570563,0.5208888888888888,0.11434616171902004,0.7013333333333333,0.162851976603064,0.03531841837008423,0.1823607598969724,0.025086266390614214,0.09243729914103457,0.005216098057790406,0.01615214594722582,0.00267987858073029,0.008305642575845694,0.005050054636628507,0.004916142983560597,0.019046036703799004,0.01600649267949266,0.9575404052073851,0.010805728619471638,0.9491111111111111,0.10894806430220755,550.7333333333333,26.665143634667903,12992.1,2590.386049647214,0.9927159884787478,0.0035520208830838508,0.9077777777777778,0.13709725645209753,31.733333333333334,5.686847095276738,4689.2,950.2540640307184,0.9388010358538144,0.013674953196310534,0.948888888888889,0.10988441622794991,519.0,27.521778210393126,8302.9,1730.5750758356157,0.9880893603674399,0.004602229289199224,6105.9,1226.3064911941171,0.9581852241081642,0.009259749970347057,4825.566666666667,1027.5843679880174,0.8841786928343908,0.025925939498913888,2611.366666666667,576.3708386778089,3600.0,0.0,20000.0,0.0,40000.0,0.0,0.09,0.0,0.0340587727318528,0.0,0.0681175454637056,0.0,2.0435263639111687,0.0,1.25,0.0,3.67,0.0,1.25,0.0,3.67,0.0,0.0095447693468439,0.0,0.1590431280879832,0.0,1.0,0.0,0.7777583385608797,0.020734821315624773,1698.2199104138422,218.14400101305546,0.2662222222222222,0.157528160429254,0.36336969086277515,0.07267068888825833,0.7337777777777778,0.15752816042925394,0.4393557669137465,0.06638651537851023,0.8582222222222222,0.09155838257734132,-0.024967119215641858,0.038536280764093406,-0.12444444444444443,0.13220596184507669,0.0,0.0,0.0,0.0,0.024967119215641858,0.038536280764093406,0.12444444444444443,0.13220596184507669
3600.0,weak_drift,nominal,belief_orienteering,114.5,8.803408430829505,109.83333333333333,27.919938905838375,0.7322222222222222,0.18613292603892248,38.4009148935877,9.912785476447958,0.01066665434415222,0.002753502917259841,3600.0929786751053,0.06347554440923818,6428.233333333334,276.727138523496,260.46666666666664,36.48687372224411,137.1,12.839459651322212,82.6,13.200313475901586,22.94385537442291,3.666671042284422,1670.0057061115742,354.0922872260477,0.46387857228205326,0.0983564371950959,2751.266666666667,529.1032708879882,0.4304261542361491,0.09299463484190076,0.3960848119431437,0.09014411144468934,0.0,0.0,1510.5666666666666,443.6204251487925,146.26666666666668,37.17705385494302,109.83333333333333,27.919938905838375,36.43333333333333,10.506757540887127,36.43333333333333,10.506757540887127,1071.6666666666667,264.6898423507751,292.6333333333333,168.20092322788435,0.0,0.0,0.7505466523761537,0.028513340710003166,0.0,0.0,0.0,0.0,-0.02839417140700513,0.030406975365324003,0.9,0.30512857662936466,0.39161591789298716,0.09450950518085945,0.14088888888888887,0.07527692595409524,0.5002483731934424,0.13449680247563878,0.6744444444444445,0.18278461946691626,0.0019610461857120834,0.006306411157023365,0.03265145801910507,0.09484210866527062,0.0036788543527279368,0.011749364301778193,0.0018770228191888768,0.0060123860033523,0.005978054798269433,0.006793884118438261,0.022012760315639552,0.023001108052443882,0.9587635091575385,0.01068803855246554,0.9348888888888889,0.1339146332222884,538.0333333333333,30.695931813272203,13193.066666666668,2857.181368886589,0.9935746440477794,0.0028520528758932575,0.9004444444444444,0.16553578014526465,28.033333333333335,6.054256600814484,4745.4,1107.7422082777202,0.9404534585611355,0.013893949967835498,0.9346666666666666,0.1346190879874571,510.0,28.45686390747012,8447.666666666666,1825.7247844365115,0.9881814958598935,0.004150035504213093,6152.933333333333,1446.8047298916263,0.9601631257122587,0.009443841921019202,4950.5,1052.8468058325127,0.8876002048060639,0.026458255083293594,2627.6666666666665,552.3617838245918,3600.0,0.0,20000.0,0.0,40000.0,0.0,0.09,0.0,0.0340587727318528,0.0,0.0681175454637056,0.0,2.0435263639111687,0.0,1.25,0.0,3.67,0.0,1.25,0.0,3.67,0.0,0.0095447693468439,0.0,0.1590431280879832,0.0,1.0,0.0,0.7777583385608797,0.020734821315624773,1698.2199104138422,218.14400101305546,0.2677777777777778,0.18613292603892248,0.3861424206678926,0.09333485418422797,0.7322222222222222,0.18613292603892248,0.4393557669137465,0.06638651537851023,0.8582222222222222,0.09155838257734132,-0.04773984902075934,0.05674521637105361,-0.126,0.13579734732398083,0.0,0.0,0.0,0.0,0.04773984902075934,0.05674521637105361,0.126,0.13579734732398083
3600.0,weak_drift,nominal,belief_orienteering_depth1,114.5,8.803408430829505,107.63333333333334,30.353643573069103,0.7175555555555556,0.2023576238204607,37.63223613481038,10.77499504460079,0.010453094824417348,0.002992950085863774,3600.1049990309034,0.06442367192388754,6278.866666666667,203.61233167270422,218.26666666666668,27.66540642469722,123.13333333333334,13.40286467920927,70.46666666666667,14.929104491547387,19.573494833019954,4.146805543717244,1624.197770287753,420.2117378944747,0.4511529783245643,0.11672224039103356,2701.8,630.6778728561394,0.4315508912986726,0.1057043556651003,0.42628740734217113,0.11062814334522483,0.0,0.0,1538.2666666666667,486.3152754401581,144.16666666666666,42.29541699582326,107.63333333333334,30.353643573069103,36.53333333333333,13.19282284852805,36.53333333333333,13.19282284852805,1075.1666666666667,292.1778017168518,318.93333333333334,203.46158382346783,0.0,0.0,0.7499837803054156,0.034988132634819605,0.0,0.0,0.0,0.0,-0.03843082705513181,0.03855394039422277,0.8,0.40683810217248617,0.34630477253482905,0.08300502721266247,0.11831911932101082,0.06867594643029087,0.41444444444444445,0.1364810439263024,0.650888888888889,0.1878328378321307,0.008645490055096787,0.029329243877329013,0.0333768646812125,0.09508934100535447,0.012310614405068332,0.0409441748959126,0.006643426531347413,0.022609164810471913,0.00791416140906435,0.007517958694309137,0.03087565146957023,0.027091565509326548,0.9610708397324844,0.010212132536905968,0.9457777777777777,0.1213302176350415,532.3666666666667,26.916836588908865,14019.333333333334,3593.422509715958,0.9936580601153956,0.0023320884175437643,0.9095555555555556,0.14610848154037193,29.533333333333335,5.103976362860988,5015.8,1326.564278957826,0.9439113078157639,0.014048375170382047,0.9457777777777777,0.1213302176350415,502.8333333333333,26.683435819369972,9003.533333333333,2315.034277445396,0.9890188156775478,0.003699342303306759,6512.9,1660.8029912852605,0.9621131762684361,0.010309413762040982,5240.066666666667,1383.491583248536,0.8942966330839117,0.024798601126192796,2798.733333333333,690.4535207874719,3600.0,0.0,20000.0,0.0,40000.0,0.0,0.09,0.0,0.0340587727318528,0.0,0.0681175454637056,0.0,2.0435263639111687,0.0,1.25,0.0,3.67,0.0,1.25,0.0,3.67,0.0,0.0095447693468439,0.0,0.1590431280879832,0.0,1.0,0.0,0.7777583385608797,0.020734821315624773,1698.2199104138422,218.14400101305546,0.28244444444444444,0.20235762382046069,0.4314535660260506,0.08045036376213141,0.7175555555555556,0.2023576238204607,0.4393557669137465,0.06638651537851023,0.8582222222222222,0.09155838257734132,-0.09305099437891741,0.06755844110995475,-0.14066666666666666,0.14913646711570844,0.0,0.0,0.0,0.0,0.09305099437891741,0.06755844110995475,0.14066666666666666,0.14913646711570844
3600.0,weak_drift,nominal,confirmed_route,114.5,8.803408430829505,98.66666666666667,23.359755155385088,0.6577777777777778,0.1557317010359006,34.74119474911364,8.209447462273378,0.009649982674918305,0.002280323063574121,3600.131362154157,0.07259596465099764,4930.5,209.9761480707288,195.43333333333334,28.989514553075708,193.53333333333333,28.878739743891217,125.86666666666666,22.329404355033173,34.961672824458816,6.202291532032731,2396.7964078555865,272.8168700559255,0.6657526225063415,0.07578029686791214,3394.9666666666667,344.5384201921546,0.68860905773005,0.06420093052175917,0.3500636696247371,0.057801693417719215,121.3,23.64267036671124,1672.9,404.5907553446381,130.7,32.2887297515018,98.66666666666667,23.359755155385088,32.03333333333333,10.933918543351403,32.03333333333333,10.933918543351403,1241.5666666666666,260.8808267142805,300.6333333333333,146.71494372641007,0.0,0.0,0.7579926967852938,0.04502628036146981,0.0,0.0,0.0,0.0,-0.08632178112088555,0.02572158486600043,0.8333333333333334,0.3790490217894517,0.26100312193605746,0.09384804520481395,0.07088888888888885,0.0540889952995613,0.2817777777777778,0.15057420958647796,0.5211111111111111,0.1490103581817927,0.04583145056667666,0.051071918741686574,0.25340037739258664,0.1995067727526567,0.06865470947967087,0.061225516984426645,0.03657470647290041,0.0335324335626785,0.023632968099237407,0.009224428416512751,0.08817002468109378,0.027343603180320787,0.9719028564742277,0.005866397012162905,0.9791111111111112,0.045879513481983984,415.1333333333333,23.210778312780835,14920.533333333333,2979.4102602445632,0.9954056653835727,0.0015480226366073162,0.9362222222222222,0.06538265399299192,22.7,6.303529389050288,5093.866666666667,1034.6942821293953,0.9601138737666656,0.008405230133675548,0.9788888888888889,0.04579090687002787,392.43333333333334,23.65219729288611,9826.666666666666,1995.8828369547582,0.9920569119776216,0.0018206378669440276,6777.633333333333,1361.0745370486875,0.9726197012238527,0.007238517376945656,5620.533333333334,1190.722317243449,0.9233809245784452,0.01675331275661445,2937.5,577.7075832323287,3600.0,0.0,20000.0,0.0,40000.0,0.0,0.09,0.0,0.0340587727318528,0.0,0.0681175454637056,0.0,2.0435263639111687,0.0,1.25,0.0,3.67,0.0,1.25,0.0,3.67,0.0,0.0095447693468439,0.0,0.1590431280879832,0.0,1.0,0.0,0.7777583385608797,0.020734821315624773,1698.2199104138422,218.14400101305546,0.3422222222222222,0.15573170103590062,0.5167552166248223,0.09443686085517254,0.6577777777777778,0.1557317010359006,0.4393557669137465,0.06638651537851023,0.8582222222222222,0.09155838257734132,-0.178352644977689,0.08593603761196963,-0.20044444444444443,0.137664519015096,0.0,0.0,0.0,0.0,0.178352644977689,0.08593603761196963,0.20044444444444443,0.137664519015096
3600.0,weak_drift,nominal,greedy,114.5,8.803408430829505,40.4,11.321630198201479,0.2693333333333333,0.07547753465467652,13.976165509485917,3.8574328326762775,0.0038821566558208767,0.0010714686777937928,3600.1026948673084,0.06852863115729382,5250.933333333333,233.03247270140974,201.5,26.446758487246765,200.5,26.446758487246765,162.76666666666668,22.64521466284736,45.21166375464604,6.290042545156421,3173.6408672438197,151.50288627932295,0.8815418666605712,0.042084824357794356,4634.633333333333,303.1516615244874,0.8822859994474249,0.036657311678999625,0.18832743258822335,0.043357956216656245,0.0,0.0,618.8,157.36152095052356,53.2,14.121150680866064,40.4,11.321630198201479,12.8,4.25400419888579,12.8,4.25400419888579,508.93333333333334,130.91243015014308,56.666666666666664,33.8957156618633,0.0,0.0,0.7577729135590608,0.06300087263094861,0.0,0.0,0.0,0.0,-0.030200304966702767,0.025173765058705097,0.0,0.0,0.17373499979640286,0.04531797957320085,0.12199999999999997,0.0427108248502294,0.21266666666666664,0.05722443547406712,0.24977777777777774,0.0700461442507249,0.0398020656155673,0.10776843422660846,0.025699301572181255,0.0613674331906603,0.026281155553285016,0.06549916885937515,0.014487256874580818,0.03653891820020092,0.0076973674780230735,0.0035341949073408804,0.023354231727067555,0.01350769819370054,0.9440080869882645,0.015897599026312013,0.8704444444444445,0.15829245287937643,449.8333333333333,23.880569699975805,8148.933333333333,2240.2763058240785,0.9900613256585781,0.0030873009549278315,0.7982222222222222,0.1915769071849187,24.533333333333335,4.673722088541373,2601.5,654.753059531238,0.9230700343695889,0.023789652795846758,0.87,0.15830277987117763,425.3,22.885245962379802,5547.433333333333,1626.4280236432087,0.9827261872561502,0.0038831106221023422,3474.5666666666666,818.9364710880575,0.9453366737934837,0.019093937977169,3140.9666666666667,931.6851060211326,0.8662009465146423,0.06060179817414698,1983.2333333333333,605.9722699546762,3600.0,0.0,20000.0,0.0,40000.0,0.0,0.09,0.0,0.0340587727318528,0.0,0.0681175454637056,0.0,2.0435263639111687,0.0,1.25,0.0,3.67,0.0,1.25,0.0,3.67,0.0,0.0095447693468439,0.0,0.1590431280879832,0.0,1.0,0.0,0.7777583385608797,0.020734821315624773,1698.2199104138422,218.14400101305546,0.7306666666666667,0.07547753465467652,0.6040233387644769,0.04383794229250644,0.2693333333333333,0.07547753465467652,0.4393557669137465,0.06638651537851023,0.8582222222222222,0.09155838257734132,-0.26562076711734367,0.08364816677586655,-0.5888888888888889,0.12393711584729822,0.0,0.0,0.0,0.0,0.26562076711734367,0.08364816677586655,0.5888888888888889,0.12393711584729822
3600.0,weak_drift,nominal,lawnmower_collect,114.5,8.803408430829505,16.833333333333332,6.560505307143458,0.11222222222222218,0.043736702047623054,5.848320478434348,2.3687408779235914,0.0016245334662310467,0.0006579835772007226,3600.0000000014525,0.0,6081.0,0.0,36.0,0.0,35.0,0.0,24.666666666666668,3.3044727612563336,6.851851851849088,0.9179091003486113,2378.3450000010207,447.6178317899387,0.660651388888906,0.12433828660826612,4018.4,753.2490360729496,0.6608123663871074,0.12386927085560755,0.2952380952380952,0.09441350746446667,0.0,0.0,234.26666666666668,113.49796696746216,21.933333333333334,8.753061861658638,16.833333333333332,6.560505307143458,5.1,3.3666723568860526,5.1,3.3666723568860526,173.5,70.35856441263492,38.833333333333336,43.638865415047675,0.0,0.0,0.7720658089309947,0.09875391172971111,0.0,0.0,0.0,0.0,-0.06929569675927968,0.013167559632055697,0.0,0.0,0.04664438425924002,0.021204378604604793,0.019999999999999973,0.012379689211803456,0.04977777777777773,0.027276550682109085,0.07711111111111107,0.034516177930830436,0.0684586672786663,0.056688777389100435,0.053861310686416086,0.060262932802052596,0.05499933621805575,0.05069564185454269,0.02896262875984563,0.027209358975572813,0.008600808938142253,0.001555905559071644,0.028501471428448374,0.005069284122026783,0.9229278292853963,0.029913797807938177,0.6135555555555555,0.14658810156283372,515.3,17.913874414869724,7049.266666666666,2543.520638167029,0.979329083554471,0.012246421805250603,0.35288888888888886,0.12013955274106225,28.9,5.18186492856877,1689.4,692.6737600999726,0.9072154743448492,0.03360183392380785,0.6133333333333333,0.1462480965589858,486.4,19.42199251115725,5359.866666666667,1868.409829762738,0.9603724460377554,0.022848116793418652,2047.6333333333334,852.797282914953,0.9321078556239699,0.03013878216660833,3025.1,1059.8272582083268,0.8818914958492546,0.03595152203296884,2491.8333333333335,679.4647530039456,3600.0,0.0,20000.0,0.0,40000.0,0.0,0.09,0.0,0.0340587727318528,0.0,0.0681175454637056,0.0,2.0435263639111687,0.0,1.25,0.0,3.67,0.0,1.25,0.0,3.67,0.0,0.0095447693468439,0.0,0.1590431280879832,0.0,1.0,0.0,0.7777583385608797,0.020734821315624773,1698.2199104138422,218.14400101305546,0.8877777777777778,0.043736702047623054,0.7311139543016397,0.02742135810128873,0.11222222222222218,0.043736702047623054,0.4393557669137465,0.06638651537851023,0.8582222222222222,0.09155838257734132,-0.39271138265450645,0.0648691331810266,-0.7460000000000001,0.08568587378043853,0.0,0.0,0.0,0.0,0.39271138265450645,0.0648691331810266,0.7460000000000001,0.08568587378043853
3600.0,weak_drift,nominal,oracle_current_physics,114.5,8.803408430829505,150.0,0.0,1.0,0.0,53.11786066270438,2.3316972296569363,0.03166496101938872,0.0033441133608901963,1698.2199104138422,218.14400101305546,2602.233333333333,267.73335723199045,176.0,5.836862643342003,173.26666666666668,5.508196609150538,27.733333333333334,5.355843301597272,16.4315395440434,2.9536879422540987,275.31623419884187,104.9418775057516,0.16028521957861588,0.050597914824368796,484.0,141.26595118965236,0.18456011784527318,0.04342474761664209,0.8406960944635261,0.025792648990684636,0.0,0.0,1701.9,132.2571554677243,198.23333333333332,8.240703574470986,150.0,0.0,48.233333333333334,8.240703574470986,48.233333333333334,8.240703574470986,1389.2,57.87108145667846,114.46666666666667,103.59361361401191,0.0,0.0,0.7579772420992765,0.03222042845992109,0.0,0.0,0.0,0.0,-0.0749348675771271,0.015515535354924271,1.2666666666666666,0.4497764451088037,0.7777583385608797,0.020734821315624773,0.5730706348009086,0.06375177138941136,0.9928888888888887,0.0024343224778007122,0.9933333333333333,0.0,0.0,0.0,0.0,0.0,0.0,0.0,0.0,0.0,0.011522644983021394,0.004512169324172457,0.05600198886820778,0.011358708883091597,0.9614040210587615,0.0060691203539892085,1.0,0.0,220.53333333333333,29.849892662353465,5526.866666666667,386.90217362276854,0.9935065255804111,0.0025759914536087765,1.0,0.0,13.033333333333333,4.88123312100633,2020.2666666666667,170.3327237544483,0.9438592087506804,0.008327769883301792,0.9991111111111111,0.0023049726909451116,207.5,27.281103729315188,3506.6,244.6714334466277,0.9899554388085224,0.0028229555779538586,2794.766666666667,212.7740720744105,0.9592083098089083,0.0068173949063246265,1909.5333333333333,171.24548488048967,0.888653749673704,0.017535854639431636,1043.1,97.02909268660717,3600.0,0.0,20000.0,0.0,40000.0,0.0,0.09,0.0,0.0340587727318528,0.0,0.0681175454637056,0.0,2.0435263639111687,0.0,1.25,0.0,3.67,0.0,1.25,0.0,3.67,0.0,0.0095447693468439,0.0,0.1590431280879832,0.0,1.0,0.0,0.7777583385608797,0.020734821315624773,1698.2199104138422,218.14400101305546,0.0,0.0,0.0,0.0,1.0,0.0,0.4393557669137465,0.06638651537851023,0.8582222222222222,0.09155838257734132,,,,,,,,,,,,
7200.0,robot_disturbed,nominal,adaptive_mission,114.5,8.803408430829505,135.0,9.958534721187826,0.9,0.0663902314745855,47.517012035797265,4.433021440694282,0.006599503102560024,0.0006156821718708272,7200.088637663536,0.06388023020572882,11788.4,373.67592450106287,468.1666666666667,43.6870400835805,287.3666666666667,18.092641547350652,227.6,15.78650667828219,31.610722513690515,2.192551779069063,4949.743978117765,303.12615854082946,0.6874560017265019,0.04210083438493126,7422.666666666667,456.85667663776763,0.6305483910558611,0.04811423402468573,0.20794693223418387,0.024308522572935535,0.3,1.2077336998093466,1986.8,245.251932397744,180.63333333333333,16.278785291744363,135.0,9.958534721187826,45.63333333333333,8.302402366632881,45.63333333333333,8.302402366632881,1325.6666666666667,98.11616385283007,480.5,208.53292967447777,0.0,0.0,0.7489691280273687,0.028706486250946673,25819.266666666666,3961.3328820359006,149.23333333333332,1.7554512797005524,-0.018224191640195713,0.030614779110271252,1.0,0.0,0.6256267491877882,0.0812852748869805,0.196,0.13132510622460664,0.5386666666666666,0.09936811857183246,0.6775555555555556,0.16787591963518436,0.00811965811965812,0.03094617068737099,0.029629629629629627,0.11647341532699157,0.01265873015873016,0.04841744819539974,0.007000968992248061,0.026806765461719215,0.0018621583115092434,0.0017275546992662758,0.00864417161215391,0.00740343902761506,0.944567158183373,0.006741509658520132,1.0,0.0,995.6333333333333,39.33979588444614,17247.6,2516.971368324543,0.9917294295411382,0.0012442987318573423,1.0,0.0,54.6,5.196816001334292,6635.3,793.9327753179977,0.9169848433999964,0.01099397029101131,1.0,0.0,941.0333333333333,38.26719431732016,10612.3,1768.1398203020965,0.985688510129939,0.0021728569682593606,8923.566666666668,1131.37937426212,0.9412204604076955,0.010135950092605794,6104.366666666667,1051.2828774909954,0.8343361540704439,0.02371427137606576,3215.3,568.107454017587,7200.0,0.0,40000.0,0.0,40000.0,0.0,0.18,0.0,0.04527692569068708,0.0,0.09055385138137416,0.0,2.7166155414412247,0.0,1.25,0.0,3.67,0.0,1.25,0.0,3.67,0.0,0.009544769346843989,0.0,0.15904312808798324,0.0,1.0,0.0,0.8827613705439588,0.0085028396222972,1666.523768877111,209.49841639551695,0.1,0.0663902314745855,0.2571346213561705,0.07931746947612847,0.9,0.0663902314745855,0.6746136708662063,0.05389124366123576,0.9602222222222223,0.024226475073941343,-0.048986921678418116,0.07883222464720487,-0.060222222222222226,0.0691598921115684,0.0078030892145677854,0.021613386735263116,0.001555555555555558,0.007362186359695844,0.0567900108929859,0.06950212158842292,0.061777777777777786,0.06730574906321456
7200.0,robot_disturbed,nominal,belief_horizon,114.5,8.803408430829505,135.6,8.961988695558055,0.904,0.05974659130372036,47.75702188185014,3.831057337073956,0.006632823125330024,0.0005320926069288149,7200.10535290801,0.07247027056328376,11824.333333333334,351.16773998930375,475.1,45.81096842008698,290.46666666666664,18.157801274560647,229.83333333333334,15.750387698202168,31.92082623336976,2.1874801658347645,4894.837231926435,321.6060105444109,0.6798284507410117,0.044665114429176915,7336.3,498.72818593726566,0.6212055188771067,0.04934671340292797,0.20868865014410326,0.024466056568089777,0.0,0.0,2002.2333333333333,140.2622379769368,183.7,13.794426660668131,135.6,8.961988695558055,48.1,8.392730844873007,48.1,8.392730844873007,1350.0,89.39065753853933,468.53333333333336,124.01382941050352,0.0,0.0,0.7393605192322864,0.033609234567983044,26234.3,3141.618989058634,149.26666666666668,2.099808420380025,-0.02660119563955996,0.03812459801090502,1.0333333333333334,0.18257418583505536,0.6324908757179314,0.08692782069604581,0.2028888888888889,0.130612272672476,0.5737777777777778,0.12231400246070183,0.7006666666666667,0.17486809478779322,0.019512450303410755,0.0917629205741428,0.043333333333333335,0.13308885632599346,0.019718129731941886,0.08345556541722976,0.012118471224616475,0.05310893723402507,0.0020863178763834912,0.0027433046211370322,0.008768447856711945,0.009154135172917827,0.9456504383051618,0.006334790469697331,1.0,0.0,996.4,29.70150350310281,17594.266666666666,2390.4233780727595,0.991829579272876,0.001077493892606989,0.9997777777777778,0.0012171612389003732,55.333333333333336,5.377689116143202,6780.666666666667,738.6105470610917,0.9185092972894383,0.010629495577591188,1.0,0.0,941.0666666666667,29.97117389038702,10813.6,1705.169353506546,0.9863467409626553,0.0017463807062258916,9127.5,1007.5700625934076,0.9424553693154707,0.009235828264205099,6227.9,1024.4653559380336,0.8337715825085572,0.027773687195521535,3235.266666666667,585.820611199151,7200.0,0.0,40000.0,0.0,40000.0,0.0,0.18,0.0,0.04527692569068708,0.0,0.09055385138137416,0.0,2.7166155414412247,0.0,1.25,0.0,3.67,0.0,1.25,0.0,3.67,0.0,0.009544769346843989,0.0,0.15904312808798324,0.0,1.0,0.0,0.8827613705439588,0.0085028396222972,1666.523768877111,209.49841639551695,0.096,0.05974659130372036,0.25027049482602737,0.08442533824160474,0.904,0.05974659130372036,0.6746136708662063,0.05389124366123576,0.9602222222222223,0.024226475073941343,-0.04212279514827496,0.06419302901180728,-0.056222222222222236,0.06542951712619112,0.0,0.0,0.0,0.0,0.04212279514827496,0.06419302901180728,0.056222222222222236,0.06542951712619112
7200.0,robot_disturbed,nominal,belief_orienteering,114.5,8.803408430829505,133.66666666666666,12.589906557494256,0.8911111111111112,0.083932710383295,47.06976939963388,4.865112775577825,0.00672903712787677,0.0013745638682447449,7094.930820634286,576.0384516942884,11526.1,877.294719086996,409.53333333333336,38.175396783009745,261.43333333333334,24.849454768643326,201.26666666666668,23.972589711402986,28.303589804556044,2.066845030185934,4805.5320193900325,611.8798052181868,0.6749360418734899,0.055062774986529464,7250.5,885.5755093489322,0.6276879786939326,0.05824726911569664,0.23217663119805768,0.040871993359054164,0.0,0.0,2059.9666666666667,362.7146197802053,179.1,18.259338659323404,133.66666666666666,12.589906557494256,45.43333333333333,8.198752358126512,45.43333333333333,8.198752358126512,1317.7333333333333,113.5863436829638,563.1333333333333,310.8743768162946,0.0,0.0,0.7473849336593498,0.02893468845764226,26351.6,4345.3724700476805,149.23333333333332,1.5905612397739592,-0.015881805143166564,0.027869789694368412,1.0333333333333334,0.18257418583505536,0.6152851748910918,0.08535461074685306,0.13642183770108124,0.11259594150648927,0.5335555555555556,0.1305629817729774,0.6635555555555556,0.16157020070960965,0.023211889891279203,0.0868215111925731,0.03491064491064491,0.1092897130223278,0.025017436267436265,0.09358455924527684,0.015372303658778794,0.05914374167278242,0.003491635475914157,0.005494724632908236,0.013624080955398665,0.020065722256135843,0.9474566781342401,0.007190358466445157,1.0,0.0,976.3333333333334,79.47210889333454,17851.133333333335,2322.85647178334,0.9919152059398317,0.0014471089286282187,0.9997777777777778,0.0012171612389003594,55.166666666666664,7.4049532971743535,6855.2,788.1279171512094,0.9214678622516506,0.011376071407757577,1.0,0.0,921.1666666666666,76.94381440189098,10995.933333333332,1632.9595077720048,0.9867590487682486,0.002053270792609531,9236.6,1135.6583264709323,0.9443093074635376,0.009312630188133693,6314.4,981.2977192438101,0.8400142085484978,0.02764821639256984,3276.4666666666667,564.5970631150687,7200.0,0.0,40000.0,0.0,40000.0,0.0,0.18,0.0,0.04527692569068708,0.0,0.09055385138137416,0.0,2.7166155414412247,0.0,1.25,0.0,3.67,0.0,1.25,0.0,3.67,0.0,0.009544769346843989,0.0,0.15904312808798324,0.0,1.0,0.0,0.8827613705439588,0.0085028396222972,1666.523768877111,209.49841639551695,0.10888888888888888,0.08393271038329503,0.26747619565286695,0.08393376322436474,0.8911111111111112,0.083932710383295,0.6746136708662063,0.05389124366123576,0.9602222222222223,0.024226475073941343,-0.059328495975114595,0.05937018087370318,-0.06911111111111114,0.08201454563698363,0.0,0.0,0.0,0.0,0.059328495975114595,0.05937018087370318,0.06911111111111114,0.08201454563698363
7200.0,robot_disturbed,nominal,belief_orienteering_depth1,114.5,8.803408430829505,130.56666666666666,16.125976759154206,0.8704444444444445,0.10750651172769472,46.006187360320915,5.491424148408477,0.006389677378739919,0.0007627048926465731,7200.082568074242,0.06581132576300791,11521.933333333332,325.34553868192154,371.56666666666666,34.54101343613708,249.36666666666667,18.38755826232985,193.06666666666666,18.440834249460952,26.814499395837313,2.5611122789926504,5016.863546872711,320.1575387258059,0.6967784914261203,0.044463875636305966,7556.6,485.93057543020603,0.6565834816352063,0.04920135159920543,0.22666749728415309,0.03096390612766087,0.0,0.0,2030.9,358.35845568176666,172.76666666666668,20.784084317562325,130.56666666666666,16.125976759154206,42.2,7.038808676630364,42.2,7.038808676630364,1277.5666666666666,135.1042211580106,580.5666666666667,292.8069486801881,0.0,0.0,0.7558512322846263,0.02662609560500738,24005.633333333335,3821.2781530514776,146.16666666666666,8.967694253813798,-0.017086287981642002,0.027310296683073214,1.0,0.0,0.5856597234375983,0.08659327694786861,0.11688888888888889,0.09988089970139256,0.48800000000000004,0.1095920683988522,0.6382222222222222,0.18104789343991098,0.03555764411027569,0.1005365202662079,0.0346969696969697,0.10117759971653235,0.03287617871658619,0.0907300143439941,0.01908082171240066,0.05312797213021538,0.0021305203592125867,0.001854629193893704,0.009174804480340195,0.00904328881331261,0.9455421571729212,0.007359181469348065,0.9957777777777779,0.021900739736860745,971.1666666666666,40.83024853466238,17181.9,2605.8183749924465,0.9911950248466985,0.0018015423503681721,0.99,0.03688025564858493,56.56666666666667,7.417050874718397,6501.833333333333,888.7492599864354,0.9195232986934901,0.011303743691005211,0.9957777777777779,0.021900739736860745,914.6,37.69533036112673,10680.066666666668,1784.6514570045615,0.985768699300888,0.0023895886067500974,8706.4,1124.0064302184458,0.942691027692284,0.011076355136883004,6181.866666666667,1090.7462720014485,0.8406548612498079,0.026022650528458667,3264.8,621.5521949397996,7200.0,0.0,40000.0,0.0,40000.0,0.0,0.18,0.0,0.04527692569068708,0.0,0.09055385138137416,0.0,2.7166155414412247,0.0,1.25,0.0,3.67,0.0,1.25,0.0,3.67,0.0,0.009544769346843989,0.0,0.15904312808798324,0.0,1.0,0.0,0.8827613705439588,0.0085028396222972,1666.523768877111,209.49841639551695,0.12955555555555556,0.10750651172769472,0.2971016471063604,0.0837935342914457,0.8704444444444445,0.10750651172769472,0.6746136708662063,0.05389124366123576,0.9602222222222223,0.024226475073941343,-0.08895394742860803,0.08461586231330397,-0.08977777777777779,0.10977836722506058,0.0,0.0,0.0,0.0,0.08895394742860803,0.08461586231330397,0.08977777777777779,0.10977836722506058
7200.0,robot_disturbed,nominal,confirmed_route,114.5,8.803408430829505,140.36666666666667,8.930703850445823,0.9357777777777778,0.05953802566963882,49.55568473550734,3.5088787616743673,0.006882613530134131,0.0004873149099438369,7200.124410940946,0.07349391211199938,8780.3,193.00458275781233,255.96666666666667,23.398324922852964,253.9,23.45553386656371,162.96666666666667,22.43378507170999,22.633869058538284,3.1157547141132036,5498.111331051627,234.16444820628274,0.7636133325055592,0.03252112548728009,6664.166666666667,301.29606053175326,0.7589444634644401,0.02894980344917583,0.3601461363639224,0.04006723466356744,138.93333333333334,23.952443303969737,2535.8,347.51585426497775,185.46666666666667,13.198049315983273,140.36666666666667,8.930703850445823,45.1,7.2366404855596755,45.1,7.2366404855596755,1663.5,113.14554252423493,686.8333333333334,329.65133967136615,0.0,0.0,0.7577128938929203,0.02780084750758208,26554.9,3360.0911969356034,149.6,0.6746646676632053,-0.06658571134463273,0.031200188015378168,1.0333333333333334,0.18257418583505536,0.589247179428344,0.07662757236491408,0.05860631860206312,0.062062816484430836,0.3026666666666667,0.16241095408765635,0.6201144905227317,0.14162347192137092,0.06956734202946326,0.1306458618244604,0.15498677248677248,0.2787374867681083,0.07549261740438212,0.12692488421327683,0.04416979683797574,0.07774992375808358,0.0022672312132311686,0.0029263405475899113,0.014895956880866286,0.011476466152419857,0.96239043751762,0.004457607780494628,1.0,0.0,735.2333333333333,36.41682382459054,19096.833333333332,2658.3543792630676,0.9941728555543743,0.0009770979786432677,0.9995555555555556,0.0016913875446830865,40.833333333333336,6.034860415111941,7038.066666666667,838.6241167504082,0.9445870337524546,0.007207569262500497,1.0,0.0,694.4,34.61671910189223,12058.766666666666,1873.0535769963576,0.9900350234265374,0.0017550533125511155,9458.933333333332,1148.0967138563788,0.9623816394788214,0.005607527160982349,6891.266666666666,1096.4186506400117,0.8858705961003283,0.017385362489174796,3481.866666666667,588.3774142582254,7200.0,0.0,40000.0,0.0,40000.0,0.0,0.18,0.0,0.04527692569068708,0.0,0.09055385138137416,0.0,2.7166155414412247,0.0,1.25,0.0,3.67,0.0,1.25,0.0,3.67,0.0,0.009544769346843989,0.0,0.15904312808798324,0.0,1.0,0.0,0.8827613705439588,0.0085028396222972,1666.523768877111,209.49841639551695,0.06422222222222222,0.05953802566963882,0.2935141911156148,0.07458117002022387,0.9357777777777778,0.05953802566963882,0.6746136708662063,0.05389124366123576,0.9602222222222223,0.024226475073941343,-0.0853664914378624,0.06275612694643697,-0.024444444444444456,0.04943615669488451,0.0,0.0,0.0,0.0,0.0853664914378624,0.06275612694643697,0.024444444444444456,0.04943615669488451
7200.0,robot_disturbed,nominal,greedy,114.5,8.803408430829505,29.9,7.203208097545962,0.19933333333333333,0.048021387316973085,10.611158712484428,2.6097779930137204,0.0014737522904850733,0.0003624666397944048,7200.097978117398,0.0733697475473971,10010.433333333332,418.99120913610255,331.7,48.008009389238815,330.7,48.008009389238815,303.1333333333333,45.364222066273335,42.10126246544003,6.3003690848629965,6909.875801533726,124.85238788359283,0.9596918966276237,0.017339461932969934,9591.266666666666,410.4842332503485,0.9581979832129403,0.014725722689782748,0.08383981562494824,0.018993944323428085,0.0,0.0,518.3666666666667,115.55666868753583,39.56666666666667,8.728405207783627,29.9,7.203208097545962,9.666666666666666,4.1133368728910416,9.666666666666666,4.1133368728910416,418.03333333333336,93.96128451924093,60.766666666666666,38.532282330653544,0.0,0.0,0.7568691666317149,0.0829042253083791,13094.633333333333,2671.996792834816,129.43333333333334,22.55366524740389,-0.005337923078493951,0.02720318199561916,0.0,0.0,0.15322977352687026,0.039279274751357215,0.08,0.033218191941495986,0.14745296632804558,0.05414864282355049,0.17044444444444445,0.05568613007755206,0.02462886706789146,0.08715184308416124,0.018958785284392973,0.050952179463129445,0.016048745121477474,0.043178595323914576,0.008576227576469534,0.02314688930350762,0.006555020755349808,0.0031349760337240494,0.020033685167203216,0.011627172420078248,0.9108228331653063,0.016653011470102133,0.974,0.07818535791035865,837.9333333333333,42.472655165195505,8890.333333333334,1906.2575238215943,0.98474643806104,0.004100443307083445,0.9466666666666667,0.11319125644853699,46.46666666666667,8.114411756924808,3104.3333333333335,571.202381752335,0.8745450622175271,0.025554351206503147,0.9737777777777779,0.07811835667795283,791.4666666666667,40.9623320097643,5786.0,1401.9063867610346,0.9744707746818784,0.004851712045583734,4233.533333333334,794.9661338843238,0.9069714335012048,0.019952196757097317,3305.0,767.7240883690371,0.7867815111291588,0.053426342688788174,2189.733333333333,558.6750294274367,7200.0,0.0,40000.0,0.0,40000.0,0.0,0.18,0.0,0.04527692569068708,0.0,0.09055385138137416,0.0,2.7166155414412247,0.0,1.25,0.0,3.67,0.0,1.25,0.0,3.67,0.0,0.009544769346843989,0.0,0.15904312808798324,0.0,1.0,0.0,0.8827613705439588,0.0085028396222972,1666.523768877111,209.49841639551695,0.8006666666666666,0.04802138731697308,0.7295315970170885,0.03935501370575232,0.19933333333333333,0.048021387316973085,0.6746136708662063,0.05389124366123576,0.9602222222222223,0.024226475073941343,-0.5213838973393361,0.06782037650766856,-0.760888888888889,0.04793780559870686,0.0,0.0,0.0,0.0,0.5213838973393361,0.06782037650766856,0.760888888888889,0.04793780559870686
7200.0,robot_disturbed,nominal,lawnmower_collect,114.5,8.803408430829505,41.166666666666664,13.1361132480033,0.2744444444444445,0.087574088320022,14.464194214755945,4.622326403315066,0.002008874011620251,0.0006419764037303074,7200.149999994223,0.0,12151.0,0.0,69.0,0.0,68.0,0.0,48.1,4.992062665389169,6.6804163802196594,0.6933275925353182,5529.47999999515,611.7873481968146,0.7679673340138172,0.08496869484626085,9321.3,1030.171433674328,0.7671220475681013,0.08478079447570801,0.2926470588235294,0.07341268625572307,0.0,0.0,666.3333333333334,275.65837594726753,54.06666666666667,17.338283996809576,41.166666666666664,13.1361132480033,12.9,5.161862801955016,12.9,5.161862801955016,424.2,131.59457068771022,188.06666666666666,136.16038548238853,0.0,0.0,0.7614458461406746,0.05240047946506526,7798.6,2672.437897733337,64.16666666666667,18.69553391871297,-0.05347976943474332,0.014574513182224367,0.0,0.0,0.11720766898150595,0.03848885982836172,0.017555555555555557,0.01280365528906394,0.043111111111111114,0.024742866665569303,0.07333333333333333,0.036807462178621485,0.0,0.0,0.0,0.0,0.0,0.0,0.0,0.0,0.004615981159379764,0.0010226769229274965,0.01896458882452684,0.0024723949396283796,0.9070338883138779,0.039978120340092856,0.7044444444444444,0.15070036581053095,1019.9666666666667,26.53622551094666,11044.5,3077.0453892632477,0.978150440954791,0.014295370554783754,0.5326666666666667,0.1398778887272369,59.233333333333334,7.686456218271349,3084.5666666666666,938.010833086967,0.883023802615212,0.04516443624290798,0.7044444444444444,0.15070036581053095,960.7333333333333,27.735118200743184,7959.933333333333,2158.2299569615925,0.9602523843718297,0.02810537437179493,3863.5,1194.5980639875315,0.9156166341150068,0.031587362534630105,4592.433333333333,1152.0922701114591,0.8423408540102917,0.052401620081950484,3608.5333333333333,770.9450865248326,7200.0,0.0,40000.0,0.0,40000.0,0.0,0.18,0.0,0.04527692569068708,0.0,0.09055385138137416,0.0,2.7166155414412247,0.0,1.25,0.0,3.67,0.0,1.25,0.0,3.67,0.0,0.009544769346843989,0.0,0.15904312808798324,0.0,1.0,0.0,0.8827613705439588,0.0085028396222972,1666.523768877111,209.49841639551695,0.7255555555555555,0.08757408832002202,0.7655537015624528,0.03985373680902114,0.2744444444444445,0.087574088320022,0.6746136708662063,0.05389124366123576,0.9602222222222223,0.024226475073941343,-0.5574060018847005,0.05844576176979935,-0.6857777777777778,0.09523084810959657,0.0,0.0,0.0,0.0,0.5574060018847005,0.05844576176979935,0.6857777777777778,0.09523084810959657
7200.0,robot_disturbed,nominal,oracle_current_physics,114.5,8.803408430829505,150.0,0.0,1.0,0.0,53.11786066270438,2.3316972296569363,0.03223942340424797,0.003251116388471655,1666.523768877111,209.49841639551695,2552.266666666667,246.5566918557486,155.13333333333333,3.6646807579202925,152.46666666666667,3.5109025594011,8.6,3.317664321736624,5.231789941782652,1.9967625854505973,71.21578245010912,64.71060811823179,0.042636538718029506,0.03662835490730343,132.3,83.73445300884013,0.05160806208806182,0.03020901277302091,0.9439316230397521,0.020735368297034852,0.0,0.0,1799.1666666666667,172.0565430984492,200.26666666666668,8.161868165685046,150.0,0.0,50.266666666666666,8.161868165685044,50.266666666666666,8.161868165685044,1402.7666666666667,57.318639523122066,196.13333333333333,155.5288493769106,0.0,0.0,0.7501942946888072,0.030308961485140687,7165.633333333333,1185.3774164966323,150.0,0.0,-0.06715905344086884,0.01546563075385355,1.2666666666666666,0.4497764451088036,0.8827613705439588,0.0085028396222972,0.5490034804047765,0.05928477546928515,0.9908888888888889,0.011139427519677824,0.9933333333333333,0.0,0.0,0.0,0.0,0.0,0.0,0.0,0.0,0.0,0.01517671771309495,0.006247330632313091,0.06776743564404036,0.014377864736102626,0.9645349001210861,0.0045523928342692385,1.0,0.0,216.03333333333333,21.49335636460932,5909.466666666666,438.643892431909,0.9944318012697675,0.001971341094298625,0.9995555555555556,0.0016913875446830902,12.133333333333333,3.803204940059364,2201.8,189.81050441481602,0.9475963308964619,0.0063531802309168975,0.9993333333333333,0.0020341905108624513,203.9,19.50835364834679,3707.6666666666665,295.6502282618168,0.9914585578787587,0.0017117688673556658,3089.266666666667,282.3404564233284,0.9609824622783023,0.005770468214901349,1984.3666666666666,192.15250468695763,0.8912180112304047,0.017294234717084838,1051.8666666666666,114.39096098041573,7200.0,0.0,40000.0,0.0,40000.0,0.0,0.18,0.0,0.04527692569068708,0.0,0.09055385138137416,0.0,2.7166155414412247,0.0,1.25,0.0,3.67,0.0,1.25,0.0,3.67,0.0,0.009544769346843989,0.0,0.15904312808798324,0.0,1.0,0.0,0.8827613705439588,0.0085028396222972,1666.523768877111,209.49841639551695,0.0,0.0,0.0,0.0,1.0,0.0,0.6746136708662063,0.05389124366123576,0.9602222222222223,0.024226475073941343,,,,,,,,,,,,
7200.0,static_calm,nominal,adaptive_mission,114.5,8.803408430829505,110.7,7.042481929273082,0.738,0.04694987952848722,38.088238009892585,2.751043871531597,0.005289977545433383,0.00038208441137237424,7200.075325623321,0.059384455645916046,12999.233333333334,263.4625777697042,441.3,21.520078835902257,333.93333333333334,14.260950622019495,241.13333333333333,12.494780519476324,33.49039099331888,1.7353826895308737,4651.345959663045,263.1699764903964,0.6460135084158293,0.03655096138861336,8226.9,368.6507879393121,0.6332857301607393,0.034335734214383365,0.27800640557211215,0.016676638105007836,2.3666666666666667,3.4986039908880042,1259.8333333333333,80.71409026815637,148.86666666666667,9.747619809677788,110.7,7.042481929273082,38.166666666666664,7.741884887364019,38.166666666666664,7.741884887364019,1097.6666666666667,68.78619214555391,13.3,12.80665236615667,0.0,0.0,0.7448043411753048,0.04200166133077316,0.0,0.0,0.0,0.0,-0.27756187367676927,0.029281634209836146,1.0,0.0,0.4816719087895968,0.04219414608649636,0.1953333333333333,0.04868067819082613,0.3697777777777777,0.06686713155390894,0.479321226907595,0.061038507370062806,0.21316092781737336,0.14567383829477842,0.0640776993303853,0.04915641099386209,0.08766849949863734,0.05426575480201694,0.046661389820995575,0.029817046784998653,0.004497395331631423,0.0010180306085408094,0.01074069565603978,0.0031163746816138455,0.937733640530493,0.004416700035650031,0.9964444444444445,0.017129959266442767,1097.4,43.352285864244436,16591.2,1109.436837567477,0.9883103435643704,0.001752549895223656,0.9906666666666666,0.025042492623171694,61.6,7.112882921029691,5243.766666666666,366.20002856299766,0.916022068987402,0.006153222758788074,0.9964444444444445,0.017129959266442767,1035.8,42.258155711506525,11347.433333333332,820.3412108987642,0.9803327667203615,0.0023650892460630704,6931.3,526.6611912271754,0.9417152034963062,0.005452158503296693,6741.5,510.39577273679123,0.856351138257686,0.016521137718798325,4015.8,402.8741054319404,7200.0,0.0,40000.0,0.0,40000.0,0.0,0.18,0.0,0.0,0.0,0.0,0.0,0.0,0.0,1.25,0.0,3.67,0.0,1.25,0.0,3.67,0.0,0.0095447693468439,0.0,0.1590431280879832,0.0,1.0,0.0,0.8880363878094554,0.009227332807385665,1833.2005986560296,200.15051778741258,0.262,0.04694987952848721,0.4063644790198585,0.03715415929350154,0.738,0.04694987952848722,0.4832074677224468,0.054053966640419275,0.7548888888888889,0.04738958397391713,-0.0015355589328500045,0.03814940930972443,-0.0168888888888889,0.06741495754384608,0.014986656803298281,0.02389212267708363,0.017555555555555546,0.029111140358559193,0.016522215736148285,0.01929356389308109,0.03444444444444445,0.04945940193063284
7200.0,static_calm,nominal,belief_horizon,114.5,8.803408430829505,112.46666666666667,8.101653017082098,0.7497777777777778,0.05401102011388066,39.19083054992071,3.0226927425768135,0.005443112136883877,0.00041982408038789145,7200.0788177644345,0.06388659527146484,13020.566666666668,235.5884317945225,439.03333333333336,20.71561685321476,325.26666666666665,18.409018279717916,230.8,16.009479950200202,32.05521177732247,2.2236183740530095,4504.662677517857,319.72137330606034,0.6256407851128756,0.04440580356270284,7984.966666666666,516.2089581804515,0.6136020229813923,0.0433758384710421,0.2906395941867496,0.023130936858905906,0.0,0.0,1271.8333333333333,116.29038663186441,150.0,14.134818833231504,112.46666666666667,8.101653017082098,37.53333333333333,9.265186353275338,37.53333333333333,9.265186353275338,1108.6,96.63853732622266,13.233333333333333,13.26567604457233,0.0,0.0,0.7525709004538252,0.044802312688832474,0.0,0.0,0.0,0.0,-0.27072687129422385,0.028788015470053985,1.0,0.0,0.4791443189594474,0.05894524712879129,0.18555555555555553,0.06037134976365925,0.3533212705915559,0.09094410700033832,0.4557777777777778,0.1001222751800448,0.14195560269673205,0.10099489133648777,0.07990221714885805,0.08003272832985155,0.08801534875123468,0.06525508506915839,0.04722449614466844,0.03611685230063919,0.004563506578761383,0.0009752419276664238,0.011461716681541657,0.0037858624588845784,0.937665112549707,0.004592093845075528,0.9924444444444445,0.0222650927472737,1095.8333333333333,39.52832535976105,16568.333333333332,1321.1833340982055,0.9884071367848429,0.0014338511864893312,0.98,0.03863573872094862,61.166666666666664,7.144244528643844,5237.8,416.29353039445135,0.9158908763696514,0.006384728804689027,0.9924444444444445,0.0222650927472737,1034.6666666666667,37.66854842212382,11330.533333333333,959.1487149922395,0.9803128939005451,0.002098872427496233,6941.433333333333,600.4567045366289,0.9419664784532664,0.005661517173580494,6688.366666666667,558.3169587579995,0.856142617509144,0.015323282342053808,4034.366666666667,444.42155223611076,7200.0,0.0,40000.0,0.0,40000.0,0.0,0.18,0.0,0.0,0.0,0.0,0.0,0.0,0.0,1.25,0.0,3.67,0.0,1.25,0.0,3.67,0.0,0.0095447693468439,0.0,0.1590431280879832,0.0,1.0,0.0,0.8880363878094554,0.009227332807385665,1833.2005986560296,200.15051778741258,0.25022222222222223,0.054011020113880634,0.4088920688500079,0.05551362253344987,0.7497777777777778,0.05401102011388066,0.4832074677224468,0.054053966640419275,0.7548888888888889,0.04738958397391713,-0.00406314876299936,0.016261715517442068,-0.005111111111111122,0.01562818294527989,0.0,0.0,0.0,0.0,0.00406314876299936,0.016261715517442068,0.005111111111111122,0.01562818294527989
7200.0,static_calm,nominal,belief_orienteering,114.5,8.803408430829505,104.13333333333334,8.947098675696145,0.6942222222222223,0.059647324504640956,36.24241263556587,3.290639642649698,0.005033599736506724,0.00045702065681536673,7200.097285932586,0.057182159829996165,12815.566666666668,220.37924730717737,362.93333333333334,19.465147161606282,279.93333333333334,14.35013716943532,194.1,11.695416137132089,26.95796939005419,1.6243447123531853,4383.0608451564385,258.8132660163733,0.6087502103179232,0.03594557594064763,7681.766666666666,416.37405955614537,0.5996081337156234,0.034545652065593194,0.3065592973696013,0.02459970923210331,0.0,0.0,1166.0666666666666,93.69132493361428,137.4,12.39465958414738,104.13333333333334,8.947098675696145,33.266666666666666,7.8165753738266135,33.266666666666666,7.8165753738266135,1018.2666666666667,82.6229213138629,10.4,10.562131446334835,0.0,0.0,0.7592804231270782,0.04212665150022365,0.0,0.0,0.0,0.0,-0.2831525835788313,0.027213359602821556,1.0,0.0,0.4139177776143781,0.058265809656412294,0.14022222222222216,0.039206041184867514,0.2751111111111111,0.06057029944591715,0.38711111111111113,0.08363271891462314,0.16775003891876955,0.20490551355005962,0.05957053188804291,0.06034273576153179,0.07201621855770099,0.05724161236710111,0.03824617293853375,0.031129647753914073,0.00550069025616388,0.001600746098318639,0.01333754227288882,0.005745975795020635,0.9457524516723855,0.005698319384974156,0.9928888888888888,0.025123958331595867,1085.2333333333333,40.98921921620398,19107.2,1970.1070931857205,0.9894770296200069,0.0016807170077473134,0.9808888888888888,0.039836190763027274,62.53333333333333,8.795505644374852,5930.833333333333,642.4501098748142,0.9273005033879974,0.007662105642638274,0.9928888888888888,0.025123958331595867,1022.7,36.05948151175432,13176.366666666667,1373.8217894601185,0.9826637969374314,0.002782258806824212,7820.966666666666,870.7103910356595,0.9503023619561882,0.005800737726897729,7831.5,829.0285444942211,0.873613014478153,0.015350366419689608,4539.966666666666,538.1094289001676,7200.0,0.0,40000.0,0.0,40000.0,0.0,0.18,0.0,0.0,0.0,0.0,0.0,0.0,0.0,1.25,0.0,3.67,0.0,1.25,0.0,3.67,0.0,0.0095447693468439,0.0,0.1590431280879832,0.0,1.0,0.0,0.8880363878094554,0.009227332807385665,1833.2005986560296,200.15051778741258,0.3057777777777778,0.059647324504640956,0.4741186101950773,0.05366379993600413,0.6942222222222223,0.059647324504640956,0.4832074677224468,0.054053966640419275,0.7548888888888889,0.04738958397391713,-0.06928969010806875,0.05122007675393923,-0.060666666666666674,0.04827602627229874,0.0,0.0,0.0,0.0,0.06928969010806875,0.05122007675393923,0.060666666666666674,0.04827602627229874
7200.0,static_calm,nominal,belief_orienteering_depth1,114.5,8.803408430829505,95.2,8.42164698447011,0.6346666666666666,0.056144313229800714,32.82212896863818,3.410071056969506,0.004558564783244537,0.0004736232529218204,7200.103036950127,0.06583994809136973,12712.5,184.0578525992525,284.8,15.184838173152443,230.5,10.441132188575633,152.03333333333333,10.9339185433514,21.1154375461496,1.5185629160156202,4247.121737688694,258.97865471545975,0.5898695246347686,0.03596774217897277,7456.333333333333,387.6694586827834,0.5867029382093759,0.03272895288531766,0.34080912638849686,0.029208593158721666,0.0,0.0,1077.7333333333333,106.4897383216622,126.9,12.388398354634205,95.2,8.42164698447011,31.7,5.96628458289897,31.7,5.96628458289897,937.6333333333333,88.844103420788,13.2,11.727950698489778,0.0,0.0,0.7514155885006211,0.03153320116474035,0.0,0.0,0.0,0.0,-0.295681641962665,0.0281760833309067,0.9333333333333333,0.2537081317024624,0.371038855062345,0.04788707803385919,0.12399999999999996,0.03085499394491913,0.2393333333333333,0.04623279425221685,0.34955555555555556,0.0645570426032723,0.1385522091061496,0.0849378929191993,0.07696055887512047,0.06455999253343393,0.08806605379292057,0.05658332729068966,0.04695840958242372,0.03138091000488883,0.006893021500192836,0.001679876138305038,0.01732134901178206,0.006969381872199493,0.9502490397122475,0.004854403472128525,0.9948888888888889,0.014080592696221403,1073.5,27.814347575208043,20699.866666666665,2166.5019753499887,0.9905446829133753,0.0016742893724363312,0.9782222222222222,0.03052206454370701,60.0,8.170594879790281,6364.366666666667,717.6923980097042,0.9333832028109097,0.006425478121368056,0.9948888888888889,0.014080592696221403,1013.5,26.337006873114543,14335.5,1513.2306328765164,0.983470252278868,0.0026293485058742887,8285.466666666667,935.4140788178115,0.9561072294589813,0.005296644808887205,8563.2,933.4762764102202,0.8834016616611644,0.013397939016498711,4924.7,613.2080228685409,7200.0,0.0,40000.0,0.0,40000.0,0.0,0.18,0.0,0.0,0.0,0.0,0.0,0.0,0.0,1.25,0.0,3.67,0.0,1.25,0.0,3.67,0.0,0.0095447693468439,0.0,0.1590431280879832,0.0,1.0,0.0,0.8880363878094554,0.009227332807385665,1833.2005986560296,200.15051778741258,0.36533333333333334,0.056144313229800714,0.5169975327471104,0.04352506574237444,0.6346666666666666,0.056144313229800714,0.4832074677224468,0.054053966640419275,0.7548888888888889,0.04738958397391713,-0.11216861266010181,0.05789704786408894,-0.12022222222222224,0.06855896772993395,0.0,0.0,0.0,0.0,0.11216861266010181,0.05789704786408894,0.12022222222222224,0.06855896772993395
7200.0,static_calm,nominal,confirmed_route,114.5,8.803408430829505,88.76666666666667,8.426900004044244,0.5917777777777778,0.05617933336029497,30.692045398507915,3.011071564929379,0.004262729127707684,0.0004181910369033717,7200.091326736845,0.06707036065826985,8977.833333333334,144.6246231082225,252.83333333333334,19.390867621806837,250.66666666666666,19.158743989739197,165.8,16.095405212840006,23.027490090510334,2.2354962822895024,5159.546094586098,276.8446493776282,0.7165945782176755,0.03845111974473414,6452.866666666667,318.1019933306293,0.7187647855198481,0.03361175187184047,0.3391469141113805,0.027964954270568165,149.43333333333334,17.14981317548453,1191.1333333333334,98.1282529294622,118.76666666666667,10.341357655594333,88.76666666666667,8.426900004044244,30.0,4.339076653724447,30.0,4.339076653724447,1058.8,81.92191404013948,13.566666666666666,16.41211355262837,0.0,0.0,0.7474790079635257,0.02904824125890789,0.0,0.0,0.0,0.0,-0.2851896756614014,0.03157644715702053,0.9,0.30512857662936466,0.33146707505175177,0.053873856857113746,0.09805394745611798,0.04230810559944919,0.2149029073566376,0.06765313732868497,0.30311111111111105,0.08464907652072162,0.17350215358343665,0.03923069336183275,0.21785251210792708,0.06520874809253656,0.19015975592697806,0.04319631504316713,0.10567415779140339,0.026198843341230217,0.009298104588619606,0.0015190929267520788,0.02967284255912282,0.005400737627825016,0.9537480186878237,0.004801085943585201,0.9937777777777778,0.012494698748155258,755.6333333333333,29.73733672342395,15755.866666666667,1849.7327250235346,0.991183136751533,0.0016385535523699925,0.9520000000000001,0.03727910675923291,41.93333333333333,6.252907369753101,4777.7,603.7152874293164,0.9383312139970281,0.006339910372510447,0.9937777777777778,0.012494698748155258,713.7,28.82784812618185,10978.166666666666,1281.3955776561666,0.9849647290828616,0.0026239053213320237,6315.3,796.8252588262048,0.9570871556224045,0.0053084046361311565,6362.9,789.7838355503054,0.8962737698455473,0.012462223188455027,3833.3,461.0427573858318,7200.0,0.0,40000.0,0.0,40000.0,0.0,0.18,0.0,0.0,0.0,0.0,0.0,0.0,0.0,1.25,0.0,3.67,0.0,1.25,0.0,3.67,0.0,0.0095447693468439,0.0,0.1590431280879832,0.0,1.0,0.0,0.8880363878094554,0.009227332807385665,1833.2005986560296,200.15051778741258,0.4082222222222222,0.056179333360294965,0.5565693127577035,0.050447897722952745,0.5917777777777778,0.05617933336029497,0.4832074677224468,0.054053966640419275,0.7548888888888889,0.04738958397391713,-0.151740392670695,0.06215482893842491,-0.16311111111111112,0.06446320244905017,0.0,0.0,0.0,0.0,0.151740392670695,0.06215482893842491,0.16311111111111112,0.06446320244905017
7200.0,static_calm,nominal,greedy,114.5,8.803408430829505,80.13333333333334,9.306035614082653,0.5342222222222223,0.062040237427217704,28.199898204154955,3.7237940013796096,0.003916596688459526,0.0005171937160693754,7200.10447211973,0.0790031464226032,11049.733333333334,211.0232759401332,461.7,25.376000065225902,460.06666666666666,25.363472694535265,382.56666666666666,22.967268063460438,53.133479482200876,3.1896953552490213,6118.456560751941,194.5252805987989,0.849773258181569,0.027015543664555042,9531.7,298.1217235777445,0.8626188215362646,0.021359695695424362,0.1684795418055608,0.017715784342686274,0.0,0.0,1154.1666666666667,116.30936254701064,106.5,12.672941579438534,80.13333333333334,9.306035614082653,26.366666666666667,5.301160141947677,26.366666666666667,5.301160141947677,1036.9666666666667,102.17445639801507,10.7,10.491868772760531,0.0,0.0,0.7533182138513527,0.0335857836288332,0.0,0.0,0.0,0.0,-0.29987947830320477,0.046442714401799666,0.6,0.4982728791224398,0.3449770147421392,0.06564063552554524,0.15178637289023306,0.05840298935508972,0.25955555555555554,0.08237719681003002,0.3457777777777778,0.09887851338225383,0.2538882800543599,0.061108227848525286,0.18217988098883917,0.07718286646364808,0.20137470260905982,0.05182061025667039,0.11284774050857609,0.03187882434121637,0.008626788847321014,0.0019593321073379678,0.024599126128375386,0.0066465726779589,0.9488635495498863,0.008111714107668368,0.9753333333333334,0.06710545255381344,936.0333333333333,44.453372187614455,17764.833333333332,2699.837211993414,0.9902521222532493,0.00177232305153554,0.9584444444444444,0.08645745452630041,51.166666666666664,6.4811840836715,5297.366666666667,754.622467076148,0.932195106754621,0.011187989178868289,0.9753333333333334,0.06710545255381344,884.8666666666667,43.7687759381781,12467.466666666667,1976.7225876449497,0.983405825283098,0.0025988711945949877,7152.633333333333,968.3191438610601,0.9535877386990583,0.008420933306032536,7294.766666666666,1144.7746859575448,0.8812788363320643,0.022475153370625695,4253.466666666666,754.2097820913613,7200.0,0.0,40000.0,0.0,40000.0,0.0,0.18,0.0,0.0,0.0,0.0,0.0,0.0,0.0,1.25,0.0,3.67,0.0,1.25,0.0,3.67,0.0,0.0095447693468439,0.0,0.1590431280879832,0.0,1.0,0.0,0.8880363878094554,0.009227332807385665,1833.2005986560296,200.15051778741258,0.46577777777777774,0.06204023742721768,0.5430593730673162,0.06355351401322779,0.5342222222222223,0.062040237427217704,0.4832074677224468,0.054053966640419275,0.7548888888888889,0.04738958397391713,-0.1382304529803076,0.07121727848651327,-0.2206666666666667,0.06790459839185135,0.0,0.0,0.0,0.0,0.1382304529803076,0.07121727848651327,0.2206666666666667,0.06790459839185135
7200.0,static_calm,nominal,lawnmower_collect,114.5,8.803408430829505,19.166666666666668,8.674510155437112,0.12777777777777774,0.05783006770291409,6.62543098450642,3.244627446641292,0.0009201795774409334,0.00045063331272874696,7200.149999994223,0.0,12151.0,0.0,69.0,0.0,68.0,0.0,54.06666666666667,4.7192440462235155,7.509102819623208,0.6554369070404505,4419.034999996301,936.1953134108398,0.6137420748178641,0.13002441802067885,7480.866666666667,1571.6155038539239,0.6156585191890929,0.12934042497357617,0.20490196078431372,0.06940064773858112,0.0,0.0,238.1,114.44358646406806,25.5,11.80224993161371,19.166666666666668,8.674510155437112,6.333333333333333,4.155041253235876,6.333333333333333,4.155041253235876,210.23333333333332,99.78932405524301,2.3666666666666667,4.686615816993319,0.0,0.0,0.7758313969435604,0.11269783183951995,0.0,0.0,0.0,0.0,-0.35190720597805253,0.07909118555686029,0.0,0.0,0.06538475925926633,0.03352599530767678,0.01733333333333331,0.01481430395032338,0.03644444444444442,0.0233404477386054,0.05661111111070786,0.03131377273236022,0.24031509305546944,0.0522497286056862,0.08838007139141794,0.04962727004040642,0.12258601783015141,0.05473511530155347,0.06617667515104243,0.031293249629056885,0.014183976728571853,0.0007629261884402966,0.030738911278450874,0.005432261553268871,0.9261920971811984,0.03245282813791136,0.6037777777777777,0.15691160440332005,1018.4666666666667,37.84791100993678,14899.266666666666,5704.003675177355,0.9759414854857745,0.017952191495490204,0.312,0.1325424821653196,58.13333333333333,7.123217663742802,3086.866666666667,1361.72083658201,0.9143349430004416,0.03535915115151033,0.6037777777777777,0.15691160440332005,960.3333333333334,38.57490101744588,11812.4,4410.695109812527,0.9568221118896595,0.026662497811997116,3700.8333333333335,1568.2729812370555,0.9337037816634073,0.03299070629745087,6449.366666666667,2500.480981087761,0.897113457506464,0.04032483577602207,5767.533333333334,1786.0045127435235,7200.0,0.0,40000.0,0.0,40000.0,0.0,0.18,0.0,0.0,0.0,0.0,0.0,0.0,0.0,1.25,0.0,3.67,0.0,1.25,0.0,3.67,0.0,0.0095447693468439,0.0,0.1590431280879832,0.0,1.0,0.0,0.8880363878094554,0.009227332807385665,1833.2005986560296,200.15051778741258,0.8722222222222222,0.057830067702914094,0.822651628550189,0.030079507701433153,0.12777777777777774,0.05783006770291409,0.4832074677224468,0.054053966640419275,0.7548888888888889,0.04738958397391713,-0.4178227084631805,0.0559667191060592,-0.6271111111111112,0.06897016587142628,0.0,0.0,0.0,0.0,0.4178227084631805,0.0559667191060592,0.6271111111111112,0.06897016587142628
7200.0,static_calm,nominal,oracle_current_physics,114.5,8.803408430829505,150.0,0.0,1.0,0.0,53.11786066270438,2.3316972296569363,0.029235485409866667,0.0027213641346448205,1833.2005986560296,200.15051778741258,2602.733333333333,211.51358207523887,156.03333333333333,2.7099221687936983,153.36666666666667,2.671475549054381,5.766666666666667,2.5553639774934735,3.1581487121189955,1.3976902977826482,63.066965059434686,43.57670869942056,0.034368746608812645,0.02343716470318706,106.26666666666667,56.99481726790866,0.040689329758893486,0.021533957624929816,0.962662353574561,0.01599738633629985,0.0,0.0,1610.0666666666666,56.60932866545957,199.43333333333334,6.981173369083122,150.0,0.0,49.43333333333333,6.981173369083123,49.43333333333333,6.981173369083123,1397.2,48.887908384455336,13.433333333333334,10.516598812102353,0.0,0.0,0.753022888844725,0.026373071853701642,0.0,0.0,0.0,0.0,-0.12219912278379239,0.012555244347999445,1.3,0.46609159969939895,0.8880363878094554,0.009227332807385665,0.6254793437730466,0.06421543149824009,0.9908888888888888,0.008837976803086884,0.9933333333333333,0.0,0.0,0.0,0.0,0.0,0.0,0.0,0.0,0.0,0.011400306727695519,0.0027491857744700665,0.04556859717373881,0.0089975350957568,0.9565620892462278,0.005277571862040656,1.0,0.0,220.2,23.002848399334344,4865.166666666667,239.22231520481952,0.9933036540269143,0.001992107225084464,0.9995555555555555,0.0016913875446831147,11.733333333333333,3.493178903316392,1744.1666666666667,73.7376913554851,0.9371622030440836,0.007459261882353929,0.9986666666666667,0.002712254014483288,208.46666666666667,20.721026025277553,3121.0,178.7114800549989,0.988261189463205,0.0026906122036577922,2402.0666666666666,101.85789063718865,0.9554212879933711,0.005773888324897382,1736.4,122.48929580255941,0.877990072839283,0.017796915301455645,946.9,76.96096189089906,7200.0,0.0,40000.0,0.0,40000.0,0.0,0.18,0.0,0.0,0.0,0.0,0.0,0.0,0.0,1.25,0.0,3.67,0.0,1.25,0.0,3.67,0.0,0.0095447693468439,0.0,0.1590431280879832,0.0,1.0,0.0,0.8880363878094554,0.009227332807385665,1833.2005986560296,200.15051778741258,0.0,0.0,0.0,0.0,1.0,0.0,0.4832074677224468,0.054053966640419275,0.7548888888888889,0.04738958397391713,,,,,,,,,,,,
7200.0,strong_drift,nominal,adaptive_mission,114.5,8.803408430829505,144.1,3.3358036823075428,0.9606666666666667,0.02223869121538359,50.959853879803,2.484382760397471,0.007240235507692166,0.0010055049024788455,7104.544979905105,523.4550194663796,11590.833333333334,874.0765800638361,486.46666666666664,56.54826033687011,266.1333333333333,20.780848831578545,215.3,21.260534913957034,30.31891025162557,2.105401609137657,5029.081865403448,526.4197718750584,0.7068008679710018,0.04355880911558436,7329.833333333333,731.7562286451134,0.6327791048412703,0.05265097628040223,0.19228167489257125,0.028060305800656247,1.2333333333333334,2.9441155024818615,2187.866666666667,237.5276003321303,192.53333333333333,8.633268983029158,144.1,3.3358036823075428,48.43333333333333,7.784526355194171,48.43333333333333,7.784526355194171,1388.7,60.80276196085969,606.6333333333333,217.5763810922394,0.0,0.0,0.7495800691563527,0.030573340397103584,0.0,0.0,0.0,0.0,-0.028198754085059747,0.029655232671981068,1.0666666666666667,0.2537081317024624,0.7851236166615829,0.05648141814577629,0.5041362204378141,0.0449089736054121,0.8202222222222222,0.1480342026683104,0.8793333333333333,0.12402385137066287,0.0,0.0,0.0,0.0,0.0,0.0,0.0,0.0,0.0006251111994206373,0.0002811286202359584,0.003605614196310633,0.0017451916545525525,0.9299951621449483,0.007637459458148334,1.0,0.0,974.5,78.08163279101139,13048.5,1375.2002173978283,0.9894698711507998,0.0018528227186167168,0.9997777777777778,0.001217161238900378,54.53333333333333,7.771447889476617,5174.566666666667,479.4247043347231,0.8944167367176964,0.012122121699745253,1.0,0.0,919.9666666666667,73.91816693005076,7873.933333333333,970.0848499445573,0.981024943547072,0.0031558283792459006,6696.533333333334,648.4946352546203,0.928231344856794,0.00951911987720698,4768.033333333334,597.4392182810146,0.7964546656256887,0.03002177325251934,2558.4333333333334,424.3922781426712,7200.0,0.0,40000.0,0.0,40000.0,0.0,0.18,0.0,0.11503912377969502,2.9942504818417487e-17,0.23007824755939005,5.988500963683497e-17,6.902347426781702,0.0,1.25,0.0,3.67,0.0,1.25,0.0,3.67,0.0,0.009544769346843946,4.5017604203777786e-17,0.15904312808798324,1.9961669878944995e-17,1.0,0.0,0.8993174677726861,0.007516688615044553,1322.328241217823,185.42333075182557,0.03933333333333334,0.0222386912153836,0.11419385111110317,0.05145536303369751,0.9606666666666667,0.02223869121538359,0.8073272352493279,0.03414680796342104,0.989111111111111,0.009178240690412074,-0.022203618587745,0.042218263594486716,-0.028444444444444425,0.021149591870075268,0.0010791333188240437,0.005848926963924999,0.0,0.0,0.023282751906569043,0.041184811225467834,0.028444444444444425,0.021149591870075268
7200.0,strong_drift,nominal,belief_horizon,114.5,8.803408430829505,144.26666666666668,3.039207398187132,0.9617777777777778,0.020261382654580884,51.06602343492192,2.5109431508274502,0.007359293224694517,0.0011362401505304392,7030.7679566707875,650.1423183335227,11571.533333333333,1025.3967014781635,489.9,56.46564411673032,260.8333333333333,25.80842328860245,209.93333333333334,28.226831614414422,29.79546536519781,2.55179832408521,4900.239892942648,661.5021797925508,0.6945860201115064,0.05181615472569909,7156.6,949.2261675919912,0.6174346137381416,0.06086677419966263,0.19850956015440463,0.044027917861187954,0.0,0.0,2190.2,238.7177528321708,192.76666666666668,8.479928973894705,144.26666666666668,3.039207398187132,48.5,7.668790310576121,48.5,7.668790310576121,1388.0,60.53155347021289,609.4333333333333,224.08660322992634,0.0,0.0,0.7495246559357507,0.029990693503137548,0.0,0.0,0.0,0.0,-0.031331475285014725,0.02972857453753498,1.0666666666666667,0.2537081317024624,0.7851328323482524,0.05619466923078548,0.5041362204378141,0.045821114466818226,0.8155555555555555,0.1473685746933585,0.8808888888888888,0.12480462381322112,0.0,0.0,0.0,0.0,0.0,0.0,0.0,0.0,0.0006207400279700267,0.00025408026615298,0.0036710273276542664,0.0017206941871563738,0.9311302187605218,0.008305259613005512,1.0,0.0,974.1333333333333,92.27833957122868,13265.766666666666,1304.7578103533856,0.9898392733197595,0.0019219479987269117,0.9997777777777778,0.0012171612389003947,53.4,8.13506670807484,5255.233333333334,471.7284931656852,0.896087906950805,0.012764363947149972,1.0,0.0,920.7333333333333,87.39917672354827,8010.533333333334,916.5734439535762,0.9814441977809362,0.0030900188433583033,6775.3,639.7968508400362,0.9295845005832607,0.010200051683340186,4861.966666666666,579.2783550622948,0.8002093558078175,0.0292088304337073,2602.633333333333,407.7683151626358,7200.0,0.0,40000.0,0.0,40000.0,0.0,0.18,0.0,0.115039123779695,0.0,0.23007824755939,0.0,6.902347426781702,0.0,1.25,0.0,3.67,0.0,1.25,0.0,3.67,0.0,0.0095447693468439,0.0,0.1590431280879832,0.0,1.0,0.0,0.8993174677726861,0.007516688615044553,1322.328241217823,185.42333075182557,0.038222222222222185,0.02026138265458088,0.11418463542443363,0.051095548570093074,0.9617777777777778,0.020261382654580884,0.8073272352493279,0.03414680796342104,0.989111111111111,0.009178240690412074,-0.022194402901075463,0.041255449979929575,-0.027333333333333272,0.01872159406383942,0.0,0.0,0.0,0.0,0.022194402901075463,0.041255449979929575,0.027333333333333272,0.01872159406383942
7200.0,strong_drift,nominal,belief_orienteering,114.5,8.803408430829505,145.43333333333334,3.47089706513771,0.9695555555555555,0.02313931376758475,51.51134427927926,2.6681961791347297,0.007422546022164679,0.0009433925620469967,7007.132206733952,600.8341107973793,11593.833333333334,830.2223251607983,472.1666666666667,49.192151976630925,245.96666666666667,32.82816634762176,192.43333333333334,33.84516807904565,27.332192336851495,3.641664646582241,4829.277740326256,728.0781658388801,0.6852130691107217,0.06379697499246116,7117.4,1044.410858512736,0.6116236556133827,0.06988725999366123,0.2225974157329074,0.050074541919829026,0.0,0.0,2174.633333333333,202.69996229068147,192.23333333333332,8.637062612642847,145.43333333333334,3.47089706513771,46.8,7.043705921136141,46.8,7.043705921136141,1377.7666666666667,56.42430592263029,604.6333333333333,207.9350832605569,0.0,0.0,0.7575228317296964,0.02664144320833491,0.0,0.0,0.0,0.0,-0.018548889210492216,0.04097261177731002,1.1,0.30512857662936466,0.7671288396088428,0.05072090899979471,0.46444444444444444,0.09389540660684434,0.7323478736725172,0.18724895485460835,0.8437777777777777,0.13102230903993342,0.0,0.0,0.0,0.0,0.0,0.0,0.0,0.0,0.0005459441919679933,0.0003046268363582202,0.00403109475542399,0.0019266181720408648,0.9324275242060006,0.006452278208778888,1.0,0.0,970.8,79.2126774945909,13465.933333333332,1243.1514717077703,0.9898607284515836,0.0015209309131877762,0.9997777777777778,0.001217161238900403,54.6,8.648699324175862,5341.366666666667,420.93545113590585,0.8979777751759779,0.010430998962170016,1.0,0.0,916.2,74.8236547513206,8124.566666666667,891.3262370869268,0.9822728114265676,0.002501621684178319,6852.5,557.7513813952196,0.9310056330610565,0.007357487998289983,4953.433333333333,546.4127960417479,0.8029859244422844,0.026848591999866937,2630.8,384.4698454612085,7200.0,0.0,40000.0,0.0,40000.0,0.0,0.18,0.0,0.115039123779695,0.0,0.23007824755939,0.0,6.902347426781702,0.0,1.25,0.0,3.67,0.0,1.25,0.0,3.67,0.0,0.0095447693468439,0.0,0.1590431280879832,0.0,1.0,0.0,0.8993174677726861,0.007516688615044553,1322.328241217823,185.42333075182557,0.03044444444444441,0.023139313767584768,0.13218862816384322,0.05176931354112737,0.9695555555555555,0.02313931376758475,0.8073272352493279,0.03414680796342104,0.989111111111111,0.009178240690412074,-0.04019839564048504,0.049975551237424753,-0.0195555555555555,0.023155865890949576,0.0,0.0,0.0,0.0,0.04019839564048504,0.049975551237424753,0.0195555555555555,0.023155865890949576
7200.0,strong_drift,nominal,belief_orienteering_depth1,114.5,8.803408430829505,142.7,5.82592304363393,0.9513333333333335,0.03883948695755956,50.34764495423425,2.667394203679114,0.0070224782001667594,0.00043573980895056174,7174.232251406046,141.7166505243783,11737.866666666667,366.7261247507634,435.56666666666666,38.04143234307359,241.26666666666668,20.19377393522881,191.76666666666668,19.521311666878386,26.723377234199038,2.602800664767689,5055.7557779147455,375.0975926952571,0.7044611875082128,0.04723647329700055,7524.733333333334,602.9452387402529,0.6415256672867206,0.05396444091446435,0.20607197329162033,0.025276488534166437,0.0,0.0,2206.3,252.6723583806807,190.9,9.66454594256047,142.7,5.82592304363393,48.2,8.527440494035146,48.2,8.527440494035146,1381.9333333333334,69.54925485276395,633.4666666666667,224.35743239586327,0.0,0.0,0.748621701508145,0.035665556181262964,0.0,0.0,0.0,0.0,-0.019541918256145138,0.03708423077204187,1.0333333333333334,0.18257418583505536,0.7443686435861051,0.07248542799200641,0.4651111111111111,0.08526152390435547,0.7200000000000001,0.18822827911201673,0.8032914173763489,0.18484892094558336,0.01111111111111111,0.06085806194501846,0.00476190476190476,0.026082026547865043,0.006666666666666667,0.03651483716701108,0.0037037037037037034,0.020286020648339485,0.0007317697213408867,0.0004847892526966126,0.00368499709133575,0.0013412607701533067,0.931452980331043,0.005480908691272081,1.0,0.0,990.8,40.21699760737645,13528.0,984.3222769132,0.9896630444320074,0.0013837833063092308,0.9988888888888888,0.0049775998873523,55.7,6.79832636604851,5353.333333333333,364.8710053905526,0.8967375069091691,0.009344456619896668,1.0,0.0,935.1,38.39661443408779,8174.666666666667,710.0660645967766,0.9819720813680124,0.0017191187720653899,6882.133333333333,501.20652590443734,0.929663803946812,0.008649234293031023,4969.7,493.8444645558091,0.8021789218833153,0.02635545301856976,2666.9666666666667,298.93898389463027,7200.0,0.0,40000.0,0.0,40000.0,0.0,0.18,0.0,0.115039123779695,0.0,0.23007824755939,0.0,6.902347426781702,0.0,1.25,0.0,3.67,0.0,1.25,0.0,3.67,0.0,0.0095447693468439,0.0,0.1590431280879832,0.0,1.0,0.0,0.8993174677726861,0.007516688615044553,1322.328241217823,185.42333075182557,0.048666666666666636,0.03883948695755956,0.15494882418658093,0.07206865777162358,0.9513333333333335,0.03883948695755956,0.8073272352493279,0.03414680796342104,0.989111111111111,0.009178240690412074,-0.06295859166322276,0.06561418035585073,-0.037777777777777716,0.037563058943465934,0.0,0.0,0.0,0.0,0.06295859166322276,0.06561418035585073,0.037777777777777716,0.037563058943465934
7200.0,strong_drift,nominal,confirmed_route,114.5,8.803408430829505,147.26666666666668,1.9106477207072166,0.9817777777777777,0.012737651471381416,52.09903448457853,2.431401566666556,0.00732607505863575,0.0005033081700038853,7125.663669765256,287.9875052257368,8170.9,300.81055442781997,197.03333333333333,15.009154294752182,194.7,14.900011571391024,108.73333333333333,14.69678203889717,15.287138813865106,2.16569602165266,5454.081997516462,363.5959682712606,0.7649849892046404,0.03277578228880758,6123.333333333333,380.0454903200979,0.7490478232595342,0.030139279688905833,0.4434078605360023,0.04052585781933392,78.76666666666667,15.832492415660715,2802.733333333333,289.03190771636434,197.56666666666666,8.067317348127714,147.26666666666668,1.9106477207072166,50.3,7.791020472312981,50.3,7.791020472312981,1752.4666666666667,80.0907818249599,852.7,248.99815121872854,0.0,0.0,0.7465246990382846,0.03003050823779764,0.0,0.0,0.0,0.0,-0.04389703492828944,0.01645385612896378,1.1666666666666667,0.3790490217894517,0.7483118572617066,0.035248737581672004,0.27057032458344665,0.15189820125183803,0.7180346623795039,0.13969269896678932,0.8775555555555556,0.0859739483544738,0.041666666666666664,0.18665999577571113,0.027777777777777776,0.10795320872760072,0.031746031746031744,0.13075942394429432,0.02222222222222222,0.09522441062056096,0.00039508032819636,0.00019744358269148542,0.006575219993383646,0.002819411158703242,0.9518259364862628,0.005151136682873192,1.0,0.0,683.7,31.131700220525847,13657.366666666667,1542.7740685002393,0.9930419260875923,0.0014162013195688078,1.0,0.0,38.0,6.335450341884369,5487.066666666667,595.8647111744314,0.9259324837893532,0.00811077860808047,1.0,0.0,645.7,29.86307834560702,8170.3,991.5954107501149,0.9882412918539192,0.0019242722056195506,7303.6,815.4589822450533,0.9477477556002192,0.006218553325080088,4713.733333333334,584.3967672816094,0.8451306894628294,0.017647856368006087,2323.733333333333,277.8798963250296,7200.0,0.0,40000.0,0.0,40000.0,0.0,0.18,0.0,0.115039123779695,0.0,0.23007824755939,0.0,6.902347426781702,0.0,1.25,0.0,3.67,0.0,1.25,0.0,3.67,0.0,0.0095447693468439,0.0,0.1590431280879832,0.0,1.0,0.0,0.8993174677726861,0.007516688615044553,1322.328241217823,185.42333075182557,0.018222222222222226,0.012737651471381417,0.15100561051097952,0.035114433478741894,0.9817777777777777,0.012737651471381416,0.8073272352493279,0.03414680796342104,0.989111111111111,0.009178240690412074,-0.05901537798762136,0.035965023958308466,-0.007333333333333314,0.012047161475503597,0.0,0.0,0.0,0.0,0.05901537798762136,0.035965023958308466,0.007333333333333314,0.012047161475503597
7200.0,strong_drift,nominal,greedy,114.5,8.803408430829505,33.2,7.936819479380634,0.2213333333333333,0.052912129862537544,11.564696012632687,3.10890583661552,0.0016061852140577234,0.00043178997624341046,7200.105295588221,0.06543561797381842,9991.233333333334,291.3992028168552,336.1,33.32737303034021,335.1,33.32737303034021,305.3666666666667,33.321302426560386,42.41140765545106,4.627802761300723,6935.424832716885,106.69099583117749,0.9632393418070486,0.014816631092580336,9600.2,318.41746616450035,0.9608278760165734,0.012418936985604161,0.08932656287235181,0.0216554706450006,0.0,0.0,715.0333333333333,134.43508453533622,44.733333333333334,9.51200088937865,33.2,7.936819479380634,11.533333333333333,3.4314301163914385,11.533333333333333,3.4314301163914385,536.8666666666667,91.86862183662558,133.43333333333334,52.988406886486175,0.0,0.0,0.7404968964184241,0.06576720381105029,0.0,0.0,0.0,0.0,0.06220034489536692,0.020317374319202604,0.0,0.0,0.1632787422297155,0.04242036866547383,0.11777777777777775,0.06758751008726137,0.13755555555555551,0.0549603363308858,0.16555555555555554,0.05083466803096727,0.013675213675213673,0.07490223008617657,0.008205128205128203,0.04494133805170593,0.010256410256410256,0.05617667256463243,0.00606060606060606,0.03319530651546461,0.006354068560971056,0.0009625669351251234,0.018337359940522675,0.0068959105861398804,0.8946319004468466,0.015029406530733837,0.9826666666666667,0.053494010836749734,840.6333333333333,41.09994826184624,7283.933333333333,1139.320242992265,0.9829031163281805,0.0039297206278490916,0.9551111111111111,0.08430801643223604,45.9,8.044488368034866,2694.1,418.2755526337088,0.8495285774557264,0.02153660030549935,0.982,0.053308902450339084,794.7333333333333,39.91450633656831,4589.833333333333,785.599489225435,0.9701047796965944,0.006696617580186487,3591.7,547.4912784693469,0.8906274967103955,0.019046122799139212,2753.133333333333,468.5134034319641,0.7447059859968438,0.042278738025363166,1779.7333333333333,300.448851959328,7200.0,0.0,40000.0,0.0,40000.0,0.0,0.18,0.0,0.115039123779695,0.0,0.23007824755939,0.0,6.902347426781702,0.0,1.25,0.0,3.67,0.0,1.25,0.0,3.67,0.0,0.0095447693468439,0.0,0.1590431280879832,0.0,1.0,0.0,0.8993174677726861,0.007516688615044553,1322.328241217823,185.42333075182557,0.7786666666666667,0.052912129862537544,0.7360387255429706,0.043310646882488466,0.2213333333333333,0.052912129862537544,0.8073272352493279,0.03414680796342104,0.989111111111111,0.009178240690412074,-0.6440484930196124,0.05565980195663797,-0.7677777777777778,0.05319186217635174,0.0,0.0,0.0,0.0,0.6440484930196124,0.05565980195663797,0.7677777777777778,0.05319186217635174
7200.0,strong_drift,nominal,lawnmower_collect,114.5,8.803408430829505,42.9,12.001005704983,0.286,0.08000670469988666,15.093764310919399,4.154694477546378,0.002096312481119303,0.0005770288782247284,7200.149999994223,0.0,12151.0,0.0,69.0,0.0,68.0,0.0,47.13333333333333,4.24047275612075,6.546159917969923,0.5889422798308578,5634.574999994979,575.4659715738509,0.7825635577035894,0.07992416429856494,9494.733333333334,968.0435988091663,0.7813952212437933,0.07966781325069267,0.3068627450980392,0.062359893472363946,0.0,0.0,639.8,215.6500037976606,57.766666666666666,16.483394639775348,42.9,12.001005704983,14.866666666666667,5.309284862119044,14.866666666666667,5.309284862119044,444.4,123.21766554941819,137.63333333333333,83.88106659630247,0.0,0.0,0.7455821017634412,0.05239771070080598,0.0,0.0,0.0,0.0,0.050650217597919774,0.033111633260969095,0.0,0.0,0.1317924467592793,0.04069403891290228,0.016222222222222187,0.012340424594908831,0.05866666666666663,0.025394964354363392,0.09399999999999996,0.036988141415377776,0.0,0.0,0.0,0.0,0.0,0.0,0.0,0.0,0.005743514948758904,0.0008825029923231807,0.020125528670044412,0.0023841227320725547,0.9011052700509458,0.0297180025847187,0.7333333333333333,0.12066228480009847,1023.1666666666666,28.108267691974163,9988.0,2477.2361824114137,0.9765456422042177,0.010937627791365432,0.5384444444444444,0.12194695578628761,58.03333333333333,7.792495653238898,2688.1,723.052597409545,0.876733138543393,0.03352582617390229,0.7333333333333333,0.12066228480009847,965.1333333333333,28.89545165656322,7299.9,1774.133423237462,0.9577016275273231,0.01898059445074912,3280.4333333333334,884.8374362026885,0.9088950060407134,0.028887803566842445,4264.533333333334,989.2983488253207,0.8396200692381749,0.035522209797367914,3466.2,639.9610117434687,7200.0,0.0,40000.0,0.0,40000.0,0.0,0.18,0.0,0.115039123779695,0.0,0.23007824755939,0.0,6.902347426781702,0.0,1.25,0.0,3.67,0.0,1.25,0.0,3.67,0.0,0.0095447693468439,0.0,0.1590431280879832,0.0,1.0,0.0,0.8993174677726861,0.007516688615044553,1322.328241217823,185.42333075182557,0.7140000000000001,0.08000670469988666,0.7675250210134068,0.03961180992717072,0.286,0.08000670469988666,0.8073272352493279,0.03414680796342104,0.989111111111111,0.009178240690412074,-0.6755347884900487,0.0438237306468475,-0.7031111111111111,0.07974544430631601,0.0,0.0,0.0,0.0,0.6755347884900487,0.0438237306468475,0.7031111111111111,0.07974544430631601
7200.0,strong_drift,nominal,oracle_current_physics,114.5,8.803408430829505,150.0,0.0,1.0,0.0,53.11786066270438,2.3316972296569363,0.04072215849903796,0.004292549788918862,1322.328241217823,185.42333075182557,2125.6666666666665,193.5332695863469,165.33333333333334,4.985035076370445,162.46666666666667,5.076880207733697,20.2,5.3265761792265245,15.514263094953714,4.325553520950802,135.96538856457215,102.95888329055683,0.10296129517834399,0.07634612115200914,267.53333333333336,126.53546138733499,0.12521794949114107,0.05625929140512292,0.8764342101857001,0.028474472735077784,0.0,0.0,1983.3666666666666,149.11196518361473,198.7,7.737726655362245,150.0,0.0,48.7,7.737726655362248,48.7,7.737726655362248,1393.6333333333334,54.62946238907664,391.03333333333336,130.71883048619338,0.0,0.0,0.7559921140970348,0.028851865994587434,0.0,0.0,0.0,0.0,-0.06335882415408435,0.012862522881182191,1.2666666666666666,0.4497764451088037,0.8993174677726861,0.007516688615044553,0.6954494427612606,0.12039628329717504,0.9933333333333333,0.0,0.9933333333333333,0.0,0.0,0.0,0.0,0.0,0.0,0.0,0.0,0.0,0.022654025105409353,0.006662341511621178,0.1015552846546465,0.015523171547914903,0.9731407371881303,0.004020072489476532,0.9997777777777778,0.0012171612389003732,181.4,23.849528297222154,6615.466666666666,596.4956706108363,0.9958604762492572,0.0012848540508135049,0.9997777777777778,0.0012171612389003732,10.733333333333333,3.1941037632761264,2600.633333333333,238.91687824982895,0.9589142630868461,0.006069288200209787,0.9995555555555556,0.0016913875446830937,170.66666666666666,22.09436397682064,4014.8333333333335,416.8879021853545,0.9938400807818957,0.001822209577628971,3590.1666666666665,324.1816310111624,0.969447671277415,0.0048628695690441474,2168.5333333333333,278.3198028234394,0.9078695954919308,0.019284137730504042,1038.1666666666667,154.5311224837636,7200.0,0.0,40000.0,0.0,40000.0,0.0,0.18,0.0,0.11503912377969504,0.0,0.23007824755939008,0.0,6.902347426781702,0.0,1.25,0.0,3.67,0.0,1.25,0.0,3.67,0.0,0.009544769346843989,0.0,0.15904312808798324,0.0,1.0,0.0,0.8993174677726861,0.007516688615044553,1322.328241217823,185.42333075182557,0.0,0.0,0.0,0.0,1.0,0.0,0.8073272352493279,0.03414680796342104,0.989111111111111,0.009178240690412074,,,,,,,,,,,,
7200.0,weak_drift,nominal,adaptive_mission,114.5,8.803408430829505,137.43333333333334,7.850689990907382,0.9162222222222223,0.05233793327271588,48.367378902924024,3.2730997626803804,0.00671755403449261,0.0004545813611542835,7200.1469000089255,0.059054088154761555,11836.0,347.33994081124405,474.2,39.578294295110105,304.0,15.82446817758651,234.33333333333334,16.2827036078659,32.54563303554312,2.26145381326001,4907.971099039315,327.59561999037584,0.6816487419134634,0.04549832041130975,7441.533333333334,465.05103415411946,0.6295125909007139,0.04731661738366039,0.2295968522948412,0.024232723565304492,1.1333333333333333,2.4597915994335127,1857.8666666666666,195.43827552511274,186.0,13.093825868021503,137.43333333333334,7.850689990907382,48.56666666666667,9.000702399155355,48.56666666666667,9.000702399155355,1348.3333333333333,89.97598657930651,323.53333333333336,142.73286679797266,0.0,0.0,0.7402180271506399,0.03418502561994418,0.0,0.0,0.0,0.0,-0.0497575462354358,0.0321123329407614,1.0333333333333334,0.18257418583505536,0.6349990486165145,0.06884091429256342,0.1830561919468288,0.08729457374668823,0.5226666666666666,0.10683320332805402,0.6602222222222222,0.17408751340746229,0.0027777777777777766,0.015214515486254607,0.006666666666666667,0.03651483716701108,0.0039215686274509795,0.02147931598059475,0.0020833333333333333,0.01141088661469096,0.00168726769875703,0.0018890083664339047,0.006427617621372447,0.007039892255204872,0.9361003381516839,0.006381354164582486,1.0,0.0,1010.4666666666667,43.662288101963355,14962.066666666668,1799.25925243453,0.9896682860799575,0.0017776451399134456,0.9971111111111112,0.007362186359695831,56.93333333333333,7.229886884856229,5512.8,534.2834324652941,0.9071674134639511,0.01010228897598061,1.0,0.0,953.5333333333333,42.10555973882238,9449.266666666666,1329.0735412914212,0.9823179315544761,0.002250156584215001,7238.233333333334,687.9059520389214,0.9356863163650585,0.008055223575259635,5637.833333333333,842.1742420799798,0.8268340516889733,0.023848981693658327,3096.4666666666667,457.4582500892431,7200.0,0.0,40000.0,0.0,40000.0,0.0,0.18,0.0,0.0340587727318528,0.0,0.0681175454637056,0.0,2.0435263639111687,0.0,1.25,0.0,3.67,0.0,1.25,0.0,3.67,0.0,0.0095447693468439,0.0,0.1590431280879832,0.0,1.0,0.0,0.8855458359471065,0.010367410657812373,1698.2199104138422,218.14400101305546,0.08377777777777776,0.052337933272715874,0.250546787330592,0.06715516113623994,0.9162222222222223,0.05233793327271588,0.6659478977805077,0.04688748804399757,0.9653333333333334,0.01847852642115486,-0.03094884916399317,0.05594727480819614,-0.04911111111111112,0.04916103286119572,0.01290817711422921,0.01994822246672273,0.001777777777777778,0.004931199704293771,0.04385702627822238,0.03950816485383434,0.05088888888888889,0.04696075914107439
7200.0,weak_drift,nominal,belief_horizon,114.5,8.803408430829505,137.93333333333334,6.119123970056462,0.9195555555555556,0.04079415980037639,48.51096313865779,2.8302088934004597,0.006737539554850256,0.00039307232798265477,7200.1003305657705,0.04950313291126134,11893.2,364.26860116280085,476.43333333333334,40.931130832953635,298.8333333333333,13.975553368436728,229.3,14.127864372371997,31.84678090446037,1.9622176162207494,4803.225027706486,269.3044003606175,0.6671052627051377,0.03740230702778126,7291.4,378.263418523525,0.6138178937687471,0.039980170894043834,0.23297682725147825,0.021913185149158708,0.0,0.0,1853.4666666666667,153.27026689036484,185.63333333333333,11.174118289164022,137.93333333333334,6.119123970056462,47.7,9.093954035511725,47.7,9.093954035511725,1345.1,78.63681247267127,322.73333333333335,117.33063607140097,0.0,0.0,0.7445061545955014,0.036995952487099734,0.0,0.0,0.0,0.0,-0.047540754104968455,0.03340531638131027,1.0333333333333334,0.18257418583505536,0.633246968338002,0.06694677263845135,0.18327841416905102,0.08923964343570563,0.5208888888888888,0.11434616171902004,0.7013333333333333,0.162851976603064,0.009366823652537937,0.03936318557928176,0.021568627450980392,0.10756310067127653,0.01232323232323232,0.05623716630679056,0.00710180623973727,0.03299098423766732,0.0014372116643330568,0.0010543676909794853,0.00649363636705866,0.005230458066262849,0.9356020372051257,0.006738191277650974,1.0,0.0,1006.7666666666667,37.50097316744922,14805.466666666667,1844.942139702645,0.9892705671187535,0.0015637048650965748,0.9977777777777778,0.006148440498365546,58.833333333333336,7.315940712290329,5463.066666666667,511.4774362726981,0.9064030925072344,0.011578196255496942,1.0,0.0,947.9333333333333,36.59841086933859,9342.4,1407.4354177625396,0.9823285110332083,0.002205633801174309,7157.566666666667,670.6575611799334,0.9356589485737064,0.008528510891623394,5543.3,841.7858745670953,0.8243706083665107,0.030415437405853684,3111.366666666667,544.9488102080106,7200.0,0.0,40000.0,0.0,40000.0,0.0,0.18,0.0,0.0340587727318528,0.0,0.0681175454637056,0.0,2.0435263639111687,0.0,1.25,0.0,3.67,0.0,1.25,0.0,3.67,0.0,0.0095447693468439,0.0,0.1590431280879832,0.0,1.0,0.0,0.8855458359471065,0.010367410657812373,1698.2199104138422,218.14400101305546,0.08044444444444444,0.040794159800376414,0.2522988676091045,0.065519032229919,0.9195555555555556,0.04079415980037639,0.6659478977805077,0.04688748804399757,0.9653333333333334,0.01847852642115486,-0.03270092944250572,0.044133291132175886,-0.045777777777777785,0.04014278474776301,0.0,0.0,0.0,0.0,0.03270092944250572,0.044133291132175886,0.045777777777777785,0.04014278474776301
7200.0,weak_drift,nominal,belief_orienteering,114.5,8.803408430829505,137.66666666666666,8.180436432726864,0.9177777777777778,0.054536242884845765,48.34492885028884,3.092319774820419,0.006714483639403266,0.00042947521648379055,7200.095813150186,0.05637823673406933,11746.433333333332,313.9576825573499,419.56666666666666,30.855260919927115,271.0,16.89317348353552,202.33333333333334,19.04501624252815,28.101478245584538,2.6451131596333806,4792.435107161093,413.15848848264955,0.6656071648632437,0.057382807719894235,7258.566666666667,626.6493097987617,0.6186875834912385,0.06008844648302762,0.25460395748118225,0.03248104796492034,0.0,0.0,1893.1,159.863810573358,184.03333333333333,9.908141317513397,137.66666666666666,8.180436432726864,46.36666666666667,5.268535969732749,46.36666666666667,5.268535969732749,1329.2333333333333,64.76572280593115,379.8333333333333,128.96593598186368,0.0,0.0,0.7481470369022597,0.023462939319244036,0.0,0.0,0.0,0.0,-0.037506728541901735,0.029612638239019093,1.0666666666666667,0.2537081317024624,0.622874058111043,0.08072873036950023,0.14088888888888887,0.07527692595409524,0.5002483731934424,0.13449680247563878,0.6744444444444445,0.18278461946691626,0.0,0.0,0.0,0.0,0.0,0.0,0.0,0.0,0.0016463385704751801,0.0027350197695498817,0.006178945342865136,0.009076947235124084,0.938022656928742,0.007520619273079521,1.0,0.0,982.2666666666667,39.94386866188805,15055.7,1739.8059969136077,0.9904258304869077,0.0018121734414818854,0.9979999999999999,0.004681421665718715,53.13333333333333,7.744779480101568,5559.0,506.52541890807413,0.9094913004496165,0.012489117309638682,1.0,0.0,929.1333333333333,38.22414233794218,9496.7,1298.0299436002076,0.9829741482183724,0.0018297090344522107,7256.5,664.3902441725978,0.9385002936926813,0.009568162426495592,5670.866666666667,754.4029716790363,0.8294691938581649,0.030765219397133083,3110.6,492.55642771438744,7200.0,0.0,40000.0,0.0,40000.0,0.0,0.18,0.0,0.0340587727318528,0.0,0.0681175454637056,0.0,2.0435263639111687,0.0,1.25,0.0,3.67,0.0,1.25,0.0,3.67,0.0,0.0095447693468439,0.0,0.1590431280879832,0.0,1.0,0.0,0.8855458359471065,0.010367410657812373,1698.2199104138422,218.14400101305546,0.08222222222222221,0.05453624288484578,0.26267177783606355,0.07976419369964653,0.9177777777777778,0.054536242884845765,0.6659478977805077,0.04688748804399757,0.9653333333333334,0.01847852642115486,-0.04307383966946472,0.05222124707420602,-0.04755555555555557,0.05491151595912975,0.0,0.0,0.0,0.0,0.04307383966946472,0.05222124707420602,0.04755555555555557,0.05491151595912975
7200.0,weak_drift,nominal,belief_orienteering_depth1,114.5,8.803408430829505,131.73333333333332,15.341926627502753,0.8782222222222222,0.10227951085001837,46.28303422989901,5.460109081553334,0.006428096977676567,0.0007583367765988298,7200.115052211196,0.07174855088811964,11586.0,225.67905193605947,365.6666666666667,23.830339012931912,251.63333333333333,19.00541362681794,187.2,17.139186799201738,25.999587721245494,2.380442039628672,4783.8045731183065,289.10950622086415,0.6644067751617249,0.040154933619287875,7285.1,511.909902498342,0.6287774412350117,0.04267700116272494,0.25625247228786585,0.03872360717172994,0.0,0.0,1870.7,323.5711455103754,177.4,22.02913431391914,131.73333333333332,15.341926627502753,45.666666666666664,9.480773041860267,45.666666666666664,9.480773041860267,1297.6333333333334,153.57161270848542,395.6666666666667,188.87166475447407,0.0,0.0,0.744029086832645,0.03232906712862951,0.0,0.0,0.0,0.0,-0.041724532375337936,0.0312083764116151,1.0333333333333334,0.18257418583505536,0.5849472219513718,0.07903134588604228,0.11831911932101082,0.06867594643029087,0.41444444444444445,0.1364810439263024,0.650888888888889,0.1878328378321307,0.0,0.0,0.0,0.0,0.0,0.0,0.0,0.0,0.0015687298952356766,0.0009969320023621889,0.005843231089327273,0.002942922652063456,0.9407162642660751,0.007564294585792056,0.9975555555555555,0.012190484742744714,981.7,35.674921163192515,15830.0,2124.383415617747,0.9906508557546226,0.00157335808917986,0.9902222222222222,0.02761161027016292,53.9,7.47109372042075,5774.233333333334,694.2819502455625,0.9140030321105785,0.011829879765073574,0.9975555555555555,0.012190484742744714,927.8,34.191549671892865,10055.766666666666,1516.469326936826,0.9836950688559192,0.0023421652834566525,7549.533333333334,837.5837470565756,0.9409253649428077,0.009086207264451439,5969.066666666667,945.8020472824525,0.8395879632719989,0.026471417346247805,3293.1,542.0591868688931,7200.0,0.0,40000.0,0.0,40000.0,0.0,0.18,0.0,0.0340587727318528,0.0,0.0681175454637056,0.0,2.0435263639111687,0.0,1.25,0.0,3.67,0.0,1.25,0.0,3.67,0.0,0.0095447693468439,0.0,0.1590431280879832,0.0,1.0,0.0,0.8855458359471065,0.010367410657812373,1698.2199104138422,218.14400101305546,0.12177777777777778,0.10227951085001839,0.3005986139957348,0.07624929318661089,0.8782222222222222,0.10227951085001837,0.6659478977805077,0.04688748804399757,0.9653333333333334,0.01847852642115486,-0.08100067582913592,0.060887470003379386,-0.08711111111111114,0.0950730041467966,0.0,0.0,0.0,0.0,0.08100067582913592,0.060887470003379386,0.08711111111111114,0.0950730041467966
7200.0,weak_drift,nominal,confirmed_route,114.5,8.803408430829505,143.13333333333333,3.692801322735269,0.9542222222222223,0.024618675484901868,50.62919258783684,2.776076745671219,0.007031702701733533,0.0003855778534625084,7200.133647631293,0.07072496858652898,8863.966666666667,197.37405121229597,262.8333333333333,23.910873782810025,260.73333333333335,24.005650675784988,161.83333333333334,22.053357447623334,22.47642122941555,3.0628178137348274,5302.405230487982,262.40234119859446,0.7364314756521567,0.03644371115950124,6490.766666666666,349.09416606642,0.7320514685952406,0.030995958198368312,0.3816286387234876,0.03288768527576984,140.2,22.882608966274983,2319.233333333333,211.94577760285335,191.0,11.849632614703644,143.13333333333333,3.692801322735269,47.86666666666667,10.663289695325584,47.86666666666667,10.663289695325584,1704.9333333333334,117.86050589817908,423.3,137.0296091839404,0.0,0.0,0.7515680798008264,0.04043390643850531,0.0,0.0,0.0,0.0,-0.08364021189100998,0.022943873988220245,1.0333333333333334,0.18257418583505536,0.56558784516594,0.07051896780732346,0.07088888888888885,0.0540889952995613,0.2817777777777778,0.15057420958647796,0.5211111111111111,0.1490103581817927,0.03426839826839826,0.07954968125958202,0.05280423280423279,0.11158856937628577,0.039785951041573224,0.08739588998516971,0.022455252808193982,0.050121000393564694,0.001110171445154,0.0006359628614449804,0.011388767179292257,0.004950188271432131,0.9590756911498539,0.004910314425103154,1.0,0.0,745.6333333333333,30.35705148252451,17721.6,2265.9492583417023,0.9935306614658113,0.0011984861972548014,0.9988888888888888,0.003074220249182787,40.833333333333336,6.60764099662125,6328.866666666667,674.2320143655314,0.940756350053481,0.00794493530810436,1.0,0.0,704.8,30.268226199124715,11392.733333333334,1634.3369199207646,0.9890118687386903,0.0014224654811367226,8447.3,851.4206849487631,0.9590852840100307,0.006616717933421181,6587.633333333333,984.0565754458229,0.883594209971799,0.01926378175808036,3432.3,555.245652376278,7200.0,0.0,40000.0,0.0,40000.0,0.0,0.18,0.0,0.0340587727318528,0.0,0.0681175454637056,0.0,2.0435263639111687,0.0,1.25,0.0,3.67,0.0,1.25,0.0,3.67,0.0,0.0095447693468439,0.0,0.1590431280879832,0.0,1.0,0.0,0.8855458359471065,0.010367410657812373,1698.2199104138422,218.14400101305546,0.04577777777777774,0.02461867548490185,0.31995799078116655,0.07034652992526158,0.9542222222222223,0.024618675484901868,0.6659478977805077,0.04688748804399757,0.9653333333333334,0.01847852642115486,-0.10036005261456768,0.05696021024787863,-0.011111111111111098,0.017004244079950246,0.0,0.0,0.0,0.0,0.10036005261456768,0.05696021024787863,0.011111111111111098,0.017004244079950246
7200.0,weak_drift,nominal,greedy,114.5,8.803408430829505,45.733333333333334,9.846873592172791,0.3048888888888889,0.0656458239478186,15.85755376341053,3.410438734148866,0.0022024077070160303,0.0004736655897731503,7200.100680409148,0.06939513730982207,9938.5,301.6928959194694,326.26666666666665,34.093111179313865,325.26666666666665,34.093111179313865,283.0,32.70242003066543,39.30501442809561,4.542016566583686,6737.256901339247,135.88767273616736,0.9357170671924994,0.018874287399035496,9267.566666666668,333.7586040046406,0.9324635071715704,0.016196144014980457,0.1304734866468444,0.02701086951662089,0.0,0.0,723.6666666666666,119.82266590410937,60.36666666666667,12.084425238021598,45.733333333333334,9.846873592172791,14.633333333333333,4.029916858330638,14.633333333333333,4.029916858330638,587.0666666666667,110.34083038737162,76.23333333333333,32.23264925756056,0.0,0.0,0.7572468107835204,0.05294266645385209,0.0,0.0,0.0,0.0,-0.029880234421394966,0.02589288177821846,0.0,0.0,0.2298266224949961,0.05476656546033734,0.12199999999999997,0.0427108248502294,0.21266666666666664,0.05722443547406712,0.24977777777777774,0.0700461442507249,0.02442421413009648,0.09239986142348615,0.017229482772245928,0.06357233238329406,0.019446647732603257,0.07296253228716201,0.011340472124785842,0.04273592498458682,0.00637169070114942,0.0014502060508363038,0.016080141626357954,0.008392583365280695,0.9128153985172623,0.01997579204226255,0.9675555555555556,0.07953376272072112,844.5666666666667,36.26785727423622,9356.933333333332,2397.0114573019423,0.9845783841857059,0.004072676973593502,0.9326666666666666,0.10168466017518338,45.9,6.293674985855737,3093.5333333333333,734.1984479141455,0.88025276897409,0.029295095379525918,0.967111111111111,0.07974928786159582,798.6666666666666,33.572703745477696,6263.4,1711.91954371049,0.972965914048927,0.005641606336453898,4158.0,920.9155114940482,0.9139127643849391,0.02353561004593045,3673.8333333333335,1001.2194662211826,0.8000488310171444,0.057529154238614044,2369.6666666666665,611.4339467713318,7200.0,0.0,40000.0,0.0,40000.0,0.0,0.18,0.0,0.0340587727318528,0.0,0.0681175454637056,0.0,2.0435263639111687,0.0,1.25,0.0,3.67,0.0,1.25,0.0,3.67,0.0,0.0095447693468439,0.0,0.1590431280879832,0.0,1.0,0.0,0.8855458359471065,0.010367410657812373,1698.2199104138422,218.14400101305546,0.6951111111111111,0.0656458239478186,0.6557192134521105,0.05348029135808975,0.3048888888888889,0.0656458239478186,0.6659478977805077,0.04688748804399757,0.9653333333333334,0.01847852642115486,-0.4361212752855116,0.0741185252117341,-0.6604444444444444,0.067077660334602,0.0,0.0,0.0,0.0,0.4361212752855116,0.0741185252117341,0.6604444444444444,0.067077660334602
7200.0,weak_drift,nominal,lawnmower_collect,114.5,8.803408430829505,35.36666666666667,11.460526958256308,0.23577777777777775,0.07640351305504206,12.42387856058715,3.983068771562507,0.0017255027409979965,0.0005531924712076432,7200.149999994223,0.0,12151.0,0.0,69.0,0.0,68.0,0.0,48.9,4.57391404107821,6.79152517656427,0.6352526046098875,5542.029999994965,608.094503147583,0.7697103532564475,0.0844558103856268,9343.433333333332,1023.0139946908514,0.7689435711738404,0.08419175332819122,0.28088235294117647,0.06726344178056193,0.0,0.0,481.9,188.77341827777516,47.03333333333333,15.659046814108345,35.36666666666667,11.460526958256308,11.666666666666666,5.93838090863932,11.666666666666666,5.93838090863932,348.03333333333336,115.63929750061949,86.83333333333333,65.18254649686597,0.0,0.0,0.7572174863244989,0.09207332850673274,0.0,0.0,0.0,0.0,-0.09050877610217925,0.013377704086647657,0.0,0.0,0.11054251851853374,0.03935626688293513,0.019999999999999973,0.012379689211803456,0.04977777777777773,0.027276550682109085,0.07711111111111107,0.034516177930830436,0.0,0.0,0.0,0.0,0.0,0.0,0.0,0.0,0.00601286598413871,0.0007004671713100614,0.01978549366313387,0.0018680067648246378,0.9098800927231082,0.029088253913470988,0.6928888888888889,0.14158309457424975,1017.4333333333333,30.426489517652456,11255.333333333334,3391.435789255589,0.97731748414786,0.01151283906003185,0.4724444444444444,0.1267420626587666,57.53333333333333,6.511175185698091,2868.4666666666667,950.4375665008681,0.8894902478030107,0.032600647640441065,0.6926666666666667,0.14131674159822216,959.9,31.266761022331487,8386.866666666667,2462.052280087703,0.9566452318428486,0.020797761458917333,3366.3333333333335,1146.6878640115035,0.920362155482281,0.02645539314173608,4854.8,1388.803985573496,0.8599982175311791,0.03603757835946333,4051.633333333333,930.8526859758776,7200.0,0.0,40000.0,0.0,40000.0,0.0,0.18,0.0,0.0340587727318528,0.0,0.0681175454637056,0.0,2.0435263639111687,0.0,1.25,0.0,3.67,0.0,1.25,0.0,3.67,0.0,0.0095447693468439,0.0,0.1590431280879832,0.0,1.0,0.0,0.8855458359471065,0.010367410657812373,1698.2199104138422,218.14400101305546,0.7642222222222222,0.07640351305504206,0.7750033174285728,0.03821901351156431,0.23577777777777775,0.07640351305504206,0.6659478977805077,0.04688748804399757,0.9653333333333334,0.01847852642115486,-0.555405379261974,0.05124408460219021,-0.7295555555555555,0.07960984042321306,0.0,0.0,0.0,0.0,0.555405379261974,0.05124408460219021,0.7295555555555555,0.07960984042321306
7200.0,weak_drift,nominal,oracle_current_physics,114.5,8.803408430829505,150.0,0.0,1.0,0.0,53.11786066270438,2.3316972296569363,0.03166496101938872,0.0033441133608901963,1698.2199104138422,218.14400101305546,2602.233333333333,267.73335723199045,176.0,5.836862643342003,173.26666666666668,5.508196609150538,27.733333333333334,5.355843301597272,16.4315395440434,2.9536879422540987,275.31623419884187,104.9418775057516,0.16028521957861588,0.050597914824368796,484.0,141.26595118965236,0.18456011784527318,0.04342474761664209,0.8406960944635261,0.025792648990684636,0.0,0.0,1701.9,132.2571554677243,198.23333333333332,8.240703574470986,150.0,0.0,48.233333333333334,8.240703574470986,48.233333333333334,8.240703574470986,1389.2,57.87108145667846,114.46666666666667,103.59361361401191,0.0,0.0,0.7579772420992765,0.03222042845992109,0.0,0.0,0.0,0.0,-0.0749348675771271,0.015515535354924271,1.2666666666666666,0.4497764451088037,0.8855458359471065,0.010367410657812373,0.5730706348009086,0.06375177138941136,0.9928888888888887,0.0024343224778007122,0.9933333333333333,0.0,0.0,0.0,0.0,0.0,0.0,0.0,0.0,0.0,0.011522644983021394,0.004512169324172457,0.05600198886820778,0.011358708883091597,0.9614040210587615,0.0060691203539892085,1.0,0.0,220.53333333333333,29.849892662353465,5526.866666666667,386.90217362276854,0.9935065255804111,0.0025759914536087765,1.0,0.0,13.033333333333333,4.88123312100633,2020.2666666666667,170.3327237544483,0.9438592087506804,0.008327769883301792,0.9991111111111111,0.0023049726909451116,207.5,27.281103729315188,3506.6,244.6714334466277,0.9899554388085224,0.0028229555779538586,2794.766666666667,212.7740720744105,0.9592083098089083,0.0068173949063246265,1909.5333333333333,171.24548488048967,0.888653749673704,0.017535854639431636,1043.1,97.02909268660717,7200.0,0.0,40000.0,0.0,40000.0,0.0,0.18,0.0,0.0340587727318528,0.0,0.0681175454637056,0.0,2.0435263639111687,0.0,1.25,0.0,3.67,0.0,1.25,0.0,3.67,0.0,0.0095447693468439,0.0,0.1590431280879832,0.0,1.0,0.0,0.8855458359471065,0.010367410657812373,1698.2199104138422,218.14400101305546,0.0,0.0,0.0,0.0,1.0,0.0,0.6659478977805077,0.04688748804399757,0.9653333333333334,0.01847852642115486,,,,,,,,,,,,
