path_budget_m,scenario,metric,mode_a,mode_b,paired_total,paired_runs,mode_a_reached,mode_b_reached,both_reached,mode_a_reach_rate,mode_b_reach_rate,censored_pairs,mean_difference,ci95_low,ci95_high,cohen_dz,rank_biserial,p_value,p_permutation,p_normal_approx,p_holm
1200.0,robot_disturbed,auc_collected_by_path,adaptive_mission,belief_horizon,30,30,30,30,30,1.0,1.0,0,-0.0021177007073666667,-0.009089094527773333,0.0036926191372333318,-0.11941179783583933,-0.009523809523809525,0.556640625,0.556640625,0.5130825867754012,1.0
1200.0,robot_disturbed,auc_collected_by_path,adaptive_mission,belief_orienteering,30,30,30,30,30,1.0,1.0,0,0.02938120154383333,0.018695743486840832,0.041591495055036655,0.9025805370303892,0.896774193548387,4.999750012499375e-05,4.999750012499375e-05,7.667834145408392e-07,0.0095995200239988
1200.0,robot_disturbed,auc_collected_by_path,adaptive_mission,belief_orienteering_depth1,30,30,30,30,30,1.0,1.0,0,0.037833737098033324,0.024691614961220833,0.053187133363504155,0.8972198535462836,0.9741935483870968,4.999750012499375e-05,4.999750012499375e-05,8.911135671585413e-07,0.0095995200239988
1200.0,robot_disturbed,auc_collected_by_path,adaptive_mission,confirmed_route,30,30,30,30,30,1.0,1.0,0,0.07289729192493333,0.054725850211035015,0.09094591511909662,1.429533495707592,0.9655913978494624,4.999750012499375e-05,4.999750012499375e-05,4.884981308350689e-15,0.0095995200239988
1200.0,robot_disturbed,auc_collected_by_path,adaptive_mission,greedy,30,30,30,30,30,1.0,1.0,0,0.049944041275933326,0.030152239630020828,0.07241646028341998,0.8445550050123267,0.896774193548387,4.999750012499375e-05,4.999750012499375e-05,3.7312234968389646e-06,0.0095995200239988
1200.0,robot_disturbed,auc_collected_by_path,adaptive_mission,lawnmower_collect,30,30,30,30,30,1.0,1.0,0,0.08826150024179999,0.07010110179634917,0.10759813453289502,1.6592532412688143,1.0,4.999750012499375e-05,4.999750012499375e-05,0.0,0.0095995200239988
1200.0,robot_disturbed,auc_collected_by_path,adaptive_mission,oracle_current_physics,30,30,30,30,30,1.0,1.0,0,-0.27007885046586666,-0.29084524303436415,-0.24656091465099578,-4.352027195115679,-1.0,4.999750012499375e-05,4.999750012499375e-05,0.0,0.0095995200239988
1200.0,robot_disturbed,collected_ratio,adaptive_mission,belief_horizon,30,30,30,30,30,1.0,1.0,0,-0.0042222222222,-0.04267222222228834,0.027116666666786637,-0.04224175613279595,0.15384615384615385,0.876953125,0.876953125,0.8170292127848644,1.0
1200.0,robot_disturbed,collected_ratio,adaptive_mission,belief_orienteering,30,30,30,30,30,1.0,1.0,0,0.10511111111113335,0.06488333333344416,0.1482333333333441,0.8618524314153362,0.8597701149425288,4.999750012499375e-05,4.999750012499375e-05,2.3519600893529002e-06,0.0095995200239988
1200.0,robot_disturbed,collected_ratio,adaptive_mission,belief_orienteering_depth1,30,30,30,30,30,1.0,1.0,0,0.1315555555555,0.08355555555553085,0.18400555555552253,0.882810025179789,0.8990147783251231,4.999750012499375e-05,4.999750012499375e-05,1.329118032078469e-06,0.0095995200239988
1200.0,robot_disturbed,collected_ratio,adaptive_mission,confirmed_route,30,30,30,30,30,1.0,1.0,0,0.20600000000003335,0.1455500000000125,0.26556111111115416,1.1746797967096665,0.9010752688172043,4.999750012499375e-05,4.999750012499375e-05,1.2430012574782268e-10,0.0095995200239988
1200.0,robot_disturbed,collected_ratio,adaptive_mission,greedy,30,30,30,30,30,1.0,1.0,0,0.20622222222223335,0.1504444444444667,0.2597888888887483,1.3071772800722965,1.0,4.999750012499375e-05,4.999750012499375e-05,8.08464406532039e-13,0.0095995200239988
1200.0,robot_disturbed,collected_ratio,adaptive_mission,lawnmower_collect,30,30,30,30,30,1.0,1.0,0,0.2768888888888667,0.22399444444441086,0.3297833333333534,1.8209064101055967,1.0,4.999750012499375e-05,4.999750012499375e-05,0.0,0.0095995200239988
1200.0,robot_disturbed,collected_ratio,adaptive_mission,oracle_current_physics,30,30,30,30,30,1.0,1.0,0,-0.41422222222213334,-0.4788999999999101,-0.35443888888871167,-2.373009312580031,-1.0,4.999750012499375e-05,4.999750012499375e-05,0.0,0.0095995200239988
1200.0,robot_disturbed,oracle_gap_auc_collected_by_path,adaptive_mission,belief_horizon,30,30,30,30,30,1.0,1.0,0,0.0021177007073666667,-0.0036926191372333335,0.00908909452777333,0.11941179783583933,0.009523809523809525,0.556640625,0.556640625,0.5130825867754012,1.0
1200.0,robot_disturbed,oracle_gap_auc_collected_by_path,adaptive_mission,belief_orienteering,30,30,30,30,30,1.0,1.0,0,-0.02938120154383333,-0.04159149505503666,-0.018695743486840836,-0.9025805370303892,-0.896774193548387,4.999750012499375e-05,4.999750012499375e-05,7.667834145408392e-07,0.0095995200239988
1200.0,robot_disturbed,oracle_gap_auc_collected_by_path,adaptive_mission,belief_orienteering_depth1,30,30,30,30,30,1.0,1.0,0,-0.037833737098033324,-0.05318713336350416,-0.024691614961220867,-0.8972198535462836,-0.9741935483870968,4.999750012499375e-05,4.999750012499375e-05,8.911135671585413e-07,0.0095995200239988
1200.0,robot_disturbed,oracle_gap_auc_collected_by_path,adaptive_mission,confirmed_route,30,30,30,30,30,1.0,1.0,0,-0.07289729192493333,-0.09094591511909664,-0.054725850211035015,-1.429533495707592,-0.9655913978494624,4.999750012499375e-05,4.999750012499375e-05,4.884981308350689e-15,0.0095995200239988
1200.0,robot_disturbed,oracle_gap_auc_collected_by_path,adaptive_mission,greedy,30,30,30,30,30,1.0,1.0,0,-0.049944041275933326,-0.07241646028342,-0.03015223963002084,-0.8445550050123267,-0.896774193548387,4.999750012499375e-05,4.999750012499375e-05,3.7312234968389646e-06,0.0095995200239988
1200.0,robot_disturbed,oracle_gap_auc_collected_by_path,adaptive_mission,lawnmower_collect,30,30,30,30,30,1.0,1.0,0,-0.08826150024179999,-0.10759813453289502,-0.07010110179634917,-1.6592532412688143,-1.0,4.999750012499375e-05,4.999750012499375e-05,0.0,0.0095995200239988
1200.0,robot_disturbed,oracle_gap_auc_collected_by_path,adaptive_mission,oracle_current_physics,30,30,30,30,30,1.0,1.0,0,0.27007885046586666,0.24656091465099578,0.29084524303436415,4.352027195115679,1.0,4.999750012499375e-05,4.999750012499375e-05,0.0,0.0095995200239988
1200.0,robot_disturbed,empty_goal_arrivals_per_km,adaptive_mission,belief_horizon,30,30,30,30,30,1.0,1.0,0,-0.8889035632548,-2.4442447132265825,0.6386854565344001,-0.20465459221620738,-0.4666666666666667,0.278564453125,0.278564453125,0.26231367259271954,1.0
1200.0,robot_disturbed,empty_goal_arrivals_per_km,adaptive_mission,belief_orienteering,30,30,30,30,30,1.0,1.0,0,4.943998632670967,3.361143932753382,6.555900399657348,1.0897101653806913,0.8838709677419355,4.999750012499375e-05,4.999750012499375e-05,2.3931499004703483e-09,0.0095995200239988
1200.0,robot_disturbed,empty_goal_arrivals_per_km,adaptive_mission,belief_orienteering_depth1,30,30,30,30,30,1.0,1.0,0,9.6377521666701,7.66499157732354,11.387520560606779,1.9047363850273367,0.9870967741935484,4.999750012499375e-05,4.999750012499375e-05,0.0,0.0095995200239988
1200.0,robot_disturbed,empty_goal_arrivals_per_km,adaptive_mission,confirmed_route,30,30,30,30,30,1.0,1.0,0,-14.025949641008967,-18.9969649756532,-9.166136430336765,-1.0042592552871294,-0.8279569892473119,4.999750012499375e-05,4.999750012499375e-05,3.785987523485801e-08,0.0095995200239988
1200.0,robot_disturbed,empty_goal_arrivals_per_km,adaptive_mission,greedy,30,30,30,30,30,1.0,1.0,0,-39.24457886579613,-45.46713405734498,-32.55101641476133,-2.109003100117861,-0.9870967741935484,4.999750012499375e-05,4.999750012499375e-05,0.0,0.0095995200239988
1200.0,robot_disturbed,empty_goal_arrivals_per_km,adaptive_mission,lawnmower_collect,30,30,30,30,30,1.0,1.0,0,26.609617154695865,24.054415731721267,28.9993254351891,3.8884962820889037,1.0,4.999750012499375e-05,4.999750012499375e-05,0.0,0.0095995200239988
1200.0,robot_disturbed,empty_goal_arrivals_per_km,adaptive_mission,oracle_current_physics,30,30,30,30,30,1.0,1.0,0,29.10912011363717,26.35861108912429,31.608522993099257,3.976802869984645,1.0,4.999750012499375e-05,4.999750012499375e-05,0.0,0.0095995200239988
1200.0,robot_disturbed,wasted_path_ratio,adaptive_mission,belief_horizon,30,30,30,30,30,1.0,1.0,0,-0.008940819274266666,-0.027304516916894173,0.006837135320863331,-0.18569075252039702,-0.2761904761904762,0.3426513671875,0.3426513671875,0.3091200645275829,1.0
1200.0,robot_disturbed,wasted_path_ratio,adaptive_mission,belief_orienteering,30,30,30,30,30,1.0,1.0,0,-0.08297899652976667,-0.11499160078049916,-0.053651853300011695,-0.9180001556333779,-0.832258064516129,4.999750012499375e-05,4.999750012499375e-05,4.953792203110652e-07,0.0095995200239988
1200.0,robot_disturbed,wasted_path_ratio,adaptive_mission,belief_orienteering_depth1,30,30,30,30,30,1.0,1.0,0,-0.12428262930743333,-0.15834648101848167,-0.09153505903175752,-1.2564470950505153,-0.9268817204301075,4.999750012499375e-05,4.999750012499375e-05,5.908162847845233e-12,0.0095995200239988
1200.0,robot_disturbed,wasted_path_ratio,adaptive_mission,confirmed_route,30,30,30,30,30,1.0,1.0,0,-0.5417819601626,-0.5973168924279758,-0.47899180223690757,-3.027510090752721,-1.0,4.999750012499375e-05,4.999750012499375e-05,0.0,0.0095995200239988
1200.0,robot_disturbed,wasted_path_ratio,adaptive_mission,greedy,30,30,30,30,30,1.0,1.0,0,-0.5383810790227332,-0.5745499346665924,-0.49977393184131197,-4.900363139673629,-1.0,4.999750012499375e-05,4.999750012499375e-05,0.0,0.0095995200239988
1200.0,robot_disturbed,wasted_path_ratio,adaptive_mission,lawnmower_collect,30,30,30,30,30,1.0,1.0,0,-0.21572741849933336,-0.2926026114177992,-0.1370953630625717,-0.983078214894394,-0.832258064516129,9.99950002499875e-05,9.99950002499875e-05,7.262969092813876e-08,0.0095995200239988
1200.0,robot_disturbed,wasted_path_ratio,adaptive_mission,oracle_current_physics,30,30,30,30,30,1.0,1.0,0,0.2998544831916667,0.2640326077467825,0.3402828845723783,2.6774431708209945,1.0,4.999750012499375e-05,4.999750012499375e-05,0.0,0.0095995200239988
1200.0,robot_disturbed,goal_success_rate,adaptive_mission,belief_horizon,30,30,30,30,30,1.0,1.0,0,0.0033949347754666692,-0.024864854820481664,0.03254560585547248,0.041831172941685944,0.08571428571428572,0.8240966796875,0.8240966796875,0.818776604907377,1.0
1200.0,robot_disturbed,goal_success_rate,adaptive_mission,belief_orienteering,30,30,30,30,30,1.0,1.0,0,0.03165823559166667,-0.004410814760894997,0.07046764133586998,0.2986308827157476,0.3057471264367816,0.11489425528723564,0.11489425528723564,0.10190894188417632,1.0
1200.0,robot_disturbed,goal_success_rate,adaptive_mission,belief_orienteering_depth1,30,30,30,30,30,1.0,1.0,0,0.027354629676433328,-0.014673882724828332,0.07395503193621084,0.21497118342042004,0.13978494623655913,0.24873756312184392,0.24873756312184392,0.23901767296067344,1.0
1200.0,robot_disturbed,goal_success_rate,adaptive_mission,confirmed_route,30,30,30,30,30,1.0,1.0,0,0.17650651987183333,0.11938443156451169,0.23005969272967833,1.1240097177500996,0.8709677419354839,4.999750012499375e-05,4.999750012499375e-05,7.439140414788881e-10,0.0095995200239988
1200.0,robot_disturbed,goal_success_rate,adaptive_mission,greedy,30,30,30,30,30,1.0,1.0,0,0.19528792503096665,0.15253240326240503,0.23869721635229918,1.6592168083212404,1.0,4.999750012499375e-05,4.999750012499375e-05,0.0,0.0095995200239988
1200.0,robot_disturbed,goal_success_rate,adaptive_mission,lawnmower_collect,30,30,30,30,30,1.0,1.0,0,0.10891122596893334,0.04889855770225084,0.17074347826507497,0.6622470020497637,0.6430107526881721,0.0005499725013749313,0.0005499725013749313,0.00028642683499291444,0.03354832258387081
1200.0,robot_disturbed,goal_success_rate,adaptive_mission,oracle_current_physics,30,30,30,30,30,1.0,1.0,0,-0.6259386877725001,-0.6704422010187484,-0.581276971015496,-5.04734717929166,-1.0,4.999750012499375e-05,4.999750012499375e-05,0.0,0.0095995200239988
1200.0,robot_disturbed,regret_to_best_fixed_auc,adaptive_mission,belief_horizon,30,30,30,30,30,1.0,1.0,0,0.0047206170992,0.0002534886565425,0.010927305846179992,0.3114952978030211,0.5555555555555556,0.1015625,0.1015625,0.08798387593613954,1.0
1200.0,robot_disturbed,regret_to_best_fixed_auc,adaptive_mission,belief_orienteering,30,30,30,30,30,1.0,1.0,0,-0.026778285152099998,-0.038444060151980826,-0.01720847807112917,-0.8602135325948627,-0.896774193548387,4.999750012499375e-05,4.999750012499375e-05,2.4579927151435754e-06,0.0095995200239988
1200.0,robot_disturbed,regret_to_best_fixed_auc,adaptive_mission,belief_orienteering_depth1,30,30,30,30,30,1.0,1.0,0,-0.03523082070630001,-0.050142919886114176,-0.022462873730815007,-0.864589904681314,-0.9724137931034482,4.999750012499375e-05,4.999750012499375e-05,2.184575938812827e-06,0.0095995200239988
1200.0,robot_disturbed,regret_to_best_fixed_auc,adaptive_mission,confirmed_route,30,30,30,30,30,1.0,1.0,0,-0.07029437553313332,-0.08790189723499499,-0.05221336888528501,-1.3972380895067438,-0.9655913978494624,4.999750012499375e-05,4.999750012499375e-05,1.9539925233402755e-14,0.0095995200239988
1200.0,robot_disturbed,regret_to_best_fixed_auc,adaptive_mission,greedy,30,30,30,30,30,1.0,1.0,0,-0.04734112488413333,-0.0701144129865975,-0.028305657779106687,-0.794022152463356,-0.8942528735632184,4.999750012499375e-05,4.999750012499375e-05,1.3673574523753729e-05,0.0095995200239988
1200.0,robot_disturbed,regret_to_best_fixed_auc,adaptive_mission,lawnmower_collect,30,30,30,30,30,1.0,1.0,0,-0.08565858385013334,-0.10545559865123334,-0.06819586054110918,-1.6056727269493638,-1.0,4.999750012499375e-05,4.999750012499375e-05,0.0,0.0095995200239988
1200.0,robot_disturbed,regret_to_best_fixed_auc,adaptive_mission,oracle_current_physics,30,0,30,0,0,1.0,0.0,30,,,,,0.0,,,,
1200.0,static_calm,auc_collected_by_path,adaptive_mission,belief_horizon,30,30,30,30,30,1.0,1.0,0,0.0011192580394999993,-0.006262126951429999,0.008942203060839997,0.052363701751624935,0.008547008547008548,0.783660816959152,0.783660816959152,0.7742594852799518,1.0
1200.0,static_calm,auc_collected_by_path,adaptive_mission,belief_orienteering,30,30,30,30,30,1.0,1.0,0,0.0325427446233,0.022411229486763332,0.0425499503607725,1.150599781751006,0.896774193548387,4.999750012499375e-05,4.999750012499375e-05,2.9364999321046525e-10,0.0095995200239988
1200.0,static_calm,auc_collected_by_path,adaptive_mission,belief_orienteering_depth1,30,30,30,30,30,1.0,1.0,0,0.04196780730326666,0.033303704874461666,0.05020393018529667,1.7360737842944116,0.9956989247311828,4.999750012499375e-05,4.999750012499375e-05,0.0,0.0095995200239988
1200.0,static_calm,auc_collected_by_path,adaptive_mission,confirmed_route,30,30,30,30,30,1.0,1.0,0,0.059114767304999996,0.049061419547730835,0.06928738452923831,2.001587537157265,0.9956989247311828,4.999750012499375e-05,4.999750012499375e-05,0.0,0.0095995200239988
1200.0,static_calm,auc_collected_by_path,adaptive_mission,greedy,30,30,30,30,30,1.0,1.0,0,0.0184766295959,0.004639147791725,0.03303105319502914,0.46075458925481977,0.45806451612903226,0.01544922753862307,0.01544922753862307,0.011614124613395838,0.7415629218539073
1200.0,static_calm,auc_collected_by_path,adaptive_mission,lawnmower_collect,30,30,30,30,30,1.0,1.0,0,0.10334278397723334,0.09393450543909831,0.112601529927305,3.815961114790146,1.0,4.999750012499375e-05,4.999750012499375e-05,0.0,0.0095995200239988
1200.0,static_calm,auc_collected_by_path,adaptive_mission,oracle_current_physics,30,30,30,30,30,1.0,1.0,0,-0.29547859961716666,-0.30676156250884834,-0.28449867367112003,-9.859658050756584,-1.0,4.999750012499375e-05,4.999750012499375e-05,0.0,0.0095995200239988
1200.0,static_calm,collected_ratio,adaptive_mission,belief_horizon,30,30,30,30,30,1.0,1.0,0,0.015111111111133333,-0.0028944444444883345,0.035111111111134165,0.28048649586795316,0.24216524216524216,0.1425928703564822,0.1425928703564822,0.12446780821196834,1.0
1200.0,static_calm,collected_ratio,adaptive_mission,belief_orienteering,30,30,30,30,30,1.0,1.0,0,0.0724444444444,0.05510555555548082,0.0906722222222208,1.4613874594795753,0.9827956989247312,4.999750012499375e-05,4.999750012499375e-05,1.3322676295501878e-15,0.0095995200239988
1200.0,static_calm,collected_ratio,adaptive_mission,belief_orienteering_depth1,30,30,30,30,30,1.0,1.0,0,0.08577777777776667,0.07000000000003334,0.10200000000000001,1.8615170063886,1.0,4.999750012499375e-05,4.999750012499375e-05,0.0,0.0095995200239988
1200.0,static_calm,collected_ratio,adaptive_mission,confirmed_route,30,30,30,30,30,1.0,1.0,0,0.11755555555550003,0.10044444444443167,0.1348888888888,2.32718358374223,1.0,4.999750012499375e-05,4.999750012499375e-05,0.0,0.0095995200239988
1200.0,static_calm,collected_ratio,adaptive_mission,greedy,30,30,30,30,30,1.0,1.0,0,0.0584444444444,0.029555555555497492,0.08866666666663418,0.7010149675618003,0.6781609195402298,0.0005499725013749313,0.0005499725013749313,0.00012322634004924282,0.03354832258387081
1200.0,static_calm,collected_ratio,adaptive_mission,lawnmower_collect,30,30,30,30,30,1.0,1.0,0,0.21733333333333332,0.2008888888889325,0.2351111111110666,4.373628313844395,1.0,4.999750012499375e-05,4.999750012499375e-05,0.0,0.0095995200239988
1200.0,static_calm,collected_ratio,adaptive_mission,oracle_current_physics,30,30,30,30,30,1.0,1.0,0,-0.5217777777776668,-0.5439999999998684,-0.5004444444443668,-8.63971713206329,-1.0,4.999750012499375e-05,4.999750012499375e-05,0.0,0.0095995200239988
1200.0,static_calm,oracle_gap_auc_collected_by_path,adaptive_mission,belief_horizon,30,30,30,30,30,1.0,1.0,0,-0.0011192580394999993,-0.008942203060839999,0.006262126951429997,-0.052363701751624935,-0.008547008547008548,0.7868106594670267,0.7868106594670267,0.7742594852799518,1.0
1200.0,static_calm,oracle_gap_auc_collected_by_path,adaptive_mission,belief_orienteering,30,30,30,30,30,1.0,1.0,0,-0.0325427446233,-0.0425499503607725,-0.02241122948676334,-1.150599781751006,-0.896774193548387,4.999750012499375e-05,4.999750012499375e-05,2.9364999321046525e-10,0.0095995200239988
1200.0,static_calm,oracle_gap_auc_collected_by_path,adaptive_mission,belief_orienteering_depth1,30,30,30,30,30,1.0,1.0,0,-0.04196780730326666,-0.05020393018529667,-0.03330370487446168,-1.7360737842944116,-0.9956989247311828,4.999750012499375e-05,4.999750012499375e-05,0.0,0.0095995200239988
1200.0,static_calm,oracle_gap_auc_collected_by_path,adaptive_mission,confirmed_route,30,30,30,30,30,1.0,1.0,0,-0.059114767304999996,-0.06928738452923831,-0.04906141954773084,-2.001587537157265,-0.9956989247311828,4.999750012499375e-05,4.999750012499375e-05,0.0,0.0095995200239988
1200.0,static_calm,oracle_gap_auc_collected_by_path,adaptive_mission,greedy,30,30,30,30,30,1.0,1.0,0,-0.0184766295959,-0.03303105319502916,-0.004639147791725001,-0.46075458925481977,-0.45806451612903226,0.015549222538873057,0.015549222538873057,0.011614124613395838,0.7415629218539073
1200.0,static_calm,oracle_gap_auc_collected_by_path,adaptive_mission,lawnmower_collect,30,30,30,30,30,1.0,1.0,0,-0.10334278397723334,-0.112601529927305,-0.09393450543909831,-3.815961114790146,-1.0,4.999750012499375e-05,4.999750012499375e-05,0.0,0.0095995200239988
1200.0,static_calm,oracle_gap_auc_collected_by_path,adaptive_mission,oracle_current_physics,30,30,30,30,30,1.0,1.0,0,0.29547859961716666,0.28449867367112003,0.30676156250884834,9.859658050756584,1.0,4.999750012499375e-05,4.999750012499375e-05,0.0,0.0095995200239988
1200.0,static_calm,empty_goal_arrivals_per_km,adaptive_mission,belief_horizon,30,30,30,30,30,1.0,1.0,0,1.5838065366420002,-0.332785697267134,3.444832533428694,0.29638024575317085,0.48148148148148145,0.10904454777261137,0.10904454777261137,0.1045164308553499,1.0
1200.0,static_calm,empty_goal_arrivals_per_km,adaptive_mission,belief_orienteering,30,30,30,30,30,1.0,1.0,0,13.3604547147445,11.581890389265332,15.25022706284108,2.567362138774878,1.0,4.999750012499375e-05,4.999750012499375e-05,0.0,0.0095995200239988
1200.0,static_calm,empty_goal_arrivals_per_km,adaptive_mission,belief_orienteering_depth1,30,30,30,30,30,1.0,1.0,0,20.63806242593843,18.80342592370653,22.471149930647577,3.8642237579629986,1.0,4.999750012499375e-05,4.999750012499375e-05,0.0,0.0095995200239988
1200.0,static_calm,empty_goal_arrivals_per_km,adaptive_mission,confirmed_route,30,30,30,30,30,1.0,1.0,0,8.528246945928434,4.612070632264031,12.16698993967297,0.8103556926808,0.7376344086021506,0.00024998750062496874,0.00024998750062496874,9.058759529834148e-06,0.01574921253937303
1200.0,static_calm,empty_goal_arrivals_per_km,adaptive_mission,greedy,30,30,30,30,30,1.0,1.0,0,-19.4690798619802,-22.35701777590439,-16.49768416140577,-2.3597119967069027,-0.9956989247311828,4.999750012499375e-05,4.999750012499375e-05,0.0,0.0095995200239988
1200.0,static_calm,empty_goal_arrivals_per_km,adaptive_mission,lawnmower_collect,30,30,30,30,30,1.0,1.0,0,31.554305307148635,29.63839332829819,33.415683072739036,5.834941869414395,1.0,4.999750012499375e-05,4.999750012499375e-05,0.0,0.0095995200239988
1200.0,static_calm,empty_goal_arrivals_per_km,adaptive_mission,oracle_current_physics,30,30,30,30,30,1.0,1.0,0,35.66469989485957,33.88698420685222,37.414838243633625,7.278380883574929,1.0,4.999750012499375e-05,4.999750012499375e-05,0.0,0.0095995200239988
1200.0,static_calm,wasted_path_ratio,adaptive_mission,belief_horizon,30,30,30,30,30,1.0,1.0,0,-0.021231365340366667,-0.05030645121892833,0.008876415439933316,-0.26358441947929345,-0.32763532763532766,0.16844157792110395,0.16844157792110395,0.14882019485554654,1.0
1200.0,static_calm,wasted_path_ratio,adaptive_mission,belief_orienteering,30,30,30,30,30,1.0,1.0,0,-0.013036379312866669,-0.040211209812223335,0.01676289078159079,-0.15914545158056595,-0.2731182795698925,0.39213039348032597,0.39213039348032597,0.38338540909134755,1.0
1200.0,static_calm,wasted_path_ratio,adaptive_mission,belief_orienteering_depth1,30,30,30,30,30,1.0,1.0,0,-0.009909585271166666,-0.045475082693949155,0.02683175988993249,-0.1010046303619268,-0.13118279569892474,0.5776711164441778,0.5776711164441778,0.5801092511237107,1.0
1200.0,static_calm,wasted_path_ratio,adaptive_mission,confirmed_route,30,30,30,30,30,1.0,1.0,0,-0.2569514043821667,-0.29410039137040667,-0.21909788547102088,-2.3762753209909993,-1.0,4.999750012499375e-05,4.999750012499375e-05,0.0,0.0095995200239988
1200.0,static_calm,wasted_path_ratio,adaptive_mission,greedy,30,30,30,30,30,1.0,1.0,0,-0.27229594242096666,-0.30354846774333,-0.23927574772702498,-2.8720129144892503,-1.0,4.999750012499375e-05,4.999750012499375e-05,0.0,0.0095995200239988
1200.0,static_calm,wasted_path_ratio,adaptive_mission,lawnmower_collect,30,30,30,30,30,1.0,1.0,0,-0.056368013013866666,-0.12304587112385419,0.016024156370868296,-0.28262016908533677,-0.2989247311827957,0.13409329533523323,0.13409329533523323,0.1216284557918943,1.0
1200.0,static_calm,wasted_path_ratio,adaptive_mission,oracle_current_physics,30,30,30,30,30,1.0,1.0,0,0.4480293234720667,0.42149136644858826,0.47681489853686,5.726498266484631,1.0,4.999750012499375e-05,4.999750012499375e-05,0.0,0.0095995200239988
1200.0,static_calm,goal_success_rate,adaptive_mission,belief_horizon,30,30,30,30,30,1.0,1.0,0,0.012787535172466667,-0.002625665639156666,0.028715136146971666,0.28413680992530294,0.2535612535612536,0.13704314784260788,0.13704314784260788,0.11964119186708322,1.0
1200.0,static_calm,goal_success_rate,adaptive_mission,belief_orienteering,30,30,30,30,30,1.0,1.0,0,-0.011930392306166663,-0.0387738963471475,0.012744498742324159,-0.16241493839751114,-0.13548387096774195,0.39188040597970103,0.39188040597970103,0.3736897011447944,1.0
1200.0,static_calm,goal_success_rate,adaptive_mission,belief_orienteering_depth1,30,30,30,30,30,1.0,1.0,0,-0.06536526691626666,-0.09577691702560669,-0.038103353674826666,-0.8240409228444908,-0.7677419354838709,4.999750012499375e-05,4.999750012499375e-05,6.377907938670546e-06,0.0095995200239988
1200.0,static_calm,goal_success_rate,adaptive_mission,confirmed_route,30,30,30,30,30,1.0,1.0,0,0.05613476760406666,0.022460195384787506,0.08738695124511246,0.6033666931883661,0.6344086021505376,0.0030998450077496125,0.0030998450077496125,0.000950525106528044,0.1704914754262287
1200.0,static_calm,goal_success_rate,adaptive_mission,greedy,30,30,30,30,30,1.0,1.0,0,0.11680063732880001,0.08637625033875418,0.14897683224541336,1.271640279987902,0.956989247311828,4.999750012499375e-05,4.999750012499375e-05,3.282707439211663e-12,0.0095995200239988
1200.0,static_calm,goal_success_rate,adaptive_mission,lawnmower_collect,30,30,30,30,30,1.0,1.0,0,0.21127183926463333,0.17430822255322412,0.24809261679249833,1.959639309317602,1.0,4.999750012499375e-05,4.999750012499375e-05,0.0,0.0095995200239988
1200.0,static_calm,goal_success_rate,adaptive_mission,oracle_current_physics,30,30,30,30,30,1.0,1.0,0,-0.5860887686315001,-0.6034496351524966,-0.568097662408474,-11.537186376694569,-1.0,4.999750012499375e-05,4.999750012499375e-05,0.0,0.0095995200239988
1200.0,static_calm,regret_to_best_fixed_auc,adaptive_mission,belief_horizon,30,30,30,30,30,1.0,1.0,0,0.0002991088666333338,-0.007128704448304999,0.007346772357479997,0.014896041022695683,0.11594202898550725,0.9406029698515074,0.9406029698515074,0.9349735672631059,1.0
1200.0,static_calm,regret_to_best_fixed_auc,adaptive_mission,belief_orienteering,30,30,30,30,30,1.0,1.0,0,-0.03112437771713333,-0.041280204888385,-0.021053307447266672,-1.085799933776865,-0.9014778325123153,4.999750012499375e-05,4.999750012499375e-05,2.728160808374014e-09,0.0095995200239988
1200.0,static_calm,regret_to_best_fixed_auc,adaptive_mission,belief_orienteering_depth1,30,30,30,30,30,1.0,1.0,0,-0.04054944039713333,-0.04840745853347332,-0.032162711161165855,-1.7161104647489056,-0.9956989247311828,4.999750012499375e-05,4.999750012499375e-05,0.0,0.0095995200239988
1200.0,static_calm,regret_to_best_fixed_auc,adaptive_mission,confirmed_route,30,30,30,30,30,1.0,1.0,0,-0.0576964003989,-0.06775489903099917,-0.04730305811578584,-1.9220270539438722,-0.9913978494623656,4.999750012499375e-05,4.999750012499375e-05,0.0,0.0095995200239988
1200.0,static_calm,regret_to_best_fixed_auc,adaptive_mission,greedy,30,30,30,30,30,1.0,1.0,0,-0.01705826268976667,-0.031385275314764996,-0.00355684825442,-0.4372872103617997,-0.44086021505376344,0.018999050047497624,0.018999050047497624,0.016614895181318756,0.8739563021848907
1200.0,static_calm,regret_to_best_fixed_auc,adaptive_mission,lawnmower_collect,30,30,30,30,30,1.0,1.0,0,-0.10192441707100001,-0.11135540139781251,-0.0922458306738525,-3.7220443987049743,-1.0,4.999750012499375e-05,4.999750012499375e-05,0.0,0.0095995200239988
1200.0,static_calm,regret_to_best_fixed_auc,adaptive_mission,oracle_current_physics,30,0,30,0,0,1.0,0.0,30,,,,,0.0,,,,
1200.0,strong_drift,auc_collected_by_path,adaptive_mission,belief_horizon,30,30,30,30,30,1.0,1.0,0,0.0006764251222666667,-0.0018800256907208332,0.0039350126705875,0.08392841610149679,-0.3333333333333333,1.0,1.0,0.6457352543073396,1.0
1200.0,strong_drift,auc_collected_by_path,adaptive_mission,belief_orienteering,30,30,30,30,30,1.0,1.0,0,0.024287574099966663,0.0077537588627,0.041294714738551654,0.5120404931443757,0.5483870967741935,0.008699565021748913,0.008699565021748913,0.005038510812357622,0.45237738113094345
1200.0,strong_drift,auc_collected_by_path,adaptive_mission,belief_orienteering_depth1,30,30,30,30,30,1.0,1.0,0,0.04986729507316667,0.035004420141575,0.06547566702807749,1.1702240758194247,0.9053763440860215,4.999750012499375e-05,4.999750012499375e-05,1.4591972075095327e-10,0.0095995200239988
1200.0,strong_drift,auc_collected_by_path,adaptive_mission,confirmed_route,30,30,30,30,30,1.0,1.0,0,0.14026999954913333,0.12396957386110333,0.15774854673622415,2.908293445214205,1.0,4.999750012499375e-05,4.999750012499375e-05,0.0,0.0095995200239988
1200.0,strong_drift,auc_collected_by_path,adaptive_mission,greedy,30,30,30,30,30,1.0,1.0,0,0.1750208048458,0.15221901944128585,0.19966677329024166,2.6285580514624662,1.0,4.999750012499375e-05,4.999750012499375e-05,0.0,0.0095995200239988
1200.0,strong_drift,auc_collected_by_path,adaptive_mission,lawnmower_collect,30,30,30,30,30,1.0,1.0,0,0.23829625875096663,0.2233246995684383,0.25483109634872664,5.347639477141966,1.0,4.999750012499375e-05,4.999750012499375e-05,0.0,0.0095995200239988
1200.0,strong_drift,auc_collected_by_path,adaptive_mission,oracle_current_physics,30,30,30,30,30,1.0,1.0,0,-0.18322057836109998,-0.1996636470246883,-0.16625405545342004,-3.665153438754371,-1.0,4.999750012499375e-05,4.999750012499375e-05,0.0,0.0095995200239988
1200.0,strong_drift,collected_ratio,adaptive_mission,belief_horizon,30,30,30,30,30,1.0,1.0,0,-0.0017777777777999999,-0.0053333333333999994,0.0,-0.20756357328517033,-1.0,0.5,0.5,0.25559158471231536,1.0
1200.0,strong_drift,collected_ratio,adaptive_mission,belief_orienteering,30,30,30,30,30,1.0,1.0,0,0.04399999999990001,0.0028888888887983353,0.08889444444445413,0.36637044591174656,0.41839080459770117,0.05219739013049347,0.05219739013049347,0.04478230043450071,1.0
1200.0,strong_drift,collected_ratio,adaptive_mission,belief_orienteering_depth1,30,30,30,30,30,1.0,1.0,0,0.04888888888896668,0.02332777777784583,0.07644444444450084,0.6474258614501682,0.6689655172413793,0.0002999850007499625,0.0002999850007499625,0.0003909815386693438,0.018599070046497676
1200.0,strong_drift,collected_ratio,adaptive_mission,confirmed_route,30,30,30,30,30,1.0,1.0,0,0.1368888888889,0.09711111111109916,0.18199999999996666,1.1229853679229866,0.9419354838709677,4.999750012499375e-05,4.999750012499375e-05,7.707161575609689e-10,0.0095995200239988
1200.0,strong_drift,collected_ratio,adaptive_mission,greedy,30,30,30,30,30,1.0,1.0,0,0.4322222222222667,0.39710555555567845,0.4702222222222667,4.211020165137904,1.0,4.999750012499375e-05,4.999750012499375e-05,0.0,0.0095995200239988
1200.0,strong_drift,collected_ratio,adaptive_mission,lawnmower_collect,30,30,30,30,30,1.0,1.0,0,0.5228888888889334,0.5006666666667,0.5480055555556532,7.830697401999033,1.0,4.999750012499375e-05,4.999750012499375e-05,0.0,0.0095995200239988
1200.0,strong_drift,collected_ratio,adaptive_mission,oracle_current_physics,30,30,30,30,30,1.0,1.0,0,-0.3817777777777667,-0.4195666666667751,-0.3395555555555642,-3.386684567134101,-1.0,4.999750012499375e-05,4.999750012499375e-05,0.0,0.0095995200239988
1200.0,strong_drift,oracle_gap_auc_collected_by_path,adaptive_mission,belief_horizon,30,30,30,30,30,1.0,1.0,0,-0.0006764251222666667,-0.0039350126705875,0.0018800256907208332,-0.08392841610149679,0.3333333333333333,1.0,1.0,0.6457352543073396,1.0
1200.0,strong_drift,oracle_gap_auc_collected_by_path,adaptive_mission,belief_orienteering,30,30,30,30,30,1.0,1.0,0,-0.024287574099966663,-0.041294714738551654,-0.00775375886270001,-0.5120404931443757,-0.5483870967741935,0.007949602519874007,0.007949602519874007,0.005038510812357622,0.42132893355332235
1200.0,strong_drift,oracle_gap_auc_collected_by_path,adaptive_mission,belief_orienteering_depth1,30,30,30,30,30,1.0,1.0,0,-0.04986729507316667,-0.0654756670280775,-0.03500442014157501,-1.1702240758194247,-0.9053763440860215,4.999750012499375e-05,4.999750012499375e-05,1.4591972075095327e-10,0.0095995200239988
1200.0,strong_drift,oracle_gap_auc_collected_by_path,adaptive_mission,confirmed_route,30,30,30,30,30,1.0,1.0,0,-0.14026999954913333,-0.15774854673622418,-0.12396957386110334,-2.908293445214205,-1.0,4.999750012499375e-05,4.999750012499375e-05,0.0,0.0095995200239988
1200.0,strong_drift,oracle_gap_auc_collected_by_path,adaptive_mission,greedy,30,30,30,30,30,1.0,1.0,0,-0.1750208048458,-0.19966677329024166,-0.15221901944128585,-2.6285580514624662,-1.0,4.999750012499375e-05,4.999750012499375e-05,0.0,0.0095995200239988
1200.0,strong_drift,oracle_gap_auc_collected_by_path,adaptive_mission,lawnmower_collect,30,30,30,30,30,1.0,1.0,0,-0.23829625875096663,-0.25483109634872664,-0.2233246995684383,-5.347639477141966,-1.0,4.999750012499375e-05,4.999750012499375e-05,0.0,0.0095995200239988
1200.0,strong_drift,oracle_gap_auc_collected_by_path,adaptive_mission,oracle_current_physics,30,30,30,30,30,1.0,1.0,0,0.18322057836109998,0.16625405545342,0.1996636470246883,3.665153438754371,1.0,4.999750012499375e-05,4.999750012499375e-05,0.0,0.0095995200239988
1200.0,strong_drift,empty_goal_arrivals_per_km,adaptive_mission,belief_horizon,30,30,30,30,30,1.0,1.0,0,0.2777404534860667,-4.559926713333333e-05,0.7499340955361917,0.2427762630325199,0.4666666666666667,0.375,0.375,0.18360383313379636,1.0
1200.0,strong_drift,empty_goal_arrivals_per_km,adaptive_mission,belief_orienteering,30,30,30,30,30,1.0,1.0,0,1.0550466177946334,-0.6109422301320477,2.8880341227677464,0.2139324796119226,0.15268817204301074,0.2616369181540923,0.2616369181540923,0.2412948524873344,1.0
1200.0,strong_drift,empty_goal_arrivals_per_km,adaptive_mission,belief_orienteering_depth1,30,30,30,30,30,1.0,1.0,0,0.9442467733568666,-0.7222160141969617,2.694956788261738,0.19867645231713957,0.11827956989247312,0.2916854157292135,0.2916854157292135,0.2765087024087287,1.0
1200.0,strong_drift,empty_goal_arrivals_per_km,adaptive_mission,confirmed_route,30,30,30,30,30,1.0,1.0,0,-26.581818580442736,-30.887910399395444,-22.49896051560395,-2.163062291816732,-1.0,4.999750012499375e-05,4.999750012499375e-05,0.0,0.0095995200239988
1200.0,strong_drift,empty_goal_arrivals_per_km,adaptive_mission,greedy,30,30,30,30,30,1.0,1.0,0,-44.96780095100385,-49.85825207683235,-39.82837401779433,-3.2355878137081624,-1.0,4.999750012499375e-05,4.999750012499375e-05,0.0,0.0095995200239988
1200.0,strong_drift,empty_goal_arrivals_per_km,adaptive_mission,lawnmower_collect,30,30,30,30,30,1.0,1.0,0,10.416064988082804,8.666031864439468,12.110506171637345,2.1640804887979623,1.0,4.999750012499375e-05,4.999750012499375e-05,0.0,0.0095995200239988
1200.0,strong_drift,empty_goal_arrivals_per_km,adaptive_mission,oracle_current_physics,30,30,30,30,30,1.0,1.0,0,0.9448990904254998,-1.5396460779424967,3.4330331093925905,0.13492560778613683,0.1053763440860215,0.4613769311534423,0.4613769311534423,0.45989607359505147,1.0
1200.0,strong_drift,wasted_path_ratio,adaptive_mission,belief_horizon,30,30,30,30,30,1.0,1.0,0,0.0033734047821333333,-1.2335036666666666e-07,0.009195224344251667,0.23643157410044738,0.7333333333333333,0.1875,0.1875,0.19532400193606536,1.0
1200.0,strong_drift,wasted_path_ratio,adaptive_mission,belief_orienteering,30,30,30,30,30,1.0,1.0,0,-0.05018086049996668,-0.09533232628846584,-0.005431171076663382,-0.3982464735379032,-0.47956989247311826,0.03549822508874556,0.03549822508874556,0.029162286268796578,1.0
1200.0,strong_drift,wasted_path_ratio,adaptive_mission,belief_orienteering_depth1,30,30,30,30,30,1.0,1.0,0,-0.10056243701880004,-0.14057407390499588,-0.055960380390790036,-0.8346012279886513,-0.810752688172043,0.000199990000499975,0.000199990000499975,4.847096413129748e-06,0.0127993600319984
1200.0,strong_drift,wasted_path_ratio,adaptive_mission,confirmed_route,30,30,30,30,30,1.0,1.0,0,-0.4643789379202333,-0.5272962688153227,-0.3986307608910467,-2.5634571204732572,-1.0,4.999750012499375e-05,4.999750012499375e-05,0.0,0.0095995200239988
1200.0,strong_drift,wasted_path_ratio,adaptive_mission,greedy,30,30,30,30,30,1.0,1.0,0,-0.7150887549464002,-0.7437421038200147,-0.6831749555456417,-8.568512089710238,-1.0,4.999750012499375e-05,4.999750012499375e-05,0.0,0.0095995200239988
1200.0,strong_drift,wasted_path_ratio,adaptive_mission,lawnmower_collect,30,30,30,30,30,1.0,1.0,0,-0.4148307238094333,-0.48768197179010253,-0.33824417648728494,-1.9486133242186143,-0.9827956989247312,4.999750012499375e-05,4.999750012499375e-05,0.0,0.0095995200239988
1200.0,strong_drift,wasted_path_ratio,adaptive_mission,oracle_current_physics,30,30,30,30,30,1.0,1.0,0,0.07909237293096667,0.03994528087958166,0.12130862975138916,0.6777094376567392,0.6989247311827957,0.0006499675016249188,0.0006499675016249188,0.0002056544275794714,0.038348082595870206
1200.0,strong_drift,goal_success_rate,adaptive_mission,belief_horizon,30,30,30,30,30,1.0,1.0,0,-0.005261977666733333,-0.014604298733833333,0.0012129380054,-0.22394383608850366,-0.6666666666666666,0.5,0.5,0.2199763887706152,1.0
1200.0,strong_drift,goal_success_rate,adaptive_mission,belief_orienteering,30,30,30,30,30,1.0,1.0,0,-0.006768000362733332,-0.059845673414906674,0.04563356352735666,-0.04545723916988035,-0.09885057471264368,0.8024598770061497,0.8024598770061497,0.803376597842584,1.0
1200.0,strong_drift,goal_success_rate,adaptive_mission,belief_orienteering_depth1,30,30,30,30,30,1.0,1.0,0,-0.006758048644366666,-0.0470609601097325,0.032488598069481664,-0.06176238308803558,0.07526881720430108,0.7416129193540323,0.7416129193540323,0.7351472929235265,1.0
1200.0,strong_drift,goal_success_rate,adaptive_mission,confirmed_route,30,30,30,30,30,1.0,1.0,0,0.15535603626429995,0.10629866393522415,0.20489148739557744,1.1182575865175943,0.896774193548387,4.999750012499375e-05,4.999750012499375e-05,9.071263740167979e-10,0.0095995200239988
1200.0,strong_drift,goal_success_rate,adaptive_mission,greedy,30,30,30,30,30,1.0,1.0,0,0.39369636583689993,0.3410826457054217,0.44851798718339836,2.618411576523912,1.0,4.999750012499375e-05,4.999750012499375e-05,0.0,0.0095995200239988
1200.0,strong_drift,goal_success_rate,adaptive_mission,lawnmower_collect,30,30,30,30,30,1.0,1.0,0,0.2872927279135,0.23020864421115003,0.34691012990230585,1.8038682407456768,0.9913978494623656,4.999750012499375e-05,4.999750012499375e-05,0.0,0.0095995200239988
1200.0,strong_drift,goal_success_rate,adaptive_mission,oracle_current_physics,30,30,30,30,30,1.0,1.0,0,-0.31258215649879995,-0.34998889856465504,-0.2745758773771142,-2.9062877736936277,-1.0,4.999750012499375e-05,4.999750012499375e-05,0.0,0.0095995200239988
1200.0,strong_drift,regret_to_best_fixed_auc,adaptive_mission,belief_horizon,30,30,30,30,30,1.0,1.0,0,0.0006353758743333334,1.0315259999999999e-07,0.0019056558986874999,0.1864948495350281,1.0,0.125,0.125,0.30702975101947905,1.0
1200.0,strong_drift,regret_to_best_fixed_auc,adaptive_mission,belief_orienteering,30,30,30,30,30,1.0,1.0,0,-0.022975773103366664,-0.03959532205645333,-0.007308227336618334,-0.5075977646512347,-0.5440860215053763,0.009549522523873807,0.009549522523873807,0.005432083537005639,0.47747612619369034
1200.0,strong_drift,regret_to_best_fixed_auc,adaptive_mission,belief_orienteering_depth1,30,30,30,30,30,1.0,1.0,0,-0.048555494076566674,-0.06386172420243832,-0.033799971671246674,-1.1607468941308772,-0.9053763440860215,4.999750012499375e-05,4.999750012499375e-05,2.0483348350808228e-10,0.0095995200239988
1200.0,strong_drift,regret_to_best_fixed_auc,adaptive_mission,confirmed_route,30,30,30,30,30,1.0,1.0,0,-0.13895819855253333,-0.1573208243345658,-0.12238242569681503,-2.802688822833839,-1.0,4.999750012499375e-05,4.999750012499375e-05,0.0,0.0095995200239988
1200.0,strong_drift,regret_to_best_fixed_auc,adaptive_mission,greedy,30,30,30,30,30,1.0,1.0,0,-0.17370900384916663,-0.19778071364594416,-0.15144476521053912,-2.6493213704518226,-1.0,4.999750012499375e-05,4.999750012499375e-05,0.0,0.0095995200239988
1200.0,strong_drift,regret_to_best_fixed_auc,adaptive_mission,lawnmower_collect,30,30,30,30,30,1.0,1.0,0,-0.23698445775436663,-0.2540450155354342,-0.2217776202520692,-5.174830911438491,-1.0,4.999750012499375e-05,4.999750012499375e-05,0.0,0.0095995200239988
1200.0,strong_drift,regret_to_best_fixed_auc,adaptive_mission,oracle_current_physics,30,0,30,0,0,1.0,0.0,30,,,,,0.0,,,,
1200.0,weak_drift,auc_collected_by_path,adaptive_mission,belief_horizon,30,30,30,30,30,1.0,1.0,0,0.00043258665956666663,-0.00285639960182,0.003558618965588333,0.04658152699760718,0.1111111111111111,0.8133593320333983,0.8133593320333983,0.7986168775834253,1.0
1200.0,weak_drift,auc_collected_by_path,adaptive_mission,belief_orienteering,30,30,30,30,30,1.0,1.0,0,0.023264715970866663,0.016206964248883335,0.030454794187795824,1.1474364027583086,0.9225806451612903,4.999750012499375e-05,4.999750012499375e-05,3.283435745515817e-10,0.0095995200239988
1200.0,weak_drift,auc_collected_by_path,adaptive_mission,belief_orienteering_depth1,30,30,30,30,30,1.0,1.0,0,0.038922852930566666,0.02941308892046667,0.04942584832215332,1.3986954092563066,0.9741935483870968,4.999750012499375e-05,4.999750012499375e-05,1.84297022087776e-14,0.0095995200239988
1200.0,weak_drift,auc_collected_by_path,adaptive_mission,confirmed_route,30,30,30,30,30,1.0,1.0,0,0.07261336217623332,0.05820592525392166,0.08612643933014417,1.8479197544720967,0.9741935483870968,4.999750012499375e-05,4.999750012499375e-05,0.0,0.0095995200239988
1200.0,weak_drift,auc_collected_by_path,adaptive_mission,greedy,30,30,30,30,30,1.0,1.0,0,0.03283187249840001,0.013621088022376668,0.05278523050166917,0.5886987606626698,0.6645161290322581,0.001799910004499775,0.001799910004499775,0.0012622110685678312,0.10259487025648717
1200.0,weak_drift,auc_collected_by_path,adaptive_mission,lawnmower_collect,30,30,30,30,30,1.0,1.0,0,0.0933238318472,0.0779671576816075,0.10819157872391415,2.1930003318758944,0.9956989247311828,4.999750012499375e-05,4.999750012499375e-05,0.0,0.0095995200239988
1200.0,weak_drift,auc_collected_by_path,adaptive_mission,oracle_current_physics,30,30,30,30,30,1.0,1.0,0,-0.2817779438138,-0.30070936898567585,-0.26186604115531076,-5.159995850807157,-1.0,4.999750012499375e-05,4.999750012499375e-05,0.0,0.0095995200239988
1200.0,weak_drift,collected_ratio,adaptive_mission,belief_horizon,30,30,30,30,30,1.0,1.0,0,0.004000000000066667,-0.008666666666600835,0.017555555555666666,0.10389439188587636,0.0784313725490196,0.6040697965101745,0.6040697965101745,0.5693201590267449,1.0
1200.0,weak_drift,collected_ratio,adaptive_mission,belief_orienteering,30,30,30,30,30,1.0,1.0,0,0.05444444444446668,0.030661111111145833,0.07977777777770416,0.7803549450310784,0.774712643678161,9.99950002499875e-05,9.99950002499875e-05,1.9184195628518808e-05,0.0095995200239988
1200.0,weak_drift,collected_ratio,adaptive_mission,belief_orienteering_depth1,30,30,30,30,30,1.0,1.0,0,0.08711111111106665,0.05176666666662582,0.1275555555554675,0.8241457411797861,0.7977011494252874,9.99950002499875e-05,9.99950002499875e-05,6.360657384130164e-06,0.0095995200239988
1200.0,weak_drift,collected_ratio,adaptive_mission,confirmed_route,30,30,30,30,30,1.0,1.0,0,0.15044444444446672,0.11599444444447667,0.18378333333338834,1.4792272604300796,0.9505376344086022,4.999750012499375e-05,4.999750012499375e-05,4.440892098500626e-16,0.0095995200239988
1200.0,weak_drift,collected_ratio,adaptive_mission,greedy,30,30,30,30,30,1.0,1.0,0,0.10822222222223332,0.06288333333334584,0.1553444444445108,0.8171313073197385,0.8423645320197044,9.99950002499875e-05,9.99950002499875e-05,7.6192567752819684e-06,0.0095995200239988
1200.0,weak_drift,collected_ratio,adaptive_mission,lawnmower_collect,30,30,30,30,30,1.0,1.0,0,0.22444444444443326,0.1875555555555983,0.2640111111110766,2.064949735917401,1.0,4.999750012499375e-05,4.999750012499375e-05,0.0,0.0095995200239988
1200.0,weak_drift,collected_ratio,adaptive_mission,oracle_current_physics,30,30,30,30,30,1.0,1.0,0,-0.4786666666666333,-0.5286666666666341,-0.4248888888888666,-3.2319240165740264,-1.0,4.999750012499375e-05,4.999750012499375e-05,0.0,0.0095995200239988
1200.0,weak_drift,oracle_gap_auc_collected_by_path,adaptive_mission,belief_horizon,30,30,30,30,30,1.0,1.0,0,-0.00043258665956666663,-0.003558618965588333,0.0028563996018199983,-0.04658152699760718,-0.1111111111111111,0.8036098195090245,0.8036098195090245,0.7986168775834253,1.0
1200.0,weak_drift,oracle_gap_auc_collected_by_path,adaptive_mission,belief_orienteering,30,30,30,30,30,1.0,1.0,0,-0.023264715970866663,-0.030454794187795828,-0.016206964248883342,-1.1474364027583086,-0.9225806451612903,4.999750012499375e-05,4.999750012499375e-05,3.283435745515817e-10,0.0095995200239988
1200.0,weak_drift,oracle_gap_auc_collected_by_path,adaptive_mission,belief_orienteering_depth1,30,30,30,30,30,1.0,1.0,0,-0.038922852930566666,-0.04942584832215333,-0.029413088920466676,-1.3986954092563066,-0.9741935483870968,4.999750012499375e-05,4.999750012499375e-05,1.84297022087776e-14,0.0095995200239988
1200.0,weak_drift,oracle_gap_auc_collected_by_path,adaptive_mission,confirmed_route,30,30,30,30,30,1.0,1.0,0,-0.07261336217623332,-0.08612643933014417,-0.05820592525392167,-1.8479197544720967,-0.9741935483870968,4.999750012499375e-05,4.999750012499375e-05,0.0,0.0095995200239988
1200.0,weak_drift,oracle_gap_auc_collected_by_path,adaptive_mission,greedy,30,30,30,30,30,1.0,1.0,0,-0.03283187249840001,-0.05278523050166917,-0.013621088022376696,-0.5886987606626698,-0.6645161290322581,0.0018999050047497626,0.0018999050047497626,0.0012622110685678312,0.1063946802659867
1200.0,weak_drift,oracle_gap_auc_collected_by_path,adaptive_mission,lawnmower_collect,30,30,30,30,30,1.0,1.0,0,-0.0933238318472,-0.10819157872391416,-0.0779671576816075,-2.1930003318758944,-0.9956989247311828,4.999750012499375e-05,4.999750012499375e-05,0.0,0.0095995200239988
1200.0,weak_drift,oracle_gap_auc_collected_by_path,adaptive_mission,oracle_current_physics,30,30,30,30,30,1.0,1.0,0,0.2817779438138,0.26186604115531076,0.30070936898567585,5.159995850807157,1.0,4.999750012499375e-05,4.999750012499375e-05,0.0,0.0095995200239988
1200.0,weak_drift,empty_goal_arrivals_per_km,adaptive_mission,belief_horizon,30,30,30,30,30,1.0,1.0,0,1.6941716084475331,0.16653161674772826,3.4159972854366605,0.3709897110448751,0.5163398692810458,0.05184740762961852,0.05184740762961852,0.04215422961079307,1.0
1200.0,weak_drift,empty_goal_arrivals_per_km,adaptive_mission,belief_orienteering,30,30,30,30,30,1.0,1.0,0,8.027277528115233,6.139031980925421,9.917309356431284,1.4727979497800545,0.9526881720430107,4.999750012499375e-05,4.999750012499375e-05,6.661338147750939e-16,0.0095995200239988
1200.0,weak_drift,empty_goal_arrivals_per_km,adaptive_mission,belief_orienteering_depth1,30,30,30,30,30,1.0,1.0,0,14.1933810543654,11.776105510506346,16.526424257268488,2.073492317955026,0.9913978494623656,4.999750012499375e-05,4.999750012499375e-05,0.0,0.0095995200239988
1200.0,weak_drift,empty_goal_arrivals_per_km,adaptive_mission,confirmed_route,30,30,30,30,30,1.0,1.0,0,-9.581963491567967,-14.47168027941084,-4.582941343140334,-0.6909825879078924,-0.6731182795698925,0.0008499575021248938,0.0008499575021248938,0.00015391421566968155,0.04929753512324384
1200.0,weak_drift,empty_goal_arrivals_per_km,adaptive_mission,greedy,30,30,30,30,30,1.0,1.0,0,-32.497186181336204,-36.21936432263834,-28.55332781158507,-2.953001043803617,-0.9956989247311828,4.999750012499375e-05,4.999750012499375e-05,0.0,0.0095995200239988
1200.0,weak_drift,empty_goal_arrivals_per_km,adaptive_mission,lawnmower_collect,30,30,30,30,30,1.0,1.0,0,28.331903837426,25.665495192252838,30.72039425707651,4.057882785545463,1.0,4.999750012499375e-05,4.999750012499375e-05,0.0,0.0095995200239988
1200.0,weak_drift,empty_goal_arrivals_per_km,adaptive_mission,oracle_current_physics,30,30,30,30,30,1.0,1.0,0,17.332451168072566,14.804395307893047,19.77681478063612,2.4567290102344064,0.9956989247311828,4.999750012499375e-05,4.999750012499375e-05,0.0,0.0095995200239988
1200.0,weak_drift,wasted_path_ratio,adaptive_mission,belief_horizon,30,30,30,30,30,1.0,1.0,0,0.021266943073833332,-0.009197003834917497,0.05223476775872666,0.24862435486809176,0.42483660130718953,0.18774061296935154,0.18774061296935154,0.17326995324542072,1.0
1200.0,weak_drift,wasted_path_ratio,adaptive_mission,belief_orienteering,30,30,30,30,30,1.0,1.0,0,-0.03529357349736668,-0.06394192542426834,-0.007461334933877505,-0.4387311799423301,-0.46236559139784944,0.02224888755562222,0.02224888755562222,0.01625986948880609,1.0
1200.0,weak_drift,wasted_path_ratio,adaptive_mission,belief_orienteering_depth1,30,30,30,30,30,1.0,1.0,0,-0.04871062145809999,-0.08322082333032332,-0.015150507902790012,-0.5138751201790988,-0.5225806451612903,0.00974951252437378,0.00974951252437378,0.004883646835969646,0.4777261136943152
1200.0,weak_drift,wasted_path_ratio,adaptive_mission,confirmed_route,30,30,30,30,30,1.0,1.0,0,-0.4657772405444,-0.5109523653377809,-0.41543533275485917,-3.3278985007765183,-1.0,4.999750012499375e-05,4.999750012499375e-05,0.0,0.0095995200239988
1200.0,weak_drift,wasted_path_ratio,adaptive_mission,greedy,30,30,30,30,30,1.0,1.0,0,-0.41879523779460004,-0.46884480042665755,-0.36046583581104413,-2.677596414190985,-0.9956989247311828,4.999750012499375e-05,4.999750012499375e-05,0.0,0.0095995200239988
1200.0,weak_drift,wasted_path_ratio,adaptive_mission,lawnmower_collect,30,30,30,30,30,1.0,1.0,0,-0.09021196913626667,-0.16893135175663918,-0.00781837251252009,-0.38883461020539745,-0.41935483870967744,0.04304784760761962,0.04304784760761962,0.033193508310099595,1.0
1200.0,weak_drift,wasted_path_ratio,adaptive_mission,oracle_current_physics,30,30,30,30,30,1.0,1.0,0,0.22771140726706668,0.17742760115086414,0.2847836177344133,1.430644470457822,1.0,4.999750012499375e-05,4.999750012499375e-05,4.6629367034256575e-15,0.0095995200239988
1200.0,weak_drift,goal_success_rate,adaptive_mission,belief_horizon,30,30,30,30,30,1.0,1.0,0,-0.004636641891233334,-0.023329079305123332,0.012267452240496654,-0.08992442323488985,-0.0718954248366013,0.631368431578421,0.631368431578421,0.622340231032821,1.0
1200.0,weak_drift,goal_success_rate,adaptive_mission,belief_orienteering,30,30,30,30,30,1.0,1.0,0,-0.0014079421501999993,-0.024403079660920833,0.02361651394448581,-0.01990344205133997,-0.1010752688172043,0.9173541322933854,0.9173541322933854,0.9131900838875375,1.0
1200.0,weak_drift,goal_success_rate,adaptive_mission,belief_orienteering_depth1,30,30,30,30,30,1.0,1.0,0,-0.023134765694666666,-0.05889351229036167,0.01249806825026917,-0.2307505836144326,-0.3057471264367816,0.20903954802259886,0.20903954802259886,0.2062756149049143,1.0
1200.0,weak_drift,goal_success_rate,adaptive_mission,confirmed_route,30,30,30,30,30,1.0,1.0,0,0.15719408811889998,0.11437662482229502,0.19668064240184002,1.310868992246271,0.8666666666666667,4.999750012499375e-05,4.999750012499375e-05,6.974421040695233e-13,0.0095995200239988
1200.0,weak_drift,goal_success_rate,adaptive_mission,greedy,30,30,30,30,30,1.0,1.0,0,0.13615691923123335,0.09198188268599251,0.18647957888194583,1.0194625215119983,0.8881720430107527,4.999750012499375e-05,4.999750012499375e-05,2.3528384573978656e-08,0.0095995200239988
1200.0,weak_drift,goal_success_rate,adaptive_mission,lawnmower_collect,30,30,30,30,30,1.0,1.0,0,0.08469826798866668,0.026768882886949164,0.14358318432882747,0.5065915862313927,0.5268817204301075,0.009299535023248838,0.009299535023248838,0.005524986484958472,0.47427628618569073
1200.0,weak_drift,goal_success_rate,adaptive_mission,oracle_current_physics,30,30,30,30,30,1.0,1.0,0,-0.49719417550003336,-0.532792016540001,-0.4605814761758483,-4.858053866132064,-1.0,4.999750012499375e-05,4.999750012499375e-05,0.0,0.0095995200239988
1200.0,weak_drift,regret_to_best_fixed_auc,adaptive_mission,belief_horizon,30,30,30,30,30,1.0,1.0,0,0.0010914738332666665,-0.0016339813181549998,0.004014410869975833,0.1360443398618767,0.21666666666666667,0.48040771484375,0.48040771484375,0.4561837427774753,1.0
1200.0,weak_drift,regret_to_best_fixed_auc,adaptive_mission,belief_orienteering,30,30,30,30,30,1.0,1.0,0,-0.021740655478099998,-0.028800225489119168,-0.014805938892282504,-1.0712622138153867,-0.9172413793103448,4.999750012499375e-05,4.999750012499375e-05,4.422955335314782e-09,0.0095995200239988
1200.0,weak_drift,regret_to_best_fixed_auc,adaptive_mission,belief_orienteering_depth1,30,30,30,30,30,1.0,1.0,0,-0.03739879243783333,-0.0475163022815775,-0.0279744059670625,-1.3622223156903832,-0.9724137931034482,4.999750012499375e-05,4.999750012499375e-05,8.570921750106208e-14,0.0095995200239988
1200.0,weak_drift,regret_to_best_fixed_auc,adaptive_mission,confirmed_route,30,30,30,30,30,1.0,1.0,0,-0.0710893016835,-0.08428008230582251,-0.05694016584913668,-1.8157130889057322,-0.9698924731182795,4.999750012499375e-05,4.999750012499375e-05,0.0,0.0095995200239988
1200.0,weak_drift,regret_to_best_fixed_auc,adaptive_mission,greedy,30,30,30,30,30,1.0,1.0,0,-0.03130781200566667,-0.05142750863404668,-0.012171110680668406,-0.5565520122923656,-0.6413793103448275,0.0035498225088745564,0.0035498225088745564,0.002300933969620722,0.19169041547922605
1200.0,weak_drift,regret_to_best_fixed_auc,adaptive_mission,lawnmower_collect,30,30,30,30,30,1.0,1.0,0,-0.09179977135446668,-0.10655627546380915,-0.07659289810679917,-2.1498064151524843,-0.9956989247311828,4.999750012499375e-05,4.999750012499375e-05,0.0,0.0095995200239988
1200.0,weak_drift,regret_to_best_fixed_auc,adaptive_mission,oracle_current_physics,30,0,30,0,0,1.0,0.0,30,,,,,0.0,,,,
2400.0,robot_disturbed,auc_collected_by_path,adaptive_mission,belief_horizon,30,30,30,30,30,1.0,1.0,0,-0.0150005817147,-0.03130346481372166,-0.00031392299135083715,-0.3422913134997574,-0.427536231884058,0.07094645267736613,0.07094645267736613,0.060819316112226574,1.0
2400.0,robot_disturbed,auc_collected_by_path,adaptive_mission,belief_orienteering,30,30,30,30,30,1.0,1.0,0,0.030095020454033332,0.011290371573983334,0.0503126453633408,0.5248210123220772,0.578494623655914,0.00679966001699915,0.00679966001699915,0.0040458695412675105,0.36038198090095497
2400.0,robot_disturbed,auc_collected_by_path,adaptive_mission,belief_orienteering_depth1,30,30,30,30,30,1.0,1.0,0,0.055987184112500005,0.03375722204816334,0.08054084558342833,0.7966999107731423,0.7677419354838709,0.00024998750062496874,0.00024998750062496874,1.2787792002422194e-05,0.01774911254437278
2400.0,robot_disturbed,auc_collected_by_path,adaptive_mission,confirmed_route,30,30,30,30,30,1.0,1.0,0,0.1533230448791333,0.12491415882726419,0.18140250458077253,1.8485321726942836,0.978494623655914,4.999750012499375e-05,4.999750012499375e-05,0.0,0.0095995200239988
2400.0,robot_disturbed,auc_collected_by_path,adaptive_mission,greedy,30,30,30,30,30,1.0,1.0,0,0.19977803636266664,0.1715912695483775,0.22668431512212667,2.5815113878940803,1.0,4.999750012499375e-05,4.999750012499375e-05,0.0,0.0095995200239988
2400.0,robot_disturbed,auc_collected_by_path,adaptive_mission,lawnmower_collect,30,30,30,30,30,1.0,1.0,0,0.2671859940519667,0.24326675328658584,0.29095729668957165,3.9133624615281835,1.0,4.999750012499375e-05,4.999750012499375e-05,0.0,0.0095995200239988
2400.0,robot_disturbed,auc_collected_by_path,adaptive_mission,oracle_current_physics,30,30,30,30,30,1.0,1.0,0,-0.3700558953577333,-0.3925843344741043,-0.3471424395553867,-5.600447697473878,-1.0,4.999750012499375e-05,4.999750012499375e-05,0.0,0.0095995200239988
2400.0,robot_disturbed,collected_ratio,adaptive_mission,belief_horizon,30,30,30,30,30,1.0,1.0,0,-0.05666666666669999,-0.12179444444453333,0.005777777777766663,-0.3114123013611643,-0.49122807017543857,0.09824508774561272,0.09824508774561272,0.08806852830168488,1.0
2400.0,robot_disturbed,collected_ratio,adaptive_mission,belief_orienteering,30,30,30,30,30,1.0,1.0,0,-0.014000000000066671,-0.07867222222231916,0.048022222222154874,-0.0782498257698407,-0.1477832512315271,0.6828158592070397,0.6828158592070397,0.668220207078118,1.0
2400.0,robot_disturbed,collected_ratio,adaptive_mission,belief_orienteering_depth1,30,30,30,30,30,1.0,1.0,0,0.03955555555549999,-0.022005555555653332,0.10068888888885406,0.21280584043063525,0.19540229885057472,0.2600869956502175,0.2600869956502175,0.2437820360402876,1.0
2400.0,robot_disturbed,collected_ratio,adaptive_mission,confirmed_route,30,30,30,30,30,1.0,1.0,0,0.16177777777770003,0.09732222222205751,0.22801111111104494,0.8505486285808082,0.7333333333333333,0.00024998750062496874,0.00024998750062496874,3.182949361857368e-06,0.01774911254437278
2400.0,robot_disturbed,collected_ratio,adaptive_mission,greedy,30,30,30,30,30,1.0,1.0,0,0.4475555555555334,0.3899722222222883,0.5082222222221341,2.5999193798841373,1.0,4.999750012499375e-05,4.999750012499375e-05,0.0,0.0095995200239988
2400.0,robot_disturbed,collected_ratio,adaptive_mission,lawnmower_collect,30,30,30,30,30,1.0,1.0,0,0.5524444444444999,0.5048833333333442,0.6040000000000024,3.764057366946528,1.0,4.999750012499375e-05,4.999750012499375e-05,0.0,0.0095995200239988
2400.0,robot_disturbed,collected_ratio,adaptive_mission,oracle_current_physics,30,30,30,30,30,1.0,1.0,0,-0.3906666666666999,-0.4400166666667641,-0.3393277777777784,-2.6081822974998303,-1.0,4.999750012499375e-05,4.999750012499375e-05,0.0,0.0095995200239988
2400.0,robot_disturbed,oracle_gap_auc_collected_by_path,adaptive_mission,belief_horizon,30,30,30,30,30,1.0,1.0,0,0.0150005817147,0.0003139229913508334,0.03130346481372165,0.3422913134997574,0.427536231884058,0.07099645017749112,0.07099645017749112,0.060819316112226574,1.0
2400.0,robot_disturbed,oracle_gap_auc_collected_by_path,adaptive_mission,belief_orienteering,30,30,30,30,30,1.0,1.0,0,-0.030095020454033332,-0.05031264536334084,-0.011290371573983344,-0.5248210123220772,-0.578494623655914,0.006099695015249237,0.006099695015249237,0.0040458695412675105,0.32938353082345884
2400.0,robot_disturbed,oracle_gap_auc_collected_by_path,adaptive_mission,belief_orienteering_depth1,30,30,30,30,30,1.0,1.0,0,-0.055987184112500005,-0.08054084558342833,-0.033757222048163345,-0.7966999107731423,-0.7677419354838709,0.00014999250037498125,0.00014999250037498125,1.2787792002422194e-05,0.011099445027748612
2400.0,robot_disturbed,oracle_gap_auc_collected_by_path,adaptive_mission,confirmed_route,30,30,30,30,30,1.0,1.0,0,-0.1533230448791333,-0.18140250458077253,-0.12491415882726421,-1.8485321726942836,-0.978494623655914,4.999750012499375e-05,4.999750012499375e-05,0.0,0.0095995200239988
2400.0,robot_disturbed,oracle_gap_auc_collected_by_path,adaptive_mission,greedy,30,30,30,30,30,1.0,1.0,0,-0.19977803636266664,-0.22668431512212667,-0.1715912695483775,-2.5815113878940803,-1.0,4.999750012499375e-05,4.999750012499375e-05,0.0,0.0095995200239988
2400.0,robot_disturbed,oracle_gap_auc_collected_by_path,adaptive_mission,lawnmower_collect,30,30,30,30,30,1.0,1.0,0,-0.2671859940519667,-0.29095729668957165,-0.24326675328658587,-3.9133624615281835,-1.0,4.999750012499375e-05,4.999750012499375e-05,0.0,0.0095995200239988
2400.0,robot_disturbed,oracle_gap_auc_collected_by_path,adaptive_mission,oracle_current_physics,30,30,30,30,30,1.0,1.0,0,0.3700558953577333,0.3471424395553867,0.3925843344741043,5.600447697473878,1.0,4.999750012499375e-05,4.999750012499375e-05,0.0,0.0095995200239988
2400.0,robot_disturbed,empty_goal_arrivals_per_km,adaptive_mission,belief_horizon,30,30,30,30,30,1.0,1.0,0,0.3472610744662001,-1.2498922481165047,2.0425307250417437,0.07290094310937303,-0.021739130434782608,0.6991150442477876,0.6991150442477876,0.689675917131682,1.0
2400.0,robot_disturbed,empty_goal_arrivals_per_km,adaptive_mission,belief_orienteering,30,30,30,30,30,1.0,1.0,0,3.9304769265307002,2.193945040470345,5.6809817412631505,0.7813109469587396,0.7376344086021506,0.00034998250087495624,0.00034998250087495624,1.8738408763319114e-05,0.023448827558622067
2400.0,robot_disturbed,empty_goal_arrivals_per_km,adaptive_mission,belief_orienteering_depth1,30,30,30,30,30,1.0,1.0,0,6.9303314639918,5.415653246079032,8.569450903991223,1.5006259585832107,1.0,4.999750012499375e-05,4.999750012499375e-05,2.220446049250313e-16,0.0095995200239988
2400.0,robot_disturbed,empty_goal_arrivals_per_km,adaptive_mission,confirmed_route,30,30,30,30,30,1.0,1.0,0,-18.332223060377835,-22.20756266151291,-14.762836038468356,-1.8031671629176613,-1.0,4.999750012499375e-05,4.999750012499375e-05,0.0,0.0095995200239988
2400.0,robot_disturbed,empty_goal_arrivals_per_km,adaptive_mission,greedy,30,30,30,30,30,1.0,1.0,0,-27.887313394156134,-31.929201186917144,-23.664650569418967,-2.4194273750663307,-1.0,4.999750012499375e-05,4.999750012499375e-05,0.0,0.0095995200239988
2400.0,robot_disturbed,empty_goal_arrivals_per_km,adaptive_mission,lawnmower_collect,30,30,30,30,30,1.0,1.0,0,20.054477485176665,18.498369674694153,21.499576765781445,4.521970770836174,1.0,4.999750012499375e-05,4.999750012499375e-05,0.0,0.0095995200239988
2400.0,robot_disturbed,empty_goal_arrivals_per_km,adaptive_mission,oracle_current_physics,30,30,30,30,30,1.0,1.0,0,21.9060208767252,20.31683789393096,23.427245144132982,4.750316086428873,1.0,4.999750012499375e-05,4.999750012499375e-05,0.0,0.0095995200239988
2400.0,robot_disturbed,wasted_path_ratio,adaptive_mission,belief_horizon,30,30,30,30,30,1.0,1.0,0,0.039163986530566665,-0.0049950245746675,0.08731234445764749,0.2893226852861096,0.2971014492753623,0.1247937603119844,0.1247937603119844,0.11303778266331466,1.0
2400.0,robot_disturbed,wasted_path_ratio,adaptive_mission,belief_orienteering,30,30,30,30,30,1.0,1.0,0,0.0032571240251666675,-0.049104374872619164,0.05843474903665323,0.021221713661701943,-0.08817204301075268,0.9100044997750113,0.9100044997750113,0.9074654168301455,1.0
2400.0,robot_disturbed,wasted_path_ratio,adaptive_mission,belief_orienteering_depth1,30,30,30,30,30,1.0,1.0,0,-0.03451329820303333,-0.09123252102626832,0.020060613840839903,-0.20439960296948795,-0.24301075268817204,0.26688665566721664,0.26688665566721664,0.2629086709999995,1.0
2400.0,robot_disturbed,wasted_path_ratio,adaptive_mission,confirmed_route,30,30,30,30,30,1.0,1.0,0,-0.3871161854997,-0.4553537060776851,-0.3172669629395292,-1.9622973082846211,-1.0,4.999750012499375e-05,4.999750012499375e-05,0.0,0.0095995200239988
2400.0,robot_disturbed,wasted_path_ratio,adaptive_mission,greedy,30,30,30,30,30,1.0,1.0,0,-0.5414935389053667,-0.5925213253449908,-0.4904011227709367,-3.643100358000493,-1.0,4.999750012499375e-05,4.999750012499375e-05,0.0,0.0095995200239988
2400.0,robot_disturbed,wasted_path_ratio,adaptive_mission,lawnmower_collect,30,30,30,30,30,1.0,1.0,0,-0.28828520291523335,-0.3608697236984325,-0.21981701238851828,-1.4265125252197821,-0.956989247311828,4.999750012499375e-05,4.999750012499375e-05,5.551115123125783e-15,0.0095995200239988
2400.0,robot_disturbed,wasted_path_ratio,adaptive_mission,oracle_current_physics,30,30,30,30,30,1.0,1.0,0,0.31368450836659995,0.2625611002429959,0.3650046040038275,2.155778670998632,1.0,4.999750012499375e-05,4.999750012499375e-05,0.0,0.0095995200239988
2400.0,robot_disturbed,goal_success_rate,adaptive_mission,belief_horizon,30,30,30,30,30,1.0,1.0,0,-0.019913666493933332,-0.05375703408722,0.011526350049334994,-0.20966088783067843,-0.3201581027667984,0.2702864856757162,0.2702864856757162,0.25081998882856116,1.0
2400.0,robot_disturbed,goal_success_rate,adaptive_mission,belief_orienteering,30,30,30,30,30,1.0,1.0,0,-0.044459083449633334,-0.08898076870534832,-0.0016116348197242154,-0.3575207089799768,-0.38064516129032255,0.05649717514124294,0.05649717514124294,0.05020401904920102,1.0
2400.0,robot_disturbed,goal_success_rate,adaptive_mission,belief_orienteering_depth1,30,30,30,30,30,1.0,1.0,0,-0.04882737598226668,-0.08379763270101168,-0.012974051718254203,-0.47014042466424977,-0.4666666666666667,0.013649317534123294,0.013649317534123294,0.010022120461925521,0.6551672416379181
2400.0,robot_disturbed,goal_success_rate,adaptive_mission,confirmed_route,30,30,30,30,30,1.0,1.0,0,0.08788874564363332,0.04815191841366667,0.1296279249111083,0.7586794141270107,0.6817204301075269,0.00034998250087495624,0.00034998250087495624,3.246361660491637e-05,0.023448827558622067
2400.0,robot_disturbed,goal_success_rate,adaptive_mission,greedy,30,30,30,30,30,1.0,1.0,0,0.2317792261095,0.19679941553586583,0.266609784767555,2.23889592961007,0.9956989247311828,4.999750012499375e-05,4.999750012499375e-05,0.0,0.0095995200239988
2400.0,robot_disturbed,goal_success_rate,adaptive_mission,lawnmower_collect,30,30,30,30,30,1.0,1.0,0,0.1176842293423,0.06430054564654498,0.16863300439392914,0.8109443186467494,0.7376344086021506,0.00014999250037498125,0.00014999250037498125,8.9240581675476e-06,0.011099445027748612
2400.0,robot_disturbed,goal_success_rate,adaptive_mission,oracle_current_physics,30,30,30,30,30,1.0,1.0,0,-0.5653778284800333,-0.5978570707124058,-0.5338211667152007,-6.057708157200835,-1.0,4.999750012499375e-05,4.999750012499375e-05,0.0,0.0095995200239988
2400.0,robot_disturbed,regret_to_best_fixed_auc,adaptive_mission,belief_horizon,30,30,30,30,30,1.0,1.0,0,0.0167553388412,0.0029190229270566665,0.03219093089886749,0.39601735393312965,0.6095238095238096,0.036098195090245484,0.036098195090245484,0.03007688566525557,1.0
2400.0,robot_disturbed,regret_to_best_fixed_auc,adaptive_mission,belief_orienteering,30,30,30,30,30,1.0,1.0,0,-0.028340263327499997,-0.048305504428852494,-0.010194536203024171,-0.5101623229160481,-0.5678160919540229,0.008249587520623968,0.008249587520623968,0.005201636508155527,0.42897855107244637
2400.0,robot_disturbed,regret_to_best_fixed_auc,adaptive_mission,belief_orienteering_depth1,30,30,30,30,30,1.0,1.0,0,-0.05423242698600001,-0.07889336452816086,-0.031851923337238346,-0.7720499350909883,-0.7609195402298851,4.999750012499375e-05,4.999750012499375e-05,2.3505423836223116e-05,0.0095995200239988
2400.0,robot_disturbed,regret_to_best_fixed_auc,adaptive_mission,confirmed_route,30,30,30,30,30,1.0,1.0,0,-0.1515682877526333,-0.17919771747849914,-0.12299430489736167,-1.8320454336288552,-0.978494623655914,4.999750012499375e-05,4.999750012499375e-05,0.0,0.0095995200239988
2400.0,robot_disturbed,regret_to_best_fixed_auc,adaptive_mission,greedy,30,30,30,30,30,1.0,1.0,0,-0.1980232792361667,-0.22538375126054166,-0.16961448908858165,-2.5295734966480246,-1.0,4.999750012499375e-05,4.999750012499375e-05,0.0,0.0095995200239988
2400.0,robot_disturbed,regret_to_best_fixed_auc,adaptive_mission,lawnmower_collect,30,30,30,30,30,1.0,1.0,0,-0.26543123692546666,-0.2895398475656241,-0.2416150896827167,-3.869850130925524,-1.0,4.999750012499375e-05,4.999750012499375e-05,0.0,0.0095995200239988
2400.0,robot_disturbed,regret_to_best_fixed_auc,adaptive_mission,oracle_current_physics,30,0,30,0,0,1.0,0.0,30,,,,,0.0,,,,
2400.0,static_calm,auc_collected_by_path,adaptive_mission,belief_horizon,30,30,30,30,30,1.0,1.0,0,0.009167173271499999,-0.005868852335675,0.025598051843979154,0.2102230709445199,0.04086021505376344,0.27993600319984,0.27993600319984,0.24955160274997956,1.0
2400.0,static_calm,auc_collected_by_path,adaptive_mission,belief_orienteering,30,30,30,30,30,1.0,1.0,0,0.05982242786843333,0.04725481233971333,0.07242520199664249,1.6851267573790558,0.9956989247311828,4.999750012499375e-05,4.999750012499375e-05,0.0,0.0095995200239988
2400.0,static_calm,auc_collected_by_path,adaptive_mission,belief_orienteering_depth1,30,30,30,30,30,1.0,1.0,0,0.07881925030600002,0.06476619492565333,0.09292699174278,2.039215055911771,1.0,4.999750012499375e-05,4.999750012499375e-05,0.0,0.0095995200239988
2400.0,static_calm,auc_collected_by_path,adaptive_mission,confirmed_route,30,30,30,30,30,1.0,1.0,0,0.10184384253656666,0.08738404660853333,0.11640401797572662,2.42901780042934,1.0,4.999750012499375e-05,4.999750012499375e-05,0.0,0.0095995200239988
2400.0,static_calm,auc_collected_by_path,adaptive_mission,greedy,30,30,30,30,30,1.0,1.0,0,0.05619389524103333,0.035845888195165834,0.07765649347034251,0.9597034366953668,0.8623655913978494,9.99950002499875e-05,9.99950002499875e-05,1.4681303550645453e-07,0.0095995200239988
2400.0,static_calm,auc_collected_by_path,adaptive_mission,lawnmower_collect,30,30,30,30,30,1.0,1.0,0,0.20343992246663334,0.19011817771274084,0.2167038130107584,5.296696330955374,1.0,4.999750012499375e-05,4.999750012499375e-05,0.0,0.0095995200239988
2400.0,static_calm,auc_collected_by_path,adaptive_mission,oracle_current_physics,30,30,30,30,30,1.0,1.0,0,-0.4527285742950667,-0.46400047934000505,-0.44129009565575344,-14.711728444439643,-1.0,4.999750012499375e-05,4.999750012499375e-05,0.0,0.0095995200239988
2400.0,static_calm,collected_ratio,adaptive_mission,belief_horizon,30,30,30,30,30,1.0,1.0,0,0.026888888888766664,-0.003111111111169168,0.05866666666656666,0.31198096569077965,0.3103448275862069,0.09739513024348782,0.09739513024348782,0.08748983272122812,1.0
2400.0,static_calm,collected_ratio,adaptive_mission,belief_orienteering,30,30,30,30,30,1.0,1.0,0,0.08955555555553332,0.06800000000003334,0.11133333333326666,1.4622891919787855,0.9741935483870968,4.999750012499375e-05,4.999750012499375e-05,1.1102230246251565e-15,0.0095995200239988
2400.0,static_calm,collected_ratio,adaptive_mission,belief_orienteering_depth1,30,30,30,30,30,1.0,1.0,0,0.12844444444446665,0.10132777777777835,0.1546666666667008,1.7543003791625555,1.0,4.999750012499375e-05,4.999750012499375e-05,0.0,0.0095995200239988
2400.0,static_calm,collected_ratio,adaptive_mission,confirmed_route,30,30,30,30,30,1.0,1.0,0,0.16133333333326666,0.13177777777766667,0.1911111111110008,1.8963329342280764,0.9956989247311828,4.999750012499375e-05,4.999750012499375e-05,0.0,0.0095995200239988
2400.0,static_calm,collected_ratio,adaptive_mission,greedy,30,30,30,30,30,1.0,1.0,0,0.12622222222223334,0.09510555555554502,0.15577777777766838,1.447449881302606,0.956989247311828,4.999750012499375e-05,4.999750012499375e-05,2.220446049250313e-15,0.0095995200239988
2400.0,static_calm,collected_ratio,adaptive_mission,lawnmower_collect,30,30,30,30,30,1.0,1.0,0,0.37200000000003336,0.3482222222222317,0.39489444444452165,5.704496985571862,1.0,4.999750012499375e-05,4.999750012499375e-05,0.0,0.0095995200239988
2400.0,static_calm,collected_ratio,adaptive_mission,oracle_current_physics,30,30,30,30,30,1.0,1.0,0,-0.5826666666667334,-0.6042277777778875,-0.560877777777855,-9.224793726657916,-1.0,4.999750012499375e-05,4.999750012499375e-05,0.0,0.0095995200239988
2400.0,static_calm,oracle_gap_auc_collected_by_path,adaptive_mission,belief_horizon,30,30,30,30,30,1.0,1.0,0,-0.009167173271499999,-0.025598051843979164,0.005868852335674996,-0.2102230709445199,-0.04086021505376344,0.27783610819459026,0.27783610819459026,0.24955160274997956,1.0
2400.0,static_calm,oracle_gap_auc_collected_by_path,adaptive_mission,belief_orienteering,30,30,30,30,30,1.0,1.0,0,-0.05982242786843333,-0.07242520199664251,-0.04725481233971334,-1.6851267573790558,-0.9956989247311828,4.999750012499375e-05,4.999750012499375e-05,0.0,0.0095995200239988
2400.0,static_calm,oracle_gap_auc_collected_by_path,adaptive_mission,belief_orienteering_depth1,30,30,30,30,30,1.0,1.0,0,-0.07881925030600002,-0.09292699174278,-0.06476619492565334,-2.039215055911771,-1.0,4.999750012499375e-05,4.999750012499375e-05,0.0,0.0095995200239988
2400.0,static_calm,oracle_gap_auc_collected_by_path,adaptive_mission,confirmed_route,30,30,30,30,30,1.0,1.0,0,-0.10184384253656666,-0.11640401797572665,-0.08738404660853333,-2.42901780042934,-1.0,4.999750012499375e-05,4.999750012499375e-05,0.0,0.0095995200239988
2400.0,static_calm,oracle_gap_auc_collected_by_path,adaptive_mission,greedy,30,30,30,30,30,1.0,1.0,0,-0.05619389524103333,-0.07765649347034251,-0.03584588819516584,-0.9597034366953668,-0.8623655913978494,4.999750012499375e-05,4.999750012499375e-05,1.4681303550645453e-07,0.0095995200239988
2400.0,static_calm,oracle_gap_auc_collected_by_path,adaptive_mission,lawnmower_collect,30,30,30,30,30,1.0,1.0,0,-0.20343992246663334,-0.2167038130107584,-0.19011817771274084,-5.296696330955374,-1.0,4.999750012499375e-05,4.999750012499375e-05,0.0,0.0095995200239988
2400.0,static_calm,oracle_gap_auc_collected_by_path,adaptive_mission,oracle_current_physics,30,30,30,30,30,1.0,1.0,0,0.4527285742950667,0.44129009565575344,0.464000479340005,14.711728444439643,1.0,4.999750012499375e-05,4.999750012499375e-05,0.0,0.0095995200239988
2400.0,static_calm,empty_goal_arrivals_per_km,adaptive_mission,belief_horizon,30,30,30,30,30,1.0,1.0,0,1.9163581674847667,0.6109622298495209,3.2503026122079626,0.5037279046224701,0.5096774193548387,0.010499475026248688,0.010499475026248688,0.005797297101573395,0.5354732263386831
2400.0,static_calm,empty_goal_arrivals_per_km,adaptive_mission,belief_orienteering,30,30,30,30,30,1.0,1.0,0,11.624565994342733,10.235522279416612,12.86127029016731,3.166948028142067,1.0,4.999750012499375e-05,4.999750012499375e-05,0.0,0.0095995200239988
2400.0,static_calm,empty_goal_arrivals_per_km,adaptive_mission,belief_orienteering_depth1,30,30,30,30,30,1.0,1.0,0,18.2630354878147,17.19310938733871,19.291030767744132,5.980030490691004,1.0,4.999750012499375e-05,4.999750012499375e-05,0.0,0.0095995200239988
2400.0,static_calm,empty_goal_arrivals_per_km,adaptive_mission,confirmed_route,30,30,30,30,30,1.0,1.0,0,6.5417617069187655,3.540817689635293,9.291367428138097,0.8112495390156405,0.7333333333333333,0.00024998750062496874,0.00024998750062496874,8.854967102678302e-06,0.01774911254437278
2400.0,static_calm,empty_goal_arrivals_per_km,adaptive_mission,greedy,30,30,30,30,30,1.0,1.0,0,-19.470961994626165,-21.17907652594709,-17.80447568749855,-3.991594204094395,-1.0,4.999750012499375e-05,4.999750012499375e-05,0.0,0.0095995200239988
2400.0,static_calm,empty_goal_arrivals_per_km,adaptive_mission,lawnmower_collect,30,30,30,30,30,1.0,1.0,0,29.720823245710598,28.72091895935289,30.693656883541983,10.155639854350563,1.0,4.999750012499375e-05,4.999750012499375e-05,0.0,0.0095995200239988
2400.0,static_calm,empty_goal_arrivals_per_km,adaptive_mission,oracle_current_physics,30,30,30,30,30,1.0,1.0,0,34.229341200255966,33.20165550459267,35.29151357499375,11.306066732513143,1.0,4.999750012499375e-05,4.999750012499375e-05,0.0,0.0095995200239988
2400.0,static_calm,wasted_path_ratio,adaptive_mission,belief_horizon,30,30,30,30,30,1.0,1.0,0,-0.0027486007892000004,-0.028249951749410834,0.023009463485639977,-0.038379339323070236,-0.04086021505376344,0.8364081795910204,0.8364081795910204,0.8335019808919666,1.0
2400.0,static_calm,wasted_path_ratio,adaptive_mission,belief_orienteering,30,30,30,30,30,1.0,1.0,0,0.010033166151600001,-0.018425487874191668,0.03959783798759582,0.1265576111962969,0.14408602150537633,0.4920253987300635,0.4920253987300635,0.4881937208854974,1.0
2400.0,static_calm,wasted_path_ratio,adaptive_mission,belief_orienteering_depth1,30,30,30,30,30,1.0,1.0,0,-0.003370405572566668,-0.03136493342829251,0.025194516589060783,-0.04216226507132964,-0.02795698924731183,0.8150092495375231,0.8150092495375231,0.8173674463798426,1.0
2400.0,static_calm,wasted_path_ratio,adaptive_mission,confirmed_route,30,30,30,30,30,1.0,1.0,0,-0.20233459979486668,-0.23020993671643003,-0.17472700276292746,-2.5870716888544387,-1.0,4.999750012499375e-05,4.999750012499375e-05,0.0,0.0095995200239988
2400.0,static_calm,wasted_path_ratio,adaptive_mission,greedy,30,30,30,30,30,1.0,1.0,0,-0.2789443980977666,-0.30102685032200754,-0.25678336828197,-4.224482249307696,-1.0,4.999750012499375e-05,4.999750012499375e-05,0.0,0.0095995200239988
2400.0,static_calm,wasted_path_ratio,adaptive_mission,lawnmower_collect,30,30,30,30,30,1.0,1.0,0,-0.04123974150123332,-0.10524117310949085,0.025505411673482484,-0.2289558028557966,-0.24731182795698925,0.21753912304384782,0.21753912304384782,0.20982652953091963,1.0
2400.0,static_calm,wasted_path_ratio,adaptive_mission,oracle_current_physics,30,30,30,30,30,1.0,1.0,0,0.47609359522323336,0.451677992382205,0.5014205275427124,6.590284241633863,1.0,4.999750012499375e-05,4.999750012499375e-05,0.0,0.0095995200239988
2400.0,static_calm,goal_success_rate,adaptive_mission,belief_horizon,30,30,30,30,30,1.0,1.0,0,0.008852449534233335,-0.005496513906054166,0.024689385570348336,0.2067941451333734,0.08387096774193549,0.27063646817659115,0.27063646817659115,0.2573578258819227,1.0
2400.0,static_calm,goal_success_rate,adaptive_mission,belief_orienteering,30,30,30,30,30,1.0,1.0,0,-0.028989960445333328,-0.04729270034607,-0.010931249358801671,-0.5628455054947639,-0.5440860215053763,0.005949702514874256,0.005949702514874256,0.0020504101259866125,0.3272336383180841
2400.0,static_calm,goal_success_rate,adaptive_mission,belief_orienteering_depth1,30,30,30,30,30,1.0,1.0,0,-0.06492677237960001,-0.08908617271616331,-0.04257952612124834,-1.01445965883689,-0.8559139784946237,4.999750012499375e-05,4.999750012499375e-05,2.7535691948799013e-08,0.0095995200239988
2400.0,static_calm,goal_success_rate,adaptive_mission,confirmed_route,30,30,30,30,30,1.0,1.0,0,0.03477106645409999,0.0180218072081975,0.05160188956815333,0.7228898651548344,0.7075268817204301,0.0005499725013749313,0.0005499725013749313,7.512859095371027e-05,0.0351982400879956
2400.0,static_calm,goal_success_rate,adaptive_mission,greedy,30,30,30,30,30,1.0,1.0,0,0.13232262356273333,0.11233280574005916,0.1521585663232858,2.33444918719617,1.0,4.999750012499375e-05,4.999750012499375e-05,0.0,0.0095995200239988
2400.0,static_calm,goal_success_rate,adaptive_mission,lawnmower_collect,30,30,30,30,30,1.0,1.0,0,0.16394168666586667,0.13039322139534834,0.19664762808795083,1.755009404533819,0.9913978494623656,4.999750012499375e-05,4.999750012499375e-05,0.0,0.0095995200239988
2400.0,static_calm,goal_success_rate,adaptive_mission,oracle_current_physics,30,30,30,30,30,1.0,1.0,0,-0.5987206669088,-0.6105947505172484,-0.5870101956111933,-17.27504858784832,-1.0,4.999750012499375e-05,4.999750012499375e-05,0.0,0.0095995200239988
2400.0,static_calm,regret_to_best_fixed_auc,adaptive_mission,belief_horizon,30,30,30,30,30,1.0,1.0,0,-0.0020038341560999996,-0.014375296999624167,0.009231101542068331,-0.058937065965134705,0.2,0.7788610569471527,0.7788610569471527,0.7468379236204032,1.0
2400.0,static_calm,regret_to_best_fixed_auc,adaptive_mission,belief_orienteering,30,30,30,30,30,1.0,1.0,0,-0.05265908875296666,-0.06615760278912,-0.03882148658367251,-1.3880855579489433,-0.9950738916256158,4.999750012499375e-05,4.999750012499375e-05,2.886579864025407e-14,0.0095995200239988
2400.0,static_calm,regret_to_best_fixed_auc,adaptive_mission,belief_orienteering_depth1,30,30,30,30,30,1.0,1.0,0,-0.07165591119060001,-0.08604775324203083,-0.05764537879172584,-1.8732878578995098,-1.0,4.999750012499375e-05,4.999750012499375e-05,0.0,0.0095995200239988
2400.0,static_calm,regret_to_best_fixed_auc,adaptive_mission,confirmed_route,30,30,30,30,30,1.0,1.0,0,-0.09468050342119998,-0.11091816459169333,-0.0791560440843875,-2.045706976563175,-1.0,4.999750012499375e-05,4.999750012499375e-05,0.0,0.0095995200239988
2400.0,static_calm,regret_to_best_fixed_auc,adaptive_mission,greedy,30,30,30,30,30,1.0,1.0,0,-0.04903055612556666,-0.070164732117035,-0.029429032756767507,-0.8529186932783386,-0.8472906403940886,4.999750012499375e-05,4.999750012499375e-05,2.9882167300598894e-06,0.0095995200239988
2400.0,static_calm,regret_to_best_fixed_auc,adaptive_mission,lawnmower_collect,30,30,30,30,30,1.0,1.0,0,-0.19627658335123335,-0.2102429838271375,-0.1826437334655075,-4.993590682765866,-1.0,4.999750012499375e-05,4.999750012499375e-05,0.0,0.0095995200239988
2400.0,static_calm,regret_to_best_fixed_auc,adaptive_mission,oracle_current_physics,30,0,30,0,0,1.0,0.0,30,,,,,0.0,,,,
2400.0,strong_drift,auc_collected_by_path,adaptive_mission,belief_horizon,30,30,30,30,30,1.0,1.0,0,0.0019981199735,-0.0010348271087666668,0.006386394560999999,0.18361785284545995,0.3333333333333333,0.4375,0.4375,0.3145520120260181,1.0
2400.0,strong_drift,auc_collected_by_path,adaptive_mission,belief_orienteering,30,30,30,30,30,1.0,1.0,0,0.05539600951576668,0.0236449593587175,0.09020205210347501,0.5796889391394049,0.6344086021505376,0.0026498675066246686,0.0026498675066246686,0.0014979154050538401,0.15899205039748013
2400.0,strong_drift,auc_collected_by_path,adaptive_mission,belief_orienteering_depth1,30,30,30,30,30,1.0,1.0,0,0.0733441770461,0.040995495474504984,0.10457871059021408,0.7892880758094207,0.7806451612903226,0.0002999850007499625,0.0002999850007499625,1.5384579076460625e-05,0.02039898005099745
2400.0,strong_drift,auc_collected_by_path,adaptive_mission,confirmed_route,30,30,30,30,30,1.0,1.0,0,0.13681165373896667,0.113905484203945,0.15874460308910665,2.1722128568422665,1.0,4.999750012499375e-05,4.999750012499375e-05,0.0,0.0095995200239988
2400.0,strong_drift,auc_collected_by_path,adaptive_mission,greedy,30,30,30,30,30,1.0,1.0,0,0.40309979382906663,0.37464447543035495,0.4328258634835367,4.7916531529422235,1.0,4.999750012499375e-05,4.999750012499375e-05,0.0,0.0095995200239988
2400.0,strong_drift,auc_collected_by_path,adaptive_mission,lawnmower_collect,30,30,30,30,30,1.0,1.0,0,0.4765897977613999,0.45179415792512084,0.5011474926120658,6.713598635389959,1.0,4.999750012499375e-05,4.999750012499375e-05,0.0,0.0095995200239988
2400.0,strong_drift,auc_collected_by_path,adaptive_mission,oracle_current_physics,30,30,30,30,30,1.0,1.0,0,-0.2033068625011,-0.22733639730879499,-0.18179317285755003,-3.2125815803116646,-1.0,4.999750012499375e-05,4.999750012499375e-05,0.0,0.0095995200239988
2400.0,strong_drift,collected_ratio,adaptive_mission,belief_horizon,30,30,30,30,30,1.0,1.0,0,0.0031111111111,-0.010666666666666666,0.023333333333300003,0.061765442856458914,-0.3333333333333333,1.0,1.0,0.7351346648188686,1.0
2400.0,strong_drift,collected_ratio,adaptive_mission,belief_orienteering,30,30,30,30,30,1.0,1.0,0,0.06733333333336668,0.0088888888889325,0.1269000000001091,0.3960842076101048,0.40229885057471265,0.04074796260186991,0.04074796260186991,0.03004910138645256,1.0
2400.0,strong_drift,collected_ratio,adaptive_mission,belief_orienteering_depth1,30,30,30,30,30,1.0,1.0,0,0.08777777777779999,0.012883333333377493,0.16201666666669826,0.4062376661583067,0.4924731182795699,0.0343982800859957,0.0343982800859957,0.02607752368619387,1.0
2400.0,strong_drift,collected_ratio,adaptive_mission,confirmed_route,30,30,30,30,30,1.0,1.0,0,0.041555555555533336,-0.005111111111035834,0.08912222222221163,0.30674319789347426,0.4039408866995074,0.1080445977701115,0.1080445977701115,0.09293753244609881,1.0
2400.0,strong_drift,collected_ratio,adaptive_mission,greedy,30,30,30,30,30,1.0,1.0,0,0.7019999999999331,0.6526611111110432,0.7466666666665341,5.122513552145724,1.0,4.999750012499375e-05,4.999750012499375e-05,0.0,0.0095995200239988
2400.0,strong_drift,collected_ratio,adaptive_mission,lawnmower_collect,30,30,30,30,30,1.0,1.0,0,0.7797777777778,0.7377722222222134,0.8182333333334073,6.501966764518422,1.0,4.999750012499375e-05,4.999750012499375e-05,0.0,0.0095995200239988
2400.0,strong_drift,collected_ratio,adaptive_mission,oracle_current_physics,30,30,30,30,30,1.0,1.0,0,-0.14533333333339998,-0.1884444444445008,-0.10800000000009584,-1.2060643125198616,-1.0,4.999750012499375e-05,4.999750012499375e-05,3.951461380324872e-11,0.0095995200239988
2400.0,strong_drift,oracle_gap_auc_collected_by_path,adaptive_mission,belief_horizon,30,30,30,30,30,1.0,1.0,0,-0.0019981199735,-0.006386394560999999,0.0010348271087666668,-0.18361785284545995,-0.3333333333333333,0.4375,0.4375,0.3145520120260181,1.0
2400.0,strong_drift,oracle_gap_auc_collected_by_path,adaptive_mission,belief_orienteering,30,30,30,30,30,1.0,1.0,0,-0.05539600951576668,-0.09020205210347501,-0.02364495935871751,-0.5796889391394049,-0.6344086021505376,0.002599870006499675,0.002599870006499675,0.0014979154050538401,0.15859207039648018
2400.0,strong_drift,oracle_gap_auc_collected_by_path,adaptive_mission,belief_orienteering_depth1,30,30,30,30,30,1.0,1.0,0,-0.0733441770461,-0.10457871059021416,-0.04099549547450501,-0.7892880758094207,-0.7806451612903226,9.99950002499875e-05,9.99950002499875e-05,1.5384579076460625e-05,0.0095995200239988
2400.0,strong_drift,oracle_gap_auc_collected_by_path,adaptive_mission,confirmed_route,30,30,30,30,30,1.0,1.0,0,-0.13681165373896667,-0.15874460308910665,-0.11390548420394501,-2.1722128568422665,-1.0,4.999750012499375e-05,4.999750012499375e-05,0.0,0.0095995200239988
2400.0,strong_drift,oracle_gap_auc_collected_by_path,adaptive_mission,greedy,30,30,30,30,30,1.0,1.0,0,-0.40309979382906663,-0.4328258634835367,-0.374644475430355,-4.7916531529422235,-1.0,4.999750012499375e-05,4.999750012499375e-05,0.0,0.0095995200239988
2400.0,strong_drift,oracle_gap_auc_collected_by_path,adaptive_mission,lawnmower_collect,30,30,30,30,30,1.0,1.0,0,-0.4765897977613999,-0.5011474926120658,-0.4517941579251209,-6.713598635389959,-1.0,4.999750012499375e-05,4.999750012499375e-05,0.0,0.0095995200239988
2400.0,strong_drift,oracle_gap_auc_collected_by_path,adaptive_mission,oracle_current_physics,30,30,30,30,30,1.0,1.0,0,0.2033068625011,0.18179317285755003,0.22733639730879499,3.2125815803116646,1.0,4.999750012499375e-05,4.999750012499375e-05,0.0,0.0095995200239988
2400.0,strong_drift,empty_goal_arrivals_per_km,adaptive_mission,belief_horizon,30,30,30,30,30,1.0,1.0,0,0.5416876972792667,-0.3332597703705666,1.652763784342935,0.18736054715595257,0.4666666666666667,0.375,0.375,0.30478979032558007,1.0
2400.0,strong_drift,empty_goal_arrivals_per_km,adaptive_mission,belief_orienteering,30,30,30,30,30,1.0,1.0,0,2.2219219524748337,0.7214389668556699,3.8052847050340315,0.5044784970471474,0.4924731182795699,0.01064946752662367,0.01064946752662367,0.005724776241859075,0.5354732263386831
2400.0,strong_drift,empty_goal_arrivals_per_km,adaptive_mission,belief_orienteering_depth1,30,30,30,30,30,1.0,1.0,0,2.7637080634814333,1.096793863566181,4.236347284358245,0.5994409556019815,0.6645161290322581,0.0027498625068746564,0.0027498625068746564,0.0010260912408133205,0.16224188790560473
2400.0,strong_drift,empty_goal_arrivals_per_km,adaptive_mission,confirmed_route,30,30,30,30,30,1.0,1.0,0,-10.110471421012967,-12.637965821366619,-7.666074887774505,-1.4268429257053563,-0.9612903225806452,4.999750012499375e-05,4.999750012499375e-05,5.329070518200751e-15,0.0095995200239988
2400.0,strong_drift,empty_goal_arrivals_per_km,adaptive_mission,greedy,30,30,30,30,30,1.0,1.0,0,-32.29032859912086,-35.42901010053485,-28.929574989998386,-3.543958447195117,-1.0,4.999750012499375e-05,4.999750012499375e-05,0.0,0.0095995200239988
2400.0,strong_drift,empty_goal_arrivals_per_km,adaptive_mission,lawnmower_collect,30,30,30,30,30,1.0,1.0,0,11.582500927809,10.554781425980376,12.623860923790128,4.079516279141885,1.0,4.999750012499375e-05,4.999750012499375e-05,0.0,0.0095995200239988
2400.0,strong_drift,empty_goal_arrivals_per_km,adaptive_mission,oracle_current_physics,30,30,30,30,30,1.0,1.0,0,2.693237832853134,0.6754371076388554,4.62896254557669,0.49254720574032773,0.5096774193548387,0.012549372531373431,0.012549372531373431,0.0069801006715255465,0.6149192540372981
2400.0,strong_drift,wasted_path_ratio,adaptive_mission,belief_horizon,30,30,30,30,30,1.0,1.0,0,0.009173422142966669,-0.0068463725937999995,0.029306418072777504,0.16809450556081962,0.3333333333333333,0.4375,0.4375,0.3572115022280966,1.0
2400.0,strong_drift,wasted_path_ratio,adaptive_mission,belief_orienteering,30,30,30,30,30,1.0,1.0,0,-0.02835704661353334,-0.06909958366916084,0.010146414839641616,-0.24368004026325332,-0.2860215053763441,0.1888405579721014,0.1888405579721014,0.18197764818741713,1.0
2400.0,strong_drift,wasted_path_ratio,adaptive_mission,belief_orienteering_depth1,30,30,30,30,30,1.0,1.0,0,-0.05210110012466666,-0.11007029676475083,0.003315891591971659,-0.32145342815890404,-0.2817204301075269,0.08769561521923903,0.08769561521923903,0.0782937756712414,1.0
2400.0,strong_drift,wasted_path_ratio,adaptive_mission,confirmed_route,30,30,30,30,30,1.0,1.0,0,-0.18239576133020002,-0.22865192887242916,-0.13609142588547254,-1.3976278719926225,-0.9182795698924732,4.999750012499375e-05,4.999750012499375e-05,1.9317880628477724e-14,0.0095995200239988
2400.0,strong_drift,wasted_path_ratio,adaptive_mission,greedy,30,30,30,30,30,1.0,1.0,0,-0.5959107640787333,-0.6209100752724575,-0.5708600270930925,-8.07371529152773,-1.0,4.999750012499375e-05,4.999750012499375e-05,0.0,0.0095995200239988
2400.0,strong_drift,wasted_path_ratio,adaptive_mission,lawnmower_collect,30,30,30,30,30,1.0,1.0,0,-0.3299657278128333,-0.38916108661373583,-0.27065409920455247,-1.89942989149185,-1.0,4.999750012499375e-05,4.999750012499375e-05,0.0,0.0095995200239988
2400.0,strong_drift,wasted_path_ratio,adaptive_mission,oracle_current_physics,30,30,30,30,30,1.0,1.0,0,0.22625006034216666,0.18639911408652501,0.2641524571091808,2.001112445057679,0.9870967741935484,4.999750012499375e-05,4.999750012499375e-05,0.0,0.0095995200239988
2400.0,strong_drift,goal_success_rate,adaptive_mission,belief_horizon,30,30,30,30,30,1.0,1.0,0,-0.006600842175266664,-0.03235964977144749,0.017882710614333334,-0.09037150619322894,-0.2,0.6875,0.6875,0.6206106205933564,1.0
2400.0,strong_drift,goal_success_rate,adaptive_mission,belief_orienteering,30,30,30,30,30,1.0,1.0,0,-0.025327541970199995,-0.06510718039541001,0.014655089018666669,-0.21790880501826462,-0.2903225806451613,0.24428778561071945,0.24428778561071945,0.2326596471747404,1.0
2400.0,strong_drift,goal_success_rate,adaptive_mission,belief_orienteering_depth1,30,30,30,30,30,1.0,1.0,0,-0.0109924932402,-0.05458936368398917,0.03287080221978333,-0.08715050556436872,-0.17419354838709677,0.6373181340932953,0.6373181340932953,0.633117911639681,1.0
2400.0,strong_drift,goal_success_rate,adaptive_mission,confirmed_route,30,30,30,30,30,1.0,1.0,0,-0.005194428462066665,-0.03962404801094915,0.03259181536831333,-0.05162697160405716,-0.08817204301075268,0.7743612819359033,0.7743612819359033,0.7773511830665589,1.0
2400.0,strong_drift,goal_success_rate,adaptive_mission,greedy,30,30,30,30,30,1.0,1.0,0,0.3488048587520666,0.3207250789887234,0.3774888808232975,4.256545557859366,1.0,4.999750012499375e-05,4.999750012499375e-05,0.0,0.0095995200239988
2400.0,strong_drift,goal_success_rate,adaptive_mission,lawnmower_collect,30,30,30,30,30,1.0,1.0,0,0.18896299815296666,0.14890468520543831,0.22989771681832322,1.5977992792429743,0.9827956989247312,4.999750012499375e-05,4.999750012499375e-05,0.0,0.0095995200239988
2400.0,strong_drift,goal_success_rate,adaptive_mission,oracle_current_physics,30,30,30,30,30,1.0,1.0,0,-0.37877555985876665,-0.40453767481315916,-0.34997282601285506,-4.845885762394368,-1.0,4.999750012499375e-05,4.999750012499375e-05,0.0,0.0095995200239988
2400.0,strong_drift,regret_to_best_fixed_auc,adaptive_mission,belief_horizon,30,30,30,30,30,1.0,1.0,0,0.0006098246473333333,0.0,0.0016446517561000001,0.24332574045187116,1.0,0.5,0.5,0.1826138692436896,1.0
2400.0,strong_drift,regret_to_best_fixed_auc,adaptive_mission,belief_orienteering,30,30,30,30,30,1.0,1.0,0,-0.05278806489493334,-0.08731155429879915,-0.02118161166151921,-0.5565074404350028,-0.6086021505376344,0.004199790010499475,0.004199790010499475,0.002302804140811965,0.23938803059847005
2400.0,strong_drift,regret_to_best_fixed_auc,adaptive_mission,belief_orienteering_depth1,30,30,30,30,30,1.0,1.0,0,-0.07073623242526667,-0.10244549544660668,-0.0388288064277417,-0.7623324678191266,-0.7677419354838709,0.00014999250037498125,0.00014999250037498125,2.973755072277484e-05,0.011099445027748612
2400.0,strong_drift,regret_to_best_fixed_auc,adaptive_mission,confirmed_route,30,30,30,30,30,1.0,1.0,0,-0.1342037091181333,-0.15635626623388665,-0.1117627312084575,-2.168271364137747,-1.0,4.999750012499375e-05,4.999750012499375e-05,0.0,0.0095995200239988
2400.0,strong_drift,regret_to_best_fixed_auc,adaptive_mission,greedy,30,30,30,30,30,1.0,1.0,0,-0.40049184920819997,-0.42992237352012075,-0.3698441844743258,-4.743660459479945,-1.0,4.999750012499375e-05,4.999750012499375e-05,0.0,0.0095995200239988
2400.0,strong_drift,regret_to_best_fixed_auc,adaptive_mission,lawnmower_collect,30,30,30,30,30,1.0,1.0,0,-0.4739818531405666,-0.49895509610718,-0.44860542468450076,-6.599363004530781,-1.0,4.999750012499375e-05,4.999750012499375e-05,0.0,0.0095995200239988
2400.0,strong_drift,regret_to_best_fixed_auc,adaptive_mission,oracle_current_physics,30,0,30,0,0,1.0,0.0,30,,,,,0.0,,,,
2400.0,weak_drift,auc_collected_by_path,adaptive_mission,belief_horizon,30,30,30,30,30,1.0,1.0,0,0.002285990327866668,-0.010476634768935834,0.017158884733781663,0.059050840726280966,0.15343915343915343,0.7524123793810309,0.7524123793810309,0.746365996890503,1.0
2400.0,weak_drift,auc_collected_by_path,adaptive_mission,belief_orienteering,30,30,30,30,30,1.0,1.0,0,0.03137497717753334,0.016293584860180833,0.04814757776043166,0.726094215034375,0.7419354838709677,0.0005499725013749313,0.0005499725013749313,6.979550334307305e-05,0.0351982400879956
2400.0,weak_drift,auc_collected_by_path,adaptive_mission,belief_orienteering_depth1,30,30,30,30,30,1.0,1.0,0,0.07833504207186667,0.05393860879080751,0.10299874578879749,1.1183817213021408,0.896774193548387,4.999750012499375e-05,4.999750012499375e-05,9.032605774450531e-10,0.0095995200239988
2400.0,weak_drift,auc_collected_by_path,adaptive_mission,confirmed_route,30,30,30,30,30,1.0,1.0,0,0.14666026178670002,0.11929327703160834,0.1725599293474125,1.9014661278583511,0.9870967741935484,4.999750012499375e-05,4.999750012499375e-05,0.0,0.0095995200239988
2400.0,weak_drift,auc_collected_by_path,adaptive_mission,greedy,30,30,30,30,30,1.0,1.0,0,0.14643208193423332,0.12285405682379001,0.1707422397299133,2.1943632150430155,1.0,4.999750012499375e-05,4.999750012499375e-05,0.0,0.0095995200239988
2400.0,weak_drift,auc_collected_by_path,adaptive_mission,lawnmower_collect,30,30,30,30,30,1.0,1.0,0,0.2526085066434333,0.233577743360535,0.27137762590337916,4.599182226903379,1.0,4.999750012499375e-05,4.999750012499375e-05,0.0,0.0095995200239988
2400.0,weak_drift,auc_collected_by_path,adaptive_mission,oracle_current_physics,30,30,30,30,30,1.0,1.0,0,-0.3892032303645333,-0.4088015260364425,-0.36863523225924827,-6.744162672090527,-1.0,4.999750012499375e-05,4.999750012499375e-05,0.0,0.0095995200239988
2400.0,weak_drift,collected_ratio,adaptive_mission,belief_horizon,30,30,30,30,30,1.0,1.0,0,-0.014444444444466667,-0.05800555555565166,0.025999999999934166,-0.12104102855112606,0.0,0.5249237538123094,0.5249237538123094,0.5073503973745148,1.0
2400.0,weak_drift,collected_ratio,adaptive_mission,belief_orienteering,30,30,30,30,30,1.0,1.0,0,-0.011777777777833334,-0.06333888888895416,0.04157222222219741,-0.07980602712101231,-0.02795698924731183,0.663616819159042,0.663616819159042,0.6620275050825026,1.0
2400.0,weak_drift,collected_ratio,adaptive_mission,belief_orienteering_depth1,30,30,30,30,30,1.0,1.0,0,0.0777777777778,0.016661111111078323,0.13999999999996837,0.44825325982513886,0.49195402298850577,0.02014899255037248,0.02014899255037248,0.014081240719128196,0.9268536573171341
2400.0,weak_drift,collected_ratio,adaptive_mission,confirmed_route,30,30,30,30,30,1.0,1.0,0,0.22222222222216664,0.1599944444443133,0.28044444444436667,1.2997865387935572,0.9096774193548387,4.999750012499375e-05,4.999750012499375e-05,1.085354028873553e-12,0.0095995200239988
2400.0,weak_drift,collected_ratio,adaptive_mission,greedy,30,30,30,30,30,1.0,1.0,0,0.35777777777773334,0.30866666666663334,0.4039999999999342,2.582794741045217,1.0,4.999750012499375e-05,4.999750012499375e-05,0.0,0.0095995200239988
2400.0,weak_drift,collected_ratio,adaptive_mission,lawnmower_collect,30,30,30,30,30,1.0,1.0,0,0.5286666666666667,0.4813222222222567,0.5762222222221017,3.9375498065486063,1.0,4.999750012499375e-05,4.999750012499375e-05,0.0,0.0095995200239988
2400.0,weak_drift,collected_ratio,adaptive_mission,oracle_current_physics,30,30,30,30,30,1.0,1.0,0,-0.40933333333336663,-0.4571111111110025,-0.36399444444451085,-3.0695766393149575,-1.0,4.999750012499375e-05,4.999750012499375e-05,0.0,0.0095995200239988
2400.0,weak_drift,oracle_gap_auc_collected_by_path,adaptive_mission,belief_horizon,30,30,30,30,30,1.0,1.0,0,-0.002285990327866668,-0.017158884733781667,0.01047663476893583,-0.059050840726280966,-0.15343915343915343,0.7590620468976551,0.7590620468976551,0.746365996890503,1.0
2400.0,weak_drift,oracle_gap_auc_collected_by_path,adaptive_mission,belief_orienteering,30,30,30,30,30,1.0,1.0,0,-0.03137497717753334,-0.04814757776043166,-0.01629358486018085,-0.726094215034375,-0.7419354838709677,0.00039998000099995,0.00039998000099995,6.979550334307305e-05,0.02599870006499675
2400.0,weak_drift,oracle_gap_auc_collected_by_path,adaptive_mission,belief_orienteering_depth1,30,30,30,30,30,1.0,1.0,0,-0.07833504207186667,-0.1029987457887975,-0.05393860879080753,-1.1183817213021408,-0.896774193548387,4.999750012499375e-05,4.999750012499375e-05,9.032605774450531e-10,0.0095995200239988
2400.0,weak_drift,oracle_gap_auc_collected_by_path,adaptive_mission,confirmed_route,30,30,30,30,30,1.0,1.0,0,-0.14666026178670002,-0.17255992934741252,-0.11929327703160836,-1.9014661278583511,-0.9870967741935484,4.999750012499375e-05,4.999750012499375e-05,0.0,0.0095995200239988
2400.0,weak_drift,oracle_gap_auc_collected_by_path,adaptive_mission,greedy,30,30,30,30,30,1.0,1.0,0,-0.14643208193423332,-0.1707422397299133,-0.12285405682379003,-2.1943632150430155,-1.0,4.999750012499375e-05,4.999750012499375e-05,0.0,0.0095995200239988
2400.0,weak_drift,oracle_gap_auc_collected_by_path,adaptive_mission,lawnmower_collect,30,30,30,30,30,1.0,1.0,0,-0.2526085066434333,-0.27137762590337916,-0.233577743360535,-4.599182226903379,-1.0,4.999750012499375e-05,4.999750012499375e-05,0.0,0.0095995200239988
2400.0,weak_drift,oracle_gap_auc_collected_by_path,adaptive_mission,oracle_current_physics,30,30,30,30,30,1.0,1.0,0,0.3892032303645333,0.3686352322592482,0.4088015260364425,6.744162672090527,1.0,4.999750012499375e-05,4.999750012499375e-05,0.0,0.0095995200239988
2400.0,weak_drift,empty_goal_arrivals_per_km,adaptive_mission,belief_horizon,30,30,30,30,30,1.0,1.0,0,1.7500303714180334,0.6666440129027841,2.8754899405595173,0.5484579819150146,0.6190476190476191,0.0055997200139993,0.0055997200139993,0.0026643072914467325,0.3135843207839608
2400.0,weak_drift,empty_goal_arrivals_per_km,adaptive_mission,belief_orienteering,30,30,30,30,30,1.0,1.0,0,5.874830560966967,4.485418279685265,7.374838584099245,1.449323407357314,0.9741935483870968,4.999750012499375e-05,4.999750012499375e-05,1.9984014443252818e-15,0.0095995200239988
2400.0,weak_drift,empty_goal_arrivals_per_km,adaptive_mission,belief_orienteering_depth1,30,30,30,30,30,1.0,1.0,0,9.305358233007302,7.4997408233407326,11.041390611026204,1.8939967182754514,0.9827956989247312,4.999750012499375e-05,4.999750012499375e-05,0.0,0.0095995200239988
2400.0,weak_drift,empty_goal_arrivals_per_km,adaptive_mission,confirmed_route,30,30,30,30,30,1.0,1.0,0,-11.777168390879702,-14.818620002671246,-8.415589017064974,-1.3053493311671092,-0.9397849462365592,4.999750012499375e-05,4.999750012499375e-05,8.697487174913476e-13,0.0095995200239988
2400.0,weak_drift,empty_goal_arrivals_per_km,adaptive_mission,greedy,30,30,30,30,30,1.0,1.0,0,-25.04000406538943,-28.67991650568588,-21.53952629109354,-2.4421819884267966,-1.0,4.999750012499375e-05,4.999750012499375e-05,0.0,0.0095995200239988
2400.0,weak_drift,empty_goal_arrivals_per_km,adaptive_mission,lawnmower_collect,30,30,30,30,30,1.0,1.0,0,21.568416192900198,20.151375640250794,22.998948995904403,5.263245126448265,1.0,4.999750012499375e-05,4.999750012499375e-05,0.0,0.0095995200239988
2400.0,weak_drift,empty_goal_arrivals_per_km,adaptive_mission,oracle_current_physics,30,30,30,30,30,1.0,1.0,0,12.011876648854768,10.47360361255969,13.702013032682405,2.687747244567178,1.0,4.999750012499375e-05,4.999750012499375e-05,0.0,0.0095995200239988
2400.0,weak_drift,wasted_path_ratio,adaptive_mission,belief_horizon,30,30,30,30,30,1.0,1.0,0,0.036550791324833326,-0.0018052632475466673,0.07546936025134082,0.3375636756289063,0.3915343915343915,0.07734613269336534,0.07734613269336534,0.0644704632623272,1.0
2400.0,weak_drift,wasted_path_ratio,adaptive_mission,belief_orienteering,30,30,30,30,30,1.0,1.0,0,0.015027914939600002,-0.028593880723064166,0.05960566397485914,0.1195948664495072,0.06666666666666667,0.5228738563071846,0.5228738563071846,0.5124368108112003,1.0
2400.0,weak_drift,wasted_path_ratio,adaptive_mission,belief_orienteering_depth1,30,30,30,30,30,1.0,1.0,0,-0.02678311289336667,-0.06941263439496083,0.01668414001483498,-0.22176462691440346,-0.22580645161290322,0.23248837558122093,0.23248837558122093,0.2244977457512527,1.0
2400.0,weak_drift,wasted_path_ratio,adaptive_mission,confirmed_route,30,30,30,30,30,1.0,1.0,0,-0.39481217762213333,-0.44940754419602424,-0.34202169645611336,-2.5246596370631904,-1.0,4.999750012499375e-05,4.999750012499375e-05,0.0,0.0095995200239988
2400.0,weak_drift,wasted_path_ratio,adaptive_mission,greedy,30,30,30,30,30,1.0,1.0,0,-0.48611695101993324,-0.5315559848247491,-0.4367118864413484,-3.5380312603072164,-1.0,4.999750012499375e-05,4.999750012499375e-05,0.0,0.0095995200239988
2400.0,weak_drift,wasted_path_ratio,adaptive_mission,lawnmower_collect,30,30,30,30,30,1.0,1.0,0,-0.22056046854486666,-0.28294849010505163,-0.15710360413265084,-1.1991192078146424,-0.9311827956989247,4.999750012499375e-05,4.999750012499375e-05,5.10480546722647e-11,0.0095995200239988
2400.0,weak_drift,wasted_path_ratio,adaptive_mission,oracle_current_physics,30,30,30,30,30,1.0,1.0,0,0.19561681187643337,0.15509617097191586,0.23833697081187413,1.599008524517284,1.0,4.999750012499375e-05,4.999750012499375e-05,0.0,0.0095995200239988
2400.0,weak_drift,goal_success_rate,adaptive_mission,belief_horizon,30,30,30,30,30,1.0,1.0,0,-0.016636466602066666,-0.03594981316671499,0.0017985796374374874,-0.30631670924152693,-0.30687830687830686,0.10539473026348682,0.10539473026348682,0.09339284509544488,1.0
2400.0,weak_drift,goal_success_rate,adaptive_mission,belief_orienteering,30,30,30,30,30,1.0,1.0,0,-0.04990202817100001,-0.0806989588688725,-0.018520554732471682,-0.5605776907140835,-0.6172043010752688,0.003649817509124544,0.003649817509124544,0.0021376476852483783,0.21168941552922355
2400.0,weak_drift,goal_success_rate,adaptive_mission,belief_orienteering_depth1,30,30,30,30,30,1.0,1.0,0,-0.0525900590288,-0.08986443364744917,-0.012158331105486692,-0.4875718698713318,-0.5612903225806452,0.01399930003499825,0.01399930003499825,0.007572909646064385,0.6579671016449178
2400.0,weak_drift,goal_success_rate,adaptive_mission,confirmed_route,30,30,30,30,30,1.0,1.0,0,0.11195652052476666,0.07948074833225419,0.1435460749806992,1.2346592061412658,0.8924731182795699,4.999750012499375e-05,4.999750012499375e-05,1.3562484468820912e-11,0.0095995200239988
2400.0,weak_drift,goal_success_rate,adaptive_mission,greedy,30,30,30,30,30,1.0,1.0,0,0.19855850080863338,0.1700374818034192,0.22770998582749083,2.392094070894992,1.0,4.999750012499375e-05,4.999750012499375e-05,0.0,0.0095995200239988
2400.0,weak_drift,goal_success_rate,adaptive_mission,lawnmower_collect,30,30,30,30,30,1.0,1.0,0,0.12036907185883333,0.07297853989398168,0.1665299873958725,0.8920566978214791,0.7935483870967742,4.999750012499375e-05,4.999750012499375e-05,1.0290741276897108e-06,0.0095995200239988
2400.0,weak_drift,goal_success_rate,adaptive_mission,oracle_current_physics,30,30,30,30,30,1.0,1.0,0,-0.4377183269526334,-0.45914323794930834,-0.41700993274289166,-7.156547793963627,-1.0,4.999750012499375e-05,4.999750012499375e-05,0.0,0.0095995200239988
2400.0,weak_drift,regret_to_best_fixed_auc,adaptive_mission,belief_horizon,30,30,30,30,30,1.0,1.0,0,0.0017955827171333327,-0.011592206843155836,0.013344584928139155,0.050614639541755865,0.2833333333333333,0.7965087890625,0.7965087890625,0.7816051959614398,1.0
2400.0,weak_drift,regret_to_best_fixed_auc,adaptive_mission,belief_orienteering,30,30,30,30,30,1.0,1.0,0,-0.02729340413256667,-0.04381676773885167,-0.012855103340156684,-0.6436331412057887,-0.7093596059113301,0.000999950002499875,0.000999950002499875,0.0004229652852636434,0.06199690015499225
2400.0,weak_drift,regret_to_best_fixed_auc,adaptive_mission,belief_orienteering_depth1,30,30,30,30,30,1.0,1.0,0,-0.07425346902690001,-0.09880886168702498,-0.04936867883654752,-1.0598433409403785,-0.8896551724137931,4.999750012499375e-05,4.999750012499375e-05,6.436559951694676e-09,0.0095995200239988
2400.0,weak_drift,regret_to_best_fixed_auc,adaptive_mission,confirmed_route,30,30,30,30,30,1.0,1.0,0,-0.14257868874176668,-0.1676116964616025,-0.11635105212396085,-1.9097171003686628,-0.9870967741935484,4.999750012499375e-05,4.999750012499375e-05,0.0,0.0095995200239988
2400.0,weak_drift,regret_to_best_fixed_auc,adaptive_mission,greedy,30,30,30,30,30,1.0,1.0,0,-0.14235050888926665,-0.1666430558704825,-0.11772466664051255,-2.062800101428164,-1.0,4.999750012499375e-05,4.999750012499375e-05,0.0,0.0095995200239988
2400.0,weak_drift,regret_to_best_fixed_auc,adaptive_mission,lawnmower_collect,30,30,30,30,30,1.0,1.0,0,-0.24852693359843334,-0.2675405134991658,-0.22940805316583004,-4.450142679313335,-1.0,4.999750012499375e-05,4.999750012499375e-05,0.0,0.0095995200239988
2400.0,weak_drift,regret_to_best_fixed_auc,adaptive_mission,oracle_current_physics,30,0,30,0,0,1.0,0.0,30,,,,,0.0,,,,
3600.0,robot_disturbed,auc_collected_by_path,adaptive_mission,belief_horizon,30,30,30,30,30,1.0,1.0,0,-0.017779644669366667,-0.04684269922016415,0.013079157345495,-0.20237666760301548,-0.38095238095238093,0.28198590070496476,0.28198590070496476,0.26766205685487265,1.0
3600.0,robot_disturbed,auc_collected_by_path,adaptive_mission,belief_orienteering,30,30,30,30,30,1.0,1.0,0,0.02364166933546667,-0.005925799729080001,0.053452366591483336,0.27908083598217015,0.2817204301075269,0.1382430878456077,0.1382430878456077,0.12636644098647998,1.0
3600.0,robot_disturbed,auc_collected_by_path,adaptive_mission,belief_orienteering_depth1,30,30,30,30,30,1.0,1.0,0,0.05254121501830001,0.020966656714943334,0.08611489105110834,0.5576813693005237,0.5526881720430108,0.005649717514124294,0.005649717514124294,0.0022540095031780005,0.384180790960452
3600.0,robot_disturbed,auc_collected_by_path,adaptive_mission,confirmed_route,30,30,30,30,30,1.0,1.0,0,0.11918473235290002,0.08496234318091082,0.15549346820758084,1.1942543061346926,0.8881720430107527,9.99950002499875e-05,9.99950002499875e-05,6.102718330680545e-11,0.0095995200239988
3600.0,robot_disturbed,auc_collected_by_path,adaptive_mission,greedy,30,30,30,30,30,1.0,1.0,0,0.30122380789733333,0.26652457783948086,0.33432268837624585,3.1611668478439183,1.0,4.999750012499375e-05,4.999750012499375e-05,0.0,0.0095995200239988
3600.0,robot_disturbed,auc_collected_by_path,adaptive_mission,lawnmower_collect,30,30,30,30,30,1.0,1.0,0,0.3763167736812999,0.34966559474575665,0.403002859024225,4.854114517128734,1.0,4.999750012499375e-05,4.999750012499375e-05,0.0,0.0095995200239988
3600.0,robot_disturbed,auc_collected_by_path,adaptive_mission,oracle_current_physics,30,30,30,30,30,1.0,1.0,0,-0.3529972359250999,-0.3799094414131758,-0.32727152626006745,-4.717424650667409,-1.0,4.999750012499375e-05,4.999750012499375e-05,0.0,0.0095995200239988
3600.0,robot_disturbed,collected_ratio,adaptive_mission,belief_horizon,30,30,30,30,30,1.0,1.0,0,0.0013333333333333383,-0.06823333333334168,0.07356111111115247,0.006416733292864827,-0.03260869565217391,0.9773511324433778,0.9773511324433778,0.971963404523458,1.0
3600.0,robot_disturbed,collected_ratio,adaptive_mission,belief_orienteering,30,30,30,30,30,1.0,1.0,0,0.009555555555599993,-0.063116666666655,0.08045000000002328,0.04666691093462819,0.05747126436781609,0.8031098445077746,0.8031098445077746,0.7982557042270013,1.0
3600.0,robot_disturbed,collected_ratio,adaptive_mission,belief_orienteering_depth1,30,30,30,30,30,1.0,1.0,0,0.05044444444443332,-0.03022222222213418,0.12667777777777825,0.21680049139428087,0.23655913978494625,0.24463776811159443,0.24463776811159443,0.23504417692421908,1.0
3600.0,robot_disturbed,collected_ratio,adaptive_mission,confirmed_route,30,30,30,30,30,1.0,1.0,0,-0.0502222222222,-0.11844999999998833,0.014222222222300835,-0.2613909938680492,-0.23870967741935484,0.168091595420229,0.168091595420229,0.15223043032097627,1.0
3600.0,robot_disturbed,collected_ratio,adaptive_mission,greedy,30,30,30,30,30,1.0,1.0,0,0.5477777777777335,0.47888333333328087,0.6113388888888867,2.9328366066310596,1.0,4.999750012499375e-05,4.999750012499375e-05,0.0,0.0095995200239988
3600.0,robot_disturbed,collected_ratio,adaptive_mission,lawnmower_collect,30,30,30,30,30,1.0,1.0,0,0.6153333333333666,0.5553333333334308,0.6733333333333673,3.6912567320968956,1.0,4.999750012499375e-05,4.999750012499375e-05,0.0,0.0095995200239988
3600.0,robot_disturbed,collected_ratio,adaptive_mission,oracle_current_physics,30,30,30,30,30,1.0,1.0,0,-0.27511111111113334,-0.3360166666667016,-0.21887777777779088,-1.640879249106474,-1.0,4.999750012499375e-05,4.999750012499375e-05,0.0,0.0095995200239988
3600.0,robot_disturbed,oracle_gap_auc_collected_by_path,adaptive_mission,belief_horizon,30,30,30,30,30,1.0,1.0,0,0.017779644669366667,-0.013079157345495002,0.04684269922016411,0.20237666760301548,0.38095238095238093,0.2856857157142143,0.2856857157142143,0.26766205685487265,1.0
3600.0,robot_disturbed,oracle_gap_auc_collected_by_path,adaptive_mission,belief_orienteering,30,30,30,30,30,1.0,1.0,0,-0.02364166933546667,-0.053452366591483336,0.005925799729079989,-0.27908083598217015,-0.2817204301075269,0.1375931203439828,0.1375931203439828,0.12636644098647998,1.0
3600.0,robot_disturbed,oracle_gap_auc_collected_by_path,adaptive_mission,belief_orienteering_depth1,30,30,30,30,30,1.0,1.0,0,-0.05254121501830001,-0.08611489105110835,-0.02096665671494335,-0.5576813693005237,-0.5526881720430108,0.004849757512124394,0.004849757512124394,0.0022540095031780005,0.33948302584870754
3600.0,robot_disturbed,oracle_gap_auc_collected_by_path,adaptive_mission,confirmed_route,30,30,30,30,30,1.0,1.0,0,-0.11918473235290002,-0.15549346820758084,-0.08496234318091084,-1.1942543061346926,-0.8881720430107527,4.999750012499375e-05,4.999750012499375e-05,6.102718330680545e-11,0.0095995200239988
3600.0,robot_disturbed,oracle_gap_auc_collected_by_path,adaptive_mission,greedy,30,30,30,30,30,1.0,1.0,0,-0.30122380789733333,-0.33432268837624585,-0.26652457783948086,-3.1611668478439183,-1.0,4.999750012499375e-05,4.999750012499375e-05,0.0,0.0095995200239988
3600.0,robot_disturbed,oracle_gap_auc_collected_by_path,adaptive_mission,lawnmower_collect,30,30,30,30,30,1.0,1.0,0,-0.3763167736812999,-0.403002859024225,-0.34966559474575665,-4.854114517128734,-1.0,4.999750012499375e-05,4.999750012499375e-05,0.0,0.0095995200239988
3600.0,robot_disturbed,oracle_gap_auc_collected_by_path,adaptive_mission,oracle_current_physics,30,30,30,30,30,1.0,1.0,0,0.3529972359250999,0.32727152626006745,0.3799094414131758,4.717424650667409,1.0,4.999750012499375e-05,4.999750012499375e-05,0.0,0.0095995200239988
3600.0,robot_disturbed,empty_goal_arrivals_per_km,adaptive_mission,belief_horizon,30,30,30,30,30,1.0,1.0,0,0.16655573847273328,-1.6944297269857025,2.2313706797723687,0.028888847582146628,0.03940886699507389,0.8837058147092646,0.8837058147092646,0.8742749859391867,1.0
3600.0,robot_disturbed,empty_goal_arrivals_per_km,adaptive_mission,belief_orienteering,30,30,30,30,30,1.0,1.0,0,4.425628059907834,2.9066482279885126,5.990256978196887,1.014426388633238,0.8279569892473119,4.999750012499375e-05,4.999750012499375e-05,2.7564439619709447e-08,0.0095995200239988
3600.0,robot_disturbed,empty_goal_arrivals_per_km,adaptive_mission,belief_orienteering_depth1,30,30,30,30,30,1.0,1.0,0,6.129207156154199,4.305272018542222,7.888307859114965,1.1927056190073684,0.8924731182795699,4.999750012499375e-05,4.999750012499375e-05,6.458678036835863e-11,0.0095995200239988
3600.0,robot_disturbed,empty_goal_arrivals_per_km,adaptive_mission,confirmed_route,30,30,30,30,30,1.0,1.0,0,-7.434957228305166,-10.047075995767882,-5.083231140704747,-1.039111249264426,-0.875268817204301,4.999750012499375e-05,4.999750012499375e-05,1.2596747200888103e-08,0.0095995200239988
3600.0,robot_disturbed,empty_goal_arrivals_per_km,adaptive_mission,greedy,30,30,30,30,30,1.0,1.0,0,-18.916246577973304,-22.35185803519319,-15.656224150227057,-1.9755033121668133,-0.9956989247311828,4.999750012499375e-05,4.999750012499375e-05,0.0,0.0095995200239988
3600.0,robot_disturbed,empty_goal_arrivals_per_km,adaptive_mission,lawnmower_collect,30,30,30,30,30,1.0,1.0,0,21.647263096230905,20.221096112703343,23.064483614594252,5.42509900261912,1.0,4.999750012499375e-05,4.999750012499375e-05,0.0,0.0095995200239988
3600.0,robot_disturbed,empty_goal_arrivals_per_km,adaptive_mission,oracle_current_physics,30,30,30,30,30,1.0,1.0,0,23.369176858149203,21.89806483999659,24.89790198200063,5.439571286287868,1.0,4.999750012499375e-05,4.999750012499375e-05,0.0,0.0095995200239988
3600.0,robot_disturbed,wasted_path_ratio,adaptive_mission,belief_horizon,30,30,30,30,30,1.0,1.0,0,0.015548084138999994,-0.027433338023763326,0.05805462877183083,0.1190413631150488,0.11330049261083744,0.5187240637968101,0.5187240637968101,0.5143905936848323,1.0
3600.0,robot_disturbed,wasted_path_ratio,adaptive_mission,belief_orienteering,30,30,30,30,30,1.0,1.0,0,0.009137773911766662,-0.027366733524919168,0.048329496151905835,0.08603317969448758,0.05806451612903226,0.6416679166041698,0.6416679166041698,0.6374814013730505,1.0
3600.0,robot_disturbed,wasted_path_ratio,adaptive_mission,belief_orienteering_depth1,30,30,30,30,30,1.0,1.0,0,-0.030063975928466664,-0.07498775409387834,0.01707561850701332,-0.22196209291933922,-0.221505376344086,0.22993850307484626,0.22993850307484626,0.2240853334636972,1.0
3600.0,robot_disturbed,wasted_path_ratio,adaptive_mission,confirmed_route,30,30,30,30,30,1.0,1.0,0,-0.14390727820583335,-0.1849007455294125,-0.10280404236214673,-1.235790630062904,-0.9096774193548387,4.999750012499375e-05,4.999750012499375e-05,1.2994050280212832e-11,0.0095995200239988
3600.0,robot_disturbed,wasted_path_ratio,adaptive_mission,greedy,30,30,30,30,30,1.0,1.0,0,-0.42375653042133327,-0.4570629297712608,-0.3911863251364349,-4.404625428359262,-1.0,4.999750012499375e-05,4.999750012499375e-05,0.0,0.0095995200239988
3600.0,robot_disturbed,wasted_path_ratio,adaptive_mission,lawnmower_collect,30,30,30,30,30,1.0,1.0,0,-0.18802421324996665,-0.2491750127255216,-0.12654235177650666,-1.0834997138287834,-0.8666666666666667,4.999750012499375e-05,4.999750012499375e-05,2.946124233460523e-09,0.0095995200239988
3600.0,robot_disturbed,wasted_path_ratio,adaptive_mission,oracle_current_physics,30,30,30,30,30,1.0,1.0,0,0.4662711924764,0.4267463435336759,0.5040381779662457,4.249217405564487,1.0,4.999750012499375e-05,4.999750012499375e-05,0.0,0.0095995200239988
3600.0,robot_disturbed,goal_success_rate,adaptive_mission,belief_horizon,30,30,30,30,30,1.0,1.0,0,-0.0003672685685999979,-0.03639852205029416,0.03506034855497749,-0.0035384203981245117,-0.03133903133903134,0.9849507524623768,0.9849507524623768,0.9845373853871378,1.0
3600.0,robot_disturbed,goal_success_rate,adaptive_mission,belief_orienteering,30,30,30,30,30,1.0,1.0,0,-0.03593798371866667,-0.07063417128987584,-0.0037257960456133737,-0.38400355989480756,-0.35913978494623655,0.04384780760961952,0.04384780760961952,0.03544181444836303,1.0
3600.0,robot_disturbed,goal_success_rate,adaptive_mission,belief_orienteering_depth1,30,30,30,30,30,1.0,1.0,0,-0.030629476824399992,-0.06729621391577248,0.007744586661686638,-0.27738602761517445,-0.2903225806451613,0.136043197840108,0.136043197840108,0.12868552926329757,1.0
3600.0,robot_disturbed,goal_success_rate,adaptive_mission,confirmed_route,30,30,30,30,30,1.0,1.0,0,-0.04723641043596667,-0.07973921921909331,-0.014244574593060853,-0.5037976079624009,-0.5225806451612903,0.008649567521623918,0.008649567521623918,0.005790527773074761,0.5795210239488026
3600.0,robot_disturbed,goal_success_rate,adaptive_mission,greedy,30,30,30,30,30,1.0,1.0,0,0.18824771260013332,0.15639074467853417,0.21978663589174083,2.1046946710324113,0.9741935483870968,4.999750012499375e-05,4.999750012499375e-05,0.0,0.0095995200239988
3600.0,robot_disturbed,goal_success_rate,adaptive_mission,lawnmower_collect,30,30,30,30,30,1.0,1.0,0,0.03165886990236667,-0.013795040002791664,0.07653920192449666,0.2444918525965292,0.2129032258064516,0.19389030548472577,0.19389030548472577,0.18052606811835625,1.0
3600.0,robot_disturbed,goal_success_rate,adaptive_mission,oracle_current_physics,30,30,30,30,30,1.0,1.0,0,-0.6275108483754,-0.657657572274706,-0.5975142913840982,-7.439052160100027,-1.0,4.999750012499375e-05,4.999750012499375e-05,0.0,0.0095995200239988
3600.0,robot_disturbed,regret_to_best_fixed_auc,adaptive_mission,belief_horizon,30,30,30,30,30,1.0,1.0,0,0.023648434326733334,-0.0011003147218333338,0.050217447946214945,0.3139711976252786,0.4472934472934473,0.09719514024298785,0.09719514024298785,0.08548861130284857,1.0
3600.0,robot_disturbed,regret_to_best_fixed_auc,adaptive_mission,belief_orienteering,30,30,30,30,30,1.0,1.0,0,-0.017772879678066664,-0.045640050674939175,0.010614528569803331,-0.22013812015683729,-0.22298850574712645,0.23808809559522023,0.23808809559522023,0.22791538780080645,1.0
3600.0,robot_disturbed,regret_to_best_fixed_auc,adaptive_mission,belief_orienteering_depth1,30,30,30,30,30,1.0,1.0,0,-0.046672425360933335,-0.07975092736929582,-0.01602801892824503,-0.49775835352377795,-0.5238095238095238,0.011699415029248537,0.011699415029248537,0.006404200497382551,0.7487625618719064
3600.0,robot_disturbed,regret_to_best_fixed_auc,adaptive_mission,confirmed_route,30,30,30,30,30,1.0,1.0,0,-0.11331594269553334,-0.14767782460242335,-0.07990761115484334,-1.1692922951518683,-0.8838709677419355,4.999750012499375e-05,4.999750012499375e-05,1.5088508220628682e-10,0.0095995200239988
3600.0,robot_disturbed,regret_to_best_fixed_auc,adaptive_mission,greedy,30,30,30,30,30,1.0,1.0,0,-0.2953550182399333,-0.32755081561566834,-0.2617514908105675,-3.176421637526875,-1.0,4.999750012499375e-05,4.999750012499375e-05,0.0,0.0095995200239988
3600.0,robot_disturbed,regret_to_best_fixed_auc,adaptive_mission,lawnmower_collect,30,30,30,30,30,1.0,1.0,0,-0.3704479840239666,-0.39702689585295,-0.3443875796782684,-4.807467658143223,-1.0,4.999750012499375e-05,4.999750012499375e-05,0.0,0.0095995200239988
3600.0,robot_disturbed,regret_to_best_fixed_auc,adaptive_mission,oracle_current_physics,30,0,30,0,0,1.0,0.0,30,,,,,0.0,,,,
3600.0,static_calm,auc_collected_by_path,adaptive_mission,belief_horizon,30,30,30,30,30,1.0,1.0,0,0.013104553029466667,-0.005182492411646666,0.03270210671595333,0.24866352798863242,0.11827956989247312,0.19654017299135043,0.19654017299135043,0.1732022292193789,1.0
3600.0,static_calm,auc_collected_by_path,adaptive_mission,belief_orienteering,30,30,30,30,30,1.0,1.0,0,0.0706569578636,0.057732777089550005,0.08417044528758583,1.8871092379183614,0.9913978494623656,4.999750012499375e-05,4.999750012499375e-05,0.0,0.0095995200239988
3600.0,static_calm,auc_collected_by_path,adaptive_mission,belief_orienteering_depth1,30,30,30,30,30,1.0,1.0,0,0.09563661171940001,0.07940052480400166,0.11181370719360834,2.2033712281282876,1.0,4.999750012499375e-05,4.999750012499375e-05,0.0,0.0095995200239988
3600.0,static_calm,auc_collected_by_path,adaptive_mission,confirmed_route,30,30,30,30,30,1.0,1.0,0,0.12727381769033333,0.10903341606516502,0.14663156886539494,2.4174979234327525,1.0,4.999750012499375e-05,4.999750012499375e-05,0.0,0.0095995200239988
3600.0,static_calm,auc_collected_by_path,adaptive_mission,greedy,30,30,30,30,30,1.0,1.0,0,0.08355994021626666,0.06072684535657,0.10613674306800586,1.294659410543258,0.9397849462365592,4.999750012499375e-05,4.999750012499375e-05,1.3300471835009375e-12,0.0095995200239988
3600.0,static_calm,auc_collected_by_path,adaptive_mission,lawnmower_collect,30,30,30,30,30,1.0,1.0,0,0.2769904663700667,0.26142122309957583,0.2924374681144592,6.413827556522995,1.0,4.999750012499375e-05,4.999750012499375e-05,0.0,0.0095995200239988
3600.0,static_calm,auc_collected_by_path,adaptive_mission,oracle_current_physics,30,30,30,30,30,1.0,1.0,0,-0.4730391796192,-0.48564643804843666,-0.46050987013375916,-13.139460240470486,-1.0,4.999750012499375e-05,4.999750012499375e-05,0.0,0.0095995200239988
3600.0,static_calm,collected_ratio,adaptive_mission,belief_horizon,30,30,30,30,30,1.0,1.0,0,0.009111111111100002,-0.016000000000034164,0.0331111111111,0.13173981093548123,0.14285714285714285,0.4874256287185641,0.4874256287185641,0.47055971220190385,1.0
3600.0,static_calm,collected_ratio,adaptive_mission,belief_orienteering,30,30,30,30,30,1.0,1.0,0,0.0911111111111,0.06622222222233166,0.11666666666660166,1.2760184610327079,0.9354838709677419,4.999750012499375e-05,4.999750012499375e-05,2.7675639557855902e-12,0.0095995200239988
3600.0,static_calm,collected_ratio,adaptive_mission,belief_orienteering_depth1,30,30,30,30,30,1.0,1.0,0,0.12799999999996667,0.10177777777773249,0.1539999999999025,1.7235400188951586,0.9763440860215054,4.999750012499375e-05,4.999750012499375e-05,0.0,0.0095995200239988
3600.0,static_calm,collected_ratio,adaptive_mission,confirmed_route,30,30,30,30,30,1.0,1.0,0,0.1888888888888667,0.15932777777771331,0.2195555555555333,2.2668125811359694,1.0,4.999750012499375e-05,4.999750012499375e-05,0.0,0.0095995200239988
3600.0,static_calm,collected_ratio,adaptive_mission,greedy,30,30,30,30,30,1.0,1.0,0,0.15911111111116666,0.12598888888895585,0.19155555555563333,1.6827802499264553,1.0,4.999750012499375e-05,4.999750012499375e-05,0.0,0.0095995200239988
3600.0,static_calm,collected_ratio,adaptive_mission,lawnmower_collect,30,30,30,30,30,1.0,1.0,0,0.47200000000006676,0.4479944444443801,0.49644444444453334,6.955437801885604,1.0,4.999750012499375e-05,4.999750012499375e-05,0.0,0.0095995200239988
3600.0,static_calm,collected_ratio,adaptive_mission,oracle_current_physics,30,30,30,30,30,1.0,1.0,0,-0.4631111111112,-0.4860111111113101,-0.43954999999994837,-7.0577052496978485,-1.0,4.999750012499375e-05,4.999750012499375e-05,0.0,0.0095995200239988
3600.0,static_calm,oracle_gap_auc_collected_by_path,adaptive_mission,belief_horizon,30,30,30,30,30,1.0,1.0,0,-0.013104553029466667,-0.03270210671595334,0.005182492411646662,-0.24866352798863242,-0.11827956989247312,0.19189040547972602,0.19189040547972602,0.1732022292193789,1.0
3600.0,static_calm,oracle_gap_auc_collected_by_path,adaptive_mission,belief_orienteering,30,30,30,30,30,1.0,1.0,0,-0.0706569578636,-0.08417044528758584,-0.05773277708955001,-1.8871092379183614,-0.9913978494623656,4.999750012499375e-05,4.999750012499375e-05,0.0,0.0095995200239988
3600.0,static_calm,oracle_gap_auc_collected_by_path,adaptive_mission,belief_orienteering_depth1,30,30,30,30,30,1.0,1.0,0,-0.09563661171940001,-0.11181370719360834,-0.07940052480400166,-2.2033712281282876,-1.0,4.999750012499375e-05,4.999750012499375e-05,0.0,0.0095995200239988
3600.0,static_calm,oracle_gap_auc_collected_by_path,adaptive_mission,confirmed_route,30,30,30,30,30,1.0,1.0,0,-0.12727381769033333,-0.14663156886539497,-0.10903341606516503,-2.4174979234327525,-1.0,4.999750012499375e-05,4.999750012499375e-05,0.0,0.0095995200239988
3600.0,static_calm,oracle_gap_auc_collected_by_path,adaptive_mission,greedy,30,30,30,30,30,1.0,1.0,0,-0.08355994021626666,-0.10613674306800586,-0.06072684535657001,-1.294659410543258,-0.9397849462365592,4.999750012499375e-05,4.999750012499375e-05,1.3300471835009375e-12,0.0095995200239988
3600.0,static_calm,oracle_gap_auc_collected_by_path,adaptive_mission,lawnmower_collect,30,30,30,30,30,1.0,1.0,0,-0.2769904663700667,-0.2924374681144592,-0.26142122309957583,-6.413827556522995,-1.0,4.999750012499375e-05,4.999750012499375e-05,0.0,0.0095995200239988
3600.0,static_calm,oracle_gap_auc_collected_by_path,adaptive_mission,oracle_current_physics,30,30,30,30,30,1.0,1.0,0,0.4730391796192,0.46050987013375916,0.48564643804843666,13.139460240470486,1.0,4.999750012499375e-05,4.999750012499375e-05,0.0,0.0095995200239988
3600.0,static_calm,empty_goal_arrivals_per_km,adaptive_mission,belief_horizon,30,30,30,30,30,1.0,1.0,0,1.1112844917240001,0.13886572141777836,2.055611944453029,0.4104079814834288,0.45376344086021503,0.03179841007949603,0.03179841007949603,0.024582752630436744,1.0
3600.0,static_calm,empty_goal_arrivals_per_km,adaptive_mission,belief_orienteering,30,30,30,30,30,1.0,1.0,0,8.7591744350354,7.62046873245718,9.759560277428221,2.956371908398073,1.0,4.999750012499375e-05,4.999750012499375e-05,0.0,0.0095995200239988
3600.0,static_calm,empty_goal_arrivals_per_km,adaptive_mission,belief_orienteering_depth1,30,30,30,30,30,1.0,1.0,0,15.55513958275727,14.66633355659182,16.425473330629583,6.0632596755519,1.0,4.999750012499375e-05,4.999750012499375e-05,0.0,0.0095995200239988
3600.0,static_calm,empty_goal_arrivals_per_km,adaptive_mission,confirmed_route,30,30,30,30,30,1.0,1.0,0,7.648226373834733,5.369669048624856,9.925814940223745,1.2064344053780403,0.9182795698924732,4.999750012499375e-05,4.999750012499375e-05,3.897748790393507e-11,0.0095995200239988
3600.0,static_calm,empty_goal_arrivals_per_km,adaptive_mission,greedy,30,30,30,30,30,1.0,1.0,0,-20.91582866366747,-22.693882240696922,-19.10992779329491,-4.1127701927296485,-1.0,4.999750012499375e-05,4.999750012499375e-05,0.0,0.0095995200239988
3600.0,static_calm,empty_goal_arrivals_per_km,adaptive_mission,lawnmower_collect,30,30,30,30,30,1.0,1.0,0,27.443647414493796,26.527013611368925,28.33241661370517,10.613920686291037,1.0,4.999750012499375e-05,4.999750012499375e-05,0.0,0.0095995200239988
3600.0,static_calm,empty_goal_arrivals_per_km,adaptive_mission,oracle_current_physics,30,30,30,30,30,1.0,1.0,0,32.054017220890096,31.176785531950785,32.9669191487822,12.079323740026876,1.0,4.999750012499375e-05,4.999750012499375e-05,0.0,0.0095995200239988
3600.0,static_calm,wasted_path_ratio,adaptive_mission,belief_horizon,30,30,30,30,30,1.0,1.0,0,-0.0012445294539000001,-0.027620537771847503,0.026437751331204972,-0.01615211657142196,-0.04516129032258064,0.9316034198290085,0.9316034198290085,0.929504092221084,1.0
3600.0,static_calm,wasted_path_ratio,adaptive_mission,belief_orienteering,30,30,30,30,30,1.0,1.0,0,-0.0023979815948666685,-0.028777364961436677,0.021882128774014135,-0.03300089470264843,0.010752688172043012,0.8512074396280186,0.8512074396280186,0.8565611855111417,1.0
3600.0,static_calm,wasted_path_ratio,adaptive_mission,belief_orienteering_depth1,30,30,30,30,30,1.0,1.0,0,0.008370931133933333,-0.018970876666395832,0.036618713310962496,0.10301729814905725,0.11397849462365592,0.5777711114444278,0.5777711114444278,0.5725846981580065,1.0
3600.0,static_calm,wasted_path_ratio,adaptive_mission,confirmed_route,30,30,30,30,30,1.0,1.0,0,-0.17492142456153334,-0.19816189300090747,-0.15205456391104252,-2.6259149039830967,-1.0,4.999750012499375e-05,4.999750012499375e-05,0.0,0.0095995200239988
3600.0,static_calm,wasted_path_ratio,adaptive_mission,greedy,30,30,30,30,30,1.0,1.0,0,-0.27974009692676666,-0.30410106691494665,-0.25533675702588415,-3.88830022566759,-1.0,4.999750012499375e-05,4.999750012499375e-05,0.0,0.0095995200239988
3600.0,static_calm,wasted_path_ratio,adaptive_mission,lawnmower_collect,30,30,30,30,30,1.0,1.0,0,-0.04868507535390001,-0.10544003181656166,0.013898370074908335,-0.3006971490983464,-0.35913978494623655,0.11074446277686116,0.11074446277686116,0.09956089976347648,1.0
3600.0,static_calm,wasted_path_ratio,adaptive_mission,oracle_current_physics,30,30,30,30,30,1.0,1.0,0,0.4996934002595666,0.47538387401990495,0.524765591834874,7.024089809212387,1.0,4.999750012499375e-05,4.999750012499375e-05,0.0,0.0095995200239988
3600.0,static_calm,goal_success_rate,adaptive_mission,belief_horizon,30,30,30,30,30,1.0,1.0,0,-0.002180797077466667,-0.012379031601646665,0.00745300407183916,-0.07715151924691052,-0.08387096774193549,0.6769661516924154,0.6769661516924154,0.6726044398969901,1.0
3600.0,static_calm,goal_success_rate,adaptive_mission,belief_orienteering,30,30,30,30,30,1.0,1.0,0,-0.021218627086166668,-0.03714261491480583,-0.004421123122942508,-0.4682251994838075,-0.4967741935483871,0.017399130043497826,0.017399130043497826,0.01033022398733463,1.0
3600.0,static_calm,goal_success_rate,adaptive_mission,belief_orienteering_depth1,30,30,30,30,30,1.0,1.0,0,-0.06833656049416667,-0.08650316586299583,-0.050992256977564175,-1.3586470651169462,-0.9440860215053763,4.999750012499375e-05,4.999750012499375e-05,9.947598300641403e-14,0.0095995200239988
3600.0,static_calm,goal_success_rate,adaptive_mission,confirmed_route,30,30,30,30,30,1.0,1.0,0,0.0077743523011,-0.004723114573827501,0.019925958153607495,0.21787937074249744,0.3548387096774194,0.2415879206039698,0.2415879206039698,0.23272275215376648,1.0
3600.0,static_calm,goal_success_rate,adaptive_mission,greedy,30,30,30,30,30,1.0,1.0,0,0.13238587599093335,0.11646426470315582,0.14837080886489745,2.8078564878724435,1.0,4.999750012499375e-05,4.999750012499375e-05,0.0,0.0095995200239988
3600.0,static_calm,goal_success_rate,adaptive_mission,lawnmower_collect,30,30,30,30,30,1.0,1.0,0,0.14244243400833334,0.11103976121191583,0.17127204369926327,1.6856832109845599,0.9741935483870968,4.999750012499375e-05,4.999750012499375e-05,0.0,0.0095995200239988
3600.0,static_calm,goal_success_rate,adaptive_mission,oracle_current_physics,30,30,30,30,30,1.0,1.0,0,-0.6192675386138666,-0.6290313946453502,-0.6094402626679476,-21.356215538835293,-1.0,4.999750012499375e-05,4.999750012499375e-05,0.0,0.0095995200239988
3600.0,static_calm,regret_to_best_fixed_auc,adaptive_mission,belief_horizon,30,30,30,30,30,1.0,1.0,0,-0.0018126049624666673,-0.016404236274305834,0.011819135757214987,-0.045552419361015124,0.18115942028985507,0.8142592870356482,0.8142592870356482,0.8029733631205924,1.0
3600.0,static_calm,regret_to_best_fixed_auc,adaptive_mission,belief_orienteering,30,30,30,30,30,1.0,1.0,0,-0.0593650097966,-0.07569264647986584,-0.04331043089280417,-1.3718566695408265,-0.9886039886039886,4.999750012499375e-05,4.999750012499375e-05,5.728750807065808e-14,0.0095995200239988
3600.0,static_calm,regret_to_best_fixed_auc,adaptive_mission,belief_orienteering_depth1,30,30,30,30,30,1.0,1.0,0,-0.08434466365233333,-0.10163098319038666,-0.06802951858889335,-1.8391781019211473,-1.0,4.999750012499375e-05,4.999750012499375e-05,0.0,0.0095995200239988
3600.0,static_calm,regret_to_best_fixed_auc,adaptive_mission,confirmed_route,30,30,30,30,30,1.0,1.0,0,-0.11598186962326666,-0.13823260210785163,-0.09558929963413751,-1.970341959973462,-1.0,4.999750012499375e-05,4.999750012499375e-05,0.0,0.0095995200239988
3600.0,static_calm,regret_to_best_fixed_auc,adaptive_mission,greedy,30,30,30,30,30,1.0,1.0,0,-0.07226799214923332,-0.09593968402628,-0.048479546955165834,-1.098418164486364,-0.9218390804597701,4.999750012499375e-05,4.999750012499375e-05,1.7846628619366811e-09,0.0095995200239988
3600.0,static_calm,regret_to_best_fixed_auc,adaptive_mission,lawnmower_collect,30,30,30,30,30,1.0,1.0,0,-0.2656985183030666,-0.28200515250413244,-0.24979168426692,-5.952959030611489,-1.0,4.999750012499375e-05,4.999750012499375e-05,0.0,0.0095995200239988
3600.0,static_calm,regret_to_best_fixed_auc,adaptive_mission,oracle_current_physics,30,0,30,0,0,1.0,0.0,30,,,,,0.0,,,,
3600.0,strong_drift,auc_collected_by_path,adaptive_mission,belief_horizon,30,30,30,30,30,1.0,1.0,0,0.0012302133509333331,-0.0024502808104066667,0.006201826807989998,0.09979987264269495,0.14285714285714285,0.6875,0.6875,0.5846354178084963,1.0
3600.0,strong_drift,auc_collected_by_path,adaptive_mission,belief_orienteering,30,30,30,30,30,1.0,1.0,0,0.04749627549593334,0.0162070930689225,0.08148097824132164,0.5069802466872715,0.5182795698924731,0.009299535023248838,0.009299535023248838,0.005488931857209334,0.6044697765111745
3600.0,strong_drift,auc_collected_by_path,adaptive_mission,belief_orienteering_depth1,30,30,30,30,30,1.0,1.0,0,0.07139127967596667,0.02840054990174,0.112904852351285,0.587605120253111,0.6731182795698925,0.0029498525073746312,0.0029498525073746312,0.0012888733001910069,0.21533923303834807
3600.0,strong_drift,auc_collected_by_path,adaptive_mission,confirmed_route,30,30,30,30,30,1.0,1.0,0,0.09379869023120001,0.06804436699535084,0.11885534151249912,1.3090731362118644,0.9397849462365592,4.999750012499375e-05,4.999750012499375e-05,7.496225862269057e-13,0.0095995200239988
3600.0,strong_drift,auc_collected_by_path,adaptive_mission,greedy,30,30,30,30,30,1.0,1.0,0,0.5045788487365334,0.47306169292411004,0.5348345853867958,5.69511488007391,1.0,4.999750012499375e-05,4.999750012499375e-05,0.0,0.0095995200239988
3600.0,strong_drift,auc_collected_by_path,adaptive_mission,lawnmower_collect,30,30,30,30,30,1.0,1.0,0,0.5758593890142,0.5486617802733518,0.6010224554306275,7.518981417345225,1.0,4.999750012499375e-05,4.999750012499375e-05,0.0,0.0095995200239988
3600.0,strong_drift,auc_collected_by_path,adaptive_mission,oracle_current_physics,30,30,30,30,30,1.0,1.0,0,-0.1751564354200333,-0.20059839716742164,-0.15135409863302918,-2.4536366547303325,-1.0,4.999750012499375e-05,4.999750012499375e-05,0.0,0.0095995200239988
3600.0,strong_drift,collected_ratio,adaptive_mission,belief_horizon,30,30,30,30,30,1.0,1.0,0,-0.0019999999999666665,-0.007777777777733333,0.0026722222222549698,-0.1344891002526937,-0.3333333333333333,0.5625,0.5625,0.4613491260951772,1.0
3600.0,strong_drift,collected_ratio,adaptive_mission,belief_orienteering,30,30,30,30,30,1.0,1.0,0,-0.0235555555555,-0.07222222222213501,0.022455555555709106,-0.1723420511522654,-0.12807881773399016,0.35643217839108043,0.35643217839108043,0.34519198501863313,1.0
3600.0,strong_drift,collected_ratio,adaptive_mission,belief_orienteering_depth1,30,30,30,30,30,1.0,1.0,0,0.02644444444443333,-0.022672222222353336,0.07622777777781997,0.18210916219247283,0.23218390804597702,0.33233338333083345,0.33233338333083345,0.3185446955566902,1.0
3600.0,strong_drift,collected_ratio,adaptive_mission,confirmed_route,30,30,30,30,30,1.0,1.0,0,-0.025555555555533335,-0.07111111111100085,0.016666666666635837,-0.20118667301975734,-0.10574712643678161,0.2912354382280886,0.2912354382280886,0.2704856743098687,1.0
3600.0,strong_drift,collected_ratio,adaptive_mission,greedy,30,30,30,30,30,1.0,1.0,0,0.7068888888888999,0.6635500000000433,0.7455555555555008,5.961275123874731,1.0,4.999750012499375e-05,4.999750012499375e-05,0.0,0.0095995200239988
3600.0,strong_drift,collected_ratio,adaptive_mission,lawnmower_collect,30,30,30,30,30,1.0,1.0,0,0.7555555555555,0.7202166666667092,0.7882222222221,7.498504317892875,1.0,4.999750012499375e-05,4.999750012499375e-05,0.0,0.0095995200239988
3600.0,strong_drift,collected_ratio,adaptive_mission,oracle_current_physics,30,30,30,30,30,1.0,1.0,0,-0.11288888888880001,-0.15222222222213416,-0.07821666666648003,-1.0305386232470317,-1.0,4.999750012499375e-05,4.999750012499375e-05,1.6566919835980798e-08,0.0095995200239988
3600.0,strong_drift,oracle_gap_auc_collected_by_path,adaptive_mission,belief_horizon,30,30,30,30,30,1.0,1.0,0,-0.0012302133509333331,-0.00620182680799,0.0024502808104066606,-0.09979987264269495,-0.14285714285714285,0.6875,0.6875,0.5846354178084963,1.0
3600.0,strong_drift,oracle_gap_auc_collected_by_path,adaptive_mission,belief_orienteering,30,30,30,30,30,1.0,1.0,0,-0.04749627549593334,-0.08148097824132167,-0.016207093068922512,-0.5069802466872715,-0.5182795698924731,0.008649567521623918,0.008649567521623918,0.005488931857209334,0.5795210239488026
3600.0,strong_drift,oracle_gap_auc_collected_by_path,adaptive_mission,belief_orienteering_depth1,30,30,30,30,30,1.0,1.0,0,-0.07139127967596667,-0.112904852351285,-0.028400549901740003,-0.587605120253111,-0.6731182795698925,0.0020998950052497373,0.0020998950052497373,0.0012888733001910069,0.1574921253937303
3600.0,strong_drift,oracle_gap_auc_collected_by_path,adaptive_mission,confirmed_route,30,30,30,30,30,1.0,1.0,0,-0.09379869023120001,-0.11885534151249914,-0.0680443669953509,-1.3090731362118644,-0.9397849462365592,4.999750012499375e-05,4.999750012499375e-05,7.496225862269057e-13,0.0095995200239988
3600.0,strong_drift,oracle_gap_auc_collected_by_path,adaptive_mission,greedy,30,30,30,30,30,1.0,1.0,0,-0.5045788487365334,-0.534834585386796,-0.4730616929241101,-5.69511488007391,-1.0,4.999750012499375e-05,4.999750012499375e-05,0.0,0.0095995200239988
3600.0,strong_drift,oracle_gap_auc_collected_by_path,adaptive_mission,lawnmower_collect,30,30,30,30,30,1.0,1.0,0,-0.5758593890142,-0.6010224554306275,-0.5486617802733518,-7.518981417345225,-1.0,4.999750012499375e-05,4.999750012499375e-05,0.0,0.0095995200239988
3600.0,strong_drift,oracle_gap_auc_collected_by_path,adaptive_mission,oracle_current_physics,30,30,30,30,30,1.0,1.0,0,0.1751564354200333,0.15135409863302918,0.20059839716742162,2.4536366547303325,1.0,4.999750012499375e-05,4.999750012499375e-05,0.0,0.0095995200239988
3600.0,strong_drift,empty_goal_arrivals_per_km,adaptive_mission,belief_horizon,30,30,30,30,30,1.0,1.0,0,0.9351454146792999,0.22221773345483334,1.8979576384428658,0.3731245488027752,1.0,0.03125,0.03125,0.04098444652781508,1.0
3600.0,strong_drift,empty_goal_arrivals_per_km,adaptive_mission,belief_orienteering,30,30,30,30,30,1.0,1.0,0,2.8702754763239664,1.2129855867409889,4.3704244260395235,0.6161496305157124,0.6473118279569893,0.002199890005499725,0.002199890005499725,0.0007387189976253428,0.16279186040697965
3600.0,strong_drift,empty_goal_arrivals_per_km,adaptive_mission,belief_orienteering_depth1,30,30,30,30,30,1.0,1.0,0,3.7406744378048655,2.101918016727496,5.398330307419438,0.7494299109500737,0.6860215053763441,0.00039998000099995,0.00039998000099995,4.046706415472556e-05,0.031998400079996
3600.0,strong_drift,empty_goal_arrivals_per_km,adaptive_mission,confirmed_route,30,30,30,30,30,1.0,1.0,0,0.37039469151026666,-1.639416496301403,2.3157848025898002,0.06599480240049539,0.05806451612903226,0.711664416779161,0.711664416779161,0.7177493088865954,1.0
3600.0,strong_drift,empty_goal_arrivals_per_km,adaptive_mission,greedy,30,30,30,30,30,1.0,1.0,0,-21.87867985532033,-25.02730472455289,-18.554475209323414,-2.3629283258622116,-0.9956989247311828,4.999750012499375e-05,4.999750012499375e-05,0.0,0.0095995200239988
3600.0,strong_drift,empty_goal_arrivals_per_km,adaptive_mission,lawnmower_collect,30,30,30,30,30,1.0,1.0,0,16.4993710340258,15.3327753728323,17.638200022268645,5.035559742988855,1.0,4.999750012499375e-05,4.999750012499375e-05,0.0,0.0095995200239988
3600.0,strong_drift,empty_goal_arrivals_per_km,adaptive_mission,oracle_current_physics,30,30,30,30,30,1.0,1.0,0,7.577700531662065,5.5175973791353785,9.554631226350903,1.3010683018691926,0.9096774193548387,4.999750012499375e-05,4.999750012499375e-05,1.0313971898767704e-12,0.0095995200239988
3600.0,strong_drift,wasted_path_ratio,adaptive_mission,belief_horizon,30,30,30,30,30,1.0,1.0,0,0.021082164447733334,0.005544411767866667,0.03929456067299666,0.43983818495819477,1.0,0.03125,0.03125,0.015992224173271286,1.0
3600.0,strong_drift,wasted_path_ratio,adaptive_mission,belief_orienteering,30,30,30,30,30,1.0,1.0,0,0.014864631738999998,-0.016399133835391672,0.04502039063066916,0.16708614241860203,0.26881720430107525,0.3737313134343283,0.3737313134343283,0.36010318253028606,1.0
3600.0,strong_drift,wasted_path_ratio,adaptive_mission,belief_orienteering_depth1,30,30,30,30,30,1.0,1.0,0,-0.01213387658266667,-0.05175173334937249,0.025489800958463274,-0.10568376776749443,-0.16129032258064516,0.5659217039148042,0.5659217039148042,0.5626878018356218,1.0
3600.0,strong_drift,wasted_path_ratio,adaptive_mission,confirmed_route,30,30,30,30,30,1.0,1.0,0,-0.11090562884596668,-0.15201072888545497,-0.07168768598583501,-0.9255522668835735,-0.8193548387096774,4.999750012499375e-05,4.999750012499375e-05,3.9894901227022217e-07,0.0095995200239988
3600.0,strong_drift,wasted_path_ratio,adaptive_mission,greedy,30,30,30,30,30,1.0,1.0,0,-0.42626512751129997,-0.4530360436400949,-0.4013002763012391,-5.578534994722103,-1.0,4.999750012499375e-05,4.999750012499375e-05,0.0,0.0095995200239988
3600.0,strong_drift,wasted_path_ratio,adaptive_mission,lawnmower_collect,30,30,30,30,30,1.0,1.0,0,-0.1892061762962666,-0.23431705078853246,-0.14462530367305168,-1.431437678027667,-0.9612903225806452,4.999750012499375e-05,4.999750012499375e-05,4.440892098500626e-15,0.0095995200239988
3600.0,strong_drift,wasted_path_ratio,adaptive_mission,oracle_current_physics,30,30,30,30,30,1.0,1.0,0,0.4104478063031333,0.37335950819067004,0.4446286488672908,4.000639750199383,1.0,4.999750012499375e-05,4.999750012499375e-05,0.0,0.0095995200239988
3600.0,strong_drift,goal_success_rate,adaptive_mission,belief_horizon,30,30,30,30,30,1.0,1.0,0,-0.012256708033366669,-0.0301991467766,-0.0005520787401666668,-0.2632030470514873,-0.8095238095238095,0.09375,0.09375,0.14940890859382927,1.0
3600.0,strong_drift,goal_success_rate,adaptive_mission,belief_orienteering,30,30,30,30,30,1.0,1.0,0,-0.05004819938546667,-0.07918278355877918,-0.018926528110160004,-0.5649960058143118,-0.6129032258064516,0.004749762511874406,0.004749762511874406,0.001970714617609115,0.33723313834308283
3600.0,strong_drift,goal_success_rate,adaptive_mission,belief_orienteering_depth1,30,30,30,30,30,1.0,1.0,0,-0.03382753207749999,-0.0658506597349725,-0.003478653672736665,-0.36779476828894747,-0.3935483870967742,0.05084745762711865,0.05084745762711865,0.04395759860534865,1.0
3600.0,strong_drift,goal_success_rate,adaptive_mission,confirmed_route,30,30,30,30,30,1.0,1.0,0,-0.1337298395759,-0.1684499114126475,-0.09675604249646749,-1.333777253553405,-0.9397849462365592,4.999750012499375e-05,4.999750012499375e-05,2.76445533131664e-13,0.0095995200239988
3600.0,strong_drift,goal_success_rate,adaptive_mission,greedy,30,30,30,30,30,1.0,1.0,0,0.224182484916,0.19542585908327,0.2556752358061458,2.705053003260304,1.0,4.999750012499375e-05,4.999750012499375e-05,0.0,0.0095995200239988
3600.0,strong_drift,goal_success_rate,adaptive_mission,lawnmower_collect,30,30,30,30,30,1.0,1.0,0,0.035043265084499994,0.0026202267850516637,0.06706154130759079,0.3865247516503843,0.41935483870967744,0.044547772611369434,0.044547772611369434,0.034252782561953854,1.0
3600.0,strong_drift,goal_success_rate,adaptive_mission,oracle_current_physics,30,30,30,30,30,1.0,1.0,0,-0.5194861831963333,-0.5444161236336392,-0.49140422301096,-6.933187994820368,-1.0,4.999750012499375e-05,4.999750012499375e-05,0.0,0.0095995200239988
3600.0,strong_drift,regret_to_best_fixed_auc,adaptive_mission,belief_horizon,30,30,30,30,30,1.0,1.0,0,0.0008941752765666667,-0.0005647917640225,0.0031526052688000002,0.16743142910815617,0.4,0.625,0.625,0.35911135438744113,1.0
3600.0,strong_drift,regret_to_best_fixed_auc,adaptive_mission,belief_orienteering,30,30,30,30,30,1.0,1.0,0,-0.04537188686843334,-0.07901802489575335,-0.014017583275060008,-0.4863691619961161,-0.5053763440860215,0.01319934003299835,0.01319934003299835,0.007722821127905455,0.831558422078896
3600.0,strong_drift,regret_to_best_fixed_auc,adaptive_mission,belief_orienteering_depth1,30,30,30,30,30,1.0,1.0,0,-0.06926689104846667,-0.11105271990262668,-0.026470354995190026,-0.5691463177564753,-0.6645161290322581,0.0031998400079996,0.0031998400079996,0.00182489261042873,0.2303884805759712
3600.0,strong_drift,regret_to_best_fixed_auc,adaptive_mission,confirmed_route,30,30,30,30,30,1.0,1.0,0,-0.0916743016037,-0.11613598494231499,-0.0673322039605184,-1.348101856640242,-0.9397849462365592,4.999750012499375e-05,4.999750012499375e-05,1.5365486660812167e-13,0.0095995200239988
3600.0,strong_drift,regret_to_best_fixed_auc,adaptive_mission,greedy,30,30,30,30,30,1.0,1.0,0,-0.502454460109,-0.5323380346486634,-0.4713813324021985,-5.66903168691252,-1.0,4.999750012499375e-05,4.999750012499375e-05,0.0,0.0095995200239988
3600.0,strong_drift,regret_to_best_fixed_auc,adaptive_mission,lawnmower_collect,30,30,30,30,30,1.0,1.0,0,-0.5737350003867,-0.5991579557512183,-0.5468562516017184,-7.494569943648089,-1.0,4.999750012499375e-05,4.999750012499375e-05,0.0,0.0095995200239988
3600.0,strong_drift,regret_to_best_fixed_auc,adaptive_mission,oracle_current_physics,30,0,30,0,0,1.0,0.0,30,,,,,0.0,,,,
3600.0,weak_drift,auc_collected_by_path,adaptive_mission,belief_horizon,30,30,30,30,30,1.0,1.0,0,-0.008417729968266667,-0.029791156974900836,0.011991805639037498,-0.14359307495795437,-0.1625615763546798,0.4425278736063197,0.4425278736063197,0.43157950167083037,1.0
3600.0,weak_drift,auc_collected_by_path,adaptive_mission,belief_orienteering,30,30,30,30,30,1.0,1.0,0,0.014354999836866663,-0.013318771911914998,0.044320591002464126,0.1768732552720668,0.1913978494623656,0.33528323583820807,0.33528323583820807,0.3326576037152358,1.0
3600.0,weak_drift,auc_collected_by_path,adaptive_mission,belief_orienteering_depth1,30,30,30,30,30,1.0,1.0,0,0.059666145195000006,0.027604388726592505,0.09249102926625166,0.6531614988459904,0.6258064516129033,0.0014999250037498126,0.0014999250037498126,0.0003468791500380597,0.11399430028498575
3600.0,weak_drift,auc_collected_by_path,adaptive_mission,confirmed_route,30,30,30,30,30,1.0,1.0,0,0.14496779579386668,0.10763624114246001,0.18381311090341587,1.3303435842305666,0.9139784946236559,4.999750012499375e-05,4.999750012499375e-05,3.1796787425264483e-13,0.0095995200239988
3600.0,weak_drift,auc_collected_by_path,adaptive_mission,greedy,30,30,30,30,30,1.0,1.0,0,0.2322359179335,0.20474133628177088,0.2586238874063375,2.9750870198394415,1.0,4.999750012499375e-05,4.999750012499375e-05,0.0,0.0095995200239988
3600.0,weak_drift,auc_collected_by_path,adaptive_mission,lawnmower_collect,30,30,30,30,30,1.0,1.0,0,0.3593265334705999,0.3319196521262642,0.3841387887003825,4.763257369176125,1.0,4.999750012499375e-05,4.999750012499375e-05,0.0,0.0095995200239988
3600.0,weak_drift,auc_collected_by_path,adaptive_mission,oracle_current_physics,30,30,30,30,30,1.0,1.0,0,-0.3717874208310334,-0.39844967355605676,-0.346380645932155,-4.971923140616567,-1.0,4.999750012499375e-05,4.999750012499375e-05,0.0,0.0095995200239988
3600.0,weak_drift,collected_ratio,adaptive_mission,belief_horizon,30,30,30,30,30,1.0,1.0,0,-0.03133333333343334,-0.0897833333334875,0.026472222222109855,-0.19739765438581314,-0.21921182266009853,0.2924853757312134,0.2924853757312134,0.27961194667615596,1.0
3600.0,weak_drift,collected_ratio,adaptive_mission,belief_orienteering,30,30,30,30,30,1.0,1.0,0,-0.029777777777799996,-0.11222222222223331,0.05936111111110985,-0.1254305845859065,-0.18924731182795698,0.495925203739813,0.495925203739813,0.49207541490966467,1.0
3600.0,weak_drift,collected_ratio,adaptive_mission,belief_orienteering_depth1,30,30,30,30,30,1.0,1.0,0,-0.01511111111116666,-0.09400000000013332,0.06533333333323667,-0.06608003527284403,-0.043010752688172046,0.7215139243037848,0.7215139243037848,0.7174004106112339,1.0
3600.0,weak_drift,collected_ratio,adaptive_mission,confirmed_route,30,30,30,30,30,1.0,1.0,0,0.04466666666673335,-0.038238888888798325,0.13556111111118832,0.18363045532171213,0.17849462365591398,0.33068346582670866,0.33068346582670866,0.31451879929684257,1.0
3600.0,weak_drift,collected_ratio,adaptive_mission,greedy,30,30,30,30,30,1.0,1.0,0,0.43311111111109996,0.3764444444443991,0.48311111111103505,2.77114660377849,0.9956989247311828,4.999750012499375e-05,4.999750012499375e-05,0.0,0.0095995200239988
3600.0,weak_drift,collected_ratio,adaptive_mission,lawnmower_collect,30,30,30,30,30,1.0,1.0,0,0.5902222222222,0.5335499999999126,0.6493333333333008,3.565765891926967,1.0,4.999750012499375e-05,4.999750012499375e-05,0.0,0.0095995200239988
3600.0,weak_drift,collected_ratio,adaptive_mission,oracle_current_physics,30,30,30,30,30,1.0,1.0,0,-0.2975555555555667,-0.35311111111116666,-0.2404444444444975,-1.8225165842023616,-1.0,4.999750012499375e-05,4.999750012499375e-05,0.0,0.0095995200239988
3600.0,weak_drift,oracle_gap_auc_collected_by_path,adaptive_mission,belief_horizon,30,30,30,30,30,1.0,1.0,0,0.008417729968266667,-0.0119918056390375,0.02979115697490083,0.14359307495795437,0.1625615763546798,0.43647817609119544,0.43647817609119544,0.43157950167083037,1.0
3600.0,weak_drift,oracle_gap_auc_collected_by_path,adaptive_mission,belief_orienteering,30,30,30,30,30,1.0,1.0,0,-0.014354999836866663,-0.04432059100246416,0.013318771911914934,-0.1768732552720668,-0.1913978494623656,0.3320333983300835,0.3320333983300835,0.3326576037152358,1.0
3600.0,weak_drift,oracle_gap_auc_collected_by_path,adaptive_mission,belief_orienteering_depth1,30,30,30,30,30,1.0,1.0,0,-0.059666145195000006,-0.09249102926625166,-0.027604388726592575,-0.6531614988459904,-0.6258064516129033,0.001399930003499825,0.001399930003499825,0.0003468791500380597,0.10779461026948652
3600.0,weak_drift,oracle_gap_auc_collected_by_path,adaptive_mission,confirmed_route,30,30,30,30,30,1.0,1.0,0,-0.14496779579386668,-0.18381311090341587,-0.10763624114246002,-1.3303435842305666,-0.9139784946236559,4.999750012499375e-05,4.999750012499375e-05,3.1796787425264483e-13,0.0095995200239988
3600.0,weak_drift,oracle_gap_auc_collected_by_path,adaptive_mission,greedy,30,30,30,30,30,1.0,1.0,0,-0.2322359179335,-0.25862388740633757,-0.2047413362817709,-2.9750870198394415,-1.0,4.999750012499375e-05,4.999750012499375e-05,0.0,0.0095995200239988
3600.0,weak_drift,oracle_gap_auc_collected_by_path,adaptive_mission,lawnmower_collect,30,30,30,30,30,1.0,1.0,0,-0.3593265334705999,-0.3841387887003825,-0.3319196521262642,-4.763257369176125,-1.0,4.999750012499375e-05,4.999750012499375e-05,0.0,0.0095995200239988
3600.0,weak_drift,oracle_gap_auc_collected_by_path,adaptive_mission,oracle_current_physics,30,30,30,30,30,1.0,1.0,0,0.3717874208310334,0.34638064593215495,0.3984496735560567,4.971923140616567,1.0,4.999750012499375e-05,4.999750012499375e-05,0.0,0.0095995200239988
3600.0,weak_drift,empty_goal_arrivals_per_km,adaptive_mission,belief_horizon,30,30,30,30,30,1.0,1.0,0,1.5555759644162666,0.13872371661583333,3.0554625301478406,0.36787654166543826,0.39408866995073893,0.04794760261986901,0.04794760261986901,0.04391064250887666,1.0
3600.0,weak_drift,empty_goal_arrivals_per_km,adaptive_mission,belief_orienteering,30,30,30,30,30,1.0,1.0,0,6.8886775454465665,5.592247512226984,8.175712814234984,1.8839941906677407,1.0,4.999750012499375e-05,4.999750012499375e-05,0.0,0.0095995200239988
3600.0,weak_drift,empty_goal_arrivals_per_km,adaptive_mission,belief_orienteering_depth1,30,30,30,30,30,1.0,1.0,0,10.259038086849467,8.620029894673712,11.78729988604329,2.225061410646666,0.9956989247311828,4.999750012499375e-05,4.999750012499375e-05,0.0,0.0095995200239988
3600.0,weak_drift,empty_goal_arrivals_per_km,adaptive_mission,confirmed_route,30,30,30,30,30,1.0,1.0,0,-5.129139904589533,-7.6009618909595815,-2.5824479960922506,-0.7226451415141896,-0.6774193548387096,0.0006999650017499125,0.0006999650017499125,7.55513491323967e-05,0.055297235138243084
3600.0,weak_drift,empty_goal_arrivals_per_km,adaptive_mission,greedy,30,30,30,30,30,1.0,1.0,0,-15.379130834776669,-17.92553354270373,-12.953424132800526,-2.2293045739784536,-1.0,4.999750012499375e-05,4.999750012499375e-05,0.0,0.0095995200239988
3600.0,weak_drift,empty_goal_arrivals_per_km,adaptive_mission,lawnmower_collect,30,30,30,30,30,1.0,1.0,0,22.980681068020374,21.71189554322173,24.24918604370065,6.3197903995194125,1.0,4.999750012499375e-05,4.999750012499375e-05,0.0,0.0095995200239988
3600.0,weak_drift,empty_goal_arrivals_per_km,adaptive_mission,oracle_current_physics,30,30,30,30,30,1.0,1.0,0,13.400993375825966,12.020110929015011,14.794490139275322,3.431370908507561,1.0,4.999750012499375e-05,4.999750012499375e-05,0.0,0.0095995200239988
3600.0,weak_drift,wasted_path_ratio,adaptive_mission,belief_horizon,30,30,30,30,30,1.0,1.0,0,0.03327197943056666,0.0021121626095933314,0.06567970150614245,0.37456095542644574,0.4236453201970443,0.05194740262986851,0.05194740262986851,0.040212944425694896,1.0
3600.0,weak_drift,wasted_path_ratio,adaptive_mission,belief_orienteering,30,30,30,30,30,1.0,1.0,0,0.03616227608243334,-0.0031790708269791653,0.07462338137365084,0.3256685589643429,0.3548387096774194,0.08509574521273937,0.08509574521273937,0.07446264583370499,1.0
3600.0,weak_drift,wasted_path_ratio,adaptive_mission,belief_orienteering_depth1,30,30,30,30,30,1.0,1.0,0,0.048887870039800004,0.0031038129032399994,0.09467991414022417,0.37949118059850206,0.3419354838709677,0.04684765761711914,0.04684765761711914,0.03765792113202915,1.0
3600.0,weak_drift,wasted_path_ratio,adaptive_mission,confirmed_route,30,30,30,30,30,1.0,1.0,0,-0.1657117741418333,-0.21705810144006413,-0.11628420244918672,-1.189385129480297,-0.9096774193548387,4.999750012499375e-05,4.999750012499375e-05,7.291722781133103e-11,0.0095995200239988
3600.0,weak_drift,wasted_path_ratio,adaptive_mission,greedy,30,30,30,30,30,1.0,1.0,0,-0.38150101829613337,-0.4175378233492034,-0.34416970084960996,-3.585045466051752,-1.0,4.999750012499375e-05,4.999750012499375e-05,0.0,0.0095995200239988
3600.0,weak_drift,wasted_path_ratio,adaptive_mission,lawnmower_collect,30,30,30,30,30,1.0,1.0,0,-0.16061054052433335,-0.2127986757800875,-0.11172872558706834,-1.1076253957824735,-0.9397849462365592,4.999750012499375e-05,4.999750012499375e-05,1.3055361236524732e-09,0.0095995200239988
3600.0,weak_drift,wasted_path_ratio,adaptive_mission,oracle_current_physics,30,30,30,30,30,1.0,1.0,0,0.33975562878596666,0.30245807620431664,0.37799105934197,3.1478196221652603,1.0,4.999750012499375e-05,4.999750012499375e-05,0.0,0.0095995200239988
3600.0,weak_drift,goal_success_rate,adaptive_mission,belief_horizon,30,30,30,30,30,1.0,1.0,0,-0.021369291900800006,-0.04731929248436249,0.0037222509194524953,-0.2969446933168226,-0.3251231527093596,0.11819409029548522,0.11819409029548522,0.10385756090681797,1.0
3600.0,weak_drift,goal_success_rate,adaptive_mission,belief_orienteering,30,30,30,30,30,1.0,1.0,0,-0.06388077261426667,-0.09716072834768336,-0.02826326316742836,-0.6760162447777397,-0.6473118279569893,0.0010499475026248687,0.0010499475026248687,0.0002133225724973986,0.08189590520473976
3600.0,weak_drift,goal_success_rate,adaptive_mission,belief_orienteering_depth1,30,30,30,30,30,1.0,1.0,0,-0.09408336801336666,-0.13478961761744584,-0.05293792137303006,-0.8140200058229919,-0.7419354838709677,0.00014999250037498125,0.00014999250037498125,8.250779290008836e-06,0.012149392530373481
3600.0,weak_drift,goal_success_rate,adaptive_mission,confirmed_route,30,30,30,30,30,1.0,1.0,0,-0.017859630295866666,-0.05258817371210916,0.01898946786258831,-0.17918626657028305,-0.16129032258064516,0.32983350832458375,0.32983350832458375,0.32637403339865934,1.0
3600.0,weak_drift,goal_success_rate,adaptive_mission,greedy,30,30,30,30,30,1.0,1.0,0,0.14387660674063335,0.11863027327973164,0.1679486514388458,1.9975334614633167,0.9913978494623656,4.999750012499375e-05,4.999750012499375e-05,0.0,0.0095995200239988
3600.0,weak_drift,goal_success_rate,adaptive_mission,lawnmower_collect,30,30,30,30,30,1.0,1.0,0,0.036965944090833334,-0.0005581482034733335,0.07626182877888162,0.32813959953388594,0.3548387096774194,0.08179591020448977,0.08179591020448977,0.07228886197017803,1.0
3600.0,weak_drift,goal_success_rate,adaptive_mission,oracle_current_physics,30,30,30,30,30,1.0,1.0,0,-0.5084920551346667,-0.5303687757450457,-0.4851931161892917,-7.877907418281418,-1.0,4.999750012499375e-05,4.999750012499375e-05,0.0,0.0095995200239988
3600.0,weak_drift,regret_to_best_fixed_auc,adaptive_mission,belief_horizon,30,30,30,30,30,1.0,1.0,0,0.019600200436033333,0.003525261692355833,0.03714671111337083,0.4134536323187361,0.5573122529644269,0.027298635068246587,0.027298635068246587,0.023538538535947007,1.0
3600.0,weak_drift,regret_to_best_fixed_auc,adaptive_mission,belief_orienteering,30,30,30,30,30,1.0,1.0,0,-0.0031725293690333307,-0.031286371124342495,0.022877326745563323,-0.04239647528189306,-0.059113300492610835,0.8181590920453977,0.8181590920453977,0.816370982248871,1.0
3600.0,weak_drift,regret_to_best_fixed_auc,adaptive_mission,belief_orienteering_depth1,30,30,30,30,30,1.0,1.0,0,-0.048483674727166665,-0.08014442162812585,-0.017447842848675833,-0.5467775579807026,-0.5632183908045977,0.00519974001299935,0.00519974001299935,0.0027460321822916356,0.3587820608969552
3600.0,weak_drift,regret_to_best_fixed_auc,adaptive_mission,confirmed_route,30,30,30,30,30,1.0,1.0,0,-0.13378532532606666,-0.1688995254079742,-0.09932724262989091,-1.33803276695178,-0.9139784946236559,4.999750012499375e-05,4.999750012499375e-05,2.3225865675158275e-13,0.0095995200239988
3600.0,weak_drift,regret_to_best_fixed_auc,adaptive_mission,greedy,30,30,30,30,30,1.0,1.0,0,-0.2210534474657,-0.24715873366910332,-0.19419724275138667,-2.8788769231555142,-1.0,4.999750012499375e-05,4.999750012499375e-05,0.0,0.0095995200239988
3600.0,weak_drift,regret_to_best_fixed_auc,adaptive_mission,lawnmower_collect,30,30,30,30,30,1.0,1.0,0,-0.34814406300279993,-0.37040465326589583,-0.32399809031094917,-5.158939993103223,-1.0,4.999750012499375e-05,4.999750012499375e-05,0.0,0.0095995200239988
3600.0,weak_drift,regret_to_best_fixed_auc,adaptive_mission,oracle_current_physics,30,0,30,0,0,1.0,0.0,30,,,,,0.0,,,,
7200.0,robot_disturbed,auc_collected_by_path,adaptive_mission,belief_horizon,30,30,30,30,30,1.0,1.0,0,-0.006864126530133332,-0.03624353960571249,0.023298300267836653,-0.07782390111553941,-0.12258064516129032,0.67991600419979,0.67991600419979,0.669919085116599,1.0
7200.0,robot_disturbed,auc_collected_by_path,adaptive_mission,belief_orienteering,30,30,30,30,30,1.0,1.0,0,0.010341574296666666,-0.026649085415574165,0.046787740036189115,0.09940469233004982,0.11827956989247312,0.5898205089745513,0.5898205089745513,0.5861236438736781,1.0
7200.0,robot_disturbed,auc_collected_by_path,adaptive_mission,belief_orienteering_depth1,30,30,30,30,30,1.0,1.0,0,0.039967025750133334,0.001076907638871667,0.08064695803641496,0.34649557761291744,0.3548387096774194,0.06609669516524173,0.06609669516524173,0.05771789492495483,1.0
7200.0,robot_disturbed,auc_collected_by_path,adaptive_mission,confirmed_route,30,30,30,30,30,1.0,1.0,0,0.03637956975943333,0.002886693187036665,0.0696130593832133,0.37915495972847046,0.5526881720430108,0.04754762261886906,0.04754762261886906,0.03782766425089612,1.0
7200.0,robot_disturbed,auc_collected_by_path,adaptive_mission,greedy,30,30,30,30,30,1.0,1.0,0,0.472396975661,0.43371637775490834,0.5072924857013867,4.558836885933874,1.0,4.999750012499375e-05,4.999750012499375e-05,0.0,0.0095995200239988
7200.0,robot_disturbed,auc_collected_by_path,adaptive_mission,lawnmower_collect,30,30,30,30,30,1.0,1.0,0,0.5084190802063333,0.47864007485203003,0.5362397194465941,6.140554540091275,1.0,4.999750012499375e-05,4.999750012499375e-05,0.0,0.0095995200239988
7200.0,robot_disturbed,auc_collected_by_path,adaptive_mission,oracle_current_physics,30,30,30,30,30,1.0,1.0,0,-0.2571346213561333,-0.28656521979015587,-0.23142323989785835,-3.2418409595588065,-1.0,4.999750012499375e-05,4.999750012499375e-05,0.0,0.0095995200239988
7200.0,robot_disturbed,collected_ratio,adaptive_mission,belief_horizon,30,30,30,30,30,1.0,1.0,0,-0.004000000000033335,-0.02466666666673417,0.0191166666667183,-0.06542241078910785,-0.09425287356321839,0.7410129493525324,0.7410129493525324,0.7200938994349764,1.0
7200.0,robot_disturbed,collected_ratio,adaptive_mission,belief_orienteering,30,30,30,30,30,1.0,1.0,0,0.008888888888899995,-0.027116666666622498,0.04845555555557579,0.08235915691845776,0.017204301075268817,0.6692665366731664,0.6692665366731664,0.651917707873684,1.0
7200.0,robot_disturbed,collected_ratio,adaptive_mission,belief_orienteering_depth1,30,30,30,30,30,1.0,1.0,0,0.029555555555566673,-0.011777777777734165,0.07399999999996751,0.23772975298639792,0.296551724137931,0.20983950802459878,0.20983950802459878,0.19288237988430623,1.0
7200.0,robot_disturbed,collected_ratio,adaptive_mission,confirmed_route,30,30,30,30,30,1.0,1.0,0,-0.03577777777776667,-0.06444444444433499,-0.008000000000000002,-0.45085543686135704,-0.6552706552706553,0.015949202539873007,0.015949202539873007,0.013532587158782583,0.9091045447727614
7200.0,robot_disturbed,collected_ratio,adaptive_mission,greedy,30,30,30,30,30,1.0,1.0,0,0.7006666666666667,0.6675500000000109,0.7315555555555349,7.64232101319524,1.0,4.999750012499375e-05,4.999750012499375e-05,0.0,0.0095995200239988
7200.0,robot_disturbed,collected_ratio,adaptive_mission,lawnmower_collect,30,30,30,30,30,1.0,1.0,0,0.6255555555555333,0.5910999999998892,0.6584444444444334,6.493176888292049,1.0,4.999750012499375e-05,4.999750012499375e-05,0.0,0.0095995200239988
7200.0,robot_disturbed,collected_ratio,adaptive_mission,oracle_current_physics,30,30,30,30,30,1.0,1.0,0,-0.10000000000006667,-0.12422222222230085,-0.07777222222224753,-1.5062456897485934,-1.0,4.999750012499375e-05,4.999750012499375e-05,0.0,0.0095995200239988
7200.0,robot_disturbed,oracle_gap_auc_collected_by_path,adaptive_mission,belief_horizon,30,30,30,30,30,1.0,1.0,0,0.006864126530133332,-0.023298300267836664,0.03624353960571248,0.07782390111553941,0.12258064516129032,0.6758162091895406,0.6758162091895406,0.669919085116599,1.0
7200.0,robot_disturbed,oracle_gap_auc_collected_by_path,adaptive_mission,belief_orienteering,30,30,30,30,30,1.0,1.0,0,-0.010341574296666666,-0.046787740036189164,0.02664908541557416,-0.09940469233004982,-0.11827956989247312,0.5928703564821759,0.5928703564821759,0.5861236438736781,1.0
7200.0,robot_disturbed,oracle_gap_auc_collected_by_path,adaptive_mission,belief_orienteering_depth1,30,30,30,30,30,1.0,1.0,0,-0.039967025750133334,-0.08064695803641501,-0.0010769076388716721,-0.34649557761291744,-0.3548387096774194,0.06604669766511674,0.06604669766511674,0.05771789492495483,1.0
7200.0,robot_disturbed,oracle_gap_auc_collected_by_path,adaptive_mission,confirmed_route,30,30,30,30,30,1.0,1.0,0,-0.03637956975943333,-0.06961305938321335,-0.0028866931870367,-0.37915495972847046,-0.5526881720430108,0.04594770261486926,0.04594770261486926,0.03782766425089612,1.0
7200.0,robot_disturbed,oracle_gap_auc_collected_by_path,adaptive_mission,greedy,30,30,30,30,30,1.0,1.0,0,-0.472396975661,-0.5072924857013867,-0.4337163777549084,-4.558836885933874,-1.0,4.999750012499375e-05,4.999750012499375e-05,0.0,0.0095995200239988
7200.0,robot_disturbed,oracle_gap_auc_collected_by_path,adaptive_mission,lawnmower_collect,30,30,30,30,30,1.0,1.0,0,-0.5084190802063333,-0.5362397194465941,-0.47864007485203003,-6.140554540091275,-1.0,4.999750012499375e-05,4.999750012499375e-05,0.0,0.0095995200239988
7200.0,robot_disturbed,oracle_gap_auc_collected_by_path,adaptive_mission,oracle_current_physics,30,30,30,30,30,1.0,1.0,0,0.2571346213561333,0.23142323989785835,0.28656521979015587,3.2418409595588065,1.0,4.999750012499375e-05,4.999750012499375e-05,0.0,0.0095995200239988
7200.0,robot_disturbed,empty_goal_arrivals_per_km,adaptive_mission,belief_horizon,30,30,30,30,30,1.0,1.0,0,-0.3101037196792,-1.3795542852951805,0.7174699474392326,-0.10190780269884826,-0.08387096774193549,0.5849207539623019,0.5849207539623019,0.5767269229510843,1.0
7200.0,robot_disturbed,empty_goal_arrivals_per_km,adaptive_mission,belief_orienteering,30,30,30,30,30,1.0,1.0,0,3.3071327091345,2.2220227077670702,4.333520282369194,1.0963088999368218,0.875268817204301,4.999750012499375e-05,4.999750012499375e-05,1.9164920761483017e-09,0.0095995200239988
7200.0,robot_disturbed,empty_goal_arrivals_per_km,adaptive_mission,belief_orienteering_depth1,30,30,30,30,30,1.0,1.0,0,4.796223117853233,3.8192729486034076,5.768330489439083,1.705293787300995,0.9913978494623656,4.999750012499375e-05,4.999750012499375e-05,0.0,0.0095995200239988
7200.0,robot_disturbed,empty_goal_arrivals_per_km,adaptive_mission,confirmed_route,30,30,30,30,30,1.0,1.0,0,8.976853455152265,7.532285014082035,10.314863933966736,2.2932353227367734,0.9956989247311828,4.999750012499375e-05,4.999750012499375e-05,0.0,0.0095995200239988
7200.0,robot_disturbed,empty_goal_arrivals_per_km,adaptive_mission,greedy,30,30,30,30,30,1.0,1.0,0,-10.490539951749401,-13.018736062136686,-7.934775523637148,-1.4648939791076314,-0.9698924731182795,4.999750012499375e-05,4.999750012499375e-05,8.881784197001252e-16,0.0095995200239988
7200.0,robot_disturbed,empty_goal_arrivals_per_km,adaptive_mission,lawnmower_collect,30,30,30,30,30,1.0,1.0,0,24.930306133470836,24.05535170397008,25.726580033758882,10.631164313997909,1.0,4.999750012499375e-05,4.999750012499375e-05,0.0,0.0095995200239988
7200.0,robot_disturbed,empty_goal_arrivals_per_km,adaptive_mission,oracle_current_physics,30,30,30,30,30,1.0,1.0,0,26.3789325719079,25.377660919267974,27.335197148331893,9.092852754211256,1.0,4.999750012499375e-05,4.999750012499375e-05,0.0,0.0095995200239988
7200.0,robot_disturbed,wasted_path_ratio,adaptive_mission,belief_horizon,30,30,30,30,30,1.0,1.0,0,0.007627550985366669,-0.010494077607515834,0.02482408902714166,0.14648154614644546,0.2086021505376344,0.43887805609719516,0.43887805609719516,0.42237223037193017,1.0
7200.0,robot_disturbed,wasted_path_ratio,adaptive_mission,belief_orienteering,30,30,30,30,30,1.0,1.0,0,0.01251995985303333,-0.0073147172227183335,0.03460574970154998,0.20064753285519765,0.16989247311827957,0.29148542572871355,0.29148542572871355,0.2717716432648416,1.0
7200.0,robot_disturbed,wasted_path_ratio,adaptive_mission,belief_orienteering_depth1,30,30,30,30,30,1.0,1.0,0,-0.00932248969966667,-0.026063627909733333,0.008333089028596656,-0.1883830822771169,-0.24731182795698925,0.31138443077846106,0.31138443077846106,0.30215802436085726,1.0
7200.0,robot_disturbed,wasted_path_ratio,adaptive_mission,confirmed_route,30,30,30,30,30,1.0,1.0,0,-0.07615733077906665,-0.09306896369246664,-0.05952162697296916,-1.6008480194253376,-0.9870967741935484,4.999750012499375e-05,4.999750012499375e-05,0.0,0.0095995200239988
7200.0,robot_disturbed,wasted_path_ratio,adaptive_mission,greedy,30,30,30,30,30,1.0,1.0,0,-0.2722358949011667,-0.28801460774230747,-0.25829473305241246,-6.266960607974971,-1.0,4.999750012499375e-05,4.999750012499375e-05,0.0,0.0095995200239988
7200.0,robot_disturbed,wasted_path_ratio,adaptive_mission,lawnmower_collect,30,30,30,30,30,1.0,1.0,0,-0.08051133228723334,-0.11466427077216666,-0.04646669160034417,-0.8301508940629019,-0.7247311827956989,4.999750012499375e-05,4.999750012499375e-05,5.443571925223267e-06,0.0095995200239988
7200.0,robot_disturbed,wasted_path_ratio,adaptive_mission,oracle_current_physics,30,30,30,30,30,1.0,1.0,0,0.6448194630085333,0.6249355037547125,0.663471344213405,11.611953517801304,1.0,4.999750012499375e-05,4.999750012499375e-05,0.0,0.0095995200239988
7200.0,robot_disturbed,goal_success_rate,adaptive_mission,belief_horizon,30,30,30,30,30,1.0,1.0,0,-0.0007417179098666672,-0.01018255897624,0.009167305390901659,-0.026225068923865984,-0.1010752688172043,0.8836558172091395,0.8836558172091395,0.8857842645342644,1.0
7200.0,robot_disturbed,goal_success_rate,adaptive_mission,belief_orienteering,30,30,30,30,30,1.0,1.0,0,-0.0242296989638,-0.04193129418103084,-0.008302431420605001,-0.49752787226638073,-0.5913978494623656,0.004149792510374482,0.004149792510374482,0.006428739095083458,0.2614369281535923
7200.0,robot_disturbed,goal_success_rate,adaptive_mission,belief_orienteering_depth1,30,30,30,30,30,1.0,1.0,0,-0.018720565049966664,-0.03190798876041584,-0.006178459123998337,-0.4989915545446588,-0.5526881720430108,0.00974951252437378,0.00974951252437378,0.006274331763145291,0.5849707514624268
7200.0,robot_disturbed,goal_success_rate,adaptive_mission,confirmed_route,30,30,30,30,30,1.0,1.0,0,-0.15219920412973337,-0.16715856253075168,-0.1361371089737975,-3.4432904314666786,-1.0,4.999750012499375e-05,4.999750012499375e-05,0.0,0.0095995200239988
7200.0,robot_disturbed,goal_success_rate,adaptive_mission,greedy,30,30,30,30,30,1.0,1.0,0,0.12410711660923332,0.1126107042854,0.1354660361559442,3.8218831891333704,1.0,4.999750012499375e-05,4.999750012499375e-05,0.0,0.0095995200239988
7200.0,robot_disturbed,goal_success_rate,adaptive_mission,lawnmower_collect,30,30,30,30,30,1.0,1.0,0,-0.08470012658936667,-0.11015136194636833,-0.057890016516217536,-1.1633252518260877,-0.8881720430107527,4.999750012499375e-05,4.999750012499375e-05,1.868287746731312e-10,0.0095995200239988
7200.0,robot_disturbed,goal_success_rate,adaptive_mission,oracle_current_physics,30,30,30,30,30,1.0,1.0,0,-0.7359846908055999,-0.7473463919857299,-0.7237278485113275,-21.569604783962248,-1.0,4.999750012499375e-05,4.999750012499375e-05,0.0,0.0095995200239988
7200.0,robot_disturbed,regret_to_best_fixed_auc,adaptive_mission,belief_horizon,30,30,30,30,30,1.0,1.0,0,0.014667215744699999,-0.010787373556958331,0.04146290837278666,0.1876502145442177,0.29914529914529914,0.3170841457927104,0.3170841457927104,0.3040427145245348,1.0
7200.0,robot_disturbed,regret_to_best_fixed_auc,adaptive_mission,belief_orienteering,30,30,30,30,30,1.0,1.0,0,-0.002538485082099999,-0.034372639136345,0.030838352764124145,-0.027289161784640085,-0.06206896551724138,0.8849557522123894,0.8849557522123894,0.8811836519406036,1.0
7200.0,robot_disturbed,regret_to_best_fixed_auc,adaptive_mission,belief_orienteering_depth1,30,30,30,30,30,1.0,1.0,0,-0.03216393653553333,-0.07192895352734334,0.004835149968209168,-0.28592074028193587,-0.2827586206896552,0.12989350532473376,0.12989350532473376,0.11733635243900453,1.0
7200.0,robot_disturbed,regret_to_best_fixed_auc,adaptive_mission,confirmed_route,30,30,30,30,30,1.0,1.0,0,-0.02857648054489999,-0.05900990104805835,0.003225640717697473,-0.31583984619468036,-0.513978494623656,0.09224538773061347,0.09224538773061347,0.08364348243530806,1.0
7200.0,robot_disturbed,regret_to_best_fixed_auc,adaptive_mission,greedy,30,30,30,30,30,1.0,1.0,0,-0.46459388644643335,-0.4972117389078767,-0.4279329409745925,-4.653582557382418,-1.0,4.999750012499375e-05,4.999750012499375e-05,0.0,0.0095995200239988
7200.0,robot_disturbed,regret_to_best_fixed_auc,adaptive_mission,lawnmower_collect,30,30,30,30,30,1.0,1.0,0,-0.5006159909918,-0.5287682759420159,-0.47105967233436,-6.247200469228136,-1.0,4.999750012499375e-05,4.999750012499375e-05,0.0,0.0095995200239988
7200.0,robot_disturbed,regret_to_best_fixed_auc,adaptive_mission,oracle_current_physics,30,0,30,0,0,1.0,0.0,30,,,,,0.0,,,,
7200.0,static_calm,auc_collected_by_path,adaptive_mission,belief_horizon,30,30,30,30,30,1.0,1.0,0,0.002527589830166667,-0.014166095735240834,0.020206824174303317,0.053403556400045654,-0.08387096774193549,0.7798610069496525,0.7798610069496525,0.7699018180775397,1.0
7200.0,static_calm,auc_collected_by_path,adaptive_mission,belief_orienteering,30,30,30,30,30,1.0,1.0,0,0.0677541311752,0.05190011484363583,0.08468511095670832,1.4502954963064618,0.9526881720430107,4.999750012499375e-05,4.999750012499375e-05,1.9984014443252818e-15,0.0095995200239988
7200.0,static_calm,auc_collected_by_path,adaptive_mission,belief_orienteering_depth1,30,30,30,30,30,1.0,1.0,0,0.11063305372726667,0.09322971495737749,0.12917953972462248,2.172392857407263,1.0,4.999750012499375e-05,4.999750012499375e-05,0.0,0.0095995200239988
7200.0,static_calm,auc_collected_by_path,adaptive_mission,confirmed_route,30,30,30,30,30,1.0,1.0,0,0.15020483373786667,0.13293101351996084,0.16817183884578252,3.0562387880286592,1.0,4.999750012499375e-05,4.999750012499375e-05,0.0,0.0095995200239988
7200.0,static_calm,auc_collected_by_path,adaptive_mission,greedy,30,30,30,30,30,1.0,1.0,0,0.13669489404756666,0.11659919275711415,0.15768062755902743,2.2299803898567587,1.0,4.999750012499375e-05,4.999750012499375e-05,0.0,0.0095995200239988
7200.0,static_calm,auc_collected_by_path,adaptive_mission,lawnmower_collect,30,30,30,30,30,1.0,1.0,0,0.4162871495303333,0.3992052226835659,0.4335765779836834,8.857559429120874,1.0,4.999750012499375e-05,4.999750012499375e-05,0.0,0.0095995200239988
7200.0,static_calm,auc_collected_by_path,adaptive_mission,oracle_current_physics,30,30,30,30,30,1.0,1.0,0,-0.40636447901986666,-0.4189747740068133,-0.39273337825242166,-10.937254044980705,-1.0,4.999750012499375e-05,4.999750012499375e-05,0.0,0.0095995200239988
7200.0,static_calm,collected_ratio,adaptive_mission,belief_horizon,30,30,30,30,30,1.0,1.0,0,-0.011777777777766663,-0.03711111111106833,0.014444444444466667,-0.16170736868586735,-0.15873015873015872,0.39153042347882605,0.39153042347882605,0.3757750388711276,1.0
7200.0,static_calm,collected_ratio,adaptive_mission,belief_orienteering,30,30,30,30,30,1.0,1.0,0,0.04377777777776666,0.020216666666645,0.06866666666663333,0.6513687013419389,0.6330049261083743,0.0017499125043747813,0.0017499125043747813,0.0003601376747150997,0.11374431278436078
7200.0,static_calm,collected_ratio,adaptive_mission,belief_orienteering_depth1,30,30,30,30,30,1.0,1.0,0,0.10333333333336667,0.08111111111113334,0.12644444444453334,1.5719714264671318,0.9935483870967742,4.999750012499375e-05,4.999750012499375e-05,0.0,0.0095995200239988
7200.0,static_calm,collected_ratio,adaptive_mission,confirmed_route,30,30,30,30,30,1.0,1.0,0,0.14622222222223333,0.1255555555555317,0.1671111111111342,2.4211813768710675,1.0,4.999750012499375e-05,4.999750012499375e-05,0.0,0.0095995200239988
7200.0,static_calm,collected_ratio,adaptive_mission,greedy,30,30,30,30,30,1.0,1.0,0,0.20377777777786668,0.180883333333445,0.22977777777783415,2.8544820104751287,1.0,4.999750012499375e-05,4.999750012499375e-05,0.0,0.0095995200239988
7200.0,static_calm,collected_ratio,adaptive_mission,lawnmower_collect,30,30,30,30,30,1.0,1.0,0,0.6102222222222334,0.5828777777777575,0.6348888888888684,8.28532147218112,1.0,4.999750012499375e-05,4.999750012499375e-05,0.0,0.0095995200239988
7200.0,static_calm,collected_ratio,adaptive_mission,oracle_current_physics,30,30,30,30,30,1.0,1.0,0,-0.262,-0.2786666666666008,-0.24644444444443334,-5.580419004935072,-1.0,4.999750012499375e-05,4.999750012499375e-05,0.0,0.0095995200239988
7200.0,static_calm,oracle_gap_auc_collected_by_path,adaptive_mission,belief_horizon,30,30,30,30,30,1.0,1.0,0,-0.002527589830166667,-0.02020682417430333,0.01416609573524083,-0.053403556400045654,0.08387096774193549,0.7697615119244038,0.7697615119244038,0.7699018180775397,1.0
7200.0,static_calm,oracle_gap_auc_collected_by_path,adaptive_mission,belief_orienteering,30,30,30,30,30,1.0,1.0,0,-0.0677541311752,-0.08468511095670835,-0.05190011484363585,-1.4502954963064618,-0.9526881720430107,4.999750012499375e-05,4.999750012499375e-05,1.9984014443252818e-15,0.0095995200239988
7200.0,static_calm,oracle_gap_auc_collected_by_path,adaptive_mission,belief_orienteering_depth1,30,30,30,30,30,1.0,1.0,0,-0.11063305372726667,-0.12917953972462248,-0.0932297149573775,-2.172392857407263,-1.0,4.999750012499375e-05,4.999750012499375e-05,0.0,0.0095995200239988
7200.0,static_calm,oracle_gap_auc_collected_by_path,adaptive_mission,confirmed_route,30,30,30,30,30,1.0,1.0,0,-0.15020483373786667,-0.16817183884578252,-0.13293101351996084,-3.0562387880286592,-1.0,4.999750012499375e-05,4.999750012499375e-05,0.0,0.0095995200239988
7200.0,static_calm,oracle_gap_auc_collected_by_path,adaptive_mission,greedy,30,30,30,30,30,1.0,1.0,0,-0.13669489404756666,-0.15768062755902745,-0.11659919275711417,-2.2299803898567587,-1.0,4.999750012499375e-05,4.999750012499375e-05,0.0,0.0095995200239988
7200.0,static_calm,oracle_gap_auc_collected_by_path,adaptive_mission,lawnmower_collect,30,30,30,30,30,1.0,1.0,0,-0.4162871495303333,-0.4335765779836834,-0.3992052226835659,-8.857559429120874,-1.0,4.999750012499375e-05,4.999750012499375e-05,0.0,0.0095995200239988
7200.0,static_calm,oracle_gap_auc_collected_by_path,adaptive_mission,oracle_current_physics,30,30,30,30,30,1.0,1.0,0,0.40636447901986666,0.39273337825242166,0.4189747740068133,10.937254044980705,1.0,4.999750012499375e-05,4.999750012499375e-05,0.0,0.0095995200239988
7200.0,static_calm,empty_goal_arrivals_per_km,adaptive_mission,belief_horizon,30,30,30,30,30,1.0,1.0,0,1.4351792159963999,0.6664282006611509,2.138855737157382,0.7011212399736197,0.6817204301075269,0.0008499575021248938,0.0008499575021248938,0.00012293452469913646,0.06119694015299235
7200.0,static_calm,empty_goal_arrivals_per_km,adaptive_mission,belief_orienteering,30,30,30,30,30,1.0,1.0,0,6.532421603264633,5.768300779705741,7.342595788496355,2.9097809267167296,1.0,4.999750012499375e-05,4.999750012499375e-05,0.0,0.0095995200239988
7200.0,static_calm,empty_goal_arrivals_per_km,adaptive_mission,belief_orienteering_depth1,30,30,30,30,30,1.0,1.0,0,12.374953447169302,11.574035804702454,13.21754935249992,5.21587771064476,1.0,4.999750012499375e-05,4.999750012499375e-05,0.0,0.0095995200239988
7200.0,static_calm,empty_goal_arrivals_per_km,adaptive_mission,confirmed_route,30,30,30,30,30,1.0,1.0,0,10.462900902808602,9.51378047254288,11.430702860899236,3.967520631364911,1.0,4.999750012499375e-05,4.999750012499375e-05,0.0,0.0095995200239988
7200.0,static_calm,empty_goal_arrivals_per_km,adaptive_mission,greedy,30,30,30,30,30,1.0,1.0,0,-19.643088488882004,-20.81917960028972,-18.4349007951257,-5.539491058427829,-1.0,4.999750012499375e-05,4.999750012499375e-05,0.0,0.0095995200239988
7200.0,static_calm,empty_goal_arrivals_per_km,adaptive_mission,lawnmower_collect,30,30,30,30,30,1.0,1.0,0,25.981288173695663,25.319340630729876,26.661803380594744,13.373762161937524,1.0,4.999750012499375e-05,4.999750012499375e-05,0.0,0.0095995200239988
7200.0,static_calm,empty_goal_arrivals_per_km,adaptive_mission,oracle_current_physics,30,30,30,30,30,1.0,1.0,0,30.33224228119993,29.599777365534056,31.085686933840815,13.989221908444266,1.0,4.999750012499375e-05,4.999750012499375e-05,0.0,0.0095995200239988
7200.0,static_calm,wasted_path_ratio,adaptive_mission,belief_horizon,30,30,30,30,30,1.0,1.0,0,0.020372723303033337,0.0011754081692066658,0.04004883905390166,0.3710222955849045,0.4021505376344086,0.05139743012849358,0.05139743012849358,0.04213616484375837,1.0
7200.0,static_calm,wasted_path_ratio,adaptive_mission,belief_orienteering,30,30,30,30,30,1.0,1.0,0,0.0372632980979,0.02074621519725,0.05238154867837416,0.8351901035890957,0.7333333333333333,0.000199990000499975,0.000199990000499975,4.773025374493756e-06,0.015799210039498024
7200.0,static_calm,wasted_path_ratio,adaptive_mission,belief_orienteering_depth1,30,30,30,30,30,1.0,1.0,0,0.05614398378106667,0.041501207653684154,0.07198141259183496,1.2744063338947569,0.956989247311828,4.999750012499375e-05,4.999750012499375e-05,2.9474200857748656e-12,0.0095995200239988
7200.0,static_calm,wasted_path_ratio,adaptive_mission,confirmed_route,30,30,30,30,30,1.0,1.0,0,-0.07058106980193334,-0.083425908749685,-0.05644725693996166,-1.7967109716390188,-0.9956989247311828,4.999750012499375e-05,4.999750012499375e-05,0.0,0.0095995200239988
7200.0,static_calm,wasted_path_ratio,adaptive_mission,greedy,30,30,30,30,30,1.0,1.0,0,-0.20375974976576666,-0.21761382149685832,-0.1892480992707558,-4.967062827209402,-1.0,4.999750012499375e-05,4.999750012499375e-05,0.0,0.0095995200239988
7200.0,static_calm,wasted_path_ratio,adaptive_mission,lawnmower_collect,30,30,30,30,30,1.0,1.0,0,0.03227143359786667,-0.012679540595996663,0.08295102868374747,0.24224786014909558,0.2903225806451613,0.19539023048847556,0.19539023048847556,0.1845595723928095,1.0
7200.0,static_calm,wasted_path_ratio,adaptive_mission,oracle_current_physics,30,30,30,30,30,1.0,1.0,0,0.6116447618069666,0.5951616327840185,0.6290641471323,12.696732849700888,1.0,4.999750012499375e-05,4.999750012499375e-05,0.0,0.0095995200239988
7200.0,static_calm,goal_success_rate,adaptive_mission,belief_horizon,30,30,30,30,30,1.0,1.0,0,-0.012633188614699998,-0.022345084859767498,-0.0027836721849366693,-0.4618693891412259,-0.47956989247311826,0.018549072546372683,0.018549072546372683,0.011413965098024725,1.0
7200.0,static_calm,goal_success_rate,adaptive_mission,belief_orienteering,30,30,30,30,30,1.0,1.0,0,-0.028552891797466666,-0.03881092425636083,-0.01887792371524167,-1.0182971915482824,-0.8494623655913979,4.999750012499375e-05,4.999750012499375e-05,2.440791346813853e-08,0.0095995200239988
7200.0,static_calm,goal_success_rate,adaptive_mission,belief_orienteering_depth1,30,30,30,30,30,1.0,1.0,0,-0.06280272081636668,-0.07359398566117667,-0.051287442090503337,-1.9384538297164606,-1.0,4.999750012499375e-05,4.999750012499375e-05,0.0,0.0095995200239988
7200.0,static_calm,goal_success_rate,adaptive_mission,confirmed_route,30,30,30,30,30,1.0,1.0,0,-0.06114050853926666,-0.0711614654906325,-0.051783528325130834,-2.231955154493914,-1.0,4.999750012499375e-05,4.999750012499375e-05,0.0,0.0095995200239988
7200.0,static_calm,goal_success_rate,adaptive_mission,greedy,30,30,30,30,30,1.0,1.0,0,0.10952686376663333,0.10137250357309,0.11743992861477666,4.647168216095558,1.0,4.999750012499375e-05,4.999750012499375e-05,0.0,0.0095995200239988
7200.0,static_calm,goal_success_rate,adaptive_mission,lawnmower_collect,30,30,30,30,30,1.0,1.0,0,0.07310444478773334,0.046408015703789156,0.09719530968492081,1.0086477157655187,0.8408602150537634,4.999750012499375e-05,4.999750012499375e-05,3.302539086647016e-08,0.0095995200239988
7200.0,static_calm,goal_success_rate,adaptive_mission,oracle_current_physics,30,30,30,30,30,1.0,1.0,0,-0.6846559480025001,-0.6924057112703318,-0.6772214970096251,-30.8244917189556,-1.0,4.999750012499375e-05,4.999750012499375e-05,0.0,0.0095995200239988
7200.0,static_calm,regret_to_best_fixed_auc,adaptive_mission,belief_horizon,30,30,30,30,30,1.0,1.0,0,0.012459066973166668,0.0018783216408275012,0.022143344098817488,0.44737574037513894,0.6666666666666666,0.020198990050497474,0.020198990050497474,0.014270637444154577,1.0
7200.0,static_calm,regret_to_best_fixed_auc,adaptive_mission,belief_orienteering,30,30,30,30,30,1.0,1.0,0,-0.0527674743719,-0.07138079823435334,-0.03592782156361834,-1.0718021692006157,-0.9312169312169312,4.999750012499375e-05,4.999750012499375e-05,4.344768766983975e-09,0.0095995200239988
7200.0,static_calm,regret_to_best_fixed_auc,adaptive_mission,belief_orienteering_depth1,30,30,30,30,30,1.0,1.0,0,-0.09564639692393336,-0.11491447178959249,-0.07748308157385501,-1.8092695725757921,-1.0,4.999750012499375e-05,4.999750012499375e-05,0.0,0.0095995200239988
7200.0,static_calm,regret_to_best_fixed_auc,adaptive_mission,confirmed_route,30,30,30,30,30,1.0,1.0,0,-0.13521817693453334,-0.15580046935686914,-0.11569744551047834,-2.470061634693885,-1.0,4.999750012499375e-05,4.999750012499375e-05,0.0,0.0095995200239988
7200.0,static_calm,regret_to_best_fixed_auc,adaptive_mission,greedy,30,30,30,30,30,1.0,1.0,0,-0.12170823724416667,-0.14604632666252332,-0.09943551002792919,-1.8178677110631634,-1.0,4.999750012499375e-05,4.999750012499375e-05,0.0,0.0095995200239988
7200.0,static_calm,regret_to_best_fixed_auc,adaptive_mission,lawnmower_collect,30,30,30,30,30,1.0,1.0,0,-0.40130049272706664,-0.41998820796627,-0.38247826408356755,-7.892421972020401,-1.0,4.999750012499375e-05,4.999750012499375e-05,0.0,0.0095995200239988
7200.0,static_calm,regret_to_best_fixed_auc,adaptive_mission,oracle_current_physics,30,0,30,0,0,1.0,0.0,30,,,,,0.0,,,,
7200.0,strong_drift,auc_collected_by_path,adaptive_mission,belief_horizon,30,30,30,30,30,1.0,1.0,0,-9.215686666666963e-06,-0.0028813493331975005,0.002997489546066666,-0.001118726113487596,-0.047619047619047616,1.0,1.0,0.9951109807560203,1.0
7200.0,strong_drift,auc_collected_by_path,adaptive_mission,belief_orienteering,30,30,30,30,30,1.0,1.0,0,0.017994777052700004,-0.006173440564293335,0.042412919704774996,0.2530230926935637,0.26881720430107525,0.17824108794560273,0.17824108794560273,0.1657882659929455,1.0
7200.0,strong_drift,auc_collected_by_path,adaptive_mission,belief_orienteering_depth1,30,30,30,30,30,1.0,1.0,0,0.04075497307550001,0.011990099271800001,0.0686955443721675,0.4910724585121468,0.6129032258064516,0.0111994400279986,0.0111994400279986,0.00715131438544736,0.6495675216239187
7200.0,strong_drift,auc_collected_by_path,adaptive_mission,confirmed_route,30,30,30,30,30,1.0,1.0,0,0.036811759399833326,0.017688808290074166,0.055030937032509164,0.697631909771668,0.6731182795698925,0.0008499575021248938,0.0008499575021248938,0.00013286458555739067,0.06119694015299235
7200.0,strong_drift,auc_collected_by_path,adaptive_mission,greedy,30,30,30,30,30,1.0,1.0,0,0.6218448744317999,0.5960409860864249,0.64598725127255,8.702226510090187,1.0,4.999750012499375e-05,4.999750012499375e-05,0.0,0.0095995200239988
7200.0,strong_drift,auc_collected_by_path,adaptive_mission,lawnmower_collect,30,30,30,30,30,1.0,1.0,0,0.6533311699023,0.6337246064574725,0.6729803972453926,11.455322344262699,1.0,4.999750012499375e-05,4.999750012499375e-05,0.0,0.0095995200239988
7200.0,strong_drift,auc_collected_by_path,adaptive_mission,oracle_current_physics,30,30,30,30,30,1.0,1.0,0,-0.1141938511112,-0.13233622077368581,-0.09699188561188918,-2.219279864689675,-1.0,4.999750012499375e-05,4.999750012499375e-05,0.0,0.0095995200239988
7200.0,strong_drift,collected_ratio,adaptive_mission,belief_horizon,30,30,30,30,30,1.0,1.0,0,-0.0011111111111333334,-0.004894444444521667,0.0017777777777999999,-0.11570970138974364,-0.2,0.75,0.75,0.5262321511143218,1.0
7200.0,strong_drift,collected_ratio,adaptive_mission,belief_orienteering,30,30,30,30,30,1.0,1.0,0,-0.008888888888866667,-0.019111111111100833,0.0024444444444674997,-0.2882096543634797,-0.35960591133004927,0.13169341532923354,0.13169341532923354,0.11443029284689543,1.0
7200.0,strong_drift,collected_ratio,adaptive_mission,belief_orienteering_depth1,30,30,30,30,30,1.0,1.0,0,0.0093333333333,-0.004888888888968331,0.024672222222220805,0.21734923852857826,0.18783068783068782,0.2628368581570921,0.2628368581570921,0.2338613970398402,1.0
7200.0,strong_drift,collected_ratio,adaptive_mission,confirmed_route,30,30,30,30,30,1.0,1.0,0,-0.021111111111133334,-0.030888888888900002,-0.012000000000000004,-0.7594764036604686,-0.7241379310344828,0.00044997750112494374,0.00044997750112494374,3.184935063016425e-05,0.03419829008549572
7200.0,strong_drift,collected_ratio,adaptive_mission,greedy,30,30,30,30,30,1.0,1.0,0,0.7393333333333666,0.7177722222222792,0.7593333333333673,12.391788293096042,1.0,4.999750012499375e-05,4.999750012499375e-05,0.0,0.0095995200239988
7200.0,strong_drift,collected_ratio,adaptive_mission,lawnmower_collect,30,30,30,30,30,1.0,1.0,0,0.6746666666666999,0.6442166666665833,0.7051166666666883,7.85073034582053,1.0,4.999750012499375e-05,4.999750012499375e-05,0.0,0.0095995200239988
7200.0,strong_drift,collected_ratio,adaptive_mission,oracle_current_physics,30,30,30,30,30,1.0,1.0,0,-0.03933333333326667,-0.047111111111033326,-0.03177777777779917,-1.7686892161284398,-1.0,4.999750012499375e-05,4.999750012499375e-05,0.0,0.0095995200239988
7200.0,strong_drift,oracle_gap_auc_collected_by_path,adaptive_mission,belief_horizon,30,30,30,30,30,1.0,1.0,0,9.215686666666963e-06,-0.002997489546066666,0.0028813493331975,0.001118726113487596,0.047619047619047616,1.0,1.0,0.9951109807560203,1.0
7200.0,strong_drift,oracle_gap_auc_collected_by_path,adaptive_mission,belief_orienteering,30,30,30,30,30,1.0,1.0,0,-0.017994777052700004,-0.04241291970477501,0.006173440564293334,-0.2530230926935637,-0.26881720430107525,0.17554122293885305,0.17554122293885305,0.1657882659929455,1.0
7200.0,strong_drift,oracle_gap_auc_collected_by_path,adaptive_mission,belief_orienteering_depth1,30,30,30,30,30,1.0,1.0,0,-0.04075497307550001,-0.06869554437216752,-0.011990099271800007,-0.4910724585121468,-0.6129032258064516,0.0087995600219989,0.0087995600219989,0.00715131438544736,0.536773161341933
7200.0,strong_drift,oracle_gap_auc_collected_by_path,adaptive_mission,confirmed_route,30,30,30,30,30,1.0,1.0,0,-0.036811759399833326,-0.05503093703250917,-0.01768880829007417,-0.697631909771668,-0.6731182795698925,0.0008999550022498875,0.0008999550022498875,0.00013286458555739067,0.062096895155242235
7200.0,strong_drift,oracle_gap_auc_collected_by_path,adaptive_mission,greedy,30,30,30,30,30,1.0,1.0,0,-0.6218448744317999,-0.64598725127255,-0.5960409860864249,-8.702226510090187,-1.0,4.999750012499375e-05,4.999750012499375e-05,0.0,0.0095995200239988
7200.0,strong_drift,oracle_gap_auc_collected_by_path,adaptive_mission,lawnmower_collect,30,30,30,30,30,1.0,1.0,0,-0.6533311699023,-0.6729803972453926,-0.6337246064574725,-11.455322344262699,-1.0,4.999750012499375e-05,4.999750012499375e-05,0.0,0.0095995200239988
7200.0,strong_drift,oracle_gap_auc_collected_by_path,adaptive_mission,oracle_current_physics,30,30,30,30,30,1.0,1.0,0,0.1141938511112,0.09699188561188918,0.1323362207736858,2.219279864689675,1.0,4.999750012499375e-05,4.999750012499375e-05,0.0,0.0095995200239988
7200.0,strong_drift,empty_goal_arrivals_per_km,adaptive_mission,belief_horizon,30,30,30,30,30,1.0,1.0,0,0.5234448864277333,-0.03242637493256666,1.3389150330554984,0.25794069177988693,0.6190476190476191,0.1875,0.1875,0.15771472830747157,1.0
7200.0,strong_drift,empty_goal_arrivals_per_km,adaptive_mission,belief_orienteering,30,30,30,30,30,1.0,1.0,0,2.9867179147740672,1.5696983654666876,4.519078295548625,0.7148673239378864,0.6946236559139785,0.0006999650017499125,0.0006999650017499125,9.022093789057273e-05,0.05109744512774361
7200.0,strong_drift,empty_goal_arrivals_per_km,adaptive_mission,belief_orienteering_depth1,30,30,30,30,30,1.0,1.0,0,3.595533017426567,2.4812898018301492,4.702341226788695,1.1286510664121907,0.875268817204301,4.999750012499375e-05,4.999750012499375e-05,6.33440855324352e-10,0.0095995200239988
7200.0,strong_drift,empty_goal_arrivals_per_km,adaptive_mission,confirmed_route,30,30,30,30,30,1.0,1.0,0,15.031771437760632,14.031249671101302,16.063182379986515,5.134307862665466,1.0,4.999750012499375e-05,4.999750012499375e-05,0.0,0.0095995200239988
7200.0,strong_drift,empty_goal_arrivals_per_km,adaptive_mission,greedy,30,30,30,30,30,1.0,1.0,0,-12.092497403825531,-13.939701632964212,-10.148110268809837,-2.188174446532215,-1.0,4.999750012499375e-05,4.999750012499375e-05,0.0,0.0095995200239988
7200.0,strong_drift,empty_goal_arrivals_per_km,adaptive_mission,lawnmower_collect,30,30,30,30,30,1.0,1.0,0,23.77275033365563,22.902404571079053,24.56005754786735,9.934973056905706,1.0,4.999750012499375e-05,4.999750012499375e-05,0.0,0.0095995200239988
7200.0,strong_drift,empty_goal_arrivals_per_km,adaptive_mission,oracle_current_physics,30,30,30,30,30,1.0,1.0,0,14.804647156671832,13.104870688227132,16.566108516128217,3.090069153219068,1.0,4.999750012499375e-05,4.999750012499375e-05,0.0,0.0095995200239988
7200.0,strong_drift,wasted_path_ratio,adaptive_mission,belief_horizon,30,30,30,30,30,1.0,1.0,0,0.012214847859500002,0.0014023988563333335,0.026988842256151665,0.3317534357329557,0.8095238095238095,0.09375,0.09375,0.0692035782287681,1.0
7200.0,strong_drift,wasted_path_ratio,adaptive_mission,belief_orienteering,30,30,30,30,30,1.0,1.0,0,0.0215877988602,-0.001990786819837499,0.04576174698716332,0.3234399007408162,0.3763440860215054,0.09139543022848858,0.09139543022848858,0.07646873820957767,1.0
7200.0,strong_drift,wasted_path_ratio,adaptive_mission,belief_orienteering_depth1,30,30,30,30,30,1.0,1.0,0,0.002339680462833333,-0.018825718665767495,0.023481338897621638,0.038072161307588594,0.06236559139784946,0.8358082095895205,0.8358082095895205,0.8348153048041407,1.0
7200.0,strong_drift,wasted_path_ratio,adaptive_mission,confirmed_route,30,30,30,30,30,1.0,1.0,0,-0.058184121233699995,-0.07960268980411499,-0.036652728587418346,-0.9465201229658425,-0.853763440860215,4.999750012499375e-05,4.999750012499375e-05,2.1682276463153016e-07,0.0095995200239988
7200.0,strong_drift,wasted_path_ratio,adaptive_mission,greedy,30,30,30,30,30,1.0,1.0,0,-0.2564384738360667,-0.27240443302259415,-0.24078650296689252,-5.748545393444004,-1.0,4.999750012499375e-05,4.999750012499375e-05,0.0,0.0095995200239988
7200.0,strong_drift,wasted_path_ratio,adaptive_mission,lawnmower_collect,30,30,30,30,30,1.0,1.0,0,-0.0757626897326,-0.10892147338279833,-0.0457439295644575,-0.8338041119247818,-0.789247311827957,4.999750012499375e-05,4.999750012499375e-05,4.949116250596575e-06,0.0095995200239988
7200.0,strong_drift,wasted_path_ratio,adaptive_mission,oracle_current_physics,30,30,30,30,30,1.0,1.0,0,0.6038395727925999,0.5683653134852708,0.6360838886590375,6.370461760223439,1.0,4.999750012499375e-05,4.999750012499375e-05,0.0,0.0095995200239988
7200.0,strong_drift,goal_success_rate,adaptive_mission,belief_horizon,30,30,30,30,30,1.0,1.0,0,-0.0062278852617666655,-0.020980159851598332,0.0024278126009,-0.16265533371709381,-0.047619047619047616,0.75,0.75,0.3729828451222157,1.0
7200.0,strong_drift,goal_success_rate,adaptive_mission,belief_orienteering,30,30,30,30,30,1.0,1.0,0,-0.030315740840333335,-0.04928973226814751,-0.012944968563109178,-0.5728716907118167,-0.6,0.0026498675066246686,0.0026498675066246686,0.0017025148476830232,0.1695915204239788
7200.0,strong_drift,goal_success_rate,adaptive_mission,belief_orienteering_depth1,30,30,30,30,30,1.0,1.0,0,-0.013790298398966666,-0.0259388142595625,-0.0023005063268316758,-0.40409760202411305,-0.513978494623656,0.03304834758262087,0.03304834758262087,0.02687464645693316,1.0
7200.0,strong_drift,goal_success_rate,adaptive_mission,confirmed_route,30,30,30,30,30,1.0,1.0,0,-0.25112618564343336,-0.268697042887505,-0.23336573237960503,-5.049243953682823,-1.0,4.999750012499375e-05,4.999750012499375e-05,0.0,0.0095995200239988
7200.0,strong_drift,goal_success_rate,adaptive_mission,greedy,30,30,30,30,30,1.0,1.0,0,0.10295511202016668,0.0919777799348875,0.11427760345890915,3.210820258864729,1.0,4.999750012499375e-05,4.999750012499375e-05,0.0,0.0095995200239988
7200.0,strong_drift,goal_success_rate,adaptive_mission,lawnmower_collect,30,30,30,30,30,1.0,1.0,0,-0.11458107020543333,-0.13770502930027087,-0.08980509154803584,-1.7401544977897074,-0.9741935483870968,4.999750012499375e-05,4.999750012499375e-05,0.0,0.0095995200239988
7200.0,strong_drift,goal_success_rate,adaptive_mission,oracle_current_physics,30,30,30,30,30,1.0,1.0,0,-0.6841525352930667,-0.6990913161904417,-0.6684654002686592,-15.414819414607512,-1.0,4.999750012499375e-05,4.999750012499375e-05,0.0,0.0095995200239988
7200.0,strong_drift,regret_to_best_fixed_auc,adaptive_mission,belief_horizon,30,30,30,30,30,1.0,1.0,0,0.0010883490055,-0.0007947324481333332,0.0033640992336333333,0.19478589828797027,0.6,0.375,0.375,0.28602318030215024,1.0
7200.0,strong_drift,regret_to_best_fixed_auc,adaptive_mission,belief_orienteering,30,30,30,30,30,1.0,1.0,0,-0.01691564373386667,-0.04142523255801416,0.007190408001849997,-0.2383897077594473,-0.23870967741935484,0.2057397130143493,0.2057397130143493,0.19164976575929327,1.0
7200.0,strong_drift,regret_to_best_fixed_auc,adaptive_mission,belief_orienteering_depth1,30,30,30,30,30,1.0,1.0,0,-0.03967583975666667,-0.06761641105333417,-0.011169008872385835,-0.480267293724465,-0.6129032258064516,0.009899505024748763,0.009899505024748763,0.008525126706225628,0.5849707514624268
7200.0,strong_drift,regret_to_best_fixed_auc,adaptive_mission,confirmed_route,30,30,30,30,30,1.0,1.0,0,-0.035732626081,-0.0534455534144575,-0.017172647742260842,-0.6981594418469951,-0.6731182795698925,0.0009499525023748813,0.0009499525023748813,0.00013131630324902943,0.06459677016149193
7200.0,strong_drift,regret_to_best_fixed_auc,adaptive_mission,greedy,30,30,30,30,30,1.0,1.0,0,-0.6207657411129666,-0.644804748447918,-0.5951666385215458,-8.757199398332324,-1.0,4.999750012499375e-05,4.999750012499375e-05,0.0,0.0095995200239988
7200.0,strong_drift,regret_to_best_fixed_auc,adaptive_mission,lawnmower_collect,30,30,30,30,30,1.0,1.0,0,-0.6522520365834666,-0.6714837816636751,-0.6329451991094142,-11.513243871390491,-1.0,4.999750012499375e-05,4.999750012499375e-05,0.0,0.0095995200239988
7200.0,strong_drift,regret_to_best_fixed_auc,adaptive_mission,oracle_current_physics,30,0,30,0,0,1.0,0.0,30,,,,,0.0,,,,
7200.0,weak_drift,auc_collected_by_path,adaptive_mission,belief_horizon,30,30,30,30,30,1.0,1.0,0,0.0017520802784666667,-0.0172430581160375,0.02002231609620915,0.033274286059334225,0.04827586206896552,0.8589070546472677,0.8589070546472677,0.8553859309404597,1.0
7200.0,weak_drift,auc_collected_by_path,adaptive_mission,belief_orienteering,30,30,30,30,30,1.0,1.0,0,0.012124990505433334,-0.015421042536864169,0.04038000369189832,0.15525125438303378,0.10967741935483871,0.4010299485025749,0.4010299485025749,0.3951326705874596,1.0
7200.0,weak_drift,auc_collected_by_path,adaptive_mission,belief_orienteering_depth1,30,30,30,30,30,1.0,1.0,0,0.05005182666516666,0.022827903890547497,0.0771410198378775,0.6554233019131677,0.6172043010752688,0.0008499575021248938,0.0008499575021248938,0.0003308032303293018,0.06119694015299235
7200.0,weak_drift,auc_collected_by_path,adaptive_mission,confirmed_route,30,30,30,30,30,1.0,1.0,0,0.06941120345060002,0.04066827028425168,0.09858652405539087,0.8439344100811529,0.7505376344086021,0.00014999250037498125,0.00014999250037498125,3.7929068517073006e-06,0.012149392530373481
7200.0,weak_drift,auc_collected_by_path,adaptive_mission,greedy,30,30,30,30,30,1.0,1.0,0,0.40517242612146664,0.3791772522926116,0.4289024919802866,5.471490754911875,1.0,4.999750012499375e-05,4.999750012499375e-05,0.0,0.0095995200239988
7200.0,weak_drift,auc_collected_by_path,adaptive_mission,lawnmower_collect,30,30,30,30,30,1.0,1.0,0,0.524456530098,0.5004399490726391,0.5480607447560992,7.538087769206127,1.0,4.999750012499375e-05,4.999750012499375e-05,0.0,0.0095995200239988
7200.0,weak_drift,auc_collected_by_path,adaptive_mission,oracle_current_physics,30,30,30,30,30,1.0,1.0,0,-0.2505467873306,-0.27410115827909326,-0.22856653911590505,-3.7308642119412134,-1.0,4.999750012499375e-05,4.999750012499375e-05,0.0,0.0095995200239988
7200.0,weak_drift,collected_ratio,adaptive_mission,belief_horizon,30,30,30,30,30,1.0,1.0,0,-0.0033333333334000003,-0.02022222222226667,0.013333333333168332,-0.06792221037785773,-0.10317460317460317,0.7294635268236588,0.7294635268236588,0.7098740364531924,1.0
7200.0,weak_drift,collected_ratio,adaptive_mission,belief_orienteering,30,30,30,30,30,1.0,1.0,0,-0.0015555555555666655,-0.025783333333388336,0.023111111111099997,-0.02334393442346782,-0.06403940886699508,0.9159042047897605,0.9159042047897605,0.8982597707689983,1.0
7200.0,weak_drift,collected_ratio,adaptive_mission,belief_orienteering_depth1,30,30,30,30,30,1.0,1.0,0,0.037999999999899996,0.000883333333211665,0.08022222222210165,0.341941756949695,0.4091954022988506,0.07024648767561623,0.07024648767561623,0.061083281296839376,1.0
7200.0,weak_drift,collected_ratio,adaptive_mission,confirmed_route,30,30,30,30,30,1.0,1.0,0,-0.03800000000006666,-0.0582222222222675,-0.020661111111082524,-0.6990150945241236,-0.7435897435897436,0.00034998250087495624,0.00034998250087495624,0.0001288411017770219,0.02694865256737163
7200.0,weak_drift,collected_ratio,adaptive_mission,greedy,30,30,30,30,30,1.0,1.0,0,0.6113333333333667,0.5851055555555793,0.6346666666666342,8.569977306750227,1.0,4.999750012499375e-05,4.999750012499375e-05,0.0,0.0095995200239988
7200.0,weak_drift,collected_ratio,adaptive_mission,lawnmower_collect,30,30,30,30,30,1.0,1.0,0,0.6804444444443667,0.6475499999999464,0.7113388888888227,7.648837256112348,1.0,4.999750012499375e-05,4.999750012499375e-05,0.0,0.0095995200239988
7200.0,weak_drift,collected_ratio,adaptive_mission,oracle_current_physics,30,30,30,30,30,1.0,1.0,0,-0.08377777777773336,-0.10288888888883335,-0.06777777777773249,-1.6007085595295174,-1.0,4.999750012499375e-05,4.999750012499375e-05,0.0,0.0095995200239988
7200.0,weak_drift,oracle_gap_auc_collected_by_path,adaptive_mission,belief_horizon,30,30,30,30,30,1.0,1.0,0,-0.0017520802784666667,-0.020022316096209164,0.017243058116037494,-0.033274286059334225,-0.04827586206896552,0.8576071196440178,0.8576071196440178,0.8553859309404597,1.0
7200.0,weak_drift,oracle_gap_auc_collected_by_path,adaptive_mission,belief_orienteering,30,30,30,30,30,1.0,1.0,0,-0.012124990505433334,-0.04038000369189833,0.015421042536864157,-0.15525125438303378,-0.10967741935483871,0.39858007099645015,0.39858007099645015,0.3951326705874596,1.0
7200.0,weak_drift,oracle_gap_auc_collected_by_path,adaptive_mission,belief_orienteering_depth1,30,30,30,30,30,1.0,1.0,0,-0.05005182666516666,-0.0771410198378775,-0.0228279038905475,-0.6554233019131677,-0.6172043010752688,0.0012999350032498376,0.0012999350032498376,0.0003308032303293018,0.08579571021448928
7200.0,weak_drift,oracle_gap_auc_collected_by_path,adaptive_mission,confirmed_route,30,30,30,30,30,1.0,1.0,0,-0.06941120345060002,-0.09858652405539087,-0.040668270284251684,-0.8439344100811529,-0.7505376344086021,0.000199990000499975,0.000199990000499975,3.7929068517073006e-06,0.015799210039498024
7200.0,weak_drift,oracle_gap_auc_collected_by_path,adaptive_mission,greedy,30,30,30,30,30,1.0,1.0,0,-0.40517242612146664,-0.4289024919802866,-0.3791772522926116,-5.471490754911875,-1.0,4.999750012499375e-05,4.999750012499375e-05,0.0,0.0095995200239988
7200.0,weak_drift,oracle_gap_auc_collected_by_path,adaptive_mission,lawnmower_collect,30,30,30,30,30,1.0,1.0,0,-0.524456530098,-0.5480607447560992,-0.5004399490726392,-7.538087769206127,-1.0,4.999750012499375e-05,4.999750012499375e-05,0.0,0.0095995200239988
7200.0,weak_drift,oracle_gap_auc_collected_by_path,adaptive_mission,oracle_current_physics,30,30,30,30,30,1.0,1.0,0,0.2505467873306,0.228566539115905,0.27410115827909326,3.7308642119412134,1.0,4.999750012499375e-05,4.999750012499375e-05,0.0,0.0095995200239988
7200.0,weak_drift,empty_goal_arrivals_per_km,adaptive_mission,belief_horizon,30,30,30,30,30,1.0,1.0,0,0.6988521310827667,-0.17652641784095166,1.6571220710889,0.26639005904707386,0.296551724137931,0.15784210789460526,0.15784210789460526,0.14454351833453605,1.0
7200.0,weak_drift,empty_goal_arrivals_per_km,adaptive_mission,belief_orienteering,30,30,30,30,30,1.0,1.0,0,4.444154789958633,3.5225743231277793,5.411657090243892,1.6548302237318102,0.9741935483870968,4.999750012499375e-05,4.999750012499375e-05,0.0,0.0095995200239988
7200.0,weak_drift,empty_goal_arrivals_per_km,adaptive_mission,belief_orienteering_depth1,30,30,30,30,30,1.0,1.0,0,6.5460453142976665,5.518089424298892,7.647811917750481,2.103687835356717,1.0,4.999750012499375e-05,4.999750012499375e-05,0.0,0.0095995200239988
7200.0,weak_drift,empty_goal_arrivals_per_km,adaptive_mission,confirmed_route,30,30,30,30,30,1.0,1.0,0,10.0692118061276,8.995098560278585,11.301149228522853,3.0616872238998223,1.0,4.999750012499375e-05,4.999750012499375e-05,0.0,0.0095995200239988
7200.0,weak_drift,empty_goal_arrivals_per_km,adaptive_mission,greedy,30,30,30,30,30,1.0,1.0,0,-6.759381392552498,-8.394115538472718,-5.1576927752267645,-1.4610617802356831,-0.9741935483870968,4.999750012499375e-05,4.999750012499375e-05,1.3322676295501878e-15,0.0095995200239988
7200.0,weak_drift,empty_goal_arrivals_per_km,adaptive_mission,lawnmower_collect,30,30,30,30,30,1.0,1.0,0,25.75410785897877,24.91154139773774,26.568887188381087,11.27843359858417,1.0,4.999750012499375e-05,4.999750012499375e-05,0.0,0.0095995200239988
7200.0,weak_drift,empty_goal_arrivals_per_km,adaptive_mission,oracle_current_physics,30,30,30,30,30,1.0,1.0,0,16.114093491499734,14.918404128271765,17.312676492910917,4.726736895441098,1.0,4.999750012499375e-05,4.999750012499375e-05,0.0,0.0095995200239988
7200.0,weak_drift,wasted_path_ratio,adaptive_mission,belief_horizon,30,30,30,30,30,1.0,1.0,0,0.014543479208299999,-0.0031557485465783346,0.030650597474457492,0.3112493989578978,0.5172413793103449,0.09989500524973752,0.09989500524973752,0.08823487184636658,1.0
7200.0,weak_drift,wasted_path_ratio,adaptive_mission,belief_orienteering,30,30,30,30,30,1.0,1.0,0,0.016041577050133336,0.002440106263142501,0.03031697513507833,0.39691553524101797,0.432258064516129,0.0367981600919954,0.0367981600919954,0.029705441554936485,1.0
7200.0,weak_drift,wasted_path_ratio,adaptive_mission,belief_orienteering_depth1,30,30,30,30,30,1.0,1.0,0,0.017241966751733336,-9.229159948250144e-05,0.03533851061466748,0.34654544132276716,0.35913978494623655,0.06939653017349133,0.06939653017349133,0.05768191526150357,1.0
7200.0,weak_drift,wasted_path_ratio,adaptive_mission,confirmed_route,30,30,30,30,30,1.0,1.0,0,-0.05478273373873333,-0.07317811257902418,-0.03620383433777084,-1.0284671773106415,-0.8795698924731182,4.999750012499375e-05,4.999750012499375e-05,1.769507829152417e-08,0.0095995200239988
7200.0,weak_drift,wasted_path_ratio,adaptive_mission,greedy,30,30,30,30,30,1.0,1.0,0,-0.2540683252790667,-0.274298296645055,-0.23597685422761752,-4.773022606528587,-1.0,4.999750012499375e-05,4.999750012499375e-05,0.0,0.0095995200239988
7200.0,weak_drift,wasted_path_ratio,adaptive_mission,lawnmower_collect,30,30,30,30,30,1.0,1.0,0,-0.08806161134296665,-0.12366916857186083,-0.05385241760868004,-0.8944068422065674,-0.832258064516129,0.00014999250037498125,0.00014999250037498125,9.639035514208416e-07,0.012149392530373481
7200.0,weak_drift,wasted_path_ratio,adaptive_mission,oracle_current_physics,30,30,30,30,30,1.0,1.0,0,0.5213635223347333,0.4977924232409191,0.5454715762718967,7.560627178049466,1.0,4.999750012499375e-05,4.999750012499375e-05,0.0,0.0095995200239988
7200.0,weak_drift,goal_success_rate,adaptive_mission,belief_horizon,30,30,30,30,30,1.0,1.0,0,-0.003379974956566667,-0.012395278013911668,0.005397988525974161,-0.13485562147421992,-0.14482758620689656,0.4623768811559422,0.4623768811559422,0.4601288724612491,1.0
7200.0,weak_drift,goal_success_rate,adaptive_mission,belief_orienteering,30,30,30,30,30,1.0,1.0,0,-0.02500710518636667,-0.03338403591078083,-0.01594697478541167,-1.010558991881686,-0.8494623655913979,4.999750012499375e-05,4.999750012499375e-05,3.111226209995266e-08,0.0095995200239988
7200.0,weak_drift,goal_success_rate,adaptive_mission,belief_orienteering_depth1,30,30,30,30,30,1.0,1.0,0,-0.02665561999303333,-0.04141326248979832,-0.012020922105852521,-0.6306406426637834,-0.6559139784946236,0.00119994000299985,0.00119994000299985,0.0005520076093397108,0.08039598020098995
7200.0,weak_drift,goal_success_rate,adaptive_mission,confirmed_route,30,30,30,30,30,1.0,1.0,0,-0.1520317864287,-0.16480266902102836,-0.13961982267112505,-4.182635533564665,-1.0,4.999750012499375e-05,4.999750012499375e-05,0.0,0.0095995200239988
7200.0,weak_drift,goal_success_rate,adaptive_mission,greedy,30,30,30,30,30,1.0,1.0,0,0.09912336564806669,0.08805721159391251,0.110449205394075,3.0756962231873755,1.0,4.999750012499375e-05,4.999750012499375e-05,0.0,0.0095995200239988
7200.0,weak_drift,goal_success_rate,adaptive_mission,lawnmower_collect,30,30,30,30,30,1.0,1.0,0,-0.05128550064633333,-0.07810791768100334,-0.02588333107006168,-0.7069427662620011,-0.7204301075268817,0.0006499675016249188,0.0006499675016249188,0.00010790830528861761,0.04809759512024399
7200.0,weak_drift,goal_success_rate,adaptive_mission,oracle_current_physics,30,30,30,30,30,1.0,1.0,0,-0.6110992421687332,-0.6227987231668909,-0.5995225420724734,-18.343302879668187,-1.0,4.999750012499375e-05,4.999750012499375e-05,0.0,0.0095995200239988
7200.0,weak_drift,regret_to_best_fixed_auc,adaptive_mission,belief_horizon,30,30,30,30,30,1.0,1.0,0,0.011156096835700001,-0.0032547346290525024,0.02649110175024916,0.26557516618387583,0.3046153846153846,0.15739213039348032,0.15739213039348032,0.14577585042909869,1.0
7200.0,weak_drift,regret_to_best_fixed_auc,adaptive_mission,belief_orienteering,30,30,30,30,30,1.0,1.0,0,0.0007831866088333345,-0.02439688280494583,0.02472120352708749,0.011501987904314911,0.08465608465608465,0.9501024948752562,0.9501024948752562,0.949767314709258,1.0
7200.0,weak_drift,regret_to_best_fixed_auc,adaptive_mission,belief_orienteering_depth1,30,30,30,30,30,1.0,1.0,0,-0.037143649551,-0.062078696182924165,-0.014007839957528353,-0.5334343986176444,-0.5714285714285714,0.0055997200139993,0.0055997200139993,0.0034808138780881848,0.3471826408679566
7200.0,weak_drift,regret_to_best_fixed_auc,adaptive_mission,confirmed_route,30,30,30,30,30,1.0,1.0,0,-0.05650302633643333,-0.08175225834706332,-0.03162603491957918,-0.7870907124547589,-0.7204301075268817,0.00044997750112494374,0.00044997750112494374,1.624639757857871e-05,0.03419829008549572
7200.0,weak_drift,regret_to_best_fixed_auc,adaptive_mission,greedy,30,30,30,30,30,1.0,1.0,0,-0.3922642490072334,-0.41571026159820834,-0.3661601809705175,-5.3392970344946535,-1.0,4.999750012499375e-05,4.999750012499375e-05,0.0,0.0095995200239988
7200.0,weak_drift,regret_to_best_fixed_auc,adaptive_mission,lawnmower_collect,30,30,30,30,30,1.0,1.0,0,-0.5115483529837334,-0.5325685201824443,-0.48977615643095096,-8.355175636329054,-1.0,4.999750012499375e-05,4.999750012499375e-05,0.0,0.0095995200239988
7200.0,weak_drift,regret_to_best_fixed_auc,adaptive_mission,oracle_current_physics,30,0,30,0,0,1.0,0.0,30,,,,,0.0,,,,
