scenario,profile,mode,seed,stop_reason,collected,collected_ratio,collected_mass_kg,collected_mass_per_meter,path_length_m,sim_time_s,goal_count,evaluated_goal_count,empty_goal_arrivals,empty_goal_arrivals_per_km,wasted_path_to_empty_goals,wasted_path_ratio,wasted_time_to_empty_goals,wasted_time_ratio,goal_success_rate,route_false_visits,capture_contacts,terminal_capture_attempts,successful_captures,missed_capture_count,missed_captures,partial_contact_events,throughput_limit_events,bin_full_events,collection_precision,pushed_away_events,pushed_away_debris_count,info_gain_total,unload_events,auc_collected_by_path,collected_ratio_at_1km,collected_ratio_at_2km,collected_ratio_at_3km,map_precision,map_recall,map_f1,map_iou,map_brier,count_mae,detection_precision,detection_recall,false_detection_count,true_detection_count,camera_detection_precision,camera_detection_recall,camera_false_detection_count,camera_true_detection_count,radar_detection_precision,radar_detection_recall,radar_false_detection_count,radar_true_detection_count,near_range_detection_precision,near_range_detection_count,mid_range_detection_precision,mid_range_detection_count,far_range_detection_precision,far_range_detection_count,phase,path_budget_m,safety_tmax_s,world_area_m2,collection_coverage_ratio,drift_speed_mps,drift_per_update_width,drift_per_60s_width,camera_sigma_eff_m,radar_sigma_eff_m,camera_capture_uncertainty_ratio,radar_capture_uncertainty_ratio,expected_camera_clutter_per_scan,expected_radar_clutter_per_scan,config_hash,git_commit,git_dirty,runner,oracle_current_collected_ratio,oracle_current_auc_collected_by_path,oracle_current_path_length_m,oracle_gap_collected_ratio,oracle_gap_auc_collected_by_path,collected_ratio_vs_oracle,best_fixed_auc_collected_by_path,best_fixed_collected_ratio,delta_vs_best_fixed_auc,delta_vs_best_fixed_collected_ratio,gain_vs_best_fixed_auc,gain_vs_best_fixed_collected_ratio,regret_to_best_fixed_auc,regret_to_best_fixed_collected_ratio
static_calm,nominal,greedy,330,path_budget,60,0.4,23.487484244261186,0.007829149466066084,3000.004578538587,4916.0,236,235,175,58.333244306330016,2286.7061563096113,0.762234222130271,3874.0,0.7880390561432059,0.2553191489361702,0,781,73,60,13,13,703,5,0,0.821917808219178,0,0,-0.16069442299815626,0,0.20420238758565748,0.13333333333333333,0.22,0.4,0.13114754098360656,0.08888888888888889,0.10596026490066227,0.055944055944055944,0.011384196703751672,0.030464760577613516,0.9567695451123777,0.8733333333333333,402,8897,0.993849493487699,0.8133333333333334,17,2747,0.9410864575363428,0.8733333333333333,385,6150,0.9867759851891034,3781,0.9578400231013572,3463,0.8997566909975669,2055,baseline,3000.0,16500.0,40000.0,0.075,0.0,0.0,0.0,1.25,3.67,1.25,3.67,0.009544769346843989,0.15904312808798324,9031e650a518,0641409,True,run_layer1,1.0,0.7353215035191204,1908.9317457171273,0.6,0.531119115933463,0.4,0.2671997011134113,0.46,-0.06299731352775381,-0.06,0.0,0.0,0.06299731352775381,0.06
static_calm,nominal,greedy,331,path_budget,53,0.35333333333333333,18.589166781204494,0.006196111072159988,3000.1345303069656,4768.0,214,213,164,54.66421533544363,2368.458258318875,0.7894506844253216,3845.0,0.8064177852348994,0.2300469483568075,0,850,71,53,18,18,728,51,0,0.7464788732394366,0,0,-0.1523154414576478,0,0.2310393466839906,0.21333333333333335,0.3,0.35333333333333333,0.25892857142857145,0.30851063829787234,0.2815533980582524,0.1638418079096045,0.013068460831568393,0.03914418174992321,0.9716383049716383,0.76,425,14560,0.9930475086906141,0.7,30,4285,0.9629803186504218,0.76,395,10275,0.988382327055096,5681,0.9774460490021094,6163,0.929958611907036,3141,baseline,3000.0,16500.0,40000.0,0.075,0.0,0.0,0.0,1.25,3.67,1.25,3.67,0.009544769346843989,0.15904312808798324,4606a7df41fb,0641409,True,run_layer1,1.0,0.7903418750866287,1409.6087270168966,0.6466666666666667,0.559302528402638,0.35333333333333333,0.35769855503188597,0.52,-0.12665920834789537,-0.16666666666666669,0.0,0.0,0.12665920834789537,0.16666666666666669
static_calm,nominal,greedy,332,path_budget,50,0.3333333333333333,17.974176671719142,0.005991310687255628,3000.0408274524602,4670.0,204,203,155,51.66596353677663,2362.998265303922,0.7876553691139281,3774.0,0.8081370449678801,0.23645320197044334,0,717,68,50,18,18,649,0,0,0.7352941176470589,0,0,-0.13516715284024292,0,0.20497356356495136,0.18666666666666668,0.25333333333333335,0.3333333333333333,0.19607843137254902,0.10204081632653061,0.13422818791946312,0.07194244604316546,0.011775891200187162,0.030417363030131126,0.9601746352891066,0.7133333333333334,374,9017,0.9941327466079941,0.6533333333333333,16,2711,0.9462785114045619,0.7133333333333334,358,6306,0.9867875647668394,3860,0.9647995102540557,3267,0.9081272084805654,2264,baseline,3000.0,16500.0,40000.0,0.075,0.0,0.0,0.0,1.25,3.67,1.25,3.67,0.009544769346843989,0.15904312808798324,83fccbbaf19b,0641409,True,run_layer1,1.0,0.7414871864010895,1619.1981506910968,0.6666666666666667,0.5365136228361381,0.3333333333333333,0.33666790078542724,0.5733333333333334,-0.13169433722047588,-0.24000000000000005,0.0,0.0,0.13169433722047588,0.24000000000000005
static_calm,nominal,greedy,333,path_budget,39,0.26,12.738546774287745,0.00424604242997051,3000.0987942026327,4481.0,178,177,141,46.998452275127505,2609.2442026730732,0.8697194264786067,3867.0,0.8629770140593618,0.2033898305084746,0,467,48,39,9,9,419,0,0,0.8125,0,0,-0.1250140899918379,0,0.07606261131724001,0.0,0.12,0.26,0.17647058823529413,0.08108108108108109,0.11111111111111113,0.058823529411764705,0.012931603760702758,0.03462479782675082,0.9545569300681646,0.8266666666666667,360,7562,0.9915178571428571,0.76,19,2221,0.9399859204505456,0.8266666666666667,341,5341,0.985408890397014,2947,0.9584674822923374,3106,0.8994114499732477,1869,baseline,3000.0,16500.0,40000.0,0.075,0.0,0.0,0.0,1.25,3.67,1.25,3.67,0.009544769346843989,0.15904312808798324,191d507b0047,0641409,True,run_layer1,1.0,0.7668094345764104,1754.1327162488021,0.74,0.6907468232591704,0.26,0.3348574386207369,0.5466666666666666,-0.2587948273034969,-0.2866666666666666,0.0,0.0,0.2587948273034969,0.2866666666666666
static_calm,nominal,greedy,334,path_budget,67,0.44666666666666666,27.026086559096058,0.009008245829736214,3000.14975944406,4976.0,246,244,178,59.33037157217917,2253.7079745143837,0.7511984918152903,3846.0,0.7729099678456591,0.27049180327868855,0,980,94,67,27,27,881,5,0,0.7127659574468085,0,0,-0.17862203263205312,1,0.2155604818008312,0.12666666666666668,0.3,0.44666666666666666,0.21212121212121213,0.25301204819277107,0.23076923076923078,0.13043478260869565,0.011892313411750507,0.037345436429704594,0.9616363280485418,1.0,392,9826,0.9915993537964459,0.9933333333333333,26,3069,0.948617155692826,1.0,366,6757,0.9870310328855951,4318,0.9626825310978907,3698,0.9100817438692098,2202,baseline,3000.0,16500.0,40000.0,0.075,0.0,0.0,0.0,1.25,3.67,1.25,3.67,0.009544769346843989,0.15904312808798324,3ae5d31d064a,0641409,True,run_layer1,1.0,0.7339039589579819,1869.8021726703216,0.5533333333333333,0.5183434771571507,0.44666666666666666,0.3111317131648685,0.58,-0.09557123136403728,-0.1333333333333333,0.0,0.0,0.09557123136403728,0.1333333333333333
static_calm,nominal,greedy,335,path_budget,55,0.36666666666666664,17.097008872185885,0.005698641195990851,3000.190446139002,4825.0,227,226,174,57.99631827503607,2489.171216090875,0.8296710694796837,4022.0,0.8335751295336787,0.23008849557522124,0,815,70,55,15,15,733,12,0,0.7857142857142857,0,0,-0.16004825555651755,0,0.22333260007197472,0.18666666666666668,0.3,0.36666666666666664,0.2631578947368421,0.2127659574468085,0.2352941176470588,0.13333333333333333,0.01165786991084813,0.0342032652104784,0.9746161844761148,0.8733333333333333,415,15934,0.9937914793406123,0.8266666666666667,29,4642,0.9669463949306388,0.8733333333333333,386,11292,0.9911731664259349,6231,0.9797410510281798,6565,0.9361103292991838,3553,baseline,3000.0,16500.0,40000.0,0.075,0.0,0.0,0.0,1.25,3.67,1.25,3.67,0.009544769346843989,0.15904312808798324,3be3f122811c,0641409,True,run_layer1,1.0,0.819441075007062,1378.7276672041849,0.6333333333333333,0.5961084749350872,0.36666666666666664,0.3357908748721844,0.62,-0.11245827480020967,-0.25333333333333335,0.0,0.0,0.11245827480020967,0.25333333333333335
static_calm,nominal,greedy,336,path_budget,56,0.37333333333333335,20.159859679582816,0.006719894037848851,3000.026423933958,4910.0,230,229,174,57.999489141776436,2162.8942944516316,0.7209584146313656,3730.0,0.7596741344195519,0.24017467248908297,0,809,72,56,16,16,721,16,0,0.7777777777777778,0,0,-0.14427481184692764,0,0.1708645688489416,0.08666666666666667,0.24,0.37333333333333335,0.168141592920354,0.20212765957446807,0.18357487922705315,0.10106382978723404,0.013265024609080805,0.040302089245319736,0.958181629044003,0.96,402,9211,0.9908913467794405,0.8733333333333333,28,3046,0.9428047102003364,0.96,374,6165,0.9874338624338624,4536,0.9521804511278196,3325,0.8938356164383562,1752,baseline,3000.0,16500.0,40000.0,0.075,0.0,0.0,0.0,1.25,3.67,1.25,3.67,0.009544769346843989,0.15904312808798324,4c87107d26db,0641409,True,run_layer1,1.0,0.7353298708571158,1621.4281236365482,0.6266666666666667,0.5644653020081741,0.37333333333333335,0.20188223662698218,0.41333333333333333,-0.031017667778040575,-0.03999999999999998,0.0,0.0,0.031017667778040575,0.03999999999999998
static_calm,nominal,greedy,337,path_budget,39,0.26,14.54410943862867,0.0048479035430655576,3000.0822643083666,4464.0,178,177,142,47.332035420947506,2464.771354919476,0.8215679230675029,3735.0,0.8366935483870968,0.1977401129943503,0,616,54,39,15,15,550,12,0,0.7222222222222222,0,0,-0.06992811352315166,0,0.2134728723282063,0.20666666666666667,0.25333333333333335,0.26,0.3116883116883117,0.22429906542056074,0.2608695652173913,0.15,0.012417246188634368,0.02672336347515918,0.9720103612030508,0.52,389,13509,0.9958582604693972,0.5133333333333333,18,4328,0.9611599664991625,0.52,371,9181,0.9907017543859649,5700,0.9799898253349161,5897,0.9052585832246849,2301,baseline,3000.0,16500.0,40000.0,0.075,0.0,0.0,0.0,1.25,3.67,1.25,3.67,0.009544769346843989,0.15904312808798324,154bed60fd2f,0641409,True,run_layer1,1.0,0.8135829047519106,1308.2475413993209,0.74,0.6001100324237043,0.26,0.3593019850520092,0.52,-0.14582911272380292,-0.26,0.0,0.0,0.14582911272380292,0.26
static_calm,nominal,greedy,338,path_budget,21,0.14,6.538964872699906,0.0021796175000860685,3000.0515560375597,4490.0,175,174,154,51.33245116740653,2752.8488998720395,0.9176005306748717,4127.0,0.9191536748329622,0.11494252873563218,0,321,31,21,10,10,290,0,0,0.6774193548387096,0,0,-0.07895028499280274,0,0.0834187183747139,0.08666666666666667,0.09333333333333334,0.14,0.0975609756097561,0.06349206349206349,0.07692307692307693,0.04,0.017463079320249552,0.043813490598851756,0.9142104001917086,0.5133333333333333,358,3815,0.9837133550488599,0.32666666666666666,20,1208,0.8852292020373514,0.5133333333333333,338,2607,0.9681818181818181,1760,0.9195250659630607,1516,0.7993311036789298,897,baseline,3000.0,16500.0,40000.0,0.075,0.0,0.0,0.0,1.25,3.67,1.25,3.67,0.009544769346843989,0.15904312808798324,23ff128d47ad,0641409,True,run_layer1,1.0,0.7111491022043768,1864.8146101342084,0.86,0.6277303838296628,0.14,0.227833908067146,0.42,-0.1444151896924321,-0.27999999999999997,0.0,0.0,0.1444151896924321,0.27999999999999997
static_calm,nominal,greedy,339,path_budget,53,0.35333333333333333,17.139322522727525,0.005712889859629534,3000.1142930907067,4868.0,228,227,176,58.66443168692931,2419.3637657780864,0.8064238657006852,3985.0,0.8186113393590797,0.22466960352422907,0,761,68,53,15,15,669,24,0,0.7794117647058824,0,0,-0.1494856727125295,0,0.24756675443908935,0.21333333333333335,0.31333333333333335,0.35333333333333333,0.1836734693877551,0.09375,0.12413793103448278,0.0661764705882353,0.011134749696768049,0.026934052431443548,0.9624426605504587,0.7266666666666667,393,10071,0.994343180389692,0.6533333333333333,18,3164,0.948503158472947,0.7266666666666667,375,6907,0.9892372484791764,4274,0.966566866267465,4008,0.9023831347387717,2182,baseline,3000.0,16500.0,40000.0,0.075,0.0,0.0,0.0,1.25,3.67,1.25,3.67,0.009544769346843989,0.15904312808798324,a065acdbb43f,0641409,True,run_layer1,1.0,0.7597603009846853,1845.7895518073926,0.6466666666666667,0.5121935465455959,0.35333333333333333,0.2740920341604893,0.4533333333333333,-0.026525279721399925,-0.09999999999999998,0.0,0.0,0.026525279721399925,0.09999999999999998
static_calm,nominal,confirmed_route,330,path_budget,47,0.31333333333333335,17.400043805054555,0.0058000141709954245,3000.000222769849,4037.0,145,144,97,32.333330932369584,2032.6681890532288,0.677556012704726,2801.0,0.693832053505078,0.3263888888888889,94,610,60,47,13,13,550,0,0,0.7833333333333333,0,0,-0.170851808190154,0,0.13918383161420128,0.08666666666666667,0.18666666666666668,0.31333333333333335,0.10743801652892562,0.1262135922330097,0.11607142857142856,0.061611374407582936,0.016925001735436693,0.05030533023526935,0.9639963073135707,0.86,351,9398,0.9938428105758783,0.74,17,2744,0.95220377790498,0.86,334,6654,0.986401958118031,3677,0.969833289229955,3779,0.9184474487570868,2293,baseline,3000.0,16500.0,40000.0,0.075,0.0,0.0,0.0,1.25,3.67,1.25,3.67,0.009544769346843989,0.15904312808798324,27007e79f300,0641409,True,run_layer1,1.0,0.7353215035191204,1908.9317457171273,0.6866666666666666,0.5961376719049192,0.31333333333333335,0.2671997011134113,0.46,-0.12801586949921,-0.14666666666666667,0.0,0.0,0.12801586949921,0.14666666666666667
static_calm,nominal,confirmed_route,331,path_budget,63,0.42,22.193203010374823,0.007397367750962565,3000.148668759504,4104.0,161,160,101,33.66499835548526,2248.955276242868,0.7496146106561986,3048.0,0.7426900584795322,0.36875,93,886,82,63,19,19,763,41,0,0.7682926829268293,0,0,-0.1613449537265664,0,0.22072254592549703,0.09333333333333334,0.3,0.42,0.2376237623762376,0.2857142857142857,0.2594594594594595,0.14906832298136646,0.01152238841629308,0.03851544032008696,0.9720263463773731,1.0,361,12544,0.9923705722070845,0.8866666666666667,28,3642,0.9639415268002166,1.0,333,8902,0.9896405919661734,4730,0.9757660725015022,4993,0.9399748585795098,3182,baseline,3000.0,16500.0,40000.0,0.075,0.0,0.0,0.0,1.25,3.67,1.25,3.67,0.009544769346843989,0.15904312808798324,3035805e0847,0641409,True,run_layer1,1.0,0.7903418750866287,1409.6087270168966,0.5800000000000001,0.5696193291611317,0.42,0.35769855503188597,0.52,-0.13697600910638894,-0.10000000000000003,0.0,0.0,0.13697600910638894,0.10000000000000003
static_calm,nominal,confirmed_route,332,path_budget,42,0.28,15.142758411820656,0.005047277338604728,3000.1835437096724,3896.0,125,124,83,27.664974089342547,2357.2897851386847,0.7857151906859468,3027.0,0.7769507186858317,0.33064516129032256,77,521,52,42,10,10,469,0,0,0.8076923076923077,0,0,-0.12769033660821505,0,0.16200090413997467,0.12,0.22666666666666666,0.28,0.21052631578947367,0.1509433962264151,0.17582417582417584,0.0963855421686747,0.013449711287719967,0.035747046792740836,0.9644178454842219,0.8733333333333333,327,8863,0.9922779922779923,0.56,20,2570,0.9534848484848485,0.8733333333333333,307,6293,0.9889411114183024,3617,0.9611940298507463,3350,0.9293747188484031,2223,baseline,3000.0,16500.0,40000.0,0.075,0.0,0.0,0.0,1.25,3.67,1.25,3.67,0.009544769346843989,0.15904312808798324,daee4ae16935,0641409,True,run_layer1,1.0,0.7414871864010895,1619.1981506910968,0.72,0.5794862822611148,0.28,0.33666790078542724,0.5733333333333334,-0.17466699664545257,-0.29333333333333333,0.0,0.0,0.17466699664545257,0.29333333333333333
static_calm,nominal,confirmed_route,333,path_budget,60,0.4,20.702561546406184,0.006900717861172921,3000.059118905544,4159.0,165,164,104,34.6659835283314,1960.8523776442842,0.6536045790856367,2796.0,0.6722769896609762,0.36585365853658536,100,881,85,60,25,25,776,20,0,0.7058823529411765,0,0,-0.14256626592054794,0,0.2224079644505942,0.15333333333333332,0.32666666666666666,0.4,0.18181818181818182,0.11235955056179775,0.1388888888888889,0.07462686567164178,0.011197808656145851,0.03058156163747599,0.9710308199887342,0.82,360,12067,0.9956152370512469,0.7533333333333333,16,3633,0.9608111187058556,0.82,344,8434,0.9895299145299146,4680,0.9750299640431482,5006,0.9321415541773076,2741,baseline,3000.0,16500.0,40000.0,0.075,0.0,0.0,0.0,1.25,3.67,1.25,3.67,0.009544769346843989,0.15904312808798324,6fb824589772,0641409,True,run_layer1,1.0,0.7668094345764104,1754.1327162488021,0.6,0.5444014701258162,0.4,0.3348574386207369,0.5466666666666666,-0.11244947417014273,-0.1466666666666666,0.0,0.0,0.11244947417014273,0.1466666666666666
static_calm,nominal,confirmed_route,334,path_budget,31,0.20666666666666667,10.20030454393045,0.0033999261656868125,3000.154723027612,3784.0,109,108,77,25.665342993475786,2568.461293999452,0.8561096113761375,3178.0,0.8398520084566596,0.28703703703703703,68,405,35,31,4,4,370,0,0,0.8857142857142857,0,0,-0.1569187218911634,0,0.09648507387481785,0.05333333333333334,0.14,0.20666666666666667,0.1919191919191919,0.16101694915254236,0.17511520737327188,0.09595959595959595,0.015095353499885295,0.042674886669432206,0.9608545477804784,0.8866666666666667,306,7511,0.9907722195240408,0.64,19,2040,0.9501563042723168,0.8866666666666667,287,5471,0.9844821364128473,2771,0.9666080843585237,2845,0.9236710586097229,2201,baseline,3000.0,16500.0,40000.0,0.075,0.0,0.0,0.0,1.25,3.67,1.25,3.67,0.009544769346843989,0.15904312808798324,44b254d13e30,0641409,True,run_layer1,1.0,0.7339039589579819,1869.8021726703216,0.7933333333333333,0.637418885083164,0.20666666666666667,0.3111317131648685,0.58,-0.21464663929005062,-0.3733333333333333,0.0,0.0,0.21464663929005062,0.3733333333333333
static_calm,nominal,confirmed_route,335,path_budget,81,0.54,28.2391820387649,0.00941259329330693,3000.1489662625822,4406.0,206,204,126,41.997914575876464,1775.8250700917108,0.5919122983762818,2743.0,0.6225601452564684,0.38235294117647056,123,1121,115,81,34,34,1001,5,0,0.7043478260869566,0,0,-0.14787567056088524,1,0.2951167162002206,0.22,0.38666666666666666,0.54,0.2159090909090909,0.2753623188405797,0.24203821656050953,0.13768115942028986,0.010948798463039113,0.0380587101709757,0.9764583588112999,1.0,385,15969,0.995337522805595,0.9,23,4910,0.9683040014009281,1.0,362,11059,0.9913164831756861,6449,0.9810606060606061,6600,0.9382753403933434,3305,baseline,3000.0,16500.0,40000.0,0.075,0.0,0.0,0.0,1.25,3.67,1.25,3.67,0.009544769346843989,0.15904312808798324,b6e401413427,0641409,True,run_layer1,1.0,0.819441075007062,1378.7276672041849,0.45999999999999996,0.5243243588068414,0.54,0.3357908748721844,0.62,-0.04067415867196378,-0.07999999999999996,0.0,0.0,0.04067415867196378,0.07999999999999996
static_calm,nominal,confirmed_route,336,path_budget,40,0.26666666666666666,12.027038746159212,0.0040089620960540116,3000.0380292937484,3779.0,109,108,68,22.666379337867316,2005.8112586573427,0.6685952774837122,2565.0,0.6787509923260122,0.37037037037037035,65,532,55,40,15,15,477,0,0,0.7272727272727273,0,0,-0.13083947253137587,0,0.12733254474206188,0.08666666666666667,0.16666666666666666,0.26666666666666666,0.16049382716049382,0.12149532710280374,0.13829787234042554,0.07428571428571429,0.014411589759500243,0.038113991015085696,0.9515701325889742,0.8866666666666667,347,6818,0.9909319899244332,0.58,18,1967,0.9364864864864865,0.8866666666666667,329,4851,0.985455835402625,2819,0.9493772599437525,2489,0.9030694668820679,1857,baseline,3000.0,16500.0,40000.0,0.075,0.0,0.0,0.0,1.25,3.67,1.25,3.67,0.009544769346843989,0.15904312808798324,280b1dcffd46,0641409,True,run_layer1,1.0,0.7353298708571158,1621.4281236365482,0.7333333333333334,0.6079973261150539,0.26666666666666666,0.20188223662698218,0.41333333333333333,-0.0745496918849203,-0.14666666666666667,0.0,0.0,0.0745496918849203,0.14666666666666667
static_calm,nominal,confirmed_route,337,path_budget,62,0.41333333333333333,22.183033624785576,0.007394031698580145,3000.1269306223453,3975.0,143,142,84,27.998815364313625,2096.064561219213,0.6986586266816405,2756.0,0.6933333333333334,0.4084507042253521,77,781,74,62,12,12,665,42,0,0.8378378378378378,0,0,-0.08416868563075354,0,0.2542408124258182,0.18,0.38666666666666666,0.41333333333333333,0.19696969696969696,0.14772727272727273,0.1688311688311688,0.09219858156028368,0.011373091903109122,0.028409942422487056,0.9667644183773216,0.7133333333333334,340,9890,0.9941044357102752,0.62,21,3541,0.9521595680863827,0.7133333333333334,319,6349,0.9907464528069093,4863,0.9692823954568921,3874,0.8821165438713998,1493,baseline,3000.0,16500.0,40000.0,0.075,0.0,0.0,0.0,1.25,3.67,1.25,3.67,0.009544769346843989,0.15904312808798324,769fa632ab1a,0641409,True,run_layer1,1.0,0.8135829047519106,1308.2475413993209,0.5866666666666667,0.5593420923260924,0.41333333333333333,0.3593019850520092,0.52,-0.10506117262619102,-0.10666666666666669,0.0,0.0,0.10506117262619102,0.10666666666666669
static_calm,nominal,confirmed_route,338,path_budget,40,0.26666666666666666,13.304462105641278,0.004434764778666801,3000.0378305613144,3916.0,125,124,86,28.666305179194755,1879.1962197045193,0.6263908409958008,2583.0,0.6596016343207355,0.3064516129032258,83,568,51,40,11,11,517,0,0,0.7843137254901961,0,0,-0.1410459435932127,0,0.14330943621928627,0.11333333333333333,0.18666666666666668,0.26666666666666666,0.17105263157894737,0.12149532710280374,0.14207650273224043,0.07647058823529412,0.014075949243474219,0.03623213602630678,0.9609761848620608,0.7066666666666667,331,8151,0.992854140395124,0.6266666666666667,17,2362,0.9485498934950024,0.7066666666666667,314,5789,0.9817949536889172,3131,0.9681762545899633,3268,0.9183869419107057,2083,baseline,3000.0,16500.0,40000.0,0.075,0.0,0.0,0.0,1.25,3.67,1.25,3.67,0.009544769346843989,0.15904312808798324,0bcb1614532c,0641409,True,run_layer1,1.0,0.7111491022043768,1864.8146101342084,0.7333333333333334,0.5678396659850905,0.26666666666666666,0.227833908067146,0.42,-0.08452447184785974,-0.15333333333333332,0.0,0.0,0.08452447184785974,0.15333333333333332
static_calm,nominal,confirmed_route,339,path_budget,50,0.3333333333333333,15.911233270675698,0.005303566541317982,3000.100620350022,3838.0,119,118,69,22.999228603189238,2005.473953877684,0.6684688974344151,2571.0,0.6698801459093278,0.4152542372881356,64,697,69,50,19,19,609,19,0,0.7246376811594203,0,0,-0.11447783593528904,0,0.19840653221070165,0.15333333333333332,0.28,0.3333333333333333,0.16666666666666666,0.08080808080808081,0.108843537414966,0.05755395683453238,0.012053675169485734,0.027690580783442782,0.958924570575056,0.7466666666666667,330,7704,0.990360435875943,0.5533333333333333,23,2363,0.9456444759206799,0.7466666666666667,307,5341,0.9866799866799867,3003,0.9591901297057893,3161,0.913903743315508,1870,baseline,3000.0,16500.0,40000.0,0.075,0.0,0.0,0.0,1.25,3.67,1.25,3.67,0.009544769346843989,0.15904312808798324,0e3595dc60b5,0641409,True,run_layer1,1.0,0.7597603009846853,1845.7895518073926,0.6666666666666667,0.5613537687739836,0.3333333333333333,0.2740920341604893,0.4533333333333333,-0.07568550194978763,-0.12,0.0,0.0,0.07568550194978763,0.12
static_calm,nominal,belief_horizon,330,path_budget,69,0.46,26.446033137361287,0.008815031271434215,3000.106559242925,6088.0,279,182,119,39.66525776672065,1417.6137832034292,0.4725211439026896,2899.0,0.4761826544021025,0.34615384615384615,0,786,89,69,20,20,697,0,0,0.7752808988764045,0,0,-0.18286161578732874,0,0.2671997011134113,0.18,0.36666666666666664,0.46,0.18181818181818182,0.09876543209876543,0.12799999999999997,0.06837606837606838,0.0097351307303382,0.02292354931145233,0.9576474622770919,0.8533333333333334,494,11170,0.9916881627973632,0.7866666666666666,29,3460,0.9431192660550459,0.8533333333333334,465,7710,0.9858672376873662,4670,0.9572132616487455,4464,0.9063241106719367,2530,baseline,3000.0,16500.0,40000.0,0.075,0.0,0.0,0.0,1.25,3.67,1.25,3.67,0.009544769346843989,0.15904312808798324,d905e4b81289,0641409,True,run_layer1,1.0,0.7353215035191204,1908.9317457171273,0.54,0.4681218024057091,0.46,0.2671997011134113,0.46,0.0,0.0,0.0,0.0,-0.0,-0.0
static_calm,nominal,belief_horizon,331,path_budget,78,0.52,26.615294567436358,0.008871592533840374,3000.0582720535535,5717.0,235,166,112,37.33260818408554,1711.2278982414834,0.5703982199886205,3217.0,0.5627077138359279,0.3253012048192771,0,878,101,78,23,23,742,35,0,0.7722772277227723,0,0,-0.12919072456891828,0,0.35769855503188597,0.34,0.47333333333333333,0.52,0.14893617021276595,0.1,0.11965811965811966,0.06363636363636363,0.009044662624857022,0.0219855097011243,0.9646584440227703,0.76,447,12201,0.9944029850746269,0.7066666666666667,21,3731,0.952113309352518,0.76,426,8470,0.9917525773195877,4850,0.9679294447785127,4989,0.9120683517265931,2809,baseline,3000.0,16500.0,40000.0,0.075,0.0,0.0,0.0,1.25,3.67,1.25,3.67,0.009544769346843989,0.15904312808798324,a1600ea3259f,0641409,True,run_layer1,1.0,0.7903418750866287,1409.6087270168966,0.48,0.4326433200547427,0.52,0.35769855503188597,0.52,0.0,0.0,0.0,0.0,-0.0,-0.0
static_calm,nominal,belief_horizon,332,path_budget,86,0.5733333333333334,28.0802704997278,0.009359972072553232,3000.037850761237,5859.0,261,179,111,36.99953317983457,1285.6994237392457,0.42856106745886857,2644.0,0.4512715480457416,0.37988826815642457,0,1006,115,86,29,29,875,16,0,0.7478260869565218,0,0,-0.1522030849951648,1,0.33666790078542724,0.25333333333333335,0.48,0.5733333333333334,0.14285714285714285,0.23809523809523808,0.17857142857142855,0.09803921568627451,0.011963539812835678,0.03883378606041655,0.9627222178714073,1.0,476,12293,0.9929428369795342,0.9866666666666667,30,4221,0.9476402911481568,1.0,446,8072,0.989247311827957,5580,0.9675217211419115,4834,0.8900212314225053,2355,baseline,3000.0,16500.0,40000.0,0.075,0.0,0.0,0.0,1.25,3.67,1.25,3.67,0.009544769346843989,0.15904312808798324,eeef2e6fe66f,0641409,True,run_layer1,1.0,0.7414871864010895,1619.1981506910968,0.42666666666666664,0.4048192856156622,0.5733333333333334,0.33666790078542724,0.5733333333333334,0.0,0.0,0.0,0.0,-0.0,-0.0
static_calm,nominal,belief_horizon,333,path_budget,82,0.5466666666666666,26.96915051805079,0.008989593635198889,3000.0411155908846,5587.0,230,171,102,33.99953402968952,1537.8380930762742,0.5126056723303885,2767.0,0.49525684625022376,0.40350877192982454,0,952,113,82,31,31,839,0,0,0.7256637168141593,0,0,-0.14260739696506602,0,0.3348574386207369,0.2733333333333333,0.4533333333333333,0.5466666666666666,0.5,0.014925373134328358,0.02898550724637681,0.014705882352941176,0.006699922739916998,0.012268100288081448,0.9637137330754352,0.86,469,12456,0.9940026075619296,0.82,23,3812,0.9509350935093509,0.86,446,8644,0.9862733046506863,4881,0.9677482028366039,5147,0.918536416983086,2897,baseline,3000.0,16500.0,40000.0,0.075,0.0,0.0,0.0,1.25,3.67,1.25,3.67,0.009544769346843989,0.15904312808798324,a75358bc17b2,0641409,True,run_layer1,1.0,0.7668094345764104,1754.1327162488021,0.45333333333333337,0.43195199595567346,0.5466666666666666,0.3348574386207369,0.5466666666666666,0.0,0.0,0.0,0.0,-0.0,-0.0
static_calm,nominal,belief_horizon,334,path_budget,87,0.58,31.829590442605348,0.010609722393430271,3000.039893816147,5893.0,247,179,104,34.66620567758806,1419.147491137378,0.4730428732173214,2821.0,0.478703546580689,0.41899441340782123,0,954,115,87,28,28,839,0,0,0.7565217391304347,0,0,-0.15763685462070803,1,0.3111317131648685,0.22,0.41333333333333333,0.58,0.1346153846153846,0.1111111111111111,0.1217391304347826,0.06481481481481481,0.009000336214126155,0.02480973884460504,0.9576374391092554,1.0,487,11009,0.9892106757524134,0.94,38,3484,0.9436919989967394,1.0,449,7525,0.9856996935648621,4895,0.9620796565704746,4193,0.8928571428571429,2408,baseline,3000.0,16500.0,40000.0,0.075,0.0,0.0,0.0,1.25,3.67,1.25,3.67,0.009544769346843989,0.15904312808798324,3e3b4551350b,0641409,True,run_layer1,1.0,0.7339039589579819,1869.8021726703216,0.42000000000000004,0.4227722457931134,0.58,0.3111317131648685,0.58,0.0,0.0,0.0,0.0,-0.0,-0.0
static_calm,nominal,belief_horizon,335,path_budget,93,0.62,32.11657543649227,0.010705433214914573,3000.0257618484948,5787.0,251,161,95,31.66639473837879,1240.1604468734708,0.41338326578546913,2409.0,0.41627786417833074,0.40993788819875776,0,1035,118,93,25,25,888,29,0,0.788135593220339,0,0,-0.18781191549359055,1,0.3357908748721844,0.26666666666666666,0.4533333333333333,0.62,0.1885245901639344,0.40350877192982454,0.25698324022346364,0.14743589743589744,0.010331860752221072,0.03572536393430156,0.9747943751658265,1.0,475,18370,0.9940181165612716,0.98,35,5816,0.9661382176389103,1.0,440,12554,0.9904248145650708,7415,0.9788471708090957,7564,0.9368856699430936,3866,baseline,3000.0,16500.0,40000.0,0.075,0.0,0.0,0.0,1.25,3.67,1.25,3.67,0.009544769346843989,0.15904312808798324,6a12d201b765,0641409,True,run_layer1,1.0,0.819441075007062,1378.7276672041849,0.38,0.4836502001348776,0.62,0.3357908748721844,0.62,0.0,0.0,0.0,0.0,-0.0,-0.0
static_calm,nominal,belief_horizon,336,path_budget,62,0.41333333333333333,21.990696463478027,0.007330189153551301,3000.0175988397327,5918.0,252,166,115,38.33310846058925,1681.823014769501,0.5606043829276042,3247.0,0.5486650895572829,0.3072289156626506,0,813,95,62,33,33,702,16,0,0.6526315789473685,0,0,-0.1660205009605562,0,0.20188223662698218,0.11333333333333333,0.26,0.41333333333333333,0.25,0.09195402298850575,0.13445378151260504,0.07207207207207207,0.009853048281828376,0.02703980999200213,0.9533580403145621,0.98,516,10547,0.9915509957754979,0.8466666666666667,28,3286,0.9370241321460834,0.98,488,7261,0.9867123874839263,4666,0.9531129900076863,3903,0.8913392141138733,2494,baseline,3000.0,16500.0,40000.0,0.075,0.0,0.0,0.0,1.25,3.67,1.25,3.67,0.009544769346843989,0.15904312808798324,2c49250057ec,0641409,True,run_layer1,1.0,0.7353298708571158,1621.4281236365482,0.5866666666666667,0.5334476342301335,0.41333333333333333,0.20188223662698218,0.41333333333333333,0.0,0.0,0.0,0.0,-0.0,-0.0
static_calm,nominal,belief_horizon,337,path_budget,78,0.52,27.087734169626646,0.009029166123197605,3000.0261153721854,5788.0,248,175,116,38.66633007146638,1454.025317350169,0.48467088666319214,2844.0,0.49136143745680716,0.33714285714285713,0,987,115,78,37,37,823,49,0,0.6782608695652174,0,0,-0.08263702655231403,1,0.3593019850520092,0.32,0.44666666666666666,0.52,0.17647058823529413,0.041666666666666664,0.06741573033707865,0.03488372093023256,0.007968934691149543,0.014891438571120694,0.9609703834085865,0.6266666666666667,510,12557,0.9937175043327556,0.6133333333333333,29,4587,0.9430836587386108,0.6266666666666667,481,7970,0.9897411616161617,6336,0.9625843385810673,4891,0.8576086956521739,1840,baseline,3000.0,16500.0,40000.0,0.075,0.0,0.0,0.0,1.25,3.67,1.25,3.67,0.009544769346843989,0.15904312808798324,1f53cc755ac3,0641409,True,run_layer1,1.0,0.8135829047519106,1308.2475413993209,0.48,0.4542809196999014,0.52,0.3593019850520092,0.52,0.0,0.0,0.0,0.0,-0.0,-0.0
static_calm,nominal,belief_horizon,338,path_budget,63,0.42,21.721256727420872,0.007240154597984921,3000.1095188583863,5818.0,228,165,108,35.99868582167514,1674.7463754474636,0.5582284129696521,3172.0,0.5452045376418013,0.34545454545454546,0,772,90,63,27,27,682,0,0,0.7,0,0,-0.12953844927648436,0,0.227833908067146,0.12666666666666668,0.30666666666666664,0.42,0.15151515151515152,0.05952380952380952,0.08547008547008547,0.044642857142857144,0.010002145920920398,0.021653447614144374,0.9483924669649361,0.6933333333333334,496,9115,0.9898339545916638,0.6533333333333333,30,2921,0.93003003003003,0.6933333333333334,466,6194,0.9832372970141435,3818,0.9535620052770448,3790,0.872191712431353,2003,baseline,3000.0,16500.0,40000.0,0.075,0.0,0.0,0.0,1.25,3.67,1.25,3.67,0.009544769346843989,0.15904312808798324,070d34d4748f,0641409,True,run_layer1,1.0,0.7111491022043768,1864.8146101342084,0.5800000000000001,0.4833151941372308,0.42,0.227833908067146,0.42,0.0,0.0,0.0,0.0,-0.0,-0.0
static_calm,nominal,belief_horizon,339,path_budget,68,0.4533333333333333,21.083088191459396,0.007027626826569009,3000.029556457321,5670.0,225,168,111,36.99963547395107,1594.024003332501,0.5313360996399162,3015.0,0.5317460317460317,0.3392857142857143,0,792,92,68,24,24,684,16,0,0.7391304347826086,0,0,-0.11395150679428298,0,0.2740920341604893,0.2,0.37333333333333335,0.4533333333333333,0.14285714285714285,0.012345679012345678,0.022727272727272728,0.011494252873563218,0.008330421253430975,0.013234985845370341,0.94978989333046,0.84,466,8815,0.992552471225457,0.7466666666666667,22,2932,0.9298245614035088,0.84,444,5883,0.9864241107792561,3683,0.9525246981339188,3644,0.8756397134083931,1954,baseline,3000.0,16500.0,40000.0,0.075,0.0,0.0,0.0,1.25,3.67,1.25,3.67,0.009544769346843989,0.15904312808798324,429e8d03b4e6,0641409,True,run_layer1,1.0,0.7597603009846853,1845.7895518073926,0.5466666666666666,0.485668266824196,0.4533333333333333,0.2740920341604893,0.4533333333333333,0.0,0.0,0.0,0.0,-0.0,-0.0
static_calm,nominal,belief_orienteering,330,path_budget,40,0.26666666666666666,13.206897050302842,0.004401973268146624,3000.2220017713516,5441.0,150,122,85,28.331236805081566,2001.233207483992,0.6670283753343753,3557.0,0.6537401213012314,0.30327868852459017,0,477,54,40,14,14,423,0,0,0.7407407407407407,0,0,-0.10851139921729472,0,0.1621206354634487,0.15333333333333332,0.19333333333333333,0.26666666666666666,0.0,0.0,0.0,0.0,0.011896541015268413,0.01937337548515164,0.9441738478831023,0.52,447,7560,0.9890446976336547,0.43333333333333335,25,2257,0.9262882096069869,0.52,422,5303,0.9791456441305079,2973,0.9474695707879565,3122,0.8844142259414226,1912,baseline,3000.0,16500.0,40000.0,0.075,0.0,0.0,0.0,1.25,3.67,1.25,3.67,0.009544769346843989,0.15904312808798324,fa313dd45fe9,0641409,True,run_layer1,1.0,0.7353215035191204,1908.9317457171273,0.7333333333333334,0.5732008680556717,0.26666666666666666,0.2671997011134113,0.46,-0.10507906564996258,-0.19333333333333336,0.0,0.0,0.10507906564996258,0.19333333333333336
static_calm,nominal,belief_orienteering,331,path_budget,71,0.47333333333333333,23.362876708739233,0.007787496552714366,3000.0497015431743,5603.0,159,129,70,23.33294677217954,1414.100752651036,0.4713591084586521,2672.0,0.4768873817597716,0.4573643410852713,0,812,94,71,23,23,683,35,0,0.7553191489361702,0,0,-0.1485358579725522,0,0.259947279178401,0.19333333333333333,0.3466666666666667,0.47333333333333333,0.18181818181818182,0.07792207792207792,0.1090909090909091,0.057692307692307696,0.009149374699771989,0.02108685385812918,0.9741817003348817,0.7466666666666667,478,18036,0.9944454398853252,0.6666666666666666,31,5550,0.9654372535374623,0.7466666666666667,447,12486,0.991800878477306,6830,0.979381443298969,7857,0.9320616671021688,3827,baseline,3000.0,16500.0,40000.0,0.075,0.0,0.0,0.0,1.25,3.67,1.25,3.67,0.009544769346843989,0.15904312808798324,113b10efc711,0641409,True,run_layer1,1.0,0.7903418750866287,1409.6087270168966,0.5266666666666666,0.5303945959082277,0.47333333333333333,0.35769855503188597,0.52,-0.09775127585348498,-0.04666666666666669,0.0,0.0,0.09775127585348498,0.04666666666666669
static_calm,nominal,belief_orienteering,332,path_budget,64,0.4266666666666667,19.411371079429614,0.006470402898427659,3000.02509645059,5627.0,188,144,91,30.333079582455674,1621.5067132341787,0.5404977162199832,2992.0,0.5317220543806647,0.3680555555555556,0,730,83,64,19,19,637,10,0,0.7710843373493976,0,0,-0.17133529689561783,0,0.21078022538817504,0.10666666666666667,0.30666666666666664,0.4266666666666667,0.15723270440251572,0.2976190476190476,0.20576131687242796,0.11467889908256881,0.015119451776648401,0.050295054416853106,0.9592094196804037,1.0,485,11405,0.9927272727272727,0.9666666666666667,26,3549,0.944798556825015,1.0,459,7856,0.987548479281486,4899,0.9647807316518973,4401,0.8961389961389962,2590,baseline,3000.0,16500.0,40000.0,0.075,0.0,0.0,0.0,1.25,3.67,1.25,3.67,0.009544769346843989,0.15904312808798324,73ad4fd4307e,0641409,True,run_layer1,1.0,0.7414871864010895,1619.1981506910968,0.5733333333333333,0.5307069610129145,0.4266666666666667,0.33666790078542724,0.5733333333333334,-0.1258876753972522,-0.14666666666666667,0.0,0.0,0.1258876753972522,0.14666666666666667
static_calm,nominal,belief_orienteering,333,path_budget,74,0.49333333333333335,26.38345459840981,0.008794057171187123,3000.1459036282645,5612.0,169,128,73,24.332149950346256,1483.6813670998756,0.49453640414806715,2749.0,0.4898431931575196,0.4296875,0,837,101,74,27,27,731,5,0,0.7326732673267327,0,0,-0.1733379619723073,0,0.22694109815787233,0.12666666666666668,0.34,0.49333333333333335,0.10714285714285714,0.08,0.0916030534351145,0.048,0.01071023506822821,0.03034278722263895,0.9692385274836107,0.8733333333333333,488,15376,0.9933831376734258,0.8133333333333334,31,4654,0.9591197781554701,0.8733333333333333,457,10722,0.9914965986394558,5880,0.9715242881072027,6567,0.9265437518290899,3417,baseline,3000.0,16500.0,40000.0,0.075,0.0,0.0,0.0,1.25,3.67,1.25,3.67,0.009544769346843989,0.15904312808798324,c6373181aa7e,0641409,True,run_layer1,1.0,0.7668094345764104,1754.1327162488021,0.5066666666666666,0.539868336418538,0.49333333333333335,0.3348574386207369,0.5466666666666666,-0.10791634046286458,-0.05333333333333329,0.0,0.0,0.10791634046286458,0.05333333333333329
static_calm,nominal,belief_orienteering,334,path_budget,67,0.44666666666666666,23.681300831084354,0.007893553757348466,3000.08102295349,5649.0,171,128,73,24.332676164903603,1421.0164628486284,0.4736593618560609,2737.0,0.48451053283767037,0.4296875,0,711,85,67,18,18,626,0,0,0.788235294117647,0,0,-0.1754445554265544,0,0.22515909528578815,0.14666666666666667,0.29333333333333333,0.44666666666666666,0.22916666666666666,0.13414634146341464,0.16923076923076924,0.09243697478991597,0.010150049454504309,0.026911118436409608,0.9605503192459715,0.9933333333333333,519,12637,0.9915359721184964,0.96,34,3983,0.9469307364044206,0.9933333333333333,485,8654,0.9892612479170524,5401,0.9653876582278481,5056,0.8940348277139681,2699,baseline,3000.0,16500.0,40000.0,0.075,0.0,0.0,0.0,1.25,3.67,1.25,3.67,0.009544769346843989,0.15904312808798324,5f3e25a884fd,0641409,True,run_layer1,1.0,0.7339039589579819,1869.8021726703216,0.5533333333333333,0.5087448636721937,0.44666666666666666,0.3111317131648685,0.58,-0.08597261787908034,-0.1333333333333333,0.0,0.0,0.08597261787908034,0.1333333333333333
static_calm,nominal,belief_orienteering,335,path_budget,76,0.5066666666666667,25.632118098085225,0.008543865946337752,3000.060892700709,5553.0,154,113,54,17.999634651211437,1208.9600042009417,0.4029784885841481,2206.0,0.397262740860796,0.5221238938053098,0,862,100,76,24,24,753,9,0,0.76,0,0,-0.1757943218125181,0,0.23904071991066092,0.11333333333333333,0.35333333333333333,0.5066666666666667,0.15294117647058825,0.1780821917808219,0.16455696202531647,0.0896551724137931,0.011661146084694061,0.03689337198027399,0.9774518870832782,0.9866666666666667,512,22195,0.9956890144195035,0.8666666666666667,29,6698,0.9697747183979974,0.9866666666666667,483,15497,0.9922077922077922,8470,0.9820867379006913,9546,0.9413771050948625,4691,baseline,3000.0,16500.0,40000.0,0.075,0.0,0.0,0.0,1.25,3.67,1.25,3.67,0.009544769346843989,0.15904312808798324,0b1a683bb9bd,0641409,True,run_layer1,1.0,0.819441075007062,1378.7276672041849,0.4933333333333333,0.5804003550964011,0.5066666666666667,0.3357908748721844,0.62,-0.09675015496152348,-0.11333333333333329,0.0,0.0,0.09675015496152348,0.11333333333333329
static_calm,nominal,belief_orienteering,336,path_budget,44,0.29333333333333333,15.506405930762867,0.005168720453121076,3000.0473175908537,5521.0,145,106,73,24.332949541149784,1867.3666897437129,0.6224457457035297,3420.0,0.6194529976453541,0.3113207547169811,0,475,57,44,13,13,418,0,0,0.7719298245614035,0,0,-0.1047861236545968,0,0.12708347519252883,0.08,0.18,0.29333333333333333,0.12903225806451613,0.038834951456310676,0.05970149253731343,0.03076923076923077,0.011877845802422229,0.02603838875354125,0.943504330446369,0.7066666666666667,424,7081,0.9864805931094636,0.46,31,2262,0.9245970836531082,0.7066666666666667,393,4819,0.9818702290076335,3144,0.9481183777858969,2737,0.8614532019704434,1624,baseline,3000.0,16500.0,40000.0,0.075,0.0,0.0,0.0,1.25,3.67,1.25,3.67,0.009544769346843989,0.15904312808798324,09d1ab5970df,0641409,True,run_layer1,1.0,0.7353298708571158,1621.4281236365482,0.7066666666666667,0.6082463956645869,0.29333333333333333,0.20188223662698218,0.41333333333333333,-0.07479876143445335,-0.12,0.0,0.0,0.07479876143445335,0.12
static_calm,nominal,belief_orienteering,337,path_budget,77,0.5133333333333333,26.670949132138468,0.008889895789912651,3000.141932192495,5666.0,176,138,81,26.99872267069893,1519.55783166476,0.5064953145580922,2867.0,0.5060007059654077,0.41304347826086957,0,867,99,77,22,22,754,14,0,0.7777777777777778,0,0,-0.1374478907717138,0,0.28337834602309997,0.20666666666666667,0.36,0.5133333333333333,0.15267175572519084,0.273972602739726,0.19607843137254902,0.10869565217391304,0.012886005903864925,0.04193794901855695,0.9719901993540483,0.98,503,17455,0.9957115628970775,0.94,27,6269,0.9591836734693877,0.98,476,11186,0.9911894273127754,8399,0.9784172661870504,7228,0.8828828828828829,2331,baseline,3000.0,16500.0,40000.0,0.075,0.0,0.0,0.0,1.25,3.67,1.25,3.67,0.009544769346843989,0.15904312808798324,45e33402ce38,0641409,True,run_layer1,1.0,0.8135829047519106,1308.2475413993209,0.4866666666666667,0.5302045587288107,0.5133333333333333,0.3593019850520092,0.52,-0.07592363902890925,-0.00666666666666671,0.0,0.0,0.07592363902890925,0.00666666666666671
static_calm,nominal,belief_orienteering,338,path_budget,58,0.38666666666666666,19.241043828281228,0.00641359146603678,3000.04200925056,5565.0,164,118,76,25.332978593518277,1603.6580106449737,0.5345451849341214,2973.0,0.5342318059299191,0.3559322033898305,0,672,78,58,20,20,594,0,0,0.7435897435897436,0,0,-0.12241076697295548,0,0.2160738330717621,0.13333333333333333,0.2866666666666667,0.38666666666666666,0.09523809523809523,0.02247191011235955,0.03636363636363636,0.018518518518518517,0.009943148032144808,0.018437815340205634,0.9529756097560975,0.7,482,9768,0.9906166219839142,0.6133333333333333,28,2956,0.9375172034131571,0.7,454,6812,0.986318407960199,4020,0.958124373119358,3988,0.8840321141837645,2242,baseline,3000.0,16500.0,40000.0,0.075,0.0,0.0,0.0,1.25,3.67,1.25,3.67,0.009544769346843989,0.15904312808798324,aefc090759fb,0641409,True,run_layer1,1.0,0.7111491022043768,1864.8146101342084,0.6133333333333333,0.4950752691326147,0.38666666666666666,0.227833908067146,0.42,-0.011760074995383923,-0.033333333333333326,0.0,0.0,0.011760074995383923,0.033333333333333326
static_calm,nominal,belief_orienteering,339,path_budget,47,0.31333333333333335,15.772432365874955,0.005257323857006388,3000.0876481777277,5666.0,173,113,73,24.332622429994892,1610.4131296656183,0.5367886937049301,2967.0,0.5236498411577832,0.35398230088495575,0,610,69,47,22,22,533,8,0,0.6811594202898551,0,0,-0.1546872678087901,0,0.16350645327102828,0.11333333333333333,0.22666666666666666,0.31333333333333335,0.1640625,0.2079207920792079,0.1834061135371179,0.10096153846153846,0.015145165208719415,0.04152709478509058,0.9555536074340317,0.72,507,10900,0.9912404634077423,0.66,31,3508,0.9395017793594306,0.72,476,7392,0.9844173441734417,4428,0.9627178469005074,4533,0.8900245298446443,2446,baseline,3000.0,16500.0,40000.0,0.075,0.0,0.0,0.0,1.25,3.67,1.25,3.67,0.009544769346843989,0.15904312808798324,44be581b578a,0641409,True,run_layer1,1.0,0.7597603009846853,1845.7895518073926,0.6866666666666666,0.596253847713657,0.31333333333333335,0.2740920341604893,0.4533333333333333,-0.110585580889461,-0.13999999999999996,0.0,0.0,0.110585580889461,0.13999999999999996
static_calm,nominal,belief_orienteering_depth1,330,path_budget,55,0.36666666666666664,21.867017084891554,0.00728871919820188,3000.1179206198703,5577.0,145,98,59,19.66589366187636,1461.9970969010583,0.48731321087505364,2722.0,0.488076026537565,0.3979591836734694,0,591,70,55,15,15,521,0,0,0.7857142857142857,0,0,-0.16368410752216758,0,0.2011854889140379,0.14,0.2733333333333333,0.36666666666666664,0.1111111111111111,0.05263157894736842,0.07142857142857142,0.037037037037037035,0.012114825948798182,0.02843750166354698,0.9578544061302682,0.8666666666666667,473,10750,0.9922648514851485,0.7466666666666667,25,3207,0.9439369290451758,0.8666666666666667,448,7543,0.9890519450267878,4293,0.9563579973416039,4514,0.9052152317880795,2416,baseline,3000.0,16500.0,40000.0,0.075,0.0,0.0,0.0,1.25,3.67,1.25,3.67,0.009544769346843989,0.15904312808798324,ed9910a9c8c4,0641409,True,run_layer1,1.0,0.7353215035191204,1908.9317457171273,0.6333333333333333,0.5341360146050825,0.36666666666666664,0.2671997011134113,0.46,-0.0660142121993734,-0.09333333333333338,0.0,0.0,0.0660142121993734,0.09333333333333338
static_calm,nominal,belief_orienteering_depth1,331,path_budget,69,0.46,23.405672962418702,0.007801726711414634,3000.0631691153803,5630.0,145,107,60,19.99957888143136,1416.7825502491764,0.47225090619239823,2706.0,0.48063943161634104,0.4392523364485981,0,879,101,69,32,32,729,49,0,0.6831683168316832,0,0,-0.15634496213614454,0,0.22993525542113188,0.12666666666666668,0.34,0.46,0.17647058823529413,0.0759493670886076,0.10619469026548674,0.056074766355140186,0.009112168723153985,0.02284988958789109,0.9764910753156291,0.7666666666666667,486,20187,0.9946481977018732,0.72,34,6319,0.9684357541899441,0.7666666666666667,452,13868,0.992078001218769,8205,0.9784816247582205,8272,0.9420877025738799,4196,baseline,3000.0,16500.0,40000.0,0.075,0.0,0.0,0.0,1.25,3.67,1.25,3.67,0.009544769346843989,0.15904312808798324,e88e479c41ea,0641409,True,run_layer1,1.0,0.7903418750866287,1409.6087270168966,0.54,0.5604066196654968,0.46,0.35769855503188597,0.52,-0.12776329961075408,-0.06,0.0,0.0,0.12776329961075408,0.06
static_calm,nominal,belief_orienteering_depth1,332,path_budget,43,0.2866666666666667,14.229825803527797,0.004743250769279876,3000.015494792863,5450.0,120,93,60,19.99989670191444,1572.7138702700345,0.5242352491178126,2902.0,0.5324770642201835,0.3548387096774194,0,555,66,43,23,23,489,0,0,0.6515151515151515,0,0,-0.14508809894602515,0,0.11709037991664928,0.07333333333333333,0.14666666666666667,0.2866666666666667,0.10344827586206896,0.08571428571428572,0.09375,0.04918032786885246,0.01510882313887661,0.03978932849147279,0.9596292665537831,0.6666666666666666,453,10768,0.9933110367892977,0.6266666666666667,22,3267,0.9456631366616238,0.6666666666666666,431,7501,0.9891623391284714,4429,0.9595232182766328,4027,0.9124773960216999,2765,baseline,3000.0,16500.0,40000.0,0.075,0.0,0.0,0.0,1.25,3.67,1.25,3.67,0.009544769346843989,0.15904312808798324,95d1ef03b828,0641409,True,run_layer1,1.0,0.7414871864010895,1619.1981506910968,0.7133333333333334,0.6243968064844402,0.2866666666666667,0.33666790078542724,0.5733333333333334,-0.21957752086877796,-0.2866666666666667,0.0,0.0,0.21957752086877796,0.2866666666666667
static_calm,nominal,belief_orienteering_depth1,333,path_budget,55,0.36666666666666664,19.503310673703748,0.006500854742868603,3000.1148226083283,5364.0,140,97,53,17.665990514963458,1431.484872744396,0.4771433619663428,2415.0,0.45022371364653246,0.4536082474226804,0,569,68,55,13,13,496,5,0,0.8088235294117647,0,0,-0.16220023459607236,0,0.17644214762647073,0.1,0.26666666666666666,0.36666666666666664,0.023255813953488372,0.010526315789473684,0.014492753623188408,0.0072992700729927005,0.012021991858511228,0.02630940672064587,0.9705580500320719,0.86,459,15131,0.9940366972477064,0.7333333333333333,26,4334,0.9614425645592164,0.86,433,10797,0.98816029143898,5490,0.9756769160165213,6537,0.9340443446533819,3563,baseline,3000.0,16500.0,40000.0,0.075,0.0,0.0,0.0,1.25,3.67,1.25,3.67,0.009544769346843989,0.15904312808798324,92a62781c61f,0641409,True,run_layer1,1.0,0.7668094345764104,1754.1327162488021,0.6333333333333333,0.5903672869499397,0.36666666666666664,0.3348574386207369,0.5466666666666666,-0.15841529099426618,-0.18,0.0,0.0,0.15841529099426618,0.18
static_calm,nominal,belief_orienteering_depth1,334,path_budget,59,0.3933333333333333,20.725683230877934,0.006908524418939138,3000.015918603431,5519.0,122,95,48,15.999915101232192,1299.5533996933113,0.43318216801272175,2428.0,0.4399347707918101,0.49473684210526314,0,690,82,59,23,23,600,8,0,0.7195121951219512,0,0,-0.13974572218528222,0,0.18543930498910224,0.13333333333333333,0.22,0.3933333333333333,0.11764705882352941,0.06666666666666667,0.0851063829787234,0.044444444444444446,0.011674595640280075,0.02691440465710249,0.9555955311494035,0.84,469,10093,0.9879518072289156,0.62,38,3116,0.9418196544276458,0.84,431,6977,0.9851778656126482,4048,0.9536826119969628,3951,0.9118220834959032,2563,baseline,3000.0,16500.0,40000.0,0.075,0.0,0.0,0.0,1.25,3.67,1.25,3.67,0.009544769346843989,0.15904312808798324,e3e8e903a222,0641409,True,run_layer1,1.0,0.7339039589579819,1869.8021726703216,0.6066666666666667,0.5484646539688797,0.3933333333333333,0.3111317131648685,0.58,-0.12569240817576624,-0.18666666666666665,0.0,0.0,0.12569240817576624,0.18666666666666665
static_calm,nominal,belief_orienteering_depth1,335,path_budget,70,0.4666666666666667,25.83901380133844,0.008612805773702223,3000.0692550427166,5416.0,126,98,48,15.999630648298668,1358.7189321923338,0.45289585562350215,2407.0,0.44442392909896605,0.5102040816326531,0,911,103,70,33,33,791,17,0,0.6796116504854369,0,0,-0.18954019749629605,0,0.23991123347042503,0.17333333333333334,0.32,0.4666666666666667,0.2184873949579832,0.3291139240506329,0.2626262626262626,0.1511627906976744,0.012058036753669031,0.04198987199186864,0.9791675881286214,1.0,471,22138,0.9947745595700209,0.9666666666666667,35,6663,0.972597574005405,1.0,436,15475,0.9926487747957993,8570,0.9818320278503047,9192,0.9502785227976067,4847,baseline,3000.0,16500.0,40000.0,0.075,0.0,0.0,0.0,1.25,3.67,1.25,3.67,0.009544769346843989,0.15904312808798324,f9bb5be916e6,0641409,True,run_layer1,1.0,0.819441075007062,1378.7276672041849,0.5333333333333333,0.579529841536637,0.4666666666666667,0.3357908748721844,0.62,-0.09587964140175936,-0.15333333333333332,0.0,0.0,0.09587964140175936,0.15333333333333332
static_calm,nominal,belief_orienteering_depth1,336,path_budget,47,0.31333333333333335,16.09092187074458,0.005363506487833262,3000.0750268962493,5479.0,118,98,56,18.666199844320307,1639.3963592354444,0.5464517868846415,2976.0,0.5431648110969155,0.42857142857142855,0,547,63,47,16,16,484,0,0,0.746031746031746,0,0,-0.10777256546917313,0,0.13206198546523298,0.06666666666666667,0.18,0.31333333333333335,0.10869565217391304,0.15,0.12605042016806722,0.06726457399103139,0.016752298612601232,0.043971900431585505,0.9500613086612418,0.6933333333333334,448,8523,0.9896942631398145,0.5733333333333334,30,2881,0.931023102310231,0.6933333333333334,418,5642,0.9822921790457452,4066,0.950891460744448,3197,0.8717798594847775,1708,baseline,3000.0,16500.0,40000.0,0.075,0.0,0.0,0.0,1.25,3.67,1.25,3.67,0.009544769346843989,0.15904312808798324,007554a3fa15,0641409,True,run_layer1,1.0,0.7353298708571158,1621.4281236365482,0.6866666666666666,0.6032678853918828,0.31333333333333335,0.20188223662698218,0.41333333333333333,-0.0698202511617492,-0.09999999999999998,0.0,0.0,0.0698202511617492,0.09999999999999998
static_calm,nominal,belief_orienteering_depth1,337,path_budget,55,0.36666666666666664,18.608131010905872,0.006202639572134799,3000.034226477132,5379.0,120,96,54,17.999794643480083,1550.3631186114628,0.5167818103302164,2771.0,0.5151515151515151,0.4375,0,741,85,55,30,30,621,35,0,0.6470588235294118,0,0,-0.06757855573148984,0,0.24862433186361288,0.22,0.31333333333333335,0.36666666666666664,0.0,0.0,0.0,0.0,0.009302516918362879,0.012660450258481696,0.9740138124780522,0.5133333333333333,444,16642,0.9955253563142195,0.5133333333333333,27,6007,0.9622692725298588,0.5133333333333333,417,10635,0.9923047811277911,7927,0.9798648065583202,6953,0.8898458748866727,2206,baseline,3000.0,16500.0,40000.0,0.075,0.0,0.0,0.0,1.25,3.67,1.25,3.67,0.009544769346843989,0.15904312808798324,54a7cac5c626,0641409,True,run_layer1,1.0,0.8135829047519106,1308.2475413993209,0.6333333333333333,0.5649585728882978,0.36666666666666664,0.3593019850520092,0.52,-0.11067765318839634,-0.15333333333333338,0.0,0.0,0.11067765318839634,0.15333333333333338
static_calm,nominal,belief_orienteering_depth1,338,path_budget,51,0.34,17.237291695783075,0.005745489218807922,3000.1434237064814,5499.0,141,104,67,22.332265674560944,1698.9243385684324,0.5662810401475814,3073.0,0.5588288779778141,0.3557692307692308,0,611,72,51,21,21,525,14,0,0.7083333333333334,0,0,-0.09928458671623627,0,0.1633324471069462,0.12,0.21333333333333335,0.34,0.06896551724137931,0.020202020202020204,0.03125,0.015873015873015872,0.011609371065809228,0.02280769369727037,0.957743957027753,0.5866666666666667,472,10698,0.9917898193760263,0.5066666666666667,30,3624,0.9411921234699309,0.5866666666666667,442,7074,0.9872064158869582,5237,0.9650593990216632,4293,0.8445121951219512,1640,baseline,3000.0,16500.0,40000.0,0.075,0.0,0.0,0.0,1.25,3.67,1.25,3.67,0.009544769346843989,0.15904312808798324,276f65f85f45,0641409,True,run_layer1,1.0,0.7111491022043768,1864.8146101342084,0.6599999999999999,0.5478166550974306,0.34,0.227833908067146,0.42,-0.06450146096019982,-0.07999999999999996,0.0,0.0,0.06450146096019982,0.07999999999999996
static_calm,nominal,belief_orienteering_depth1,339,path_budget,48,0.32,14.211215353517655,0.004736959749781393,3000.0709535633046,5470.0,132,104,64,21.332828786594074,1677.275271917696,0.5590785344345036,3029.0,0.5537477148080439,0.38461538461538464,0,556,66,48,18,18,483,7,0,0.7272727272727273,0,0,-0.13942163472015132,0,0.20468836931681578,0.17333333333333334,0.26,0.32,0.14285714285714285,0.06,0.08450704225352111,0.04411764705882353,0.01221369456113013,0.027854335884814247,0.9551973005904958,0.8333333333333334,478,10191,0.9935503685503686,0.66,21,3235,0.9383515445838392,0.8333333333333334,457,6956,0.9892397660818714,4275,0.9542997542997543,4070,0.8941480206540448,2324,baseline,3000.0,16500.0,40000.0,0.075,0.0,0.0,0.0,1.25,3.67,1.25,3.67,0.009544769346843989,0.15904312808798324,1b6bd522698f,0641409,True,run_layer1,1.0,0.7597603009846853,1845.7895518073926,0.6799999999999999,0.5550719316678695,0.32,0.2740920341604893,0.4533333333333333,-0.0694036648436735,-0.1333333333333333,0.0,0.0,0.0694036648436735,0.1333333333333333
static_calm,nominal,adaptive_mission,330,path_budget,42,0.28,14.027740711202615,0.0046757262420544276,3000.120192032262,5486.0,177,147,111,36.998517690989345,1948.6280541466804,0.6495166624730099,3567.0,0.6502005103900839,0.24489795918367346,10,489,54,42,12,12,435,0,0,0.7777777777777778,0,0,-0.14572335488946045,0,0.1606525292478536,0.14,0.20666666666666667,0.28,0.17647058823529413,0.16822429906542055,0.1722488038277512,0.09424083769633508,0.0154985589359426,0.04611363388898375,0.9505103251839544,0.8733333333333333,417,8009,0.9902676399026764,0.6666666666666666,24,2442,0.9340604026845638,0.8733333333333333,393,5567,0.9809495896834701,3412,0.9548753550015778,3169,0.886720867208672,1845,baseline,3000.0,16500.0,40000.0,0.075,0.0,0.0,0.0,1.25,3.67,1.25,3.67,0.009544769346843989,0.15904312808798324,0ce14eba8066,0641409,True,run_layer1,1.0,0.7353215035191204,1908.9317457171273,0.72,0.5746689742712668,0.28,0.2671997011134113,0.46,-0.1065471718655577,-0.18,0.0,0.0,0.1065471718655577,0.18
static_calm,nominal,adaptive_mission,331,path_budget,79,0.5266666666666666,25.28200775025954,0.008427193784558541,3000.050597695368,5511.0,240,203,136,45.3325687588319,1864.8369972215587,0.6216018485335287,3451.0,0.6262021411722011,0.33004926108374383,46,891,96,79,17,17,746,49,0,0.8229166666666666,0,0,-0.14816524616366478,0,0.2938569611633385,0.20666666666666667,0.4066666666666667,0.5266666666666666,0.1935483870967742,0.17391304347826086,0.183206106870229,0.10084033613445378,0.009699714608869817,0.028081190306803644,0.9752020908041087,0.9866666666666667,408,16045,0.9968503937007874,0.82,16,5064,0.9655324013013277,0.9866666666666667,392,10981,0.989658273381295,6672,0.9793103448275862,6380,0.9391355483681271,3401,baseline,3000.0,16500.0,40000.0,0.075,0.0,0.0,0.0,1.25,3.67,1.25,3.67,0.009544769346843989,0.15904312808798324,d63cc1a91e98,0641409,True,run_layer1,1.0,0.7903418750866287,1409.6087270168966,0.4733333333333334,0.4964849139232902,0.5266666666666666,0.35769855503188597,0.52,-0.06384159386854749,0.006666666666666599,0.0,0.006666666666666599,0.06384159386854749,0.0
static_calm,nominal,adaptive_mission,332,path_budget,61,0.4066666666666667,21.576932048079883,0.007192195361169178,3000.048102777382,5455.0,219,167,112,37.33273473059073,1730.1604775108592,0.5767109120380812,3095.0,0.5673693858845096,0.32934131736526945,36,737,79,61,18,18,657,1,0,0.7721518987341772,0,0,-0.13508911908668267,0,0.19813329936067153,0.12666666666666668,0.24666666666666667,0.4066666666666667,0.175,0.16091954022988506,0.16766467065868262,0.0915032679738562,0.01217864565962873,0.030779739130786153,0.9553949903660887,0.72,463,9917,0.9915654520917678,0.66,25,2939,0.9409385113268608,0.72,438,6978,0.9861784675072744,4124,0.9590387766247952,3662,0.9013107170393215,2594,baseline,3000.0,16500.0,40000.0,0.075,0.0,0.0,0.0,1.25,3.67,1.25,3.67,0.009544769346843989,0.15904312808798324,473a633e5199,0641409,True,run_layer1,1.0,0.7414871864010895,1619.1981506910968,0.5933333333333333,0.543353887040418,0.4066666666666667,0.33666790078542724,0.5733333333333334,-0.1385346014247557,-0.16666666666666669,0.0,0.0,0.1385346014247557,0.16666666666666669
static_calm,nominal,adaptive_mission,333,path_budget,82,0.5466666666666666,28.55970556244278,0.009519608604770179,3000.0924143175175,5299.0,222,178,111,36.99886025852676,1578.8175386472894,0.526256301676777,2778.0,0.5242498584638611,0.37640449438202245,40,931,110,82,28,28,817,4,0,0.7454545454545455,0,0,-0.1499588907767421,1,0.3218680179180235,0.24666666666666667,0.44,0.5466666666666666,0.09259259259259259,0.07352941176470588,0.0819672131147541,0.042735042735042736,0.0095922752483403,0.026005644374099326,0.9650882825040128,0.86,435,12025,0.9938072159396877,0.8,23,3691,0.9528927509718729,0.86,412,8334,0.9894344313238036,4827,0.9682281059063137,4910,0.9162688211531399,2723,baseline,3000.0,16500.0,40000.0,0.075,0.0,0.0,0.0,1.25,3.67,1.25,3.67,0.009544769346843989,0.15904312808798324,84d8b223719e,0641409,True,run_layer1,1.0,0.7668094345764104,1754.1327162488021,0.45333333333333337,0.4449414166583869,0.5466666666666666,0.3348574386207369,0.5466666666666666,-0.012989420702713417,0.0,0.0,0.0,0.012989420702713417,-0.0
static_calm,nominal,adaptive_mission,334,path_budget,67,0.44666666666666666,23.822329511858708,0.007940463648780587,3000.118200341751,5971.0,256,176,119,39.66510385705617,1487.6007741499543,0.495847388273068,2983.0,0.499581309663373,0.32386363636363635,19,781,87,67,20,20,689,5,0,0.7701149425287356,0,0,-0.17962788152899975,0,0.22367902672706566,0.14666666666666667,0.2866666666666667,0.44666666666666666,0.22,0.13253012048192772,0.16541353383458648,0.09016393442622951,0.0102020910073687,0.02435898917061343,0.9574502639058059,1.0,524,11791,0.99090407938258,0.94,33,3595,0.9434787613675607,1.0,491,8196,0.9856750392464678,5096,0.9590939080712557,4547,0.9008233532934131,2672,baseline,3000.0,16500.0,40000.0,0.075,0.0,0.0,0.0,1.25,3.67,1.25,3.67,0.009544769346843989,0.15904312808798324,4914ba05b69b,0641409,True,run_layer1,1.0,0.7339039589579819,1869.8021726703216,0.5533333333333333,0.5102249322309163,0.44666666666666666,0.3111317131648685,0.58,-0.08745268643780282,-0.1333333333333333,0.0,0.0,0.08745268643780282,0.1333333333333333
static_calm,nominal,adaptive_mission,335,path_budget,87,0.58,29.135227679067704,0.00971146999150319,3000.0841998748742,5666.0,261,194,127,42.33214521288998,1464.5458869585457,0.48816826108401495,2794.0,0.4931168372749735,0.34536082474226804,35,1104,124,87,37,37,970,10,0,0.7016129032258065,0,0,-0.140703985268133,1,0.3434571184601922,0.22666666666666666,0.5066666666666667,0.58,0.3333333333333333,0.07936507936507936,0.1282051282051282,0.0684931506849315,0.006405464651904126,0.015577083237594155,0.9745927965129617,0.9733333333333334,443,16993,0.9937025375069457,0.8466666666666667,34,5365,0.9660214339121044,0.9733333333333334,409,11628,0.9911174785100286,6980,0.978826895565093,6990,0.9327755337564916,3466,baseline,3000.0,16500.0,40000.0,0.075,0.0,0.0,0.0,1.25,3.67,1.25,3.67,0.009544769346843989,0.15904312808798324,7e2b8cd7f93c,0641409,True,run_layer1,1.0,0.819441075007062,1378.7276672041849,0.42000000000000004,0.47598395654686976,0.58,0.3357908748721844,0.62,0.007666243588007826,-0.040000000000000036,0.007666243588007826,0.0,0.0,0.040000000000000036
static_calm,nominal,adaptive_mission,336,path_budget,48,0.32,16.098247971056313,0.005365894737603794,3000.1050632322285,5504.0,179,142,99,32.99884434491777,1725.6692954309399,0.575202954249793,3193.0,0.5801235465116279,0.3028169014084507,4,567,66,48,18,18,487,14,0,0.7272727272727273,0,0,-0.08988882122236168,0,0.13787960556970852,0.07333333333333333,0.2,0.32,0.15384615384615385,0.04040404040404041,0.064,0.03305785123966942,0.01123696930050776,0.020456776863427565,0.9336920168678202,0.5533333333333333,456,6421,0.9888293118856122,0.4266666666666667,25,2213,0.9070920456995042,0.5533333333333333,431,4208,0.9842370744010088,3172,0.9284828441504754,2419,0.8188180404354588,1286,baseline,3000.0,16500.0,40000.0,0.075,0.0,0.0,0.0,1.25,3.67,1.25,3.67,0.009544769346843989,0.15904312808798324,880ea500c628,0641409,True,run_layer1,1.0,0.7353298708571158,1621.4281236365482,0.6799999999999999,0.5974502652874072,0.32,0.20188223662698218,0.41333333333333333,-0.06400263105727366,-0.09333333333333332,0.0,0.0,0.06400263105727366,0.09333333333333332
static_calm,nominal,adaptive_mission,337,path_budget,69,0.46,24.466426230725144,0.008155101248592473,3000.137642061516,5347.0,218,174,118,39.33152877576558,1872.1887042234612,0.6240342702866808,3224.0,0.6029549279970077,0.3218390804597701,37,845,93,69,24,24,722,30,0,0.7419354838709677,0,0,-0.07072155762515435,0,0.3427988048959734,0.32,0.44,0.46,0.1,0.012345679012345678,0.021978021978021976,0.011111111111111112,0.008470906582818837,0.01491570964946527,0.9603509073707749,0.6266666666666667,461,11166,0.9924610894941635,0.56,31,4081,0.9427811044577512,0.6266666666666667,430,7085,0.9894662921348315,5696,0.9649397052255472,4478,0.8320715760495526,1453,baseline,3000.0,16500.0,40000.0,0.075,0.0,0.0,0.0,1.25,3.67,1.25,3.67,0.009544769346843989,0.15904312808798324,b7c1ae057471,0641409,True,run_layer1,1.0,0.8135829047519106,1308.2475413993209,0.54,0.4707840998559372,0.46,0.3593019850520092,0.52,-0.0165031801560358,-0.06,0.0,0.0,0.0165031801560358,0.06
static_calm,nominal,adaptive_mission,338,path_budget,51,0.34,17.563490260672676,0.0058543359603170815,3000.082397000224,5423.0,203,154,111,36.998983798241234,1942.457675131939,0.6474681085673508,3431.0,0.632675640789231,0.2792207792207792,41,589,64,51,13,13,525,0,0,0.796875,0,0,-0.1293694741132517,0,0.18652449720229455,0.12,0.22,0.34,0.1724137931034483,0.10416666666666667,0.12987012987012989,0.06944444444444445,0.012066578856883083,0.0305121044523515,0.9515955889528642,0.74,496,9751,0.9886324491904926,0.6266666666666667,33,2870,0.9369553376906318,0.74,463,6881,0.9846153846153847,3965,0.952862783810464,4052,0.8905829596412556,2230,baseline,3000.0,16500.0,40000.0,0.075,0.0,0.0,0.0,1.25,3.67,1.25,3.67,0.009544769346843989,0.15904312808798324,0ca5aadbb63a,0641409,True,run_layer1,1.0,0.7111491022043768,1864.8146101342084,0.6599999999999999,0.5246246050020822,0.34,0.227833908067146,0.42,-0.04130941086485146,-0.07999999999999996,0.0,0.0,0.04130941086485146,0.07999999999999996
static_calm,nominal,adaptive_mission,339,path_budget,69,0.46,20.443829591350614,0.006814351016191356,3000.1139569673915,5700.0,221,170,116,38.665197943766245,1673.4992643116625,0.5578118992530829,3166.0,0.5554385964912281,0.3176470588235294,28,829,93,69,24,24,723,13,0,0.7419354838709677,0,0,-0.1375465705881017,0,0.26583988177441426,0.21333333333333335,0.32666666666666666,0.46,0.20930232558139536,0.1125,0.14634146341463414,0.07894736842105263,0.009791725508917956,0.02474526863649345,0.9599172485130593,0.7266666666666667,465,11136,0.9926047658175843,0.68,27,3624,0.9449056603773585,0.7266666666666667,438,7512,0.9857482185273159,4631,0.9641521882559929,4547,0.902600082542303,2423,baseline,3000.0,16500.0,40000.0,0.075,0.0,0.0,0.0,1.25,3.67,1.25,3.67,0.009544769346843989,0.15904312808798324,115bf54079b8,0641409,True,run_layer1,1.0,0.7597603009846853,1845.7895518073926,0.54,0.493920419210271,0.46,0.2740920341604893,0.4533333333333333,-0.008252152386075018,0.00666666666666671,0.0,0.00666666666666671,0.008252152386075018,0.0
static_calm,nominal,oracle_current_physics,330,done,150,1.0,53.021930375380165,0.027775707798007962,1908.9317457171273,2672.0,155,153,5,2.6192659906348053,61.466782286099175,0.03219957047914669,105.0,0.03929640718562874,0.9673202614379085,0,1553,193,150,43,43,1355,5,0,0.7772020725388601,0,0,-0.14315972753365055,1,0.7353215035191204,0.6533333333333333,0.9933333333333333,0.9933333333333333,0.0,0.0,0.0,0.0,0.013113792639623176,0.05171073383418235,0.9474798814061838,1.0,248,4474,0.9939172749391727,1.0,10,1634,0.9226770630279402,1.0,238,2840,0.9871168369613506,2251,0.949658172778123,1609,0.839907192575406,862,baseline,3000.0,16500.0,40000.0,0.075,0.0,0.0,0.0,1.25,3.67,1.25,3.67,0.009544769346843989,0.15904312808798324,7900cb1f9fee,0641409,True,run_layer1,1.0,0.7353215035191204,1908.9317457171273,0.0,0.0,1.0,0.2671997011134113,0.46,,,,,,
static_calm,nominal,oracle_current_physics,331,done,150,1.0,49.63182781101361,0.03520964850724756,1409.6087270168966,2134.0,156,154,6,4.256500321686842,29.858327152963852,0.021181996521936933,69.0,0.03233364573570759,0.961038961038961,0,1621,199,150,49,49,1393,29,0,0.7537688442211056,0,0,-0.09168473689553923,1,0.7903418750866287,0.6933333333333334,0.9933333333333333,0.9933333333333333,0.0,0.0,0.0,0.0,0.01647906672574519,0.06054662806039172,0.9676704230556069,1.0,175,5238,0.9936675461741424,1.0,12,1883,0.9536668561682774,1.0,163,3355,0.9924981245311327,2666,0.9645429362880886,1805,0.9033970276008493,942,baseline,3000.0,16500.0,40000.0,0.075,0.0,0.0,0.0,1.25,3.67,1.25,3.67,0.009544769346843989,0.15904312808798324,893858667a26,0641409,True,run_layer1,1.0,0.7903418750866287,1409.6087270168966,0.0,0.0,1.0,0.35769855503188597,0.52,,,,,,
static_calm,nominal,oracle_current_physics,332,done,150,1.0,52.252236377329915,0.03227043975749844,1619.1981506910968,2367.0,152,150,2,1.2351792763266012,23.78070667097819,0.01468671802819701,37.0,0.01563160118293198,0.9866666666666667,0,1561,194,150,44,44,1358,9,0,0.7731958762886598,0,0,-0.11333819693533527,1,0.7414871864010895,0.66,0.9933333333333333,0.9933333333333333,0.0,0.0,0.0,0.0,0.015777276499105475,0.058542956097867964,0.9634146341463414,1.0,198,5214,0.9904661016949152,1.0,18,1870,0.9489216799091941,1.0,180,3344,0.9906176700547302,2558,0.9597639484978541,1864,0.9,990,baseline,3000.0,16500.0,40000.0,0.075,0.0,0.0,0.0,1.25,3.67,1.25,3.67,0.009544769346843989,0.15904312808798324,9f6199373e9a,0641409,True,run_layer1,1.0,0.7414871864010895,1619.1981506910968,0.0,0.0,1.0,0.33666790078542724,0.5733333333333334,,,,,,
static_calm,nominal,oracle_current_physics,333,done,150,1.0,50.606617438084015,0.028849936478184977,1754.1327162488021,2552.0,160,157,9,5.1307406313282975,110.07940209037267,0.0627543178863778,179.0,0.07014106583072101,0.9426751592356688,0,1752,216,150,66,66,1512,24,0,0.6944444444444444,0,0,-0.11885096761854216,1,0.7668094345764104,0.7066666666666667,0.9933333333333333,0.9933333333333333,0.0,0.0,0.0,0.0,0.010584541478222763,0.043471791253369495,0.9591454272863568,1.0,218,5118,0.992821645499724,1.0,13,1798,0.9418439716312057,1.0,205,3320,0.9878689850384149,2473,0.9585326953748007,1881,0.8879837067209776,982,baseline,3000.0,16500.0,40000.0,0.075,0.0,0.0,0.0,1.25,3.67,1.25,3.67,0.009544769346843989,0.15904312808798324,65dab2a87043,0641409,True,run_layer1,1.0,0.7668094345764104,1754.1327162488021,0.0,0.0,1.0,0.3348574386207369,0.5466666666666666,,,,,,
static_calm,nominal,oracle_current_physics,334,done,150,1.0,56.516764696791505,0.030226066437861812,1869.8021726703216,2642.0,154,151,4,2.139263745900711,38.55399976360152,0.020619293488434325,72.0,0.02725208175624527,0.9735099337748344,0,1626,203,150,53,53,1421,2,0,0.7389162561576355,0,0,-0.12407791796434534,2,0.7339039589579819,0.6133333333333333,0.9933333333333333,0.9933333333333333,0.0,0.0,0.0,0.0,0.011240767485554016,0.043916542601827334,0.9581573124119895,1.0,208,4763,0.9923842999414177,1.0,13,1694,0.9402573529411765,0.9933333333333333,195,3069,0.9880066170388752,2418,0.957089552238806,1608,0.8835978835978836,945,baseline,3000.0,16500.0,40000.0,0.075,0.0,0.0,0.0,1.25,3.67,1.25,3.67,0.009544769346843989,0.15904312808798324,ac92264e4d51,0641409,True,run_layer1,1.0,0.7339039589579819,1869.8021726703216,0.0,0.0,1.0,0.3111317131648685,0.58,,,,,,
static_calm,nominal,oracle_current_physics,335,done,150,1.0,53.09305767727852,0.03850873449500134,1378.7276672041849,2082.0,156,154,6,4.351838396169227,69.3269955448904,0.05028331351721783,113.0,0.05427473583093179,0.961038961038961,0,1569,191,150,41,41,1341,37,0,0.7853403141361257,0,0,-0.09040685034679512,1,0.819441075007062,0.8266666666666667,0.9933333333333333,0.9933333333333333,0.0,0.0,0.0,0.0,0.012319460943847662,0.0467786872854318,0.9669003750203815,1.0,203,5930,0.9936554416788678,1.0,13,2036,0.9534769833496572,1.0,190,3894,0.9904862579281184,2838,0.9642693540998626,2183,0.9118705035971223,1112,baseline,3000.0,16500.0,40000.0,0.075,0.0,0.0,0.0,1.25,3.67,1.25,3.67,0.009544769346843989,0.15904312808798324,049acf7d908b,0641409,True,run_layer1,1.0,0.819441075007062,1378.7276672041849,0.0,0.0,1.0,0.3357908748721844,0.62,,,,,,
static_calm,nominal,oracle_current_physics,336,done,150,1.0,50.40654971988559,0.031087748500891604,1621.4281236365482,2376.0,154,152,4,2.466961033726723,19.10428291525296,0.011782380382305054,44.0,0.018518518518518517,0.9736842105263158,0,1527,190,150,40,40,1330,7,0,0.7894736842105263,0,0,-0.12282869617232163,1,0.7353298708571158,0.56,0.9933333333333333,0.9933333333333333,0.0,0.0,0.0,0.0,0.019674703997662406,0.07284268791773542,0.9577495621716288,1.0,193,4375,0.9945619335347432,1.0,9,1646,0.9368348781325094,1.0,184,2729,0.9898945518453427,2276,0.956960322797579,1487,0.8683229813664596,805,baseline,3000.0,16500.0,40000.0,0.075,0.0,0.0,0.0,1.25,3.67,1.25,3.67,0.009544769346843989,0.15904312808798324,fb3c7a42008e,0641409,True,run_layer1,1.0,0.7353298708571158,1621.4281236365482,0.0,0.0,1.0,0.20188223662698218,0.41333333333333333,,,,,,
static_calm,nominal,oracle_current_physics,337,done,150,1.0,53.46584187260086,0.040868291497351494,1308.2475413993209,2023.0,156,154,6,4.586287999885948,27.967816523367695,0.0213780768840222,66.0,0.03262481463173505,0.961038961038961,0,1704,202,150,52,52,1414,88,0,0.7425742574257426,0,0,-0.08608292253516411,1,0.8135829047519106,0.8,0.9933333333333333,0.9933333333333333,0.0,0.0,0.0,0.0,0.016345238587709674,0.05846398104184791,0.9698127627053879,1.0,158,5076,0.996969696969697,1.0,6,1974,0.9532882606023356,1.0,152,3102,0.9933701657458563,2715,0.9681029658645776,1787,0.8866120218579235,732,baseline,3000.0,16500.0,40000.0,0.075,0.0,0.0,0.0,1.25,3.67,1.25,3.67,0.009544769346843989,0.15904312808798324,7a3c2a18fd55,0641409,True,run_layer1,1.0,0.8135829047519106,1308.2475413993209,0.0,0.0,1.0,0.3593019850520092,0.52,,,,,,
static_calm,nominal,oracle_current_physics,338,done,150,1.0,49.916064309673544,0.026767306539968148,1864.8146101342084,2641.0,158,156,8,4.289970679404024,60.34971353809084,0.03236231269860522,117.0,0.044301400984475575,0.9487179487179487,0,1711,210,150,60,60,1470,31,0,0.7142857142857143,0,0,-0.11703307246429308,1,0.7111491022043768,0.5333333333333333,0.9933333333333333,0.9933333333333333,0.0,0.0,0.0,0.0,0.014133647080176686,0.053567267745834694,0.9622677284793326,1.0,199,5075,0.9930369576861274,1.0,13,1854,0.9454065159964778,1.0,186,3221,0.9897299353366299,2629,0.9597574421168688,1814,0.8808664259927798,831,baseline,3000.0,16500.0,40000.0,0.075,0.0,0.0,0.0,1.25,3.67,1.25,3.67,0.009544769346843989,0.15904312808798324,cfc3fbed807f,0641409,True,run_layer1,1.0,0.7111491022043768,1864.8146101342084,0.0,0.0,1.0,0.227833908067146,0.42,,,,,,
static_calm,nominal,oracle_current_physics,339,done,150,1.0,48.094904850821365,0.02605654843138913,1845.7895518073926,2604.0,154,152,4,2.1670942909408115,44.9034265832214,0.024327489848044746,73.0,0.02803379416282642,0.9736842105263158,0,1591,196,150,46,46,1372,23,0,0.7653061224489796,0,0,-0.12061509191432805,1,0.7597603009846853,0.64,0.9933333333333333,0.9933333333333333,0.0,0.0,0.0,0.0,0.008497335933833304,0.03758392337731075,0.9526389725065222,1.0,236,4747,0.9916154276131918,1.0,15,1774,0.9308077645585473,1.0,221,2973,0.9859851607584501,2426,0.9476190476190476,1680,0.8700114025085519,877,baseline,3000.0,16500.0,40000.0,0.075,0.0,0.0,0.0,1.25,3.67,1.25,3.67,0.009544769346843989,0.15904312808798324,c067f4297163,0641409,True,run_layer1,1.0,0.7597603009846853,1845.7895518073926,0.0,0.0,1.0,0.2740920341604893,0.4533333333333333,,,,,,
weak_drift,nominal,greedy,330,path_budget,48,0.32,17.457987010291333,0.005819185054606163,3000.074210816256,4732.0,209,208,164,54.66531441413215,2599.7470777269546,0.8665609231778367,4079.0,0.8620033812341504,0.21153846153846154,0,872,73,48,25,25,706,93,0,0.6575342465753424,0,0,-0.05745779074799649,0,0.1373167752412543,0.10666666666666667,0.19333333333333333,0.32,0.1037344398340249,0.3424657534246575,0.15923566878980894,0.08650519031141868,0.02044463972458351,0.0714264095264952,0.9646589902568645,0.9533333333333334,399,10891,0.9937851435335898,0.8666666666666667,21,3358,0.9522184300341296,0.9533333333333334,378,7533,0.9893206089525108,4401,0.965960485598667,4201,0.9222470238095238,2688,baseline,3000.0,16500.0,40000.0,0.075,0.03405877273185281,0.06811754546370562,2.0435263639111687,1.25,3.67,1.25,3.67,0.009544769346843989,0.15904312808798324,c24a890b3d93,0641409,True,run_layer1,1.0,0.7247825668808852,1562.7198974581745,0.6799999999999999,0.5874657916396309,0.32,0.3151734845658478,0.7533333333333333,-0.17785670932459352,-0.4333333333333333,0.0,0.0,0.17785670932459352,0.4333333333333333
weak_drift,nominal,greedy,331,path_budget,51,0.34,15.101595473671878,0.005033629208066912,3000.1406240789465,4463.0,188,187,139,46.33116157435903,2659.374595559299,0.8864166480115365,3888.0,0.8711628949137351,0.25668449197860965,0,932,78,51,27,27,782,72,0,0.6538461538461539,0,0,-0.05454508829864865,0,0.1890430223847701,0.16666666666666666,0.22,0.34,0.0,0.0,0.0,0.0,0.006504001878616255,0.02608106689449456,0.9720397249809014,1.0,366,12724,0.9963450292397661,1.0,15,4089,0.9609392388159359,0.9933333333333333,351,8635,0.9913093858632677,5178,0.975707727620505,5228,0.9277198211624441,2684,baseline,3000.0,16500.0,40000.0,0.075,0.03405877273185281,0.06811754546370562,2.0435263639111687,1.25,3.67,1.25,3.67,0.009544769346843989,0.15904312808798324,7b4a7503c53a,0641409,True,run_layer1,1.0,0.7918647576434834,1339.208623285338,0.6599999999999999,0.6028217352587133,0.34,0.39143371388695275,0.8933333333333333,-0.20239069150218264,-0.5533333333333332,0.0,0.0,0.20239069150218264,0.5533333333333332
weak_drift,nominal,greedy,332,path_budget,41,0.2733333333333333,14.791107090708229,0.004930091488187794,3000.1688865504507,4482.0,181,180,146,48.66392710573991,2697.0700061897433,0.8989727272622956,3992.0,0.890673806336457,0.18888888888888888,0,617,56,41,15,15,511,50,0,0.7321428571428571,0,0,-0.01960793767861506,0,0.20279415236221265,0.15333333333333332,0.2733333333333333,0.2733333333333333,0.0,0.0,0.0,0.0,0.007270380938872736,0.014353927151958146,0.9463499265981583,0.9533333333333334,402,7091,0.9928793947485536,0.8,16,2231,0.9264201296225696,0.9533333333333334,386,4860,0.9856184084372004,3129,0.9454265949269792,2602,0.8779795686719637,1762,baseline,3000.0,16500.0,40000.0,0.075,0.03405877273185281,0.06811754546370562,2.0435263639111687,1.25,3.67,1.25,3.67,0.009544769346843989,0.15904312808798324,3265c8a68cb7,0641409,True,run_layer1,1.0,0.7498516173939359,1337.743853038537,0.7266666666666667,0.5470574650317233,0.2733333333333333,0.42378885592196414,0.9533333333333334,-0.22099470355975148,-0.68,0.0,0.0,0.22099470355975148,0.68
weak_drift,nominal,greedy,333,path_budget,20,0.13333333333333333,5.735302582223626,0.0019117199039522812,3000.0747339432346,3788.0,100,99,84,27.999302500572103,2871.2247339431947,0.9570510699142877,3597.0,0.9495776135163675,0.15151515151515152,0,343,28,20,8,8,284,31,0,0.7142857142857143,0,0,-0.03744470092982361,0,0.04741213712353524,0.0,0.11333333333333333,0.13333333333333333,0.0,0.0,0.0,0.0,0.008679268015215368,0.029504172458976824,0.9324885296045444,0.7733333333333333,309,4268,0.98,0.6466666666666666,26,1274,0.9136405248703082,0.7733333333333333,283,2994,0.9785507246376811,1725,0.9417693169092946,1786,0.8424015009380863,1066,baseline,3000.0,16500.0,40000.0,0.075,0.03405877273185281,0.06811754546370562,2.0435263639111687,1.25,3.67,1.25,3.67,0.009544769346843989,0.15904312808798324,acce03445ed5,0641409,True,run_layer1,1.0,0.7755833554991115,1360.866656535337,0.8666666666666667,0.7281712183755763,0.13333333333333333,0.3587363208546667,0.6733333333333333,-0.31132418373113147,-0.54,0.0,0.0,0.31132418373113147,0.54
weak_drift,nominal,greedy,334,path_budget,41,0.2733333333333333,15.29359313360647,0.005097628747892864,3000.138670343181,4623.0,195,194,154,51.33096063935745,2638.490338232498,0.8794561279164758,4033.0,0.872377244213714,0.20618556701030927,0,497,54,41,13,13,434,9,0,0.7592592592592593,0,0,-0.040274000959731805,0,0.15863207837507837,0.1459199397255961,0.18,0.2733333333333333,0.23809523809523808,0.06666666666666667,0.10416666666666667,0.054945054945054944,0.008407821907218714,0.023142066745942682,0.9458069620253164,0.5866666666666667,411,7173,0.9838326200665716,0.4533333333333333,34,2069,0.9312169312169312,0.5866666666666667,377,5104,0.9800601956358164,2658,0.9521899030424608,2991,0.8888888888888888,1935,baseline,3000.0,16500.0,40000.0,0.075,0.03405877273185281,0.06811754546370562,2.0435263639111687,1.25,3.67,1.25,3.67,0.009544769346843989,0.15904312808798324,52c0af5e5132,0641409,True,run_layer1,1.0,0.7315479837866851,2026.9231092687792,0.7266666666666667,0.5729159054116066,0.2733333333333333,0.3617301510015324,0.7866666666666666,-0.20309807262645402,-0.5133333333333333,0.0,0.0,0.20309807262645402,0.5133333333333333
weak_drift,nominal,greedy,335,path_budget,61,0.4066666666666667,21.424518438400565,0.007140974906572403,3000.223179426368,4415.0,186,185,129,42.996801332847625,2494.225813790815,0.8313467580994099,3617.0,0.8192525481313704,0.3027027027027027,0,765,75,61,14,14,669,21,0,0.8133333333333334,0,0,-0.08128542763446797,0,0.2685404636496883,0.24666666666666667,0.36666666666666664,0.4066666666666667,0.14814814814814814,0.08,0.10389610389610389,0.0547945205479452,0.008317823052564031,0.03549782589883125,0.9774482166932222,1.0,368,15950,0.9965928449744463,0.9733333333333334,16,4680,0.969712614007916,1.0,352,11270,0.9923862259906558,5779,0.9816446402349486,6810,0.9466344864574953,3729,baseline,3000.0,16500.0,40000.0,0.075,0.03405877273185281,0.06811754546370562,2.0435263639111687,1.25,3.67,1.25,3.67,0.009544769346843989,0.15904312808798324,75fbc528df2c,0641409,True,run_layer1,1.0,0.7968029914520048,1307.7436903190164,0.5933333333333333,0.5282625278023165,0.4066666666666667,0.42761049417880964,0.9733333333333334,-0.15907003052912133,-0.5666666666666667,0.0,0.0,0.15907003052912133,0.5666666666666667
weak_drift,nominal,greedy,336,path_budget,26,0.17333333333333334,7.958141575885514,0.0026524991125934996,3000.242879668444,4649.0,193,192,168,55.99546661321154,2758.2118234122386,0.9193295123216983,4278.0,0.9201978920197892,0.125,0,329,30,26,4,4,261,38,0,0.8666666666666667,0,0,-0.009744718863214385,0,0.09261260184634905,0.06666666666666667,0.14,0.17333333333333334,0.05405405405405406,0.034482758620689655,0.042105263157894736,0.021505376344086023,0.00830513096689063,0.0314536186649991,0.9164585698070374,0.6933333333333334,368,4037,0.976497346474602,0.47333333333333333,31,1288,0.890797148412184,0.6933333333333334,337,2749,0.974816369359916,1906,0.9073438572409059,1457,0.8224568138195777,1042,baseline,3000.0,16500.0,40000.0,0.075,0.03405877273185281,0.06811754546370562,2.0435263639111687,1.25,3.67,1.25,3.67,0.009544769346843989,0.15904312808798324,679cb6036cfc,0641409,True,run_layer1,1.0,0.7481862767142851,1463.1505625703223,0.8266666666666667,0.655573674867936,0.17333333333333334,0.37725737465784087,0.8466666666666667,-0.2846447728114918,-0.6733333333333333,0.0,0.0,0.2846447728114918,0.6733333333333333
weak_drift,nominal,greedy,337,path_budget,71,0.47333333333333333,24.135647103309047,0.008045012170182114,3000.0758970589213,4915.0,246,245,178,59.33183229614277,2328.382501837854,0.7761078658444769,3897.0,0.7928789420142421,0.27346938775510204,0,984,100,71,29,29,820,64,0,0.71,0,0,-0.0022147908707171697,0,0.2873161892258293,0.26,0.34,0.47333333333333333,0.0,0.0,0.0,0.0,0.008536190348235348,0.03482166554080167,0.9728468392023759,1.0,384,13758,0.9959636730575177,0.9866666666666667,20,4935,0.9603787961249591,1.0,364,8823,0.9938558369548929,6673,0.974658158614403,5485,0.8971774193548387,1984,baseline,3000.0,16500.0,40000.0,0.075,0.03405877273185281,0.06811754546370562,2.0435263639111687,1.25,3.67,1.25,3.67,0.009544769346843989,0.15904312808798324,f587afdb6e0e,0641409,True,run_layer1,1.0,0.7956681122227537,1317.9021771771922,0.5266666666666666,0.5083519229969244,0.47333333333333333,0.4081909603309519,0.8266666666666667,-0.12087477110512262,-0.35333333333333333,0.0,0.0,0.12087477110512262,0.35333333333333333
weak_drift,nominal,greedy,338,path_budget,27,0.18,9.12795048248309,0.003042446056528974,3000.201256779838,4868.0,213,212,186,61.995840972227526,2649.158040233184,0.8829934439386796,4368.0,0.8972884141331142,0.12264150943396226,0,445,35,27,8,8,336,74,0,0.7714285714285715,0,0,0.012089125529238135,0,0.13677231019012395,0.13333333333333333,0.18,0.18,0.0,0.0,0.0,0.0,0.006809568747166374,0.01675005792919563,0.8826615129762562,0.54,425,3197,0.9804719283970708,0.41333333333333333,24,1205,0.8324279147513581,0.54,401,1992,0.9711864406779661,1770,0.8700959023539668,1147,0.6808510638297872,705,baseline,3000.0,16500.0,40000.0,0.075,0.03405877273185281,0.06811754546370562,2.0435263639111687,1.25,3.67,1.25,3.67,0.009544769346843989,0.15904312808798324,5f68d2724c8d,0641409,True,run_layer1,1.0,0.7397390165597446,1488.5107252011815,0.8200000000000001,0.6029667063696207,0.18,0.3304816228173417,0.7466666666666667,-0.19370931262721777,-0.5666666666666667,0.0,0.0,0.19370931262721777,0.5666666666666667
weak_drift,nominal,greedy,339,path_budget,38,0.25333333333333335,12.275506964632418,0.004091809052279439,3000.0195042811342,4347.0,168,167,130,43.33305160665969,2657.5872098618943,0.8858566439549553,3807.0,0.8757763975155279,0.2215568862275449,0,497,53,38,15,15,444,0,0,0.7169811320754716,0,0,-0.054568881329346924,0,0.17762288916990573,0.18,0.21333333333333335,0.25333333333333335,0.25,0.031746031746031744,0.05633802816901408,0.028985507246376812,0.0070096845494811676,0.021890649652012855,0.9507042253521126,0.5666666666666667,364,7020,0.989786443825441,0.5,22,2132,0.9346080305927342,0.5666666666666667,342,4888,0.9819148936170212,2820,0.9565821465786731,2879,0.8884272997032641,1685,baseline,3000.0,16500.0,40000.0,0.075,0.03405877273185281,0.06811754546370562,2.0435263639111687,1.25,3.67,1.25,3.67,0.009544769346843989,0.15904312808798324,cede21c79e71,0641409,True,run_layer1,1.0,0.7631503117074252,1490.3693599163823,0.7466666666666666,0.5855274225375194,0.25333333333333335,0.30300009802778427,0.9,-0.12537720885787854,-0.6466666666666667,0.0,0.0,0.12537720885787854,0.6466666666666667
weak_drift,nominal,confirmed_route,330,path_budget,75,0.5,27.10252376413437,0.009033912811019399,3000.086931442953,4026.0,153,151,88,29.332483361631994,1816.9661989579395,0.6056378499952442,2528.0,0.6279185295578739,0.41721854304635764,86,1142,101,75,26,26,877,164,0,0.7425742574257426,0,0,-0.0841477099814398,1,0.20354430285076375,0.05333333333333334,0.30666666666666664,0.5,0.02702702702702703,0.014084507042253521,0.018518518518518517,0.009345794392523364,0.01865133696873894,0.06927001118300684,0.9651072878407114,0.8533333333333334,361,9985,0.994311377245509,0.7266666666666667,19,3321,0.9511846988295747,0.8533333333333334,342,6664,0.98898628905372,4449,0.970013037809648,3835,0.9044616876818623,2062,baseline,3000.0,16500.0,40000.0,0.075,0.03405877273185281,0.06811754546370562,2.0435263639111687,1.25,3.67,1.25,3.67,0.009544769346843989,0.15904312808798324,39bfbf3d30e8,0641409,True,run_layer1,1.0,0.7247825668808852,1562.7198974581745,0.5,0.5212382640301214,0.5,0.3151734845658478,0.7533333333333333,-0.11162918171508407,-0.2533333333333333,0.0,0.0,0.11162918171508407,0.2533333333333333
weak_drift,nominal,confirmed_route,331,path_budget,81,0.54,27.349473569657025,0.009116380864274026,3000.0363057270065,4419.0,202,201,141,46.99943121716026,2145.429008827509,0.7151343484516937,3263.0,0.7384023534736366,0.29850746268656714,139,1255,104,81,23,23,966,185,0,0.7788461538461539,0,0,-0.07966076699766678,0,0.17997611544150652,0.09333333333333334,0.22,0.54,0.0196078431372549,0.18867924528301888,0.035523978685612786,0.018083182640144666,0.036986891424212506,0.11046614376141654,0.9801176141136937,0.9933333333333333,355,17500,0.9954371235626939,0.8933333333333333,25,5454,0.9733354880413704,0.9933333333333333,330,12046,0.9940934065934066,7280,0.981547619047619,6720,0.9512321660181582,3855,baseline,3000.0,16500.0,40000.0,0.075,0.03405877273185281,0.06811754546370562,2.0435263639111687,1.25,3.67,1.25,3.67,0.009544769346843989,0.15904312808798324,ee6fc158f007,0641409,True,run_layer1,1.0,0.7918647576434834,1339.208623285338,0.45999999999999996,0.6118886422019769,0.54,0.39143371388695275,0.8933333333333333,-0.21145759844544623,-0.3533333333333333,0.0,0.0,0.21145759844544623,0.3533333333333333
weak_drift,nominal,confirmed_route,332,path_budget,81,0.54,27.20007609894634,0.009066639369693914,3000.017425405176,4401.0,194,193,143,47.66638979794817,2106.7248997107718,0.7022375543122861,3249.0,0.7382413087934561,0.25906735751295334,141,1389,104,81,23,23,1045,240,0,0.7788461538461539,0,0,-0.06411948214305206,0,0.16435056157054503,0.04666666666666667,0.18,0.54,0.002150537634408602,0.018518518518518517,0.0038535645472061657,0.0019305019305019305,0.03542345335051374,0.10774260245482108,0.9775684427435973,0.9866666666666667,381,16604,0.9966641957005189,0.8866666666666667,18,5378,0.9686771938907585,0.9866666666666667,363,11226,0.993328700486449,7195,0.9793666026871402,6252,0.9423403052572075,3538,baseline,3000.0,16500.0,40000.0,0.075,0.03405877273185281,0.06811754546370562,2.0435263639111687,1.25,3.67,1.25,3.67,0.009544769346843989,0.15904312808798324,a89c09a3cc0b,0641409,True,run_layer1,1.0,0.7498516173939359,1337.743853038537,0.45999999999999996,0.5855010558233908,0.54,0.42378885592196414,0.9533333333333334,-0.2594382943514191,-0.41333333333333333,0.0,0.0,0.2594382943514191,0.41333333333333333
weak_drift,nominal,confirmed_route,333,path_budget,101,0.6733333333333333,33.01415494644828,0.011004361937267167,3000.097155532767,4431.0,208,206,138,45.99851033007413,1879.482836046318,0.6264739902106782,2997.0,0.6763710223425863,0.3300970873786408,136,1669,129,101,28,28,1225,315,0,0.7829457364341085,0,0,-0.06049719373567897,1,0.2259511658305067,0.08,0.3,0.6733333333333333,0.023255813953488372,0.3783783783783784,0.04381846635367762,0.0224,0.03856572593522863,0.11842133146288729,0.9806607999156874,0.88,367,18610,0.9980713596914176,0.84,12,6210,0.9721677773422187,0.88,355,12400,0.9951369944253351,8431,0.9807531380753138,7170,0.9443127962085308,3376,baseline,3000.0,16500.0,40000.0,0.075,0.03405877273185281,0.06811754546370562,2.0435263639111687,1.25,3.67,1.25,3.67,0.009544769346843989,0.15904312808798324,8839d8cd76e3,0641409,True,run_layer1,1.0,0.7755833554991115,1360.866656535337,0.32666666666666666,0.5496321896686048,0.6733333333333333,0.3587363208546667,0.6733333333333333,-0.13278515502416002,0.0,0.0,0.0,0.13278515502416002,-0.0
weak_drift,nominal,confirmed_route,334,path_budget,23,0.15333333333333332,7.792111222324051,0.0025973066902992394,3000.073596016615,3972.0,129,128,106,35.332466557068074,2749.8870776139115,0.9166065396745962,3595.0,0.9050855991943605,0.171875,98,509,35,23,12,12,446,28,0,0.6571428571428571,0,0,-0.10879805890374164,0,0.05785775321447417,0.03333333333333333,0.09333333333333334,0.15333333333333332,0.06358381502890173,0.10476190476190476,0.07913669064748202,0.04119850187265917,0.022267717907424496,0.07375399041079313,0.9616913225877677,0.8466666666666667,347,8711,0.9940853400929447,0.6466666666666666,14,2353,0.9502316544612166,0.8466666666666667,333,6358,0.9890393294648614,3102,0.9623563218390805,3480,0.9264943457189014,2476,baseline,3000.0,16500.0,40000.0,0.075,0.03405877273185281,0.06811754546370562,2.0435263639111687,1.25,3.67,1.25,3.67,0.009544769346843989,0.15904312808798324,a2cb49fcb5d2,0641409,True,run_layer1,1.0,0.7315479837866851,2026.9231092687792,0.8466666666666667,0.6736902305722109,0.15333333333333332,0.3617301510015324,0.7866666666666666,-0.3038723977870582,-0.6333333333333333,0.0,0.0,0.3038723977870582,0.6333333333333333
weak_drift,nominal,confirmed_route,335,path_budget,105,0.7,37.74401301402442,0.012580832210813212,3000.1205311031395,4565.0,223,221,152,50.66463111204064,1868.6773753024147,0.6228674334678497,3093.0,0.6775465498357065,0.31221719457013575,150,1924,136,105,31,31,1328,460,0,0.7720588235294118,0,0,-0.05307611623522056,1,0.24062508472879643,0.12666666666666668,0.35333333333333333,0.7,0.03152364273204904,0.5294117647058824,0.05950413223140496,0.030664395229982964,0.03823592546473078,0.1277016123538396,0.9833867431270029,1.0,394,23322,0.997874601487779,0.9933333333333333,16,7512,0.9766493699036323,1.0,378,15810,0.9950704225352113,9940,0.9847287483981204,9364,0.9542157751586582,4412,baseline,3000.0,16500.0,40000.0,0.075,0.03405877273185281,0.06811754546370562,2.0435263639111687,1.25,3.67,1.25,3.67,0.009544769346843989,0.15904312808798324,480874c67382,0641409,True,run_layer1,1.0,0.7968029914520048,1307.7436903190164,0.30000000000000004,0.5561779067232084,0.7,0.42761049417880964,0.9733333333333334,-0.1869854094500132,-0.27333333333333343,0.0,0.0,0.1869854094500132,0.27333333333333343
weak_drift,nominal,confirmed_route,336,path_budget,85,0.5666666666666667,27.304807727251955,0.009101478824439055,3000.0407905069,4066.0,161,159,99,32.99955131052486,1869.5115526929847,0.6231620445324357,2655.0,0.6529758976881456,0.37735849056603776,97,1454,105,85,20,20,998,351,0,0.8095238095238095,0,0,-0.0700414846698042,1,0.21936119093907533,0.04,0.2733333333333333,0.5666666666666667,0.02631578947368421,0.17543859649122806,0.04576659038901602,0.0234192037470726,0.027369830514475352,0.09041039070771198,0.9698423020647049,0.9866666666666667,371,11931,0.9958516349438751,0.9,17,4081,0.9568503169185762,0.9866666666666667,354,7850,0.9911047856253336,5621,0.9732930794240594,4306,0.9132631578947369,2375,baseline,3000.0,16500.0,40000.0,0.075,0.03405877273185281,0.06811754546370562,2.0435263639111687,1.25,3.67,1.25,3.67,0.009544769346843989,0.15904312808798324,dfb04abfc1e5,0641409,True,run_layer1,1.0,0.7481862767142851,1463.1505625703223,0.43333333333333335,0.5288250857752097,0.5666666666666667,0.37725737465784087,0.8466666666666667,-0.15789618371876554,-0.28,0.0,0.0,0.15789618371876554,0.28
weak_drift,nominal,confirmed_route,337,path_budget,40,0.26666666666666666,14.942001093166219,0.004980615773247625,3000.030874379865,4510.0,201,200,161,53.666114363999746,2611.3310032286663,0.8704347096989304,3901.0,0.8649667405764967,0.195,157,561,50,40,10,10,506,5,0,0.8,0,0,-0.014818916719715247,0,0.10048039383377765,0.02,0.1434027662473136,0.26666666666666666,0.10674157303370786,0.21348314606741572,0.14232209737827714,0.07661290322580645,0.01753755193806669,0.05059895816787293,0.9753216067209242,0.6866666666666666,376,14860,0.9946102819237148,0.6133333333333333,26,4798,0.9663849404533231,0.6866666666666666,350,10062,0.9914084074869592,6518,0.9776993422108134,6233,0.9271629778672033,2485,baseline,3000.0,16500.0,40000.0,0.075,0.03405877273185281,0.06811754546370562,2.0435263639111687,1.25,3.67,1.25,3.67,0.009544769346843989,0.15904312808798324,b9fed20f3550,0641409,True,run_layer1,1.0,0.7956681122227537,1317.9021771771922,0.7333333333333334,0.6951877183889761,0.26666666666666666,0.4081909603309519,0.8266666666666667,-0.30771056649717426,-0.56,0.0,0.0,0.30771056649717426,0.56
weak_drift,nominal,confirmed_route,338,path_budget,72,0.48,23.560559101182733,0.007852972353743071,3000.2090978905253,4254.0,179,178,126,41.997072833554085,2321.286483078174,0.7737082341061802,3317.0,0.7797367183826986,0.29213483146067415,121,1083,93,72,21,21,816,174,0,0.7741935483870968,0,0,-0.04937353421313434,0,0.17705439567356684,0.04,0.26666666666666666,0.48,0.0,0.0,0.0,0.0,0.021394371425439603,0.07170738601849075,0.9732566858285429,0.7533333333333333,321,11682,0.995384197664947,0.6666666666666666,17,3666,0.9634615384615385,0.7533333333333333,304,8016,0.9931693989071039,5124,0.9760820045558086,4390,0.9272800321414223,2489,baseline,3000.0,16500.0,40000.0,0.075,0.03405877273185281,0.06811754546370562,2.0435263639111687,1.25,3.67,1.25,3.67,0.009544769346843989,0.15904312808798324,af7b735e809a,0641409,True,run_layer1,1.0,0.7397390165597446,1488.5107252011815,0.52,0.5626846208861778,0.48,0.3304816228173417,0.7466666666666667,-0.15342722714377488,-0.2666666666666667,0.0,0.0,0.15342722714377488,0.2666666666666667
weak_drift,nominal,confirmed_route,339,path_budget,60,0.4,20.072160853875715,0.006690285420900495,3000.1949978352427,4236.0,172,171,126,41.997270207741124,2241.2027532224733,0.7470190287096633,3251.0,0.7674693106704438,0.2631578947368421,122,1206,81,60,21,21,944,181,0,0.7407407407407407,0,0,-0.05635119244488421,0,0.0915874431882881,0.013333333333333334,0.06666666666666667,0.4,0.06666666666666667,0.5517241379310345,0.11895910780669146,0.06324110671936758,0.03582918066087147,0.1162384444163406,0.9758731005065316,0.9866666666666667,362,14642,0.9947654519830884,0.9333333333333333,26,4941,0.9665238617116668,0.9866666666666667,336,9701,0.9924824056301983,6252,0.9796516640800138,5799,0.9332881815103284,2953,baseline,3000.0,16500.0,40000.0,0.075,0.03405877273185281,0.06811754546370562,2.0435263639111687,1.25,3.67,1.25,3.67,0.009544769346843989,0.15904312808798324,0ef459844c59,0641409,True,run_layer1,1.0,0.7631503117074252,1490.3693599163823,0.6,0.671562868519137,0.4,0.30300009802778427,0.9,-0.21141265483949617,-0.5,0.0,0.0,0.21141265483949617,0.5
weak_drift,nominal,belief_horizon,330,path_budget,49,0.32666666666666666,16.992570835609126,0.005664016573200969,3000.0920046753895,5884.0,310,133,98,32.66566486870246,1622.7338664858432,0.5408947005481665,2677.0,0.45496261046906866,0.2631578947368421,0,720,78,49,29,29,590,52,0,0.6282051282051282,0,0,-0.03235460868025225,0,0.22765372448707472,0.15333333333333332,0.32666666666666666,0.32666666666666666,0.0,0.0,0.0,0.0,0.005417565261503299,0.013132318373505867,0.9390659922362075,0.9066666666666666,518,7983,0.9869151467089612,0.6466666666666666,33,2489,0.9188827563137648,0.9066666666666666,485,5494,0.976268951878708,3034,0.9440975319655069,3363,0.8773764258555133,2104,baseline,3000.0,16500.0,40000.0,0.075,0.03405877273185281,0.06811754546370562,2.0435263639111687,1.25,3.67,1.25,3.67,0.009544769346843989,0.15904312808798324,2bdd3feabad1,0641409,True,run_layer1,1.0,0.7247825668808852,1562.7198974581745,0.6733333333333333,0.49712884239381044,0.32666666666666666,0.3151734845658478,0.7533333333333333,-0.0875197600787731,-0.42666666666666664,0.0,0.0,0.0875197600787731,0.42666666666666664
weak_drift,nominal,belief_horizon,331,path_budget,134,0.8933333333333333,44.066172769396346,0.014688443297824087,3000.057383611523,5875.0,335,154,86,28.66611834486701,1030.7053315601788,0.34356187224638923,1836.0,0.31251063829787235,0.44155844155844154,0,1731,175,134,41,41,1285,271,0,0.7657142857142857,0,0,-0.06639719423304127,1,0.39143371388695275,0.16,0.5133333333333333,0.8933333333333333,0.0,0.0,0.0,0.0,0.0041182339006570305,0.030990015166697672,0.9761599468110367,1.0,502,20555,0.996727376209448,0.9933333333333333,23,7005,0.9658564402309502,1.0,479,13550,0.992267743796884,8665,0.9783380247215763,8171,0.9388770433546553,4221,baseline,3000.0,16500.0,40000.0,0.075,0.03405877273185281,0.06811754546370562,2.0435263639111687,1.25,3.67,1.25,3.67,0.009544769346843989,0.15904312808798324,8e046f13335a,0641409,True,run_layer1,1.0,0.7918647576434834,1339.208623285338,0.10666666666666669,0.40043104375653066,0.8933333333333333,0.39143371388695275,0.8933333333333333,0.0,0.0,0.0,0.0,-0.0,-0.0
weak_drift,nominal,belief_horizon,332,path_budget,136,0.9066666666666666,47.08427961689337,0.01569418984510517,3000.108962717715,5963.0,332,153,80,26.665698144353474,715.0439509983731,0.23833932696585622,1478.0,0.24786181452289116,0.477124183006536,0,1747,183,136,47,47,1347,217,0,0.7431693989071039,0,0,-0.10485609559165382,1,0.42378885592196414,0.18666666666666668,0.5871535745158101,0.9066666666666666,0.0,0.0,0.0,0.0,0.015753366620522628,0.06376343988672664,0.9669173890872004,1.0,519,15169,0.9933893157048419,1.0,37,5560,0.9522346645525716,1.0,482,9609,0.9911961989938514,7156,0.968715697036224,5466,0.9070450097847358,3066,baseline,3000.0,16500.0,40000.0,0.075,0.03405877273185281,0.06811754546370562,2.0435263639111687,1.25,3.67,1.25,3.67,0.009544769346843989,0.15904312808798324,21b850b53f1e,0641409,True,run_layer1,1.0,0.7498516173939359,1337.743853038537,0.09333333333333338,0.3260627614719718,0.9066666666666666,0.42378885592196414,0.9533333333333334,0.0,-0.046666666666666745,0.0,0.0,-0.0,0.046666666666666745
weak_drift,nominal,belief_horizon,333,path_budget,84,0.56,27.02561007869602,0.009008092123014727,3000.148056839742,5584.0,281,131,86,28.66525197112758,1370.3299112199177,0.4567540952173469,2180.0,0.39040114613180515,0.3435114503816794,0,966,101,84,17,17,717,148,0,0.8316831683168316,0,0,-0.047750812707690854,1,0.3587363208546667,0.22,0.56,0.56,0.0,0.0,0.0,0.0,0.004654431419984533,0.011496494211442939,0.9679653679653679,0.8266666666666667,481,14534,0.9952350010829543,0.8133333333333334,22,4595,0.9558568955568378,0.8266666666666667,459,9939,0.9893580501201511,5826,0.9726027397260274,6059,0.9191693290734825,3130,baseline,3000.0,16500.0,40000.0,0.075,0.03405877273185281,0.06811754546370562,2.0435263639111687,1.25,3.67,1.25,3.67,0.009544769346843989,0.15904312808798324,ae8406fc8a02,0641409,True,run_layer1,1.0,0.7755833554991115,1360.866656535337,0.43999999999999995,0.4168470346444448,0.56,0.3587363208546667,0.6733333333333333,0.0,-0.11333333333333329,0.0,0.0,-0.0,0.11333333333333329
weak_drift,nominal,belief_horizon,334,path_budget,118,0.7866666666666666,45.35810718422485,0.015119093732285479,3000.0546320687627,6418.0,377,133,69,22.99958116176682,657.0615744313604,0.21901653636829513,1282.0,0.19975070115300717,0.48120300751879697,0,1424,148,118,30,30,1065,211,0,0.7972972972972973,0,0,-0.07350836857723682,1,0.3617301510015324,0.17333333333333334,0.5,0.7866666666666666,0.0,0.0,0.0,0.0,0.007186748353468309,0.03227852918257493,0.9653364583975822,1.0,562,15651,0.9936746392567701,0.9866666666666667,32,5027,0.9524834140218755,1.0,530,10624,0.9886090165249478,6233,0.9686185700420575,6182,0.9218009478672986,3798,baseline,3000.0,16500.0,40000.0,0.075,0.03405877273185281,0.06811754546370562,2.0435263639111687,1.25,3.67,1.25,3.67,0.009544769346843989,0.15904312808798324,be6b4c7b2544,0641409,True,run_layer1,1.0,0.7315479837866851,2026.9231092687792,0.21333333333333337,0.3698178327851527,0.7866666666666666,0.3617301510015324,0.7866666666666666,0.0,0.0,0.0,0.0,-0.0,-0.0
weak_drift,nominal,belief_horizon,335,path_budget,131,0.8733333333333333,46.45099003092342,0.015482666399442365,3000.1931729664107,6033.0,333,137,83,27.664885297347233,1014.36631422091,0.3381003341254742,1833.0,0.30382894082545997,0.39416058394160586,0,1694,173,131,42,42,1267,254,0,0.7572254335260116,0,0,-0.04517871274882378,1,0.42761049417880964,0.20666666666666667,0.56,0.8733333333333333,0.0,0.0,0.0,0.0,0.0025417093661699868,0.0178140033633085,0.9762834690132229,1.0,504,20747,0.9937579798552987,0.9933333333333333,44,7005,0.9676101957470779,1.0,460,13742,0.9937236229845254,9241,0.9760030963746613,7751,0.9389528058229631,4259,baseline,3000.0,16500.0,40000.0,0.075,0.03405877273185281,0.06811754546370562,2.0435263639111687,1.25,3.67,1.25,3.67,0.009544769346843989,0.15904312808798324,d7f3ae939119,0641409,True,run_layer1,1.0,0.7968029914520048,1307.7436903190164,0.1266666666666667,0.3691924972731952,0.8733333333333333,0.42761049417880964,0.9733333333333334,0.0,-0.10000000000000009,0.0,0.0,-0.0,0.10000000000000009
weak_drift,nominal,belief_horizon,336,path_budget,118,0.7866666666666666,39.13627654845067,0.013045169488610876,3000.0588786997905,5649.0,250,141,86,28.66610405902165,1378.157856103616,0.459376936195633,2498.0,0.4422021596742786,0.3900709219858156,0,1778,160,118,42,42,1170,448,0,0.7375,0,0,-0.000854462148500261,1,0.3281195623654871,0.12666666666666668,0.54,0.7866666666666666,0.0,0.0,0.0,0.0,0.004161530621394684,0.023938285018932755,0.9589865265655453,1.0,484,11317,0.9930648769574945,0.9666666666666667,31,4439,0.938207611512754,1.0,453,6878,0.9876543209876543,5994,0.9592363261093911,3876,0.8694976696012429,1931,baseline,3000.0,16500.0,40000.0,0.075,0.03405877273185281,0.06811754546370562,2.0435263639111687,1.25,3.67,1.25,3.67,0.009544769346843989,0.15904312808798324,8ddf47004ace,0641409,True,run_layer1,1.0,0.7481862767142851,1463.1505625703223,0.21333333333333337,0.42006671434879794,0.7866666666666666,0.37725737465784087,0.8466666666666667,-0.049137812292353755,-0.06000000000000005,0.0,0.0,0.049137812292353755,0.06000000000000005
weak_drift,nominal,belief_horizon,337,path_budget,122,0.8133333333333334,43.41614542427778,0.014471745713240778,3000.0627626116047,6048.0,347,142,79,26.33278242860132,905.6764103961617,0.3018858210845413,1725.0,0.28521825396825395,0.44366197183098594,0,1681,174,122,52,52,1282,225,0,0.7011494252873564,0,0,-0.0038091153457418883,1,0.4081909603309519,0.2866666666666667,0.5066666666666667,0.8133333333333334,0.0,0.0,0.0,0.0,0.004357177914224875,0.024820360796619065,0.9708346936554576,1.0,536,17842,0.9952669723413696,0.9933333333333333,32,6729,0.9566153051562365,1.0,504,11113,0.9915645034304352,8891,0.9731275014293882,6996,0.8904054596547571,2491,baseline,3000.0,16500.0,40000.0,0.075,0.03405877273185281,0.06811754546370562,2.0435263639111687,1.25,3.67,1.25,3.67,0.009544769346843989,0.15904312808798324,c2fda73732f2,0641409,True,run_layer1,1.0,0.7956681122227537,1317.9021771771922,0.18666666666666665,0.38747715189180176,0.8133333333333334,0.4081909603309519,0.8266666666666667,0.0,-0.013333333333333308,0.0,0.0,-0.0,0.013333333333333308
weak_drift,nominal,belief_horizon,338,path_budget,106,0.7066666666666667,34.89266963242036,0.011630778864695105,3000.028634224665,5674.0,260,131,78,25.9997518390882,1108.8856147601068,0.36962501027817357,2006.0,0.3535424744448361,0.40458015267175573,0,1601,152,106,46,46,1145,304,0,0.6973684210526315,0,0,-0.01992266002942419,1,0.26190549874711566,0.1,0.467379902142301,0.7066666666666667,0.08866995073891626,0.6428571428571429,0.15584415584415584,0.08450704225352113,0.01866559793027403,0.08083858606553676,0.9620395327942498,1.0,507,12849,0.994811414887248,0.9933333333333333,26,4985,0.9423606950269623,1.0,481,7864,0.9896077283372365,6832,0.9608597285067874,4420,0.875,2104,baseline,3000.0,16500.0,40000.0,0.075,0.03405877273185281,0.06811754546370562,2.0435263639111687,1.25,3.67,1.25,3.67,0.009544769346843989,0.15904312808798324,15983d1d2892,0641409,True,run_layer1,1.0,0.7397390165597446,1488.5107252011815,0.29333333333333333,0.47783351781262895,0.7066666666666667,0.3304816228173417,0.7466666666666667,-0.06857612407022606,-0.040000000000000036,0.0,0.0,0.06857612407022606,0.040000000000000036
weak_drift,nominal,belief_horizon,339,path_budget,51,0.34,17.69889554383219,0.005899524141544291,3000.0547703834354,5647.0,291,154,122,40.66592423724559,1793.0745736137162,0.5976806128057937,2916.0,0.5163803789622808,0.2077922077922078,0,534,61,51,10,10,462,11,0,0.8360655737704918,0,0,-0.016277022667655957,0,0.216618049994089,0.14,0.34,0.34,0.0,0.0,0.0,0.0,0.005116272858884228,0.012452016780597507,0.9522912743251726,0.7,456,9102,0.9905628581058308,0.56,28,2939,0.9350629646487635,0.7,428,6163,0.986229344016024,3994,0.9497545480796997,3463,0.8919562113279391,2101,baseline,3000.0,16500.0,40000.0,0.075,0.03405877273185281,0.06811754546370562,2.0435263639111687,1.25,3.67,1.25,3.67,0.009544769346843989,0.15904312808798324,8d2c53690478,0641409,True,run_layer1,1.0,0.7631503117074252,1490.3693599163823,0.6599999999999999,0.5465322617133361,0.34,0.30300009802778427,0.9,-0.08638204803369526,-0.56,0.0,0.0,0.08638204803369526,0.56
weak_drift,nominal,belief_orienteering,330,path_budget,113,0.7533333333333333,41.22405325889849,0.013741149934622124,3000.043915904782,5907.0,283,118,63,20.999692593166543,710.9797029369554,0.23698976510566558,1473.0,0.2493651599796851,0.4661016949152542,0,1502,155,113,42,42,1137,210,0,0.7290322580645161,0,0,-0.07043297746128353,1,0.29711161361879757,0.09333333333333334,0.47333333333333333,0.7533333333333333,0.028169014084507043,0.06666666666666667,0.039603960396039604,0.020202020202020204,0.015602187178566334,0.06611635908834362,0.9701228080894483,0.9266666666666666,489,15878,0.9942765158290109,0.88,32,5559,0.9575909428359317,0.9266666666666666,457,10319,0.9923319183897029,7303,0.9693859801704644,5749,0.9224736048265461,3315,baseline,3000.0,16500.0,40000.0,0.075,0.03405877273185281,0.06811754546370562,2.0435263639111687,1.25,3.67,1.25,3.67,0.009544769346843989,0.15904312808798324,2dabbd35c9d6,0641409,True,run_layer1,1.0,0.7247825668808852,1562.7198974581745,0.2466666666666667,0.4276709532620876,0.7533333333333333,0.3151734845658478,0.7533333333333333,-0.01806187094705025,0.0,0.0,0.0,0.01806187094705025,-0.0
weak_drift,nominal,belief_orienteering,331,path_budget,111,0.74,38.957608882223184,0.01298562292064906,3000.0569953617573,5608.0,238,117,63,20.99960104004732,1011.2203394060862,0.3370670427160167,1790.0,0.31918687589158345,0.46153846153846156,0,1432,146,111,35,35,1069,217,0,0.7602739726027398,0,0,-0.08710331554722273,1,0.2706220636622602,0.12,0.47333333333333333,0.74,0.051181102362204724,0.48148148148148145,0.09252669039145908,0.048507462686567165,0.01914106412802922,0.07947997486608363,0.9783889980353635,0.9866666666666667,473,21414,0.9955893536121673,0.92,29,6546,0.9710031347962382,0.9866666666666667,444,14868,0.9933228117032901,8237,0.9809814510448462,8518,0.9501169134840218,5132,baseline,3000.0,16500.0,40000.0,0.075,0.03405877273185281,0.06811754546370562,2.0435263639111687,1.25,3.67,1.25,3.67,0.009544769346843989,0.15904312808798324,0c998472a481,0641409,True,run_layer1,1.0,0.7918647576434834,1339.208623285338,0.26,0.5212426939812231,0.74,0.39143371388695275,0.8933333333333333,-0.12081165022469254,-0.15333333333333332,0.0,0.0,0.12081165022469254,0.15333333333333332
weak_drift,nominal,belief_orienteering,332,path_budget,143,0.9533333333333334,50.39591168993441,0.016798314558536857,3000.057625681461,5901.0,294,137,68,22.66623128099209,716.5545911050307,0.23884694246240212,1457.0,0.24690730384680562,0.5036496350364964,0,2049,208,143,65,65,1485,356,0,0.6875,0,0,-0.1066955931292359,1,0.3434131321554697,0.14,0.49333333333333335,0.9533333333333334,0.01818181818181818,0.42857142857142855,0.03488372093023256,0.01775147928994083,0.019042470287532295,0.07977826991816644,0.9707158979107587,1.0,506,16773,0.9968959320372488,1.0,19,6102,0.9563541853378742,1.0,487,10671,0.9928995610637749,7746,0.9708963911525029,6013,0.9215909090909091,3520,baseline,3000.0,16500.0,40000.0,0.075,0.03405877273185281,0.06811754546370562,2.0435263639111687,1.25,3.67,1.25,3.67,0.009544769346843989,0.15904312808798324,94c96ff9b6f6,0641409,True,run_layer1,1.0,0.7498516173939359,1337.743853038537,0.046666666666666634,0.4064384852384662,0.9533333333333334,0.42378885592196414,0.9533333333333334,-0.08037572376649443,0.0,0.0,0.0,0.08037572376649443,-0.0
weak_drift,nominal,belief_orienteering,333,path_budget,82,0.5466666666666666,27.283784955019932,0.009094478991941117,3000.0382626862834,5267.0,201,106,66,21.999719410545957,1407.704682479576,0.46922890950700546,2311.0,0.43876969812037214,0.37735849056603776,0,990,104,82,22,22,772,114,0,0.7884615384615384,0,0,-0.029985886819375352,1,0.3240500621650181,0.16,0.5466666666666666,0.5466666666666666,0.0,0.0,0.0,0.0,0.00447088235449521,0.012477007759978244,0.9712137632078027,0.8533333333333334,425,14339,0.9951933124346918,0.8133333333333334,23,4762,0.9597154023449244,0.8533333333333334,402,9577,0.9911692559280458,6115,0.9755330304089479,5722,0.9210796036897848,2927,baseline,3000.0,16500.0,40000.0,0.075,0.03405877273185281,0.06811754546370562,2.0435263639111687,1.25,3.67,1.25,3.67,0.009544769346843989,0.15904312808798324,452de388d705,0641409,True,run_layer1,1.0,0.7755833554991115,1360.866656535337,0.45333333333333337,0.4515332933340934,0.5466666666666666,0.3587363208546667,0.6733333333333333,-0.03468625868964864,-0.1266666666666667,0.0,0.0,0.03468625868964864,0.1266666666666667
weak_drift,nominal,belief_orienteering,334,path_budget,75,0.5,27.223706681068734,0.009073829437950334,3000.2444797131025,5819.0,264,123,80,26.664493690744155,1190.8714192500665,0.3969247930635117,2197.0,0.3775562811479636,0.34959349593495936,0,1173,97,75,22,22,814,262,0,0.7731958762886598,0,0,-0.08378788064787276,0,0.21034494737332654,0.11333333333333333,0.29333333333333333,0.5,0.1073170731707317,0.5116279069767442,0.1774193548387097,0.09734513274336283,0.018052137585820815,0.06973821908798047,0.961853259280912,1.0,522,13162,0.9944713199723566,0.96,24,4317,0.9466980627207535,1.0,498,8845,0.9898392758174764,5413,0.9665358010843148,5349,0.9014373716632443,2922,baseline,3000.0,16500.0,40000.0,0.075,0.03405877273185281,0.06811754546370562,2.0435263639111687,1.25,3.67,1.25,3.67,0.009544769346843989,0.15904312808798324,e4e384b70949,0641409,True,run_layer1,1.0,0.7315479837866851,2026.9231092687792,0.5,0.5212030364133585,0.5,0.3617301510015324,0.7866666666666666,-0.15138520362820584,-0.2866666666666666,0.0,0.0,0.15138520362820584,0.2866666666666666
weak_drift,nominal,belief_orienteering,335,path_budget,134,0.8933333333333333,47.629680705086564,0.01587633868630479,3000.0418639451655,5677.0,275,118,61,20.3330495927756,1064.5275739488297,0.35483757301604346,1826.0,0.3216487581469086,0.4830508474576271,0,1807,182,134,48,48,1320,305,0,0.7362637362637363,0,0,-0.07032682502320939,1,0.37598559271967014,0.12666666666666668,0.4866666666666667,0.8933333333333333,0.0,0.0,0.0,0.0,0.004622979267113048,0.02942540381168933,0.9794549443131961,1.0,487,23217,0.9966577540106952,0.9866666666666667,25,7455,0.9715236686390533,1.0,462,15762,0.993884098656507,9974,0.9821232726475104,9118,0.9429748482220295,4612,baseline,3000.0,16500.0,40000.0,0.075,0.03405877273185281,0.06811754546370562,2.0435263639111687,1.25,3.67,1.25,3.67,0.009544769346843989,0.15904312808798324,f1ad6f485487,0641409,True,run_layer1,1.0,0.7968029914520048,1307.7436903190164,0.10666666666666669,0.4208173987323347,0.8933333333333333,0.42761049417880964,0.9733333333333334,-0.051624901459139505,-0.08000000000000007,0.0,0.0,0.051624901459139505,0.08000000000000007
weak_drift,nominal,belief_orienteering,336,path_budget,127,0.8466666666666667,42.094286412147255,0.014030852139439543,3000.123299270168,5570.0,251,138,75,24.998972548309947,1146.551078564797,0.382167985843687,2110.0,0.37881508078994613,0.45652173913043476,0,2008,177,127,50,50,1304,527,0,0.7175141242937854,0,0,-0.03897501455093206,1,0.37725737465784087,0.10666666666666667,0.5533333333333333,0.8466666666666667,0.0,0.0,0.0,0.0,0.006410018041395152,0.04143197250753447,0.9641404805914973,1.0,485,13040,0.9926514399205562,1.0,37,4998,0.9472320376914016,1.0,448,8042,0.9890968027110653,6787,0.9620789649788088,4483,0.8931263858093126,2255,baseline,3000.0,16500.0,40000.0,0.075,0.03405877273185281,0.06811754546370562,2.0435263639111687,1.25,3.67,1.25,3.67,0.009544769346843989,0.15904312808798324,2bce42e9868a,0641409,True,run_layer1,1.0,0.7481862767142851,1463.1505625703223,0.15333333333333332,0.3709289020564442,0.8466666666666667,0.37725737465784087,0.8466666666666667,0.0,0.0,0.0,0.0,-0.0,-0.0
weak_drift,nominal,belief_orienteering,337,path_budget,124,0.8266666666666667,44.29209644365147,0.014763485509030023,3000.111079227219,5800.0,262,110,49,16.332728591043242,596.2365921013079,0.19873817213957592,1232.0,0.21241379310344827,0.5545454545454546,0,1653,161,124,37,37,1188,304,0,0.7701863354037267,0,0,-0.02186204252429949,1,0.31884060779657614,0.24,0.35333333333333333,0.8266666666666667,0.005865102639296188,0.09090909090909091,0.011019283746556474,0.00554016620498615,0.02732834757982901,0.09008409232642808,0.9757774968394437,1.0,479,19296,0.9954318936877077,1.0,33,7191,0.9644649828698908,1.0,446,12105,0.9935560090215874,9311,0.9754813863928113,7790,0.9147344801795063,2674,baseline,3000.0,16500.0,40000.0,0.075,0.03405877273185281,0.06811754546370562,2.0435263639111687,1.25,3.67,1.25,3.67,0.009544769346843989,0.15904312808798324,d6ae26409bcd,0641409,True,run_layer1,1.0,0.7956681122227537,1317.9021771771922,0.17333333333333334,0.47682750442617755,0.8266666666666667,0.4081909603309519,0.8266666666666667,-0.08935035253437579,0.0,0.0,0.0,0.08935035253437579,-0.0
weak_drift,nominal,belief_orienteering,338,path_budget,73,0.4866666666666667,23.439264087992786,0.007812543801313859,3000.2089823868805,5391.0,216,127,92,30.664530551070957,1862.7690889990622,0.6208797786869821,3166.0,0.5872750881098127,0.2755905511811024,0,875,92,73,19,19,686,97,0,0.7934782608695652,0,0,0.010497430859333974,0,0.2977083182042121,0.09333333333333334,0.4866666666666667,0.4866666666666667,0.0,0.0,0.0,0.0,0.004652471292904231,0.012854824425142306,0.9483241789037103,0.7266666666666667,461,8460,0.9924528301886792,0.6733333333333333,24,3156,0.9238808569935552,0.7266666666666667,437,5304,0.9874170670327156,4371,0.9420432220039293,3054,0.8469251336898396,1496,baseline,3000.0,16500.0,40000.0,0.075,0.03405877273185281,0.06811754546370562,2.0435263639111687,1.25,3.67,1.25,3.67,0.009544769346843989,0.15904312808798324,9fd5657d60b3,0641409,True,run_layer1,1.0,0.7397390165597446,1488.5107252011815,0.5133333333333333,0.4420306983555325,0.4866666666666667,0.3304816228173417,0.7466666666666667,-0.032773304613129606,-0.26,0.0,0.0,0.032773304613129606,0.26
weak_drift,nominal,belief_orienteering,339,path_budget,135,0.9,42.241783984071894,0.014080014703864998,3000.1235703593707,5369.0,238,137,73,24.3323310817013,893.2450960999804,0.29773610158097014,1655.0,0.30825107096293536,0.46715328467153283,0,2034,189,135,54,54,1386,459,0,0.7142857142857143,0,0,-0.07114246528202506,1,0.30300009802778427,0.11333333333333333,0.36666666666666664,0.9,0.0043859649122807015,0.14285714285714285,0.008510638297872339,0.004273504273504274,0.030236015190473323,0.10246289758391368,0.9712961198958532,1.0,452,15295,0.9956551963851233,1.0,25,5729,0.9572700890623437,1.0,427,9566,0.9920592193808883,7430,0.9744426318651441,5517,0.91,2800,baseline,3000.0,16500.0,40000.0,0.075,0.03405877273185281,0.06811754546370562,2.0435263639111687,1.25,3.67,1.25,3.67,0.009544769346843989,0.15904312808798324,3bb86934d3f3,0641409,True,run_layer1,1.0,0.7631503117074252,1490.3693599163823,0.09999999999999998,0.46015021367964093,0.9,0.30300009802778427,0.9,0.0,0.0,0.0,0.0,-0.0,-0.0
weak_drift,nominal,belief_orienteering_depth1,330,path_budget,97,0.6466666666666666,33.8799452545935,0.011293125065942468,3000.0504782124317,5076.0,168,98,53,17.66636941108399,1167.5203741429182,0.38916690989765634,1964.0,0.38691883372734437,0.45918367346938777,0,1264,131,97,34,34,997,136,0,0.7404580152671756,0,0,-0.07074289193189692,1,0.3151734845658478,0.11333333333333333,0.5,0.6466666666666666,0.0,0.0,0.0,0.0,0.009659819010367585,0.047841977212870916,0.9649858814037918,0.9933333333333333,434,11961,0.9959848842701937,0.9733333333333334,17,4217,0.9489033206714863,0.9933333333333333,417,7744,0.9897134459955915,5444,0.9689940284795591,4354,0.9064304967269927,2597,baseline,3000.0,16500.0,40000.0,0.075,0.03405877273185281,0.06811754546370562,2.0435263639111687,1.25,3.67,1.25,3.67,0.009544769346843989,0.15904312808798324,ef06fdc723df,0641409,True,run_layer1,1.0,0.7247825668808852,1562.7198974581745,0.3533333333333334,0.40960908231503734,0.6466666666666666,0.3151734845658478,0.7533333333333333,0.0,-0.10666666666666669,0.0,0.0,-0.0,0.10666666666666669
weak_drift,nominal,belief_orienteering_depth1,331,path_budget,114,0.76,38.23560585030541,0.012744899645266148,3000.071159015152,5659.0,239,109,56,18.66622390996332,992.4250358440825,0.3308004988021253,1718.0,0.30358720622018026,0.48623853211009177,0,1589,165,114,51,51,1215,209,0,0.6909090909090909,0,0,-0.11175347150164783,1,0.3281640383691282,0.13333333333333333,0.52,0.76,0.0,0.0,0.0,0.0,0.010807956386785144,0.04904590646358204,0.9766200028864194,1.0,486,20301,0.9955246913580247,0.9866666666666667,29,6451,0.9680575941846649,1.0,457,13850,0.9926372963186482,8285,0.9779762633060076,8173,0.9434049434049434,4329,baseline,3000.0,16500.0,40000.0,0.075,0.03405877273185281,0.06811754546370562,2.0435263639111687,1.25,3.67,1.25,3.67,0.009544769346843989,0.15904312808798324,d4518086a58b,0641409,True,run_layer1,1.0,0.7918647576434834,1339.208623285338,0.24,0.4637007192743552,0.76,0.39143371388695275,0.8933333333333333,-0.06326967551782453,-0.1333333333333333,0.0,0.0,0.06326967551782453,0.1333333333333333
weak_drift,nominal,belief_orienteering_depth1,332,path_budget,86,0.5733333333333334,29.91842729688332,0.009972540777562948,3000.0807180649776,5208.0,171,102,56,18.6661644344421,1275.5733459697515,0.4251796754296943,2110.0,0.40514592933947774,0.45098039215686275,0,1308,113,86,27,27,862,333,0,0.7610619469026548,0,0,-0.03869401222720725,1,0.25212960782184374,0.02666666666666667,0.5266666666666666,0.5733333333333334,0.0,0.0,0.0,0.0,0.0073056174691480255,0.03442635633012859,0.964452677075064,0.98,403,10934,0.9941742654508612,0.9,23,3925,0.9485722019217756,0.98,380,7009,0.9882094324540368,5004,0.9629349470499243,3966,0.9167722855935784,2367,baseline,3000.0,16500.0,40000.0,0.075,0.03405877273185281,0.06811754546370562,2.0435263639111687,1.25,3.67,1.25,3.67,0.009544769346843989,0.15904312808798324,f370ddc0d456,0641409,True,run_layer1,1.0,0.7498516173939359,1337.743853038537,0.42666666666666664,0.49772200957209217,0.5733333333333334,0.42378885592196414,0.9533333333333334,-0.1716592481001204,-0.38,0.0,0.0,0.1716592481001204,0.38
weak_drift,nominal,belief_orienteering_depth1,333,path_budget,94,0.6266666666666667,31.719994260044384,0.0105730541245603,3000.078679854816,5879.0,261,84,40,13.332983654260605,808.8196953979642,0.2695994944496275,1325.0,0.22537846572546352,0.5238095238095238,0,1152,129,94,35,35,909,114,0,0.7286821705426356,0,0,-0.09535095762925326,1,0.317095630466332,0.16666666666666666,0.5266666666666666,0.6266666666666667,0.0,0.0,0.0,0.0,0.005617456217179411,0.025214914094760035,0.973578906978019,0.8866666666666667,482,17761,0.9954993941492124,0.82,26,5751,0.9634205037702551,0.8866666666666667,456,12010,0.9899074852817493,7134,0.978335535006605,7570,0.9304888386549873,3539,baseline,3000.0,16500.0,40000.0,0.075,0.03405877273185281,0.06811754546370562,2.0435263639111687,1.25,3.67,1.25,3.67,0.009544769346843989,0.15904312808798324,fdaa3a40b06c,0641409,True,run_layer1,1.0,0.7755833554991115,1360.866656535337,0.3733333333333333,0.4584877250327795,0.6266666666666667,0.3587363208546667,0.6733333333333333,-0.04164069038833473,-0.046666666666666634,0.0,0.0,0.04164069038833473,0.046666666666666634
weak_drift,nominal,belief_orienteering_depth1,334,path_budget,75,0.5,27.418371908748625,0.009139341987893916,3000.037852294764,5794.0,223,93,56,18.666431144248712,1168.1875742651596,0.38939094497477733,2224.0,0.3838453572661374,0.3978494623655914,0,1081,115,75,40,40,850,116,0,0.6521739130434783,0,0,-0.03269308852690911,1,0.21715708234540917,0.08666666666666667,0.32666666666666666,0.5,0.0,0.0,0.0,0.0,0.0051560298236737676,0.02043597068525155,0.9668860551213493,0.9666666666666667,483,14103,0.9956680346557227,0.7933333333333333,19,4367,0.9545098039215686,0.9666666666666667,464,9736,0.9897000361402241,5534,0.9681057268722467,5675,0.9274503997631034,3377,baseline,3000.0,16500.0,40000.0,0.075,0.03405877273185281,0.06811754546370562,2.0435263639111687,1.25,3.67,1.25,3.67,0.009544769346843989,0.15904312808798324,b58b2745d315,0641409,True,run_layer1,1.0,0.7315479837866851,2026.9231092687792,0.5,0.5143909014412759,0.5,0.3617301510015324,0.7866666666666666,-0.1445730686561232,-0.2866666666666666,0.0,0.0,0.1445730686561232,0.2866666666666666
weak_drift,nominal,belief_orienteering_depth1,335,path_budget,146,0.9733333333333334,51.73155857999888,0.017243069196430066,3000.136344097556,5666.0,249,123,52,17.332545603237126,893.1079083372367,0.2976891067282092,1609.0,0.283974585245323,0.5772357723577236,0,1957,192,146,46,46,1389,376,0,0.7604166666666666,0,0,-0.09527246195872904,1,0.3362838514082013,0.12,0.49333333333333335,0.9733333333333334,0.004405286343612335,0.5,0.008733624454148471,0.0043859649122807015,0.02856527159792455,0.09285934433400425,0.9831298140146534,1.0,449,26166,0.9959234514777489,1.0,36,8795,0.9767768780926676,1.0,413,17371,0.9954843656811792,11737,0.9826112877583466,10064,0.9540922309929373,4814,baseline,3000.0,16500.0,40000.0,0.075,0.03405877273185281,0.06811754546370562,2.0435263639111687,1.25,3.67,1.25,3.67,0.009544769346843989,0.15904312808798324,dccd4095dfca,0641409,True,run_layer1,1.0,0.7968029914520048,1307.7436903190164,0.026666666666666616,0.46051914004380357,0.9733333333333334,0.42761049417880964,0.9733333333333334,-0.09132664277060837,0.0,0.0,0.0,0.09132664277060837,-0.0
weak_drift,nominal,belief_orienteering_depth1,336,path_budget,75,0.5,27.346595191527385,0.009115062789919647,3000.1543403266514,5148.0,147,92,50,16.665809264518067,1334.3853191074652,0.44477222427236185,2181.0,0.42365967365967366,0.45652173913043476,0,1456,107,75,32,32,931,418,0,0.7009345794392523,0,0,-0.03266936546877204,1,0.25829398898787,0.08666666666666667,0.49333333333333335,0.5,0.0,0.0,0.0,0.0,0.006362985660871767,0.02588183237294362,0.9640413962462726,0.9933333333333333,410,10992,0.9929058663028649,0.9733333333333334,26,3639,0.9503683598293913,0.9933333333333333,384,7353,0.990273556231003,4935,0.958904109589041,3650,0.9247426340078098,2817,baseline,3000.0,16500.0,40000.0,0.075,0.03405877273185281,0.06811754546370562,2.0435263639111687,1.25,3.67,1.25,3.67,0.009544769346843989,0.15904312808798324,395c3bb66881,0641409,True,run_layer1,1.0,0.7481862767142851,1463.1505625703223,0.5,0.4898922877264151,0.5,0.37725737465784087,0.8466666666666667,-0.11896338566997089,-0.3466666666666667,0.0,0.0,0.11896338566997089,0.3466666666666667
weak_drift,nominal,belief_orienteering_depth1,337,path_budget,109,0.7266666666666667,40.335861560015736,0.013444795415605228,3000.1097311751087,5536.0,202,113,54,17.99934163703033,876.9122254547424,0.2922933839194161,1748.0,0.3157514450867052,0.5221238938053098,0,1512,148,109,39,39,1090,274,0,0.7364864864864865,0,0,-0.020787906724994636,1,0.27071045494608426,0.17333333333333334,0.30666666666666664,0.7266666666666667,0.010309278350515464,0.12903225806451613,0.01909307875894988,0.00963855421686747,0.029794495559162096,0.09757302369295032,0.9763168640261332,1.0,464,19128,0.9967587373167982,0.9866666666666667,23,7073,0.9647087067861716,1.0,441,12055,0.9943076081007115,9135,0.979933110367893,7774,0.9045844204248975,2683,baseline,3000.0,16500.0,40000.0,0.075,0.03405877273185281,0.06811754546370562,2.0435263639111687,1.25,3.67,1.25,3.67,0.009544769346843989,0.15904312808798324,6a6b023f3a2f,0641409,True,run_layer1,1.0,0.7956681122227537,1317.9021771771922,0.2733333333333333,0.5249576572766694,0.7266666666666667,0.4081909603309519,0.8266666666666667,-0.13748050538486767,-0.09999999999999998,0.0,0.0,0.13748050538486767,0.09999999999999998
weak_drift,nominal,belief_orienteering_depth1,338,path_budget,112,0.7466666666666667,36.44927117811007,0.012149179571166471,3000.1425993089083,5320.0,190,101,54,17.999144444813744,1174.988259265468,0.39164413702739664,2048.0,0.3849624060150376,0.46534653465346537,0,1612,142,112,30,30,1068,402,0,0.7887323943661971,0,0,-0.045816314325501845,1,0.3304816228173417,0.05333333333333334,0.58,0.7466666666666667,0.0,0.0,0.0,0.0,0.009330872702763667,0.04375496748225565,0.9598247499380012,0.9933333333333333,486,11611,0.9948137670909948,0.9666666666666667,22,4220,0.9409293443666454,0.9933333333333333,464,7391,0.9911825726141079,5784,0.955702398433676,4086,0.8859452177817692,2227,baseline,3000.0,16500.0,40000.0,0.075,0.03405877273185281,0.06811754546370562,2.0435263639111687,1.25,3.67,1.25,3.67,0.009544769346843989,0.15904312808798324,a26a67dc775b,0641409,True,run_layer1,1.0,0.7397390165597446,1488.5107252011815,0.2533333333333333,0.4092573937424029,0.7466666666666667,0.3304816228173417,0.7466666666666667,0.0,0.0,0.0,0.0,-0.0,-0.0
weak_drift,nominal,belief_orienteering_depth1,339,path_budget,90,0.6,27.357669814839696,0.00911915642168606,3000.021992141843,5417.0,199,100,66,21.99983872547541,1061.1230271417642,0.3537050828031375,2012.0,0.3714232970278752,0.34,0,1313,126,90,36,36,951,236,0,0.7142857142857143,0,0,-0.06127504860277294,1,0.2358232022367,0.06,0.38,0.6,0.0,0.0,0.0,0.0,0.019953480941794038,0.06890415714308944,0.9724169902068726,0.9266666666666666,476,16781,0.9950790861159929,0.8066666666666666,28,5662,0.9612691276908446,0.9266666666666666,448,11119,0.9919231304832196,7181,0.9767513471901462,6495,0.9254398212789724,3581,baseline,3000.0,16500.0,40000.0,0.075,0.03405877273185281,0.06811754546370562,2.0435263639111687,1.25,3.67,1.25,3.67,0.009544769346843989,0.15904312808798324,291c7aff805a,0641409,True,run_layer1,1.0,0.7631503117074252,1490.3693599163823,0.4,0.5273271094707253,0.6,0.30300009802778427,0.9,-0.06717689579108427,-0.30000000000000004,0.0,0.0,0.06717689579108427,0.30000000000000004
weak_drift,nominal,adaptive_mission,330,path_budget,49,0.32666666666666666,16.79616845909473,0.00559852902549861,3000.1038455987728,5078.0,205,145,109,36.33207569128172,1835.760514319476,0.611898990434142,2960.0,0.5829066561638441,0.2482758620689655,54,733,70,49,21,21,622,41,0,0.7,0,0,-0.01557177647707212,0,0.18779767119645907,0.10666666666666667,0.32,0.32666666666666666,0.0,0.0,0.0,0.0,0.006126706639713924,0.01874716264953458,0.950889446687766,0.8133333333333334,450,8713,0.9928520371694067,0.64,20,2778,0.9324430479183032,0.8133333333333334,430,5935,0.9843376692328113,3767,0.9519436792164064,3267,0.8900892437764208,2129,baseline,3000.0,16500.0,40000.0,0.075,0.03405877273185281,0.06811754546370562,2.0435263639111687,1.25,3.67,1.25,3.67,0.009544769346843989,0.15904312808798324,9ba800a64e31,0641409,True,run_layer1,1.0,0.7247825668808852,1562.7198974581745,0.6733333333333333,0.5369848956844261,0.32666666666666666,0.3151734845658478,0.7533333333333333,-0.12737581336938875,-0.42666666666666664,0.0,0.0,0.12737581336938875,0.42666666666666664
weak_drift,nominal,adaptive_mission,331,path_budget,116,0.7733333333333333,37.516705385916836,0.012504950308652413,3000.148298067071,4956.0,269,244,172,57.330499332588246,2100.4167566090496,0.7001043108310017,3466.0,0.6993543179983858,0.29508196721311475,151,1801,153,116,37,37,1272,376,0,0.7581699346405228,0,0,-0.05169074711018265,1,0.22554867277409751,0.08666666666666667,0.23333333333333334,0.7733333333333333,0.02832244008714597,0.48148148148148145,0.053497942386831275,0.02748414376321353,0.0357944741488757,0.12227209153738358,0.9809887581926299,1.0,438,22601,0.9971177600878397,1.0,21,7265,0.9735288516473053,1.0,417,15336,0.994577119616227,9589,0.9822123401889938,8995,0.949270482603816,4455,baseline,3000.0,16500.0,40000.0,0.075,0.03405877273185281,0.06811754546370562,2.0435263639111687,1.25,3.67,1.25,3.67,0.009544769346843989,0.15904312808798324,112ab2aae846,0641409,True,run_layer1,1.0,0.7918647576434834,1339.208623285338,0.22666666666666668,0.5663160848693859,0.7733333333333333,0.39143371388695275,0.8933333333333333,-0.16588504111285524,-0.12,0.0,0.0,0.16588504111285524,0.12
weak_drift,nominal,adaptive_mission,332,path_budget,134,0.8933333333333333,46.49712400903144,0.01549781237416341,3000.237897223956,5146.0,236,183,113,37.663679971696915,1415.9821764231606,0.47195663308344077,2490.0,0.4838709677419355,0.3825136612021858,63,1831,173,134,39,39,1344,314,0,0.7745664739884393,0,0,-0.09078287590226569,1,0.310143167884286,0.10666666666666667,0.5,0.8933333333333333,0.0136986301369863,0.1875,0.02553191489361702,0.01293103448275862,0.023184536937779353,0.08754670295026216,0.9714831401475237,1.0,433,14751,0.9969947407963937,1.0,16,5308,0.9577079107505071,1.0,417,9443,0.9910844782227419,6842,0.9716070414537195,5283,0.9274272638117032,3059,baseline,3000.0,16500.0,40000.0,0.075,0.03405877273185281,0.06811754546370562,2.0435263639111687,1.25,3.67,1.25,3.67,0.009544769346843989,0.15904312808798324,beed9e1cdf9c,0641409,True,run_layer1,1.0,0.7498516173939359,1337.743853038537,0.10666666666666669,0.43970844950964993,0.8933333333333333,0.42378885592196414,0.9533333333333334,-0.11364568803767816,-0.06000000000000005,0.0,0.0,0.11364568803767816,0.06000000000000005
weak_drift,nominal,adaptive_mission,333,path_budget,108,0.72,36.517166961301605,0.012171652957057973,3000.181412511142,4653.0,229,202,132,43.99733944405597,1752.5829980374722,0.5841590080949692,2815.0,0.6049860305179454,0.3465346534653465,113,1658,149,108,41,41,1265,244,0,0.7248322147651006,0,0,-0.07809923586080841,1,0.2653302269766949,0.05333333333333334,0.42,0.72,0.01312910284463895,0.18181818181818182,0.024489795918367346,0.012396694214876033,0.028238063192528858,0.0902207951147583,0.9765663407439777,0.8733333333333333,429,17878,0.9952699396509541,0.8266666666666667,29,6102,0.9671484888304862,0.8733333333333333,400,11776,0.9931429996259818,8021,0.9785451873622336,6805,0.9345015800057455,3481,baseline,3000.0,16500.0,40000.0,0.075,0.03405877273185281,0.06811754546370562,2.0435263639111687,1.25,3.67,1.25,3.67,0.009544769346843989,0.15904312808798324,b611bd465787,0641409,True,run_layer1,1.0,0.7755833554991115,1360.866656535337,0.28,0.5102531285224166,0.72,0.3587363208546667,0.6733333333333333,-0.09340609387797183,0.046666666666666634,0.0,0.046666666666666634,0.09340609387797183,0.0
weak_drift,nominal,adaptive_mission,334,path_budget,97,0.6466666666666666,35.914552173799024,0.011971126223299232,3000.0980278613256,4766.0,216,168,107,35.66550126239605,1332.039274586566,0.44399858345166626,2240.0,0.46999580360889637,0.3630952380952381,77,1452,121,97,24,24,1108,223,0,0.8016528925619835,0,0,-0.09261921935371245,1,0.2644463505992929,0.13333333333333333,0.35333333333333333,0.6466666666666666,0.03785488958990536,0.2553191489361702,0.06593406593406594,0.03409090909090909,0.026448474921761306,0.09921725753069366,0.9675222629649031,1.0,434,12929,0.9932773109243698,0.9933333333333333,28,4137,0.9558599695585996,1.0,406,8792,0.9901082493467712,5358,0.9709618874773139,4959,0.9221930400525279,3046,baseline,3000.0,16500.0,40000.0,0.075,0.03405877273185281,0.06811754546370562,2.0435263639111687,1.25,3.67,1.25,3.67,0.009544769346843989,0.15904312808798324,0186a139afb5,0641409,True,run_layer1,1.0,0.7315479837866851,2026.9231092687792,0.3533333333333334,0.4671016331873922,0.6466666666666666,0.3617301510015324,0.7866666666666666,-0.0972838004022395,-0.14,0.0,0.0,0.0972838004022395,0.14
weak_drift,nominal,adaptive_mission,335,path_budget,133,0.8866666666666667,47.25468040482226,0.01575086960911625,3000.131521466745,4922.0,266,235,163,54.33095143785908,2030.9415756331346,0.6769508473549254,3371.0,0.68488419341731,0.30638297872340425,147,1992,170,133,37,37,1383,439,0,0.7823529411764706,0,0,-0.06074221978588416,1,0.23923238045237555,0.04666666666666667,0.23333333333333334,0.8866666666666667,0.0108499095840868,0.35294117647058826,0.021052631578947368,0.010638297872340425,0.03975220069786355,0.12434948583948041,0.9846626931399719,1.0,404,25937,0.9967782763778622,1.0,28,8663,0.9786968838526913,1.0,376,17274,0.9960292949792641,11333,0.9849100406268136,10338,0.9565310492505353,4670,baseline,3000.0,16500.0,40000.0,0.075,0.03405877273185281,0.06811754546370562,2.0435263639111687,1.25,3.67,1.25,3.67,0.009544769346843989,0.15904312808798324,fd4794ebb085,0641409,True,run_layer1,1.0,0.7968029914520048,1307.7436903190164,0.11333333333333329,0.5575706109996292,0.8866666666666667,0.42761049417880964,0.9733333333333334,-0.1883781137264341,-0.08666666666666667,0.0,0.0,0.1883781137264341,0.08666666666666667
weak_drift,nominal,adaptive_mission,336,path_budget,109,0.7266666666666667,36.185970867808706,0.012061834729359495,3000.0386906089075,5057.0,209,152,100,33.332903443223046,1556.899289446505,0.5189597368594292,2690.0,0.531935930393514,0.34210526315789475,29,1626,139,109,30,30,1065,422,0,0.7841726618705036,0,0,3.327878432776016e-05,1,0.375895257912553,0.08666666666666667,0.58,0.7266666666666667,0.0,0.0,0.0,0.0,0.003728465117145443,0.013736544655856773,0.9606128886885985,0.9866666666666667,437,10658,0.9930278884462151,0.92,28,3988,0.9422234778923577,0.9866666666666667,409,6670,0.9894583787713559,5502,0.9556892778993435,3656,0.8879710893133712,1937,baseline,3000.0,16500.0,40000.0,0.075,0.03405877273185281,0.06811754546370562,2.0435263639111687,1.25,3.67,1.25,3.67,0.009544769346843989,0.15904312808798324,bff191794260,0641409,True,run_layer1,1.0,0.7481862767142851,1463.1505625703223,0.2733333333333333,0.37229101880173204,0.7266666666666667,0.37725737465784087,0.8466666666666667,-0.0013621167452878558,-0.12,0.0,0.0,0.0013621167452878558,0.12
weak_drift,nominal,adaptive_mission,337,path_budget,60,0.4,19.546917588150954,0.006515631067454058,3000.003742659541,4854.0,242,235,182,60.66659098186815,2310.1767857657464,0.7700579679003153,3797.0,0.7822414503502266,0.225531914893617,177,751,71,60,11,11,655,25,0,0.8450704225352113,0,0,0.03248890457468679,0,0.20851490633026523,0.17333333333333334,0.26,0.4,0.06015037593984962,0.14285714285714285,0.08465608465608467,0.04419889502762431,0.014311260620810765,0.046558543110044114,0.9735345188910843,0.5933333333333334,442,16259,0.9956268221574344,0.5466666666666666,24,5464,0.9627218407205922,0.5933333333333334,418,10795,0.9946917109024092,7347,0.9769185533666569,6802,0.9036050156739812,2552,baseline,3000.0,16500.0,40000.0,0.075,0.03405877273185281,0.06811754546370562,2.0435263639111687,1.25,3.67,1.25,3.67,0.009544769346843989,0.15904312808798324,644a4035c508,0641409,True,run_layer1,1.0,0.7956681122227537,1317.9021771771922,0.6,0.5871532058924884,0.4,0.4081909603309519,0.8266666666666667,-0.1996760540006867,-0.42666666666666664,0.0,0.0,0.1996760540006867,0.42666666666666664
weak_drift,nominal,adaptive_mission,338,path_budget,132,0.88,43.54170508385354,0.014513489073263304,3000.0852905912134,5124.0,224,167,94,31.332442545817038,1513.2636058431794,0.5044068615612483,2559.0,0.4994145199063232,0.437125748502994,17,2011,176,132,44,44,1361,474,0,0.75,0,0,-0.02632013298792272,1,0.4303462222671334,0.10666666666666667,0.5733333333333334,0.88,0.0,0.0,0.0,0.0,0.0061976139147984196,0.04398263137595395,0.9630647377353916,1.0,457,11916,0.9953441295546559,0.9933333333333333,23,4917,0.9416117314677789,1.0,434,6999,0.9933055638202916,6722,0.9611625514403292,3888,0.8519568916619399,1763,baseline,3000.0,16500.0,40000.0,0.075,0.03405877273185281,0.06811754546370562,2.0435263639111687,1.25,3.67,1.25,3.67,0.009544769346843989,0.15904312808798324,f99fb069ad3e,0641409,True,run_layer1,1.0,0.7397390165597446,1488.5107252011815,0.12,0.3093927942926112,0.88,0.3304816228173417,0.7466666666666667,0.0998645994497917,0.1333333333333333,0.0998645994497917,0.1333333333333333,0.0,0.0
weak_drift,nominal,adaptive_mission,339,path_budget,84,0.56,27.04480201316525,0.009014569266404301,3000.121382832613,4840.0,228,204,146,48.664697647050446,1831.8925028367817,0.610606128578428,3047.0,0.6295454545454545,0.28431372549019607,119,1349,115,84,31,31,1069,165,0,0.7304347826086957,0,0,-0.04047800388684944,1,0.18157176248790466,0.05333333333333334,0.2,0.56,0.0,0.0,0.0,0.0,0.031411394843790984,0.10153328124183758,0.9752524008864811,1.0,402,15842,0.9964551577454803,0.9933333333333333,20,5622,0.9639690624410489,1.0,382,10220,0.992723778143877,7284,0.9772425249169435,6020,0.927891156462585,2940,baseline,3000.0,16500.0,40000.0,0.075,0.03405877273185281,0.06811754546370562,2.0435263639111687,1.25,3.67,1.25,3.67,0.009544769346843989,0.15904312808798324,fe45090d82db,0641409,True,run_layer1,1.0,0.7631503117074252,1490.3693599163823,0.43999999999999995,0.5815785492195206,0.56,0.30300009802778427,0.9,-0.12142833553987961,-0.33999999999999997,0.0,0.0,0.12142833553987961,0.33999999999999997
weak_drift,nominal,oracle_current_physics,330,done,150,1.0,53.021930375380165,0.03392926042704289,1562.7198974581745,2550.0,184,182,36,23.036757936310543,268.1270391875856,0.17157715827622388,532.0,0.20862745098039215,0.8021978021978022,0,1770,208,150,58,58,1456,106,0,0.7211538461538461,0,0,-0.08981761285130843,1,0.7247825668808852,0.54,0.9933333333333333,0.9933333333333333,0.0,0.0,0.0,0.0,0.012206759934976923,0.06471114349534222,0.9622030237580994,1.0,210,5346,0.9948400412796697,1.0,10,1928,0.9447208402432283,1.0,200,3418,0.9923413566739606,2742,0.9607629427792915,1835,0.8804902962206334,979,baseline,3000.0,16500.0,40000.0,0.075,0.03405877273185281,0.06811754546370562,2.0435263639111687,1.25,3.67,1.25,3.67,0.009544769346843989,0.15904312808798324,7081261b6a93,0641409,True,run_layer1,1.0,0.7247825668808852,1562.7198974581745,0.0,0.0,1.0,0.3151734845658478,0.7533333333333333,,,,,,
weak_drift,nominal,oracle_current_physics,331,done,150,1.0,49.63182781101361,0.03706056468577474,1339.208623285338,2238.0,182,179,32,23.894708743360543,224.87814226501646,0.16791867850533015,466.0,0.20822162645218945,0.8212290502793296,0,1746,211,150,61,61,1477,58,0,0.7109004739336493,0,0,-0.06463791991366237,1,0.7918647576434834,0.7866666666666666,0.9933333333333333,0.9933333333333333,0.0,0.0,0.0,0.0,0.017283070817586697,0.07204568054383659,0.9711902956785443,1.0,190,6405,0.9945404913557779,1.0,12,2186,0.9595178530816466,1.0,178,4219,0.9923613417469279,3011,0.9718841796055392,2383,0.9167360532889259,1201,baseline,3000.0,16500.0,40000.0,0.075,0.03405877273185281,0.06811754546370562,2.0435263639111687,1.25,3.67,1.25,3.67,0.009544769346843989,0.15904312808798324,d098601cffba,0641409,True,run_layer1,1.0,0.7918647576434834,1339.208623285338,0.0,0.0,1.0,0.39143371388695275,0.8933333333333333,,,,,,
weak_drift,nominal,oracle_current_physics,332,done,150,1.0,52.252236377329915,0.039059971203489176,1337.743853038537,2161.0,174,172,26,19.435708817457,294.59448525948847,0.22021740902815565,491.0,0.22720962517353077,0.8488372093023255,0,2107,202,150,52,52,1414,491,0,0.7425742574257426,0,0,-0.057392868430386004,1,0.7498516173939359,0.6133333333333333,0.9933333333333333,0.9933333333333333,0.0,0.0,0.0,0.0,0.013542682705097417,0.06731469609158384,0.9652687973397377,1.0,188,5225,0.9956689124157844,1.0,9,2069,0.9463268365817091,1.0,179,3156,0.9909753557792433,2881,0.9594676346037507,1653,0.8919226393629124,879,baseline,3000.0,16500.0,40000.0,0.075,0.03405877273185281,0.06811754546370562,2.0435263639111687,1.25,3.67,1.25,3.67,0.009544769346843989,0.15904312808798324,5a8f766eb4b7,0641409,True,run_layer1,1.0,0.7498516173939359,1337.743853038537,0.0,0.0,1.0,0.42378885592196414,0.9533333333333334,,,,,,
weak_drift,nominal,oracle_current_physics,333,done,150,1.0,50.606617438084015,0.03718705076287534,1360.866656535337,2253.0,177,175,31,22.779601404096155,244.23242977752923,0.1794683032350329,453.0,0.2010652463382157,0.8228571428571428,0,1845,211,150,61,61,1480,154,0,0.7109004739336493,0,0,-0.06845092856761183,1,0.7755833554991115,0.6333333333333333,0.9933333333333333,0.9933333333333333,0.0,0.0,0.0,0.0,0.014769058794750378,0.0634102271337794,0.9705222685036847,1.0,184,6058,0.9967074317968015,1.0,7,2119,0.956997084548105,1.0,177,3939,0.993190330268982,2937,0.968478757423481,2189,0.9148745519713262,1116,baseline,3000.0,16500.0,40000.0,0.075,0.03405877273185281,0.06811754546370562,2.0435263639111687,1.25,3.67,1.25,3.67,0.009544769346843989,0.15904312808798324,59aec02b12c8,0641409,True,run_layer1,1.0,0.7755833554991115,1360.866656535337,0.0,0.0,1.0,0.3587363208546667,0.6733333333333333,,,,,,
weak_drift,nominal,oracle_current_physics,334,done,150,1.0,56.516764696791505,0.027883033371295548,2026.9231092687792,3010.0,174,171,26,12.827324273479523,419.28386336985477,0.2068573106954773,640.0,0.21262458471760798,0.847953216374269,0,1715,209,150,59,59,1469,37,0,0.7177033492822966,0,0,-0.08726977913717116,2,0.7315479837866851,0.5933333333333334,0.9733333333333334,0.9933333333333333,0.0,0.0,0.0,0.0,0.0046736403971053015,0.03686305584271232,0.9544863459037711,1.0,245,5138,0.9966685174902832,1.0,6,1795,0.9332774986041318,0.98,239,3343,0.98893717898064,2531,0.9517867271695972,1763,0.8787878787878788,1089,baseline,3000.0,16500.0,40000.0,0.075,0.03405877273185281,0.06811754546370562,2.0435263639111687,1.25,3.67,1.25,3.67,0.009544769346843989,0.15904312808798324,adadf2f10f0a,0641409,True,run_layer1,1.0,0.7315479837866851,2026.9231092687792,0.0,0.0,1.0,0.3617301510015324,0.7866666666666666,,,,,,
weak_drift,nominal,oracle_current_physics,335,done,150,1.0,53.09305767727852,0.04059897827863102,1307.7436903190164,2195.0,177,174,28,21.410923415099454,124.91620620859837,0.0955204044441811,301.0,0.13712984054669705,0.8390804597701149,0,1810,205,150,55,55,1435,170,0,0.7317073170731707,0,0,-0.05029944767775779,1,0.7968029914520048,0.7361966634812124,0.9933333333333333,0.9933333333333333,0.0,0.0,0.0,0.0,0.011613021188051974,0.05331526818720213,0.9731914893617021,1.0,189,6861,0.9927319367250962,1.0,17,2322,0.9634897049458714,1.0,172,4539,0.993184634448575,3228,0.9733009708737864,2472,0.9251851851851852,1350,baseline,3000.0,16500.0,40000.0,0.075,0.03405877273185281,0.06811754546370562,2.0435263639111687,1.25,3.67,1.25,3.67,0.009544769346843989,0.15904312808798324,f0ac21bf103e,0641409,True,run_layer1,1.0,0.7968029914520048,1307.7436903190164,0.0,0.0,1.0,0.42761049417880964,0.9733333333333334,,,,,,
weak_drift,nominal,oracle_current_physics,336,done,150,1.0,50.40654971988559,0.03445069223179343,1463.1505625703223,2336.0,181,179,31,21.187156532641577,246.0243162981529,0.16814695807242216,469.0,0.2007705479452055,0.8268156424581006,0,1792,211,150,61,61,1478,103,0,0.7109004739336493,0,0,-0.07352435668430084,1,0.7481862767142851,0.5533333333333333,0.9933333333333333,0.9933333333333333,0.0,0.0,0.0,0.0,0.014606667544928975,0.06717245184181633,0.963605506317179,1.0,193,5110,0.9934409687184662,1.0,13,1969,0.94579945799458,0.9933333333333333,180,3141,0.9918306721128852,2693,0.9602991944764097,1738,0.8830275229357798,872,baseline,3000.0,16500.0,40000.0,0.075,0.03405877273185281,0.06811754546370562,2.0435263639111687,1.25,3.67,1.25,3.67,0.009544769346843989,0.15904312808798324,0ddc94f75eaa,0641409,True,run_layer1,1.0,0.7481862767142851,1463.1505625703223,0.0,0.0,1.0,0.37725737465784087,0.8466666666666667,,,,,,
weak_drift,nominal,oracle_current_physics,337,done,150,1.0,53.46584187260086,0.04056890017976832,1317.9021771771922,2171.0,173,171,27,20.487104784841588,115.48771412827325,0.08762995928547275,288.0,0.13265776140027638,0.8421052631578947,0,1800,199,150,49,49,1393,208,0,0.7537688442211056,0,0,-0.058680112651313204,1,0.7956681122227537,0.6666666666666666,0.9933333333333333,0.9933333333333333,0.0,0.0,0.0,0.0,0.013461250043110584,0.06142547657228417,0.9709266169154229,1.0,187,6245,0.9951573849878934,1.0,12,2466,0.9557410217501264,1.0,175,3779,0.9936471267686977,3463,0.9670631290027447,2186,0.8812260536398467,783,baseline,3000.0,16500.0,40000.0,0.075,0.03405877273185281,0.06811754546370562,2.0435263639111687,1.25,3.67,1.25,3.67,0.009544769346843989,0.15904312808798324,c3e3f130d97b,0641409,True,run_layer1,1.0,0.7956681122227537,1317.9021771771922,0.0,0.0,1.0,0.4081909603309519,0.8266666666666667,,,,,,
weak_drift,nominal,oracle_current_physics,338,done,150,1.0,49.916064309673544,0.033534232212486796,1488.5107252011815,2350.0,175,173,25,16.795310626076336,412.0426721592037,0.2768153868044945,604.0,0.2570212765957447,0.8554913294797688,0,1712,190,150,40,40,1330,192,0,0.7894736842105263,0,0,-0.06786880527532566,1,0.7397390165597446,0.5533333333333333,0.9933333333333333,0.9933333333333333,0.0,0.0,0.0,0.0,0.01628857889162453,0.06848963862521032,0.963761551005617,1.0,200,5319,0.9970104633781763,1.0,6,2001,0.9447608200455581,1.0,194,3318,0.9896157840083074,2889,0.9616485403548941,1747,0.883352208380521,883,baseline,3000.0,16500.0,40000.0,0.075,0.03405877273185281,0.06811754546370562,2.0435263639111687,1.25,3.67,1.25,3.67,0.009544769346843989,0.15904312808798324,aaf2de3afcbd,0641409,True,run_layer1,1.0,0.7397390165597446,1488.5107252011815,0.0,0.0,1.0,0.3304816228173417,0.7466666666666667,,,,,,
weak_drift,nominal,oracle_current_physics,339,done,150,1.0,48.094904850821365,0.03227046002443297,1490.3693599163823,2369.0,177,174,29,19.458263689497116,265.1891434678995,0.1779351821100093,479.0,0.2021950189953567,0.8333333333333334,0,1771,197,150,47,47,1379,195,0,0.7614213197969543,0,0,-0.060648264906999164,1,0.7631503117074252,0.5933333333333334,0.9933333333333333,0.9933333333333333,0.0,0.0,0.0,0.0,0.016765733951364454,0.06847519615242573,0.9624869746439736,1.0,216,5542,0.9949518127581459,1.0,11,2168,0.9427214305671976,1.0,205,3374,0.9898853674983142,2966,0.95932382461701,1893,0.8787541713014461,899,baseline,3000.0,16500.0,40000.0,0.075,0.03405877273185281,0.06811754546370562,2.0435263639111687,1.25,3.67,1.25,3.67,0.009544769346843989,0.15904312808798324,7e4b118e98b7,0641409,True,run_layer1,1.0,0.7631503117074252,1490.3693599163823,0.0,0.0,1.0,0.30300009802778427,0.9,,,,,,
strong_drift,nominal,greedy,330,path_budget,22,0.14666666666666667,7.16546321023113,0.0023883181148046,3000.2130645051748,4478.0,182,181,160,53.3295457889051,2879.2523156421344,0.9596826137803015,4271.0,0.9537740062527914,0.11602209944751381,0,501,37,22,15,15,404,60,0,0.5945945945945946,0,0,0.028634213806238273,0,0.12104840780142934,0.12666666666666668,0.14666666666666667,0.14666666666666667,0.4230769230769231,0.1774193548387097,0.25,0.14285714285714285,0.006047904252928589,0.021869913844655958,0.9377785113054959,0.9133333333333333,377,5682,0.9895316804407713,0.7733333333333333,19,1796,0.91564561734213,0.9133333333333333,358,3886,0.9777777777777777,2115,0.9440504334121356,2538,0.8662873399715505,1406,baseline,3000.0,16500.0,40000.0,0.075,0.11503912377969504,0.23007824755939008,6.902347426781702,1.25,3.67,1.25,3.67,0.009544769346843989,0.15904312808798324,7dc169327a21,0641409,True,run_layer1,1.0,0.7383062048910739,1324.2335297929858,0.8533333333333333,0.6172577970896446,0.14666666666666667,0.6083621013636986,0.9733333333333334,-0.4873136935622693,-0.8266666666666667,0.0,0.0,0.4873136935622693,0.8266666666666667
strong_drift,nominal,greedy,331,path_budget,29,0.19333333333333333,9.25793518688906,0.0030858285792757082,3000.145649393798,4324.0,165,164,137,45.66444966686263,2793.9884808223023,0.9312842799438249,3993.0,0.9234505087881592,0.16463414634146342,0,521,35,29,6,6,411,75,0,0.8285714285714286,0,0,0.007212402319777884,0,0.14196109657675354,0.12,0.19333333333333333,0.19333333333333333,0.47368421052631576,0.14754098360655737,0.225,0.1267605633802817,0.005711977303550772,0.019306219488120127,0.9455659195322289,0.98,391,6792,0.9882250327082425,0.9,27,2266,0.9255623721881391,0.98,364,4526,0.9806845137241613,2951,0.9514994446501296,2701,0.8674069235793599,1531,baseline,3000.0,16500.0,40000.0,0.075,0.11503912377969504,0.23007824755939008,6.902347426781702,1.25,3.67,1.25,3.67,0.009544769346843989,0.15904312808798324,3561e630eb68,0641409,True,run_layer1,1.0,0.7804944116099809,1166.4955069551297,0.8066666666666666,0.6385333150332273,0.19333333333333333,0.6542410738963599,0.9866666666666667,-0.5122799773196063,-0.7933333333333333,0.0,0.0,0.5122799773196063,0.7933333333333333
strong_drift,nominal,greedy,332,path_budget,21,0.14,7.463219604474985,0.002487735349339037,3000.0054493167363,4137.0,143,142,122,40.66659279828508,2864.4817833557313,0.954825526736336,3913.0,0.9458544839255499,0.14084507042253522,0,499,29,21,8,8,368,102,0,0.7241379310344828,0,0,0.05019084853973048,0,0.10838310472704814,0.12666666666666668,0.12666666666666668,0.14,0.0,0.0,0.0,0.0,0.006314872531563882,0.01703605025815867,0.9317891665146817,0.92,374,5109,0.9905239687848384,0.8066666666666666,17,1777,0.9032258064516129,0.92,357,3332,0.9795555555555555,2250,0.9305483028720627,1915,0.8520485584218513,1318,baseline,3000.0,16500.0,40000.0,0.075,0.11503912377969504,0.23007824755939008,6.902347426781702,1.25,3.67,1.25,3.67,0.009544769346843989,0.15904312808798324,1bd7d09801a5,0641409,True,run_layer1,1.0,0.7491074934550455,1256.1554789815182,0.86,0.6407243887279973,0.14,0.5955782173878167,0.9733333333333334,-0.48719511266076854,-0.8333333333333334,0.0,0.0,0.48719511266076854,0.8333333333333334
strong_drift,nominal,greedy,333,path_budget,10,0.06666666666666667,3.7381191277640875,0.0012459874137269369,3000.1259134575103,3953.0,115,114,107,35.66516975838768,2944.0759134574887,0.9813174507947813,3855.0,0.9752087022514546,0.06140350877192982,0,284,20,10,10,10,202,62,0,0.5,0,0,0.02204169611655566,0,0.017870438489663933,0.0,0.04,0.06666666666666667,0.0,0.0,0.0,0.0,0.00788081512102757,0.02620752755825234,0.8128440366972477,0.36,306,1329,0.977859778597786,0.24,12,530,0.7310155535224153,0.36,294,799,0.9536784741144414,734,0.7891682785299806,517,0.5755208333333334,384,baseline,3000.0,16500.0,40000.0,0.075,0.11503912377969504,0.23007824755939008,6.902347426781702,1.25,3.67,1.25,3.67,0.009544769346843989,0.15904312808798324,348f5aa4b329,0641409,True,run_layer1,1.0,0.8068518037354826,1068.9290912276363,0.9333333333333333,0.7889813652458186,0.06666666666666667,0.6828948322920094,0.9333333333333333,-0.6650243938023455,-0.8666666666666667,0.0,0.0,0.6650243938023455,0.8666666666666667
strong_drift,nominal,greedy,334,path_budget,20,0.13333333333333333,6.955108289042393,0.0023182748527613476,3000.1223887486904,4229.0,149,148,128,42.66492609769398,2843.646862097299,0.9478436189009426,3945.0,0.9328446441239063,0.13513513513513514,0,454,32,20,12,12,381,41,0,0.625,0,0,0.01912075796224145,0,0.09763879657635041,0.10666666666666667,0.10666666666666667,0.13333333333333333,0.0,0.0,0.0,0.0,0.007220246943973711,0.019545640502512077,0.9376899696048632,0.8066666666666666,369,5553,0.9904655075715086,0.64,17,1766,0.9149553032133365,0.8066666666666666,352,3787,0.9854368932038835,2266,0.9350163627863488,2139,0.8701384311140409,1517,baseline,3000.0,16500.0,40000.0,0.075,0.11503912377969504,0.23007824755939008,6.902347426781702,1.25,3.67,1.25,3.67,0.009544769346843989,0.15904312808798324,c3ccb8de7159,0641409,True,run_layer1,1.0,0.7433395231486537,1756.0110612632077,0.8666666666666667,0.6457007265723033,0.13333333333333333,0.5587648917696493,0.9533333333333334,-0.46112609519329884,-0.8200000000000001,0.0,0.0,0.46112609519329884,0.8200000000000001
strong_drift,nominal,greedy,335,path_budget,28,0.18666666666666668,9.368801799228915,0.0031227245097838305,3000.2011928607394,4492.0,181,180,154,51.32989093080073,2802.311591837229,0.9340412231371659,4173.0,0.9289848619768477,0.14444444444444443,0,789,40,28,12,12,524,225,0,0.7,0,0,0.04098593402400026,0,0.12993480270054417,0.14666666666666667,0.14666666666666667,0.18666666666666668,0.0,0.0,0.0,0.0,0.004411075269672297,0.01524303626828343,0.951473136915078,1.0,420,8235,0.9940119760479041,1.0,16,2656,0.9324753468159787,1.0,404,5579,0.9854675075404442,3647,0.9565217391304348,2967,0.8833904948554631,2041,baseline,3000.0,16500.0,40000.0,0.075,0.11503912377969504,0.23007824755939008,6.902347426781702,1.25,3.67,1.25,3.67,0.009544769346843989,0.15904312808798324,6bbbf9841c6c,0641409,True,run_layer1,1.0,0.8120437425439068,1021.029104723448,0.8133333333333334,0.6821089398433626,0.18666666666666668,0.6220863686331756,0.9866666666666667,-0.49215156593263143,-0.8,0.0,0.0,0.49215156593263143,0.8
strong_drift,nominal,greedy,336,path_budget,30,0.2,9.372418232459049,0.003124053615304774,3000.0823886451453,4605.0,203,202,175,58.33173137589432,2808.766427827135,0.9362297643751011,4297.0,0.9331161780673182,0.13366336633663367,0,762,39,30,9,9,578,145,0,0.7692307692307693,0,0,0.026493105002380467,0,0.09668575525370997,0.06666666666666667,0.06666666666666667,0.2,0.0,0.0,0.0,0.0,0.009069480861476393,0.04981753186142511,0.9369398729020694,1.0,387,5750,0.9895397489539749,1.0,25,2365,0.9033893781692021,1.0,362,3385,0.983301827347196,3174,0.9263157894736842,1805,0.8264248704663213,1158,baseline,3000.0,16500.0,40000.0,0.075,0.11503912377969504,0.23007824755939008,6.902347426781702,1.25,3.67,1.25,3.67,0.009544769346843989,0.15904312808798324,065a5bcbf0d0,0641409,True,run_layer1,1.0,0.7796531780116952,1231.0434548614742,0.8,0.6829674227579853,0.2,0.6317734571374202,0.96,-0.5350877018837102,-0.76,0.0,0.0,0.5350877018837102,0.76
strong_drift,nominal,greedy,337,path_budget,43,0.2866666666666667,14.146665474126673,0.004715186182617165,3000.2347577025184,4714.0,213,212,171,56.995539952662305,2725.8239191583352,0.9085368777094236,4246.0,0.9007212558336869,0.19339622641509435,0,566,53,43,10,10,453,60,0,0.8113207547169812,0,0,0.044199240528281426,0,0.23698965554117615,0.24666666666666667,0.28,0.2866666666666667,0.0,0.0,0.0,0.0,0.006520362251965232,0.014775924730663121,0.9532100108813928,0.6133333333333333,387,7884,0.9923344947735192,0.5733333333333334,22,2848,0.9324199222366228,0.6133333333333333,365,5036,0.9876348329387004,3801,0.9534811114580081,3203,0.8492501973164956,1267,baseline,3000.0,16500.0,40000.0,0.075,0.11503912377969504,0.23007824755939008,6.902347426781702,1.25,3.67,1.25,3.67,0.009544769346843989,0.15904312808798324,6baa3a5d5e23,0641409,True,run_layer1,1.0,0.7657662592863458,1238.912450976796,0.7133333333333334,0.5287766037451697,0.2866666666666667,0.45096726144356014,0.8533333333333334,-0.213977605902384,-0.5666666666666667,0.0,0.0,0.213977605902384,0.5666666666666667
strong_drift,nominal,greedy,338,path_budget,43,0.2866666666666667,14.96960639984259,0.004989707956144075,3000.0967053411955,4270.0,170,169,132,43.998581700714844,2752.427005432467,0.9174460944982901,3848.0,0.9011709601873537,0.21893491124260356,0,931,62,43,19,19,708,161,0,0.6935483870967742,0,0,0.07167906020590313,0,0.17250646287194854,0.15333333333333332,0.18,0.2866666666666667,0.0,0.0,0.0,0.0,0.007166002841498184,0.032613184903223964,0.950625773621235,1.0,359,6912,0.991574109536576,1.0,22,2589,0.9276824034334764,1.0,337,4323,0.9883106039521291,3593,0.9429081177520071,2242,0.8683844011142061,1436,baseline,3000.0,16500.0,40000.0,0.075,0.11503912377969504,0.23007824755939008,6.902347426781702,1.25,3.67,1.25,3.67,0.009544769346843989,0.15904312808798324,dafdc58ce9d6,0641409,True,run_layer1,1.0,0.7605092892696261,1179.0011027435662,0.7133333333333334,0.5880028263976775,0.2866666666666667,0.6363319549501959,0.94,-0.46382549207824736,-0.6533333333333333,0.0,0.0,0.46382549207824736,0.6533333333333333
strong_drift,nominal,greedy,339,path_budget,24,0.16,6.928074209739299,0.0023093392318178415,3000.0244720589317,4370.0,173,172,148,49.332930907202524,2813.0392218956877,0.9376720917096669,4080.0,0.9336384439359268,0.13953488372093023,0,512,33,24,9,9,390,89,0,0.7272727272727273,0,0,0.04871683256503098,0,0.12725799669302182,0.13333333333333333,0.16,0.16,0.0,0.0,0.0,0.0,0.0073941791584363715,0.016972627255144448,0.941030029562782,0.92,379,6048,0.9931640625,0.7666666666666667,14,2034,0.9166476364466773,0.92,365,4014,0.9833795013850416,2527,0.943784639746635,2526,0.8580786026200873,1374,baseline,3000.0,16500.0,40000.0,0.075,0.11503912377969504,0.23007824755939008,6.902347426781702,1.25,3.67,1.25,3.67,0.009544769346843989,0.15904312808798324,8531db171dca,0641409,True,run_layer1,1.0,0.8012985687629623,1163.8539597548097,0.84,0.6740405720699405,0.16,0.5669784832932397,0.9266666666666666,-0.4397204866002179,-0.7666666666666666,0.0,0.0,0.4397204866002179,0.7666666666666666
strong_drift,nominal,confirmed_route,330,path_budget,141,0.94,50.62031941112426,0.01687225749350843,3000.2102226450925,3935.0,165,163,82,27.331418105663897,1401.3771250079412,0.46709297716225934,2005.0,0.5095298602287166,0.49693251533742333,80,2959,194,141,53,53,1837,928,0,0.7268041237113402,0,0,-0.10441365438548028,1,0.40955022557444415,0.08666666666666667,0.6333333333333333,0.94,0.0,0.0,0.0,0.0,0.018494485710831152,0.10620220932729678,0.9757923459035892,1.0,346,13947,0.9964431797972613,1.0,20,5603,0.96239907727797,1.0,326,8344,0.9938574938574939,7326,0.9756768189509306,4728,0.9169271996426976,2239,baseline,3000.0,16500.0,40000.0,0.075,0.11503912377969504,0.23007824755939008,6.902347426781702,1.25,3.67,1.25,3.67,0.009544769346843989,0.15904312808798324,78748642b598,0641409,True,run_layer1,1.0,0.7383062048910739,1324.2335297929858,0.06000000000000005,0.32875597931662975,0.94,0.6083621013636986,0.9733333333333334,-0.19881187578925447,-0.03333333333333344,0.0,0.0,0.19881187578925447,0.03333333333333344
strong_drift,nominal,confirmed_route,331,path_budget,141,0.94,46.80968253390411,0.015603184881437684,3000.008196377344,3860.0,150,148,77,25.666596542296535,1947.3732119669503,0.6491226305043094,2509.0,0.65,0.4797297297297297,69,3280,177,141,36,36,1640,1463,0,0.7966101694915254,0,0,-0.023790548714420642,1,0.4841666382074567,0.2267268795344262,0.6466666666666666,0.94,0.0,0.0,0.0,0.0,0.009160588299375827,0.061099211026363016,0.9747642817526345,1.0,364,14060,0.9959992725950173,1.0,22,5477,0.9616806722689075,1.0,342,8583,0.9933249895702962,7191,0.9745515227367543,4794,0.9204592045920459,2439,baseline,3000.0,16500.0,40000.0,0.075,0.11503912377969504,0.23007824755939008,6.902347426781702,1.25,3.67,1.25,3.67,0.009544769346843989,0.15904312808798324,22183646288e,0641409,True,run_layer1,1.0,0.7804944116099809,1166.4955069551297,0.06000000000000005,0.2963277734025242,0.94,0.6542410738963599,0.9866666666666667,-0.17007443568890318,-0.046666666666666745,0.0,0.0,0.17007443568890318,0.046666666666666745
strong_drift,nominal,confirmed_route,332,path_budget,124,0.8266666666666667,42.74168416169532,0.01424687869934785,3000.073564439895,3848.0,158,156,80,26.666012776568618,1884.083374467647,0.6280123916959349,2434.0,0.6325363825363826,0.48717948717948717,72,2458,164,124,40,40,1579,715,0,0.7560975609756098,0,0,-0.04231487087525662,1,0.46769781488821277,0.31333333333333335,0.7,0.8266666666666667,0.3333333333333333,0.045454545454545456,0.08,0.041666666666666664,0.006490206460701886,0.0543573884212351,0.9757073026218338,1.0,328,13174,0.99562154959071,1.0,23,5230,0.9630258213116741,1.0,305,7944,0.993037037037037,6750,0.9755668060752807,4543,0.9230421004979629,2209,baseline,3000.0,16500.0,40000.0,0.075,0.11503912377969504,0.23007824755939008,6.902347426781702,1.25,3.67,1.25,3.67,0.009544769346843989,0.15904312808798324,ff9c326da54e,0641409,True,run_layer1,1.0,0.7491074934550455,1256.1554789815182,0.17333333333333334,0.2814096785668327,0.8266666666666667,0.5955782173878167,0.9733333333333334,-0.12788040249960392,-0.14666666666666672,0.0,0.0,0.12788040249960392,0.14666666666666672
strong_drift,nominal,confirmed_route,333,path_budget,120,0.8,41.06486136388246,0.013687166304271364,3000.2456645147445,3646.0,130,128,56,18.66513821262612,1984.4373384341852,0.6614249499316068,2336.0,0.6407021393307735,0.5625,44,2335,157,120,37,37,1448,730,0,0.7643312101910829,0,0,-0.02559350131393083,1,0.5371209177189354,0.5266666666666666,0.7866666666666666,0.8,0.0,0.0,0.0,0.0,0.004751162547230004,0.03637690105667954,0.9727181177332235,0.92,298,10625,0.9949471750114837,0.8533333333333334,22,4332,0.957984472522454,0.92,276,6293,0.9937467430953622,5757,0.9717086834733893,3570,0.8991228070175439,1596,baseline,3000.0,16500.0,40000.0,0.075,0.11503912377969504,0.23007824755939008,6.902347426781702,1.25,3.67,1.25,3.67,0.009544769346843989,0.15904312808798324,a98b05290f7e,0641409,True,run_layer1,1.0,0.8068518037354826,1068.9290912276363,0.19999999999999996,0.26973088601654716,0.8,0.6828948322920094,0.9333333333333333,-0.14577391457307398,-0.1333333333333333,0.0,0.0,0.14577391457307398,0.1333333333333333
strong_drift,nominal,confirmed_route,334,path_budget,143,0.9533333333333334,53.43272651360288,0.01781018205821086,3000.122420925467,3994.0,170,168,87,28.998816646009583,1313.1775607873544,0.4377079920566275,1958.0,0.4902353530295443,0.48214285714285715,83,2704,189,143,46,46,1770,745,0,0.7566137566137566,0,0,-0.10140599704348355,1,0.45573572175992416,0.18666666666666668,0.6933333333333334,0.9533333333333334,0.0,0.0,0.0,0.0,0.018517144028019957,0.10040560814354571,0.9771338323147704,1.0,333,14230,0.997286541244573,1.0,15,5513,0.964803541781959,1.0,318,8717,0.9953923485060039,7162,0.9759547383309759,4949,0.9261827079934747,2452,baseline,3000.0,16500.0,40000.0,0.075,0.11503912377969504,0.23007824755939008,6.902347426781702,1.25,3.67,1.25,3.67,0.009544769346843989,0.15904312808798324,688c03827ff3,0641409,True,run_layer1,1.0,0.7433395231486537,1756.0110612632077,0.046666666666666634,0.28760380138872954,0.9533333333333334,0.5587648917696493,0.9533333333333334,-0.10302917000972511,0.0,0.0,0.0,0.10302917000972511,-0.0
strong_drift,nominal,confirmed_route,335,path_budget,148,0.9866666666666667,52.66428711867303,0.017553567395465194,3000.204228131905,3842.0,152,150,81,26.998162071931727,1522.6869135954944,0.5075277540501316,2083.0,0.5421655387818844,0.46,72,3486,185,148,37,37,1742,1559,0,0.8,0,0,-0.030071584920943542,1,0.5991905486466714,0.46,0.98,0.9866666666666667,0.0,0.0,0.0,0.0,0.003215415200202931,0.037084928264603745,0.9820578742957169,1.0,328,17953,0.9975786924939467,1.0,17,7004,0.9723801065719361,1.0,311,10949,0.995516173801644,9367,0.9819848801672832,6217,0.9354838709677419,2697,baseline,3000.0,16500.0,40000.0,0.075,0.11503912377969504,0.23007824755939008,6.902347426781702,1.25,3.67,1.25,3.67,0.009544769346843989,0.15904312808798324,2752fb950bc7,0641409,True,run_layer1,1.0,0.8120437425439068,1021.029104723448,0.013333333333333308,0.21285319389723534,0.9866666666666667,0.6220863686331756,0.9866666666666667,-0.02289581998650414,0.0,0.0,0.0,0.02289581998650414,-0.0
strong_drift,nominal,confirmed_route,336,path_budget,111,0.74,36.13509986661502,0.012044082952253453,3000.2367145648172,3684.0,123,121,57,18.99850092604037,1765.4978697974425,0.5884528581450704,2162.0,0.5868621064060804,0.5289256198347108,49,2285,149,111,38,38,1532,604,0,0.7449664429530202,0,0,-0.02776219849823698,1,0.43212651645586825,0.37333333333333335,0.5866666666666667,0.74,0.0,0.0,0.0,0.0,0.010952093793583459,0.06022461733445954,0.9720482378236889,1.0,299,10398,0.9970760233918129,1.0,12,4092,0.9564689822539056,1.0,287,6306,0.9934762348555451,5365,0.9751881795372177,3587,0.8997134670487106,1745,baseline,3000.0,16500.0,40000.0,0.075,0.11503912377969504,0.23007824755939008,6.902347426781702,1.25,3.67,1.25,3.67,0.009544769346843989,0.15904312808798324,4a2bfeddd90f,0641409,True,run_layer1,1.0,0.7796531780116952,1231.0434548614742,0.26,0.34752666155582695,0.74,0.6317734571374202,0.96,-0.19964694068155192,-0.21999999999999997,0.0,0.0,0.19964694068155192,0.21999999999999997
strong_drift,nominal,confirmed_route,337,path_budget,126,0.84,44.588365632157654,0.014861684878245877,3000.2227874865566,3855.0,156,154,76,25.331452156481074,1596.5012032259715,0.532127550622147,2139.0,0.554863813229572,0.5064935064935064,71,2643,171,126,45,45,1531,941,0,0.7368421052631579,0,0,-0.0761751231820868,1,0.37099000127326515,0.02,0.5333333333333333,0.84,0.0,0.0,0.0,0.0,0.01863292288686361,0.09791525128703461,0.9736331911593641,1.0,340,12555,0.995580554439534,0.9866666666666667,22,4956,0.9598332701780977,1.0,318,7599,0.9935671618930924,6529,0.972286911970191,4294,0.9136100386100386,2072,baseline,3000.0,16500.0,40000.0,0.075,0.11503912377969504,0.23007824755939008,6.902347426781702,1.25,3.67,1.25,3.67,0.009544769346843989,0.15904312808798324,8f381fe09c3f,0641409,True,run_layer1,1.0,0.7657662592863458,1238.912450976796,0.16000000000000003,0.39477625801308064,0.84,0.45096726144356014,0.8533333333333334,-0.079977260170295,-0.01333333333333342,0.0,0.0,0.079977260170295,0.01333333333333342
strong_drift,nominal,confirmed_route,338,path_budget,134,0.8933333333333333,45.14893075461083,0.015049633595785067,3000.001991228254,3911.0,156,154,81,26.999982078957608,1845.3212982708412,0.6151066911510061,2419.0,0.6185118895423165,0.474025974025974,74,2648,190,134,56,56,1700,758,0,0.7052631578947368,0,0,-0.08035745380934016,1,0.4323134259681653,0.12,0.5866666666666667,0.8933333333333333,0.0,0.0,0.0,0.0,0.019528267901168506,0.09804193098866053,0.9741392862757428,1.0,329,12393,0.9967253376995497,1.0,16,4870,0.9600561510974988,1.0,313,7523,0.9932696822663953,6389,0.9732734153263954,4228,0.9178147268408551,2105,baseline,3000.0,16500.0,40000.0,0.075,0.11503912377969504,0.23007824755939008,6.902347426781702,1.25,3.67,1.25,3.67,0.009544769346843989,0.15904312808798324,6e41d289a185,0641409,True,run_layer1,1.0,0.7605092892696261,1179.0011027435662,0.10666666666666669,0.32819586330146083,0.8933333333333333,0.6363319549501959,0.94,-0.2040185289820306,-0.046666666666666634,0.0,0.0,0.2040185289820306,0.046666666666666634
strong_drift,nominal,confirmed_route,339,path_budget,129,0.86,41.06140919259959,0.013686561967738913,3000.1259110496057,3924.0,157,154,81,26.99886684811233,1749.9244143033068,0.5832836574819251,2347.0,0.5981141692150866,0.474025974025974,72,2299,163,129,34,34,1489,647,0,0.7914110429447853,0,0,-0.010104271810536927,1,0.3700080312432664,0.15333333333333332,0.5533333333333333,0.86,0.022727272727272728,0.3125,0.04237288135593221,0.021645021645021644,0.017008537909151602,0.07226911908543546,0.9750950422841183,1.0,321,12568,0.99655102454859,1.0,17,4912,0.9618090452261306,1.0,304,7656,0.9937828790052606,6273,0.9753537197626655,4382,0.9221128021486124,2234,baseline,3000.0,16500.0,40000.0,0.075,0.11503912377969504,0.23007824755939008,6.902347426781702,1.25,3.67,1.25,3.67,0.009544769346843989,0.15904312808798324,3b38dcafd721,0641409,True,run_layer1,1.0,0.8012985687629623,1163.8539597548097,0.14,0.4312905375196959,0.86,0.5669784832932397,0.9266666666666666,-0.19697045204997332,-0.06666666666666665,0.0,0.0,0.19697045204997332,0.06666666666666665
strong_drift,nominal,belief_horizon,330,path_budget,146,0.9733333333333334,52.071536589938056,0.01735594972636674,3000.21245802713,5484.0,290,111,58,19.331964256337848,1249.8198066593552,0.4165771005034782,1912.0,0.3486506199854121,0.4774774774774775,0,2039,191,146,45,45,1349,499,0,0.7643979057591623,0,0,0.012682634728938297,1,0.608031763013979,0.5066666666666667,0.7733333333333333,0.9733333333333334,0.0,0.0,0.0,0.0,0.000737110107117707,0.01591050897625915,0.9648519294047263,1.0,470,12902,0.9963833634719711,1.0,18,4959,0.9461584276354973,1.0,452,7943,0.9908583823985125,6454,0.9655550680122861,4558,0.8923728813559322,2360,baseline,3000.0,16500.0,40000.0,0.075,0.11503912377969504,0.23007824755939008,6.902347426781702,1.25,3.67,1.25,3.67,0.009544769346843989,0.15904312808798324,4e30fd4c0da9,0641409,True,run_layer1,1.0,0.7383062048910739,1324.2335297929858,0.026666666666666616,0.13027444187709492,0.9733333333333334,0.6083621013636986,0.9733333333333334,-0.0003303383497196277,0.0,0.0,0.0,0.0003303383497196277,-0.0
strong_drift,nominal,belief_horizon,331,path_budget,148,0.9866666666666667,48.44477257144639,0.01614807317596877,3000.0342482681403,6079.0,360,86,35,11.666533480477698,693.2638450074234,0.23108531024525159,1038.0,0.17075176838295772,0.5930232558139535,0,2218,187,148,39,39,1337,694,0,0.7914438502673797,0,0,-0.03715629606158634,1,0.47103305271437984,0.4,0.5533333333333333,0.9866666666666667,0.0,0.0,0.0,0.0,0.0048390446301304416,0.04314563179482637,0.9643878346763712,1.0,548,14840,0.9949155620119847,1.0,28,5479,0.9473737475963971,1.0,520,9361,0.9907273254129237,6902,0.962138508371385,5256,0.9117647058823529,3230,baseline,3000.0,16500.0,40000.0,0.075,0.11503912377969504,0.23007824755939008,6.902347426781702,1.25,3.67,1.25,3.67,0.009544769346843989,0.15904312808798324,cfc24307f5be,0641409,True,run_layer1,1.0,0.7804944116099809,1166.4955069551297,0.013333333333333308,0.30946135889560106,0.9866666666666667,0.6542410738963599,0.9866666666666667,-0.18320802118198004,0.0,0.0,0.0,0.18320802118198004,-0.0
strong_drift,nominal,belief_horizon,332,path_budget,146,0.9733333333333334,51.33831638251961,0.01711267148320266,3000.01764382095,5492.0,289,119,70,23.333196104421912,1378.8142346170334,0.4596020418269664,2156.0,0.39257101238164605,0.4117647058823529,0,2108,188,146,42,42,1368,552,0,0.776595744680851,0,0,-0.033880503933043996,1,0.5837471713721668,0.5333333333333333,0.94,0.9733333333333334,0.0,0.0,0.0,0.0,0.0006282439640975378,0.012513528221111417,0.9582783205703723,1.0,474,10887,0.9935247140082021,1.0,30,4603,0.9340071343638525,1.0,444,6284,0.9889692585895118,5530,0.9558929862617498,4149,0.8632580261593341,1682,baseline,3000.0,16500.0,40000.0,0.075,0.11503912377969504,0.23007824755939008,6.902347426781702,1.25,3.67,1.25,3.67,0.009544769346843989,0.15904312808798324,48629bc81ff0,0641409,True,run_layer1,1.0,0.7491074934550455,1256.1554789815182,0.026666666666666616,0.16536032208287865,0.9733333333333334,0.5955782173878167,0.9733333333333334,-0.011831046015649882,0.0,0.0,0.0,0.011831046015649882,-0.0
strong_drift,nominal,belief_horizon,333,path_budget,140,0.9333333333333333,47.15522347332878,0.015717801337601506,3000.115757954003,5237.0,262,85,41,13.666139345223424,1315.4813193652162,0.4384768540605708,1824.0,0.34829100630131754,0.5176470588235295,0,1852,177,140,37,37,1264,411,0,0.7909604519774012,0,0,-0.06503564853159535,1,0.6828948322920094,0.5466666666666666,0.9333333333333333,0.9333333333333333,0.0,0.0,0.0,0.0,0.001085484043133021,0.010896663154900775,0.9566551948655939,1.0,466,10285,0.9954545454545455,1.0,19,4161,0.9319738243798509,1.0,447,6124,0.9897807506503159,5382,0.9557640750670241,3730,0.849908480780964,1639,baseline,3000.0,16500.0,40000.0,0.075,0.11503912377969504,0.23007824755939008,6.902347426781702,1.25,3.67,1.25,3.67,0.009544769346843989,0.15904312808798324,1f444c22117a,0641409,True,run_layer1,1.0,0.8068518037354826,1068.9290912276363,0.06666666666666665,0.12395697144347317,0.9333333333333333,0.6828948322920094,0.9333333333333333,0.0,0.0,0.0,0.0,-0.0,-0.0
strong_drift,nominal,belief_horizon,334,path_budget,112,0.7466666666666667,42.9500756918529,0.014316387047617181,3000.063881271044,5403.0,258,101,66,21.999531547320796,1441.8538797249503,0.4806077259641807,2195.0,0.4062557838238016,0.3465346534653465,0,1617,145,112,33,33,1054,418,0,0.7724137931034483,0,0,0.020825763687032192,1,0.5350488283161792,0.4866666666666667,0.7466666666666667,0.7466666666666667,0.0,0.0,0.0,0.0,0.0027871797623243333,0.008190487244207952,0.9612422780739612,0.9933333333333333,458,11359,0.994531621493105,0.9133333333333333,23,4183,0.9428458809617659,0.9933333333333333,435,7176,0.9869565217391304,5060,0.9646899049343595,4418,0.8991021804189825,2339,baseline,3000.0,16500.0,40000.0,0.075,0.11503912377969504,0.23007824755939008,6.902347426781702,1.25,3.67,1.25,3.67,0.009544769346843989,0.15904312808798324,53ef1d1c3850,0641409,True,run_layer1,1.0,0.7433395231486537,1756.0110612632077,0.2533333333333333,0.20829069483247453,0.7466666666666667,0.5587648917696493,0.9533333333333334,-0.023716063453470104,-0.20666666666666667,0.0,0.0,0.023716063453470104,0.20666666666666667
strong_drift,nominal,belief_horizon,335,path_budget,145,0.9666666666666667,51.197019018876134,0.0170646452896378,3000.1806747172536,5491.0,270,86,48,15.999036459537114,1177.2008420158738,0.39237664982520326,1730.0,0.3150610089236933,0.4418604651162791,0,2559,188,145,43,43,1353,1018,0,0.7712765957446809,0,0,-0.037390453564344305,1,0.6220863686331756,0.52,0.8933333333333333,0.9666666666666667,0.0,0.0,0.0,0.0,0.0023963604649117993,0.019917125930115052,0.9764392435482185,1.0,451,18691,0.9957203994293866,1.0,30,6980,0.9652983844378503,1.0,421,11711,0.9934065934065934,8645,0.9778432197447763,7131,0.9298871063576946,3366,baseline,3000.0,16500.0,40000.0,0.075,0.11503912377969504,0.23007824755939008,6.902347426781702,1.25,3.67,1.25,3.67,0.009544769346843989,0.15904312808798324,3d04a43818b4,0641409,True,run_layer1,1.0,0.8120437425439068,1021.029104723448,0.033333333333333326,0.1899573739107312,0.9666666666666667,0.6220863686331756,0.9866666666666667,0.0,-0.020000000000000018,0.0,0.0,-0.0,0.020000000000000018
strong_drift,nominal,belief_horizon,336,path_budget,135,0.9,45.594909185684614,0.015197453863985433,3000.167632930563,5452.0,263,105,57,18.998938384093698,1521.5374435677077,0.50715080946376,2360.0,0.4328686720469552,0.45714285714285713,0,2065,182,135,47,47,1314,569,0,0.7417582417582418,0,0,0.013025029569588203,1,0.5815673176479378,0.4666666666666667,0.9,0.9,0.0,0.0,0.0,0.0,0.0015145954499968253,0.011137137928247281,0.9670321303487133,0.9933333333333333,433,12701,0.9965464313123561,0.9866666666666667,18,5194,0.9476142388285786,0.9933333333333333,415,7507,0.9930790525992003,6502,0.9655797101449275,4416,0.8935018050541517,2216,baseline,3000.0,16500.0,40000.0,0.075,0.11503912377969504,0.23007824755939008,6.902347426781702,1.25,3.67,1.25,3.67,0.009544769346843989,0.15904312808798324,dec58c1f5f28,0641409,True,run_layer1,1.0,0.7796531780116952,1231.0434548614742,0.09999999999999998,0.19808586036375742,0.9,0.6317734571374202,0.96,-0.05020613948948238,-0.05999999999999994,0.0,0.0,0.05020613948948238,0.05999999999999994
strong_drift,nominal,belief_horizon,337,path_budget,100,0.6666666666666666,35.10945678978451,0.011702208627532525,3000.2419122130736,5595.0,282,87,52,17.33193573102349,1120.5071259978947,0.3734722594990259,1596.0,0.285254691689008,0.40229885057471265,0,1437,144,100,44,44,1061,232,0,0.6944444444444444,0,0,-0.020856113212471813,1,0.4325431445131344,0.44666666666666666,0.5666666666666667,0.6666666666666666,0.0,0.0,0.0,0.0,0.026315390455115842,0.08197039678938539,0.9733759318423855,0.9933333333333333,425,15538,0.9962762356127285,0.9466666666666667,22,5886,0.9599204375932372,0.9933333333333333,403,9652,0.9931943853679286,7053,0.9771598808341608,6042,0.9166666666666666,2868,baseline,3000.0,16500.0,40000.0,0.075,0.11503912377969504,0.23007824755939008,6.902347426781702,1.25,3.67,1.25,3.67,0.009544769346843989,0.15904312808798324,3d5d2bc57a22,0641409,True,run_layer1,1.0,0.7657662592863458,1238.912450976796,0.33333333333333337,0.33322311477321137,0.6666666666666666,0.45096726144356014,0.8533333333333334,-0.018424116930425727,-0.18666666666666676,0.0,0.0,0.018424116930425727,0.18666666666666676
strong_drift,nominal,belief_horizon,338,path_budget,88,0.5866666666666667,28.61284877043998,0.009537532424271277,3000.026369255166,5563.0,272,91,59,19.666493803068896,1415.7239709899457,0.4719038424123704,2102.0,0.3778536760740608,0.3516483516483517,0,1450,122,88,34,34,917,411,0,0.7213114754098361,0,0,0.026402064144395956,1,0.4481909071123882,0.56,0.5866666666666667,0.5866666666666667,0.0,0.0,0.0,0.0,0.0037970970041277404,0.010191370264838896,0.9499895811627422,0.9333333333333333,480,9118,0.9926849092386887,0.8466666666666667,27,3664,0.9233113255459624,0.9333333333333333,453,5454,0.9850936967632027,4696,0.9524517087667161,3365,0.8373454782042941,1537,baseline,3000.0,16500.0,40000.0,0.075,0.11503912377969504,0.23007824755939008,6.902347426781702,1.25,3.67,1.25,3.67,0.009544769346843989,0.15904312808798324,473d45dc1ec0,0641409,True,run_layer1,1.0,0.7605092892696261,1179.0011027435662,0.41333333333333333,0.31231838215723795,0.5866666666666667,0.6363319549501959,0.94,-0.18814104783780772,-0.3533333333333333,0.0,0.0,0.18814104783780772,0.3533333333333333
strong_drift,nominal,belief_horizon,339,path_budget,89,0.5933333333333334,27.364930677843752,0.009121126932131214,3000.1699221446693,5347.0,269,117,84,27.998414149806777,1663.635954953834,0.5545139102536516,2535.0,0.4740976248363568,0.28205128205128205,0,1342,114,89,25,25,832,396,0,0.7807017543859649,0,0,0.014421145740186811,1,0.48047415870866234,0.5933333333333334,0.5933333333333334,0.5933333333333334,0.0,0.0,0.0,0.0,0.004134594208697468,0.01063194751177137,0.9521531100478469,0.9133333333333333,480,9552,0.9937380887557855,0.78,23,3650,0.9281333543009908,0.9133333333333333,457,5902,0.9862011289985365,4783,0.9491623339110341,3462,0.8668158925573587,1787,baseline,3000.0,16500.0,40000.0,0.075,0.11503912377969504,0.23007824755939008,6.902347426781702,1.25,3.67,1.25,3.67,0.009544769346843989,0.15904312808798324,daa1607e1890,0641409,True,run_layer1,1.0,0.8012985687629623,1163.8539597548097,0.4066666666666666,0.3208244100543,0.5933333333333334,0.5669784832932397,0.9266666666666666,-0.08650432458457741,-0.33333333333333326,0.0,0.0,0.08650432458457741,0.33333333333333326
strong_drift,nominal,belief_orienteering,330,path_budget,128,0.8533333333333334,44.78248040994316,0.014926793283785204,3000.140724035472,5426.0,259,102,61,20.3323795818315,1573.6635209544775,0.5245299023299653,2453.0,0.452082565425728,0.4019607843137255,0,1778,161,128,33,33,1160,457,0,0.7950310559006211,0,0,0.01311902819873445,1,0.5937899132902006,0.54,0.8533333333333334,0.8533333333333334,0.0,0.0,0.0,0.0,0.0018585137993740275,0.008478764275388502,0.9620711362920995,0.98,482,12226,0.995210102329632,0.9066666666666666,22,4571,0.9433148490449784,0.98,460,7655,0.9899601869482431,5777,0.9635020152261532,4466,0.8941176470588236,2465,baseline,3000.0,16500.0,40000.0,0.075,0.11503912377969504,0.23007824755939008,6.902347426781702,1.25,3.67,1.25,3.67,0.009544769346843989,0.15904312808798324,ba0da4c18734,0641409,True,run_layer1,1.0,0.7383062048910739,1324.2335297929858,0.1466666666666666,0.14451629160087331,0.8533333333333334,0.6083621013636986,0.9733333333333334,-0.014572188073498027,-0.12,0.0,0.0,0.014572188073498027,0.12
strong_drift,nominal,belief_orienteering,331,path_budget,143,0.9533333333333334,46.32362594441881,0.015440969101700376,3000.046541076078,5660.0,277,117,74,24.666284001533242,1517.5054995679075,0.5058273192733863,2524.0,0.44593639575971733,0.36752136752136755,0,2481,198,143,55,55,1417,866,0,0.7222222222222222,0,0,0.023191755598314122,1,0.6542410738963599,0.5733333333333334,0.9533333333333334,0.9533333333333334,0.0,0.0,0.0,0.0,0.0007920992485548554,0.008418217796162485,0.9675140264597908,1.0,469,13968,0.9949247779590357,1.0,28,5489,0.9505605381165919,1.0,441,8479,0.991859468723222,7002,0.9676894940052835,4921,0.8993635640413683,2514,baseline,3000.0,16500.0,40000.0,0.075,0.11503912377969504,0.23007824755939008,6.902347426781702,1.25,3.67,1.25,3.67,0.009544769346843989,0.15904312808798324,1f633504f248,0641409,True,run_layer1,1.0,0.7804944116099809,1166.4955069551297,0.046666666666666634,0.12625333771362102,0.9533333333333334,0.6542410738963599,0.9866666666666667,0.0,-0.033333333333333326,0.0,0.0,-0.0,0.033333333333333326
strong_drift,nominal,belief_orienteering,332,path_budget,145,0.9666666666666667,51.115634000841716,0.01703779879218362,3000.131332944951,5510.0,285,117,68,22.665674416743183,1418.983694737502,0.47297385922922824,2229.0,0.4045372050816697,0.4188034188034188,0,2105,187,145,42,42,1366,552,0,0.7754010695187166,0,0,-0.030622140963265564,1,0.5830385774166373,0.5333333333333333,0.94,0.9666666666666667,0.0,0.0,0.0,0.0,0.0006800110863328463,0.011555683655158471,0.9580759046778464,1.0,475,10855,0.9932972972972973,1.0,31,4594,0.9337807606263983,1.0,444,6261,0.9892960812772134,5512,0.9565217391304348,4140,0.8593563766388558,1678,baseline,3000.0,16500.0,40000.0,0.075,0.11503912377969504,0.23007824755939008,6.902347426781702,1.25,3.67,1.25,3.67,0.009544769346843989,0.15904312808798324,44832a76a932,0641409,True,run_layer1,1.0,0.7491074934550455,1256.1554789815182,0.033333333333333326,0.16606891603840812,0.9666666666666667,0.5955782173878167,0.9733333333333334,-0.01253963997117935,-0.00666666666666671,0.0,0.0,0.01253963997117935,0.00666666666666671
strong_drift,nominal,belief_orienteering,333,path_budget,123,0.82,42.63486874969674,0.014210648986018664,3000.2056057850436,5491.0,278,104,66,21.998492327571736,1496.3818487592087,0.49875976695525853,2244.0,0.4086687306501548,0.36538461538461536,0,1857,163,123,40,40,1150,544,0,0.754601226993865,0,0,0.00021281724515179526,1,0.6022210124442919,0.54,0.82,0.82,0.0,0.0,0.0,0.0,0.0017493980110262716,0.007546572841439707,0.9573390557939914,0.8666666666666667,497,11153,0.9929441949967928,0.8266666666666667,33,4644,0.933457622257278,0.8666666666666667,464,6509,0.9891393779825571,6077,0.9590596936080296,3786,0.8455512031337437,1787,baseline,3000.0,16500.0,40000.0,0.075,0.11503912377969504,0.23007824755939008,6.902347426781702,1.25,3.67,1.25,3.67,0.009544769346843989,0.15904312808798324,a5257c29efe4,0641409,True,run_layer1,1.0,0.8068518037354826,1068.9290912276363,0.18000000000000005,0.20463079129119066,0.82,0.6828948322920094,0.9333333333333333,-0.08067381984771749,-0.1133333333333334,0.0,0.0,0.08067381984771749,0.1133333333333334
strong_drift,nominal,belief_orienteering,334,path_budget,140,0.9333333333333333,52.45601666172613,0.01748516772958144,3000.0293662028157,5425.0,261,107,52,17.33316366360014,1314.4513552930425,0.43814616286798697,2121.0,0.3909677419354839,0.514018691588785,0,2184,189,140,49,49,1352,643,0,0.7407407407407407,0,0,0.008897924730647135,1,0.5587648917696493,0.3933333333333333,0.92,0.9333333333333333,0.0,0.0,0.0,0.0,0.0011981970228803224,0.011556342796585354,0.9615121450564489,1.0,450,11242,0.9959069366652306,1.0,19,4623,0.9388652482269504,1.0,431,6619,0.990537343697195,5918,0.9611111111111111,3780,0.8761283851554664,1994,baseline,3000.0,16500.0,40000.0,0.075,0.11503912377969504,0.23007824755939008,6.902347426781702,1.25,3.67,1.25,3.67,0.009544769346843989,0.15904312808798324,1ded9ef3c102,0641409,True,run_layer1,1.0,0.7433395231486537,1756.0110612632077,0.06666666666666665,0.18457463137900443,0.9333333333333333,0.5587648917696493,0.9533333333333334,0.0,-0.020000000000000018,0.0,0.0,-0.0,0.020000000000000018
strong_drift,nominal,belief_orienteering,335,path_budget,139,0.9266666666666666,49.40481845933428,0.016467610127373227,3000.120726517037,5632.0,268,85,44,14.66607647188965,1341.9921851994204,0.44731272756393176,2115.0,0.37553267045454547,0.4823529411764706,0,2289,187,139,48,48,1332,770,0,0.7433155080213903,0,0,-0.02045609655647007,1,0.5926798281633862,0.5266666666666666,0.8533333333333334,0.9266666666666666,0.0,0.0,0.0,0.0,0.0012536191486674287,0.011618906886091086,0.9762943198727487,1.0,462,19027,0.9959752766997269,1.0,28,6929,0.9653686562400255,1.0,434,12098,0.9917903733693207,8892,0.9776026545002073,7233,0.9325208085612366,3364,baseline,3000.0,16500.0,40000.0,0.075,0.11503912377969504,0.23007824755939008,6.902347426781702,1.25,3.67,1.25,3.67,0.009544769346843989,0.15904312808798324,6b64964f6470,0641409,True,run_layer1,1.0,0.8120437425439068,1021.029104723448,0.07333333333333336,0.2193639143805206,0.9266666666666666,0.6220863686331756,0.9866666666666667,-0.02940654046978941,-0.06000000000000005,0.0,0.0,0.02940654046978941,0.06000000000000005
strong_drift,nominal,belief_orienteering,336,path_budget,144,0.96,48.25377074459219,0.01608445524380342,3000.025180410265,5486.0,281,99,44,14.666543563471969,1089.4796764256487,0.36315684399577547,1670.0,0.3044112285818447,0.5555555555555556,0,2254,204,144,60,60,1482,568,0,0.7058823529411765,0,0,-0.04472995009507605,1,0.5973810171670437,0.5333333333333333,0.9533333333333334,0.96,0.0,0.0,0.0,0.0,0.001022933154978789,0.01884222968974742,0.9634007173133355,1.0,449,11819,0.9955184355265838,1.0,22,4887,0.9419758119309689,1.0,427,6932,0.990968545624416,6422,0.9574083634486319,3874,0.8853955375253549,1972,baseline,3000.0,16500.0,40000.0,0.075,0.11503912377969504,0.23007824755939008,6.902347426781702,1.25,3.67,1.25,3.67,0.009544769346843989,0.15904312808798324,727d462a4a5d,0641409,True,run_layer1,1.0,0.7796531780116952,1231.0434548614742,0.040000000000000036,0.18227216084465148,0.96,0.6317734571374202,0.96,-0.03439243997037644,0.0,0.0,0.0,0.03439243997037644,-0.0
strong_drift,nominal,belief_orienteering,337,path_budget,81,0.54,28.13585783794746,0.00937858358498323,3000.011417821977,5278.0,221,97,70,23.33324452838928,1739.9054333807226,0.5799662704763645,2688.0,0.5092838196286472,0.27835051546391754,0,1029,104,81,23,23,752,173,0,0.7788461538461539,0,0,0.02396989708204013,1,0.42053427195494625,0.52,0.54,0.54,0.0,0.0,0.0,0.0,0.00432071389704587,0.011639407599452476,0.9628844114528102,0.86,455,11804,0.9956650695870408,0.7266666666666667,19,4364,0.9446419502285424,0.86,436,7440,0.9918060771594401,5858,0.9671810475983482,4601,0.8577777777777778,1800,baseline,3000.0,16500.0,40000.0,0.075,0.11503912377969504,0.23007824755939008,6.902347426781702,1.25,3.67,1.25,3.67,0.009544769346843989,0.15904312808798324,7f335c020b73,0641409,True,run_layer1,1.0,0.7657662592863458,1238.912450976796,0.45999999999999996,0.34523198733139954,0.54,0.45096726144356014,0.8533333333333334,-0.030432989488613893,-0.31333333333333335,0.0,0.0,0.030432989488613893,0.31333333333333335
strong_drift,nominal,belief_orienteering,338,path_budget,141,0.94,46.808875362640734,0.015602805479519883,3000.0294129207523,5582.0,291,114,59,19.66647385052105,1423.2419811289785,0.4744093424548616,2255.0,0.40397706915084197,0.4824561403508772,0,2157,184,141,43,43,1355,618,0,0.7663043478260869,0,0,-0.007334776101898616,1,0.6363319549501959,0.5266666666666666,0.9333333333333333,0.94,0.0,0.0,0.0,0.0,0.0009927754294029448,0.010297768500092707,0.9597072543027183,1.0,501,11933,0.9938360386274913,1.0,30,4837,0.9377560459891635,1.0,471,7096,0.9894604373131981,6357,0.953952228515144,4061,0.8774801587301587,2016,baseline,3000.0,16500.0,40000.0,0.075,0.11503912377969504,0.23007824755939008,6.902347426781702,1.25,3.67,1.25,3.67,0.009544769346843989,0.15904312808798324,b3373f933683,0641409,True,run_layer1,1.0,0.7605092892696261,1179.0011027435662,0.06000000000000005,0.12417733431943023,0.94,0.6363319549501959,0.94,0.0,0.0,0.0,0.0,-0.0,-0.0
strong_drift,nominal,belief_orienteering,339,path_budget,116,0.7733333333333333,36.26561156507419,0.01208792806279342,3000.1511736903494,5046.0,203,106,72,23.99879067141676,1667.1299059784212,0.5556819671615949,2559.0,0.5071343638525565,0.32075471698113206,0,1885,159,116,43,43,1178,548,0,0.7295597484276729,0,0,0.031135016225861845,1,0.5669784832932397,0.62,0.7733333333333333,0.7733333333333333,0.0,0.0,0.0,0.0,0.0026160135387793726,0.009855581246368372,0.9660232892008295,1.0,426,12112,0.9950930280106318,0.9733333333333334,24,4867,0.9474303648489604,1.0,402,7245,0.9937067337948395,6356,0.9625,4240,0.8831101956745623,1942,baseline,3000.0,16500.0,40000.0,0.075,0.11503912377969504,0.23007824755939008,6.902347426781702,1.25,3.67,1.25,3.67,0.009544769346843989,0.15904312808798324,ce05037790ca,0641409,True,run_layer1,1.0,0.8012985687629623,1163.8539597548097,0.22666666666666668,0.2343200854697226,0.7733333333333333,0.5669784832932397,0.9266666666666666,0.0,-0.15333333333333332,0.0,0.0,-0.0,0.15333333333333332
strong_drift,nominal,belief_orienteering_depth1,330,path_budget,135,0.9,47.16858861230834,0.015722364992766923,3000.0950005936293,5056.0,238,96,45,14.999525012073233,1364.059038742335,0.4546719482124494,1928.0,0.3813291139240506,0.53125,0,2123,186,135,51,51,1346,591,0,0.7258064516129032,0,0,-0.039544857521429624,1,0.6083621013636986,0.4866666666666667,0.9,0.9,0.0,0.0,0.0,0.0,0.0017206129899491405,0.016009661632248078,0.9637482331420969,1.0,436,11591,0.9952326901248582,0.9933333333333333,21,4384,0.9455523484649698,1.0,415,7207,0.9917500438827453,5697,0.96362286562732,4041,0.8942769768457842,2289,baseline,3000.0,16500.0,40000.0,0.075,0.11503912377969504,0.23007824755939008,6.902347426781702,1.25,3.67,1.25,3.67,0.009544769346843989,0.15904312808798324,79730222fc16,0641409,True,run_layer1,1.0,0.7383062048910739,1324.2335297929858,0.09999999999999998,0.1299441035273753,0.9,0.6083621013636986,0.9733333333333334,0.0,-0.07333333333333336,0.0,0.0,-0.0,0.07333333333333336
strong_drift,nominal,belief_orienteering_depth1,331,path_budget,145,0.9666666666666667,48.08916169287373,0.016028719366619697,3000.1873882089976,5520.0,258,105,50,16.66562568608362,1269.768780428913,0.4232298240500633,2127.0,0.38532608695652176,0.5238095238095238,0,2091,188,145,43,43,1350,553,0,0.7712765957446809,0,0,0.009194222041011946,1,0.6328788224760228,0.54,0.94,0.9666666666666667,0.0,0.0,0.0,0.0,0.0009692349002168324,0.012090336973271271,0.9683951292926529,1.0,462,14156,0.9947368421052631,1.0,29,5481,0.9524593763724198,1.0,433,8675,0.9909604519774011,7080,0.970283207020343,5014,0.9013470681458003,2524,baseline,3000.0,16500.0,40000.0,0.075,0.11503912377969504,0.23007824755939008,6.902347426781702,1.25,3.67,1.25,3.67,0.009544769346843989,0.15904312808798324,bb93d4e96aac,0641409,True,run_layer1,1.0,0.7804944116099809,1166.4955069551297,0.033333333333333326,0.1476155891339581,0.9666666666666667,0.6542410738963599,0.9866666666666667,-0.021362251420337097,-0.020000000000000018,0.0,0.0,0.021362251420337097,0.020000000000000018
strong_drift,nominal,belief_orienteering_depth1,332,path_budget,144,0.96,50.70342563636913,0.01690059118192941,3000.0977534195767,5286.0,261,104,53,17.666091026397204,1180.7101448183826,0.39355722441796553,1759.0,0.3327657964434355,0.49038461538461536,0,2025,185,144,41,41,1349,491,0,0.7783783783783784,0,0,-0.04576009082657881,1,0.5955782173878167,0.49333333333333335,0.9266666666666666,0.96,0.0,0.0,0.0,0.0,0.0008674526682475559,0.015229700484871213,0.9575799721835884,1.0,488,11016,0.9941048034934498,1.0,27,4553,0.933419988445985,1.0,461,6463,0.987794395736634,5817,0.9564992232004143,3862,0.8635616438356164,1825,baseline,3000.0,16500.0,40000.0,0.075,0.11503912377969504,0.23007824755939008,6.902347426781702,1.25,3.67,1.25,3.67,0.009544769346843989,0.15904312808798324,041fc254bc25,0641409,True,run_layer1,1.0,0.7491074934550455,1256.1554789815182,0.040000000000000036,0.15352927606722877,0.96,0.5955782173878167,0.9733333333333334,0.0,-0.01333333333333342,0.0,0.0,-0.0,0.01333333333333342
strong_drift,nominal,belief_orienteering_depth1,333,path_budget,109,0.7266666666666667,37.3507533687607,0.012449385435768318,3000.2086096112253,5347.0,242,91,46,15.332267180568087,1334.2007483971524,0.4447026597160661,2089.0,0.3906863661866467,0.4945054945054945,0,1516,146,109,37,37,1069,301,0,0.7465753424657534,0,0,0.00042841973624361054,1,0.5645774258365139,0.5333333333333333,0.7266666666666667,0.7266666666666667,0.0,0.0,0.0,0.0,0.002831698440947525,0.008429095096069799,0.948438482498428,0.88,492,9050,0.9911835426128773,0.8266666666666667,33,3710,0.9208484221417486,0.88,459,5340,0.9873213926343328,4969,0.946468881006127,3101,0.8213315217391305,1472,baseline,3000.0,16500.0,40000.0,0.075,0.11503912377969504,0.23007824755939008,6.902347426781702,1.25,3.67,1.25,3.67,0.009544769346843989,0.15904312808798324,1700d3dacee3,0641409,True,run_layer1,1.0,0.8068518037354826,1068.9290912276363,0.2733333333333333,0.24227437789896866,0.7266666666666667,0.6828948322920094,0.9333333333333333,-0.11831740645549549,-0.20666666666666667,0.0,0.0,0.11831740645549549,0.20666666666666667
strong_drift,nominal,belief_orienteering_depth1,334,path_budget,121,0.8066666666666666,45.6779167309609,0.015225594322821473,3000.0744642522614,5418.0,209,103,59,19.666178524240454,1667.0254894006946,0.5556613708307351,2811.0,0.5188261351052049,0.42718446601941745,0,2043,168,121,47,47,1304,571,0,0.7202380952380952,0,0,0.03728240862433773,1,0.4186651462538445,0.4666666666666667,0.64,0.8066666666666666,0.01910828025477707,0.12,0.03296703296703297,0.01675977653631285,0.013310401390046488,0.04570763702518787,0.9686280396277395,1.0,418,12906,0.9950990402287114,1.0,24,4873,0.9532455203512519,1.0,394,8033,0.9906423473433783,6305,0.9648420115709835,4494,0.9203960396039604,2525,baseline,3000.0,16500.0,40000.0,0.075,0.11503912377969504,0.23007824755939008,6.902347426781702,1.25,3.67,1.25,3.67,0.009544769346843989,0.15904312808798324,e0b907e758ef,0641409,True,run_layer1,1.0,0.7433395231486537,1756.0110612632077,0.19333333333333336,0.3246743768948092,0.8066666666666666,0.5587648917696493,0.9533333333333334,-0.14009974551580479,-0.14666666666666672,0.0,0.0,0.14009974551580479,0.14666666666666672
strong_drift,nominal,belief_orienteering_depth1,335,path_budget,147,0.98,52.46189527845334,0.01748672325910434,3000.0986749269573,5957.0,289,83,32,10.666315834021391,1206.624031359123,0.40219478160614175,1971.0,0.33087124391472217,0.6144578313253012,0,2522,197,147,50,50,1408,917,0,0.7461928934010152,0,0,-0.006655072754491467,1,0.5616998748657486,0.4866666666666667,0.9,0.98,0.0,0.0,0.0,0.0,0.001014202379448376,0.015715692149417454,0.9730201555308681,1.0,510,18393,0.996624100983414,1.0,23,6790,0.9597187758478081,1.0,487,11603,0.9936686178473301,8371,0.9748436414176511,7195,0.9172909799220857,3337,baseline,3000.0,16500.0,40000.0,0.075,0.11503912377969504,0.23007824755939008,6.902347426781702,1.25,3.67,1.25,3.67,0.009544769346843989,0.15904312808798324,c32839956791,0641409,True,run_layer1,1.0,0.8120437425439068,1021.029104723448,0.020000000000000018,0.2503438676781582,0.98,0.6220863686331756,0.9866666666666667,-0.060386493767426996,-0.00666666666666671,0.0,0.0,0.060386493767426996,0.00666666666666671
strong_drift,nominal,belief_orienteering_depth1,336,path_budget,139,0.9266666666666666,46.634898843233444,0.015544567267779735,3000.077006961572,5679.0,301,93,50,16.666238861194824,1248.1041203123234,0.41602402785533243,1892.0,0.33315724599401303,0.46236559139784944,0,2182,184,139,45,45,1339,659,0,0.7554347826086957,0,0,-0.012448539677608297,1,0.6317734571374202,0.5066666666666667,0.9266666666666666,0.9266666666666666,0.0,0.0,0.0,0.0,0.001195262298535889,0.010704364029130393,0.9602556748340572,1.0,485,11718,0.9955707670626133,1.0,22,4945,0.9360143725815367,1.0,463,6773,0.99,6200,0.9607508532423208,4102,0.8621778011572856,1901,baseline,3000.0,16500.0,40000.0,0.075,0.11503912377969504,0.23007824755939008,6.902347426781702,1.25,3.67,1.25,3.67,0.009544769346843989,0.15904312808798324,3ae68ac781c0,0641409,True,run_layer1,1.0,0.7796531780116952,1231.0434548614742,0.07333333333333336,0.14787972087427503,0.9266666666666666,0.6317734571374202,0.96,0.0,-0.033333333333333326,0.0,0.0,-0.0,0.033333333333333326
strong_drift,nominal,belief_orienteering_depth1,337,path_budget,128,0.8533333333333334,46.81468428830613,0.015604495323288333,3000.076793155838,5777.0,276,100,46,15.332940845028078,1039.9153549532903,0.34662957872467776,1751.0,0.30309849402804223,0.54,0,1934,177,128,49,49,1301,456,0,0.7231638418079096,0,0,-0.0026234124892308974,1,0.45096726144356014,0.3933333333333333,0.62,0.8533333333333334,0.006993006993006993,0.1111111111111111,0.013157894736842106,0.006622516556291391,0.022536576924397936,0.08206929304570043,0.9742593743525999,1.0,497,18811,0.9957093054438187,0.98,32,7426,0.9607594936708861,1.0,465,11385,0.9917831608152812,9371,0.9787732598208132,7255,0.9008202833706189,2682,baseline,3000.0,16500.0,40000.0,0.075,0.11503912377969504,0.23007824755939008,6.902347426781702,1.25,3.67,1.25,3.67,0.009544769346843989,0.15904312808798324,11d6b4e35d49,0641409,True,run_layer1,1.0,0.7657662592863458,1238.912450976796,0.1466666666666666,0.31479899784278564,0.8533333333333334,0.45096726144356014,0.8533333333333334,0.0,0.0,0.0,0.0,-0.0,-0.0
strong_drift,nominal,belief_orienteering_depth1,338,path_budget,94,0.6266666666666667,31.885281394131873,0.01062825208374626,3000.049410090103,5098.0,202,99,67,22.332965508720648,1684.9896930399686,0.5616539805553943,2650.0,0.5198116908591605,0.32323232323232326,0,1340,127,94,33,33,909,304,0,0.7401574803149606,0,0,0.0333164322870403,1,0.46060323117603186,0.5266666666666666,0.6266666666666667,0.6266666666666667,0.0,0.0,0.0,0.0,0.0033145747692506396,0.010777855544907778,0.9492468134414832,0.8133333333333334,438,8192,0.9915662650602409,0.7066666666666667,28,3292,0.9227871939736346,0.8133333333333334,410,4900,0.9878900791802515,4294,0.9474582053906516,2931,0.8348754448398576,1405,baseline,3000.0,16500.0,40000.0,0.075,0.11503912377969504,0.23007824755939008,6.902347426781702,1.25,3.67,1.25,3.67,0.009544769346843989,0.15904312808798324,002664b55af4,0641409,True,run_layer1,1.0,0.7605092892696261,1179.0011027435662,0.3733333333333333,0.2999060580935943,0.6266666666666667,0.6363319549501959,0.94,-0.17572872377416404,-0.31333333333333324,0.0,0.0,0.17572872377416404,0.31333333333333324
strong_drift,nominal,belief_orienteering_depth1,339,path_budget,139,0.9266666666666666,44.54840135149934,0.014848854281165683,3000.1238148053367,5676.0,288,110,68,22.665731215633905,1301.975509793568,0.43397392579880806,2159.0,0.38037350246652574,0.38181818181818183,0,2080,188,139,49,49,1383,509,0,0.7393617021276596,0,0,-0.02115316658725505,1,0.49251746699081767,0.5666666666666667,0.6466666666666666,0.9266666666666666,0.0,0.0,0.0,0.0,0.01682601680986078,0.06844068281692348,0.9671258401543887,1.0,494,14533,0.9960817717206133,1.0,23,5847,0.9485639401550726,1.0,471,8686,0.9922962562508447,7399,0.96726992683866,5194,0.8903040262941659,2434,baseline,3000.0,16500.0,40000.0,0.075,0.11503912377969504,0.23007824755939008,6.902347426781702,1.25,3.67,1.25,3.67,0.009544769346843989,0.15904312808798324,95aadfb01335,0641409,True,run_layer1,1.0,0.8012985687629623,1163.8539597548097,0.07333333333333336,0.3087811017721447,0.9266666666666666,0.5669784832932397,0.9266666666666666,-0.07446101630242208,0.0,0.0,0.0,0.07446101630242208,-0.0
strong_drift,nominal,adaptive_mission,330,path_budget,118,0.7866666666666666,41.56608659638972,0.013854359818360258,3000.2170537901693,4712.0,214,176,119,39.66379694084716,2154.607130833917,0.7181504178546033,3330.0,0.7067062818336163,0.32386363636363635,73,2025,147,118,29,29,1247,631,0,0.8027210884353742,0,0,0.03245963377469463,1,0.48132857881100394,0.37333333333333335,0.7866666666666666,0.7866666666666666,0.0,0.0,0.0,0.0,0.0027611296569509717,0.014346533414856089,0.9711788329789747,0.94,366,12333,0.9950086805555556,0.8866666666666667,23,4585,0.9576072178964281,0.94,343,7748,0.9940012970168612,6168,0.9693106704438149,4236,0.9132897603485839,2295,baseline,3000.0,16500.0,40000.0,0.075,0.11503912377969504,0.23007824755939008,6.902347426781702,1.25,3.67,1.25,3.67,0.009544769346843989,0.15904312808798324,910094c93b7e,0641409,True,run_layer1,1.0,0.7383062048910739,1324.2335297929858,0.21333333333333337,0.25697762608006997,0.7866666666666666,0.6083621013636986,0.9733333333333334,-0.12703352255269468,-0.18666666666666676,0.0,0.0,0.12703352255269468,0.18666666666666676
strong_drift,nominal,adaptive_mission,331,path_budget,141,0.94,46.80861706968746,0.015602597192867346,3000.0529072868585,4848.0,257,170,108,35.999365123754224,1720.7675399493291,0.5735790644790763,2662.0,0.5490924092409241,0.36470588235294116,64,2434,184,141,43,43,1412,838,0,0.7663043478260869,0,0,-0.011048761636099705,1,0.5786317811857251,0.5333333333333333,0.94,0.94,0.0,0.0,0.0,0.0,0.0010646802146286759,0.015340246174539949,0.9711979202298693,1.0,421,14196,0.9957805907172996,1.0,23,5428,0.9565786602662012,1.0,398,8768,0.9920259893679858,6772,0.974768875192604,5192,0.9110441010177158,2653,baseline,3000.0,16500.0,40000.0,0.075,0.11503912377969504,0.23007824755939008,6.902347426781702,1.25,3.67,1.25,3.67,0.009544769346843989,0.15904312808798324,2b5a264f8be1,0641409,True,run_layer1,1.0,0.7804944116099809,1166.4955069551297,0.06000000000000005,0.20186263042425578,0.94,0.6542410738963599,0.9866666666666667,-0.07560929271063477,-0.046666666666666745,0.0,0.0,0.07560929271063477,0.046666666666666745
strong_drift,nominal,adaptive_mission,332,path_budget,142,0.9466666666666667,49.76246103837231,0.016587420866391256,3000.0119632340757,4881.0,216,135,76,25.333232310870656,1514.6237784739956,0.5048725795217162,2318.0,0.47490268387625484,0.43703703703703706,18,2369,184,142,42,42,1477,708,0,0.7717391304347826,0,0,0.0002762686984213447,1,0.5945888653890633,0.5333333333333333,0.9266666666666666,0.9466666666666667,0.0,0.0,0.0,0.0,0.0011266981379565923,0.015646979391158073,0.9621117415136071,1.0,394,10005,0.9963833634719711,1.0,16,4408,0.9367364016736401,1.0,378,5597,0.9907225691347011,5605,0.9590839694656489,3275,0.8630678077682686,1519,baseline,3000.0,16500.0,40000.0,0.075,0.11503912377969504,0.23007824755939008,6.902347426781702,1.25,3.67,1.25,3.67,0.009544769346843989,0.15904312808798324,ce67c9699b10,0641409,True,run_layer1,1.0,0.7491074934550455,1256.1554789815182,0.053333333333333344,0.15451862806598216,0.9466666666666667,0.5955782173878167,0.9733333333333334,-0.000989351998753385,-0.026666666666666727,0.0,0.0,0.000989351998753385,0.026666666666666727
strong_drift,nominal,adaptive_mission,333,path_budget,121,0.8066666666666666,41.68241348871363,0.01389313630719582,3000.2162626968984,4674.0,205,129,73,24.331579329011504,1476.535581057171,0.49214304962466643,2056.0,0.43988018827556696,0.43410852713178294,39,2160,161,121,40,40,1305,694,0,0.7515527950310559,0,0,0.005807966951411621,1,0.5571002151380875,0.54,0.8,0.8066666666666666,0.0,0.0,0.0,0.0,0.0019004788894593488,0.011207637185529484,0.9642558877568064,0.88,428,11546,0.9944421572663648,0.84,27,4831,0.9436481169196178,0.88,401,6715,0.9903679141007421,6333,0.9628694114675423,3959,0.8692033293697978,1682,baseline,3000.0,16500.0,40000.0,0.075,0.11503912377969504,0.23007824755939008,6.902347426781702,1.25,3.67,1.25,3.67,0.009544769346843989,0.15904312808798324,d25dc7aaa625,0641409,True,run_layer1,1.0,0.8068518037354826,1068.9290912276363,0.19333333333333336,0.2497515885973951,0.8066666666666666,0.6828948322920094,0.9333333333333333,-0.12579461715392193,-0.1266666666666667,0.0,0.0,0.12579461715392193,0.1266666666666667
strong_drift,nominal,adaptive_mission,334,path_budget,142,0.9466666666666667,53.415544364949284,0.017804633890113063,3000.092262195349,5008.0,258,174,96,31.999015900181348,1329.0535672104825,0.4430042315558434,2131.0,0.42551916932907347,0.4482758620689655,63,2558,193,142,51,51,1603,762,0,0.7357512953367875,0,0,-0.02615806318023456,1,0.536240120561581,0.47333333333333333,0.74,0.9466666666666667,0.0,0.0,0.0,0.0,0.00154994505328657,0.024046011789106262,0.9682944316099737,1.0,398,12155,0.9958762886597938,1.0,20,4830,0.9509282097883941,1.0,378,7325,0.9911518661518661,6216,0.9687121028377396,4123,0.9033423667570009,2214,baseline,3000.0,16500.0,40000.0,0.075,0.11503912377969504,0.23007824755939008,6.902347426781702,1.25,3.67,1.25,3.67,0.009544769346843989,0.15904312808798324,bae35f2844e7,0641409,True,run_layer1,1.0,0.7433395231486537,1756.0110612632077,0.053333333333333344,0.2070994025870727,0.9466666666666667,0.5587648917696493,0.9533333333333334,-0.022524771208068284,-0.00666666666666671,0.0,0.0,0.022524771208068284,0.00666666666666671
strong_drift,nominal,adaptive_mission,335,path_budget,133,0.8866666666666667,46.626777254144756,0.015542218603802522,3000.0078137324076,5104.0,249,174,117,38.99989842174327,1871.7308824528518,0.6239086691324881,3011.0,0.5899294670846394,0.3275862068965517,60,2502,173,133,40,40,1366,963,0,0.7687861271676301,0,0,0.0029427044251825046,1,0.5715478143729282,0.52,0.8866666666666667,0.8866666666666667,0.0,0.0,0.0,0.0,0.0014954312835096647,0.008848943173245015,0.978566678602486,1.0,419,19130,0.996929089893914,0.9933333333333333,22,7142,0.96794509487283,1.0,397,11988,0.9944349315068494,9344,0.979935906367563,7177,0.9263540290620872,3028,baseline,3000.0,16500.0,40000.0,0.075,0.11503912377969504,0.23007824755939008,6.902347426781702,1.25,3.67,1.25,3.67,0.009544769346843989,0.15904312808798324,16e836107f75,0641409,True,run_layer1,1.0,0.8120437425439068,1021.029104723448,0.11333333333333329,0.24049592817097853,0.8866666666666667,0.6220863686331756,0.9866666666666667,-0.05053855426024734,-0.09999999999999998,0.0,0.0,0.05053855426024734,0.09999999999999998
strong_drift,nominal,adaptive_mission,336,path_budget,143,0.9533333333333334,48.1462131312645,0.016047757678749993,3000.183209085866,5350.0,290,144,67,22.33196952675914,1186.9992552668105,0.39564225667021197,2013.0,0.37626168224299067,0.5347222222222222,21,2453,197,143,54,54,1505,751,0,0.7258883248730964,0,0,-0.0028275733184269652,1,0.5577328457484049,0.37333333333333335,0.94,0.9533333333333334,0.0,0.0,0.0,0.0,0.0010366667340905719,0.014935597684020025,0.9620459358201662,1.0,466,11812,0.9928644240570846,0.9866666666666667,35,4870,0.9415434694154347,1.0,431,6942,0.9887731858119102,6146,0.9601076847772883,4086,0.8856304985337243,2046,baseline,3000.0,16500.0,40000.0,0.075,0.11503912377969504,0.23007824755939008,6.902347426781702,1.25,3.67,1.25,3.67,0.009544769346843989,0.15904312808798324,502a1a3bb12b,0641409,True,run_layer1,1.0,0.7796531780116952,1231.0434548614742,0.046666666666666634,0.22192033226329033,0.9533333333333334,0.6317734571374202,0.96,-0.0740406113890153,-0.006666666666666599,0.0,0.0,0.0740406113890153,0.006666666666666599
strong_drift,nominal,adaptive_mission,337,path_budget,136,0.9066666666666666,47.50113671174894,0.015832437612104327,3000.2415215855985,5142.0,261,196,127,42.32992546976076,1367.225932214393,0.45570528985007425,2558.0,0.4974718008556982,0.3520408163265306,91,2303,183,136,47,47,1596,524,0,0.7431693989071039,0,0,-0.025541922983096696,1,0.4448583456293097,0.36666666666666664,0.5666666666666667,0.9066666666666666,0.002506265664160401,0.08333333333333333,0.004866180048661801,0.0024390243902439024,0.032322330267275004,0.11306153819694464,0.9758042036014941,1.0,434,17503,0.9963088734681825,1.0,25,6748,0.9633643855249014,1.0,409,10755,0.9951281753856861,8621,0.975851207439628,6667,0.912797281993205,2649,baseline,3000.0,16500.0,40000.0,0.075,0.11503912377969504,0.23007824755939008,6.902347426781702,1.25,3.67,1.25,3.67,0.009544769346843989,0.15904312808798324,7481b493b1f0,0641409,True,run_layer1,1.0,0.7657662592863458,1238.912450976796,0.09333333333333338,0.3209079136570361,0.9066666666666666,0.45096726144356014,0.8533333333333334,-0.006108915814250437,0.05333333333333323,0.0,0.05333333333333323,0.006108915814250437,0.0
strong_drift,nominal,adaptive_mission,338,path_budget,138,0.92,46.2581541945936,0.015419099656715844,3000.055465264841,5062.0,255,184,114,37.99929745296767,1396.4393066310154,0.4654711630498936,2386.0,0.4713551955748716,0.3804347826086957,93,2088,174,138,36,36,1440,474,0,0.7931034482758621,0,0,0.00019598134740414497,1,0.440532371489719,0.26666666666666666,0.5466666666666666,0.92,0.0,0.0,0.0,0.0,0.01079011014470367,0.06406303060393259,0.9677859090256852,1.0,449,13489,0.9954001839926403,1.0,25,5410,0.9501352463836293,1.0,424,8079,0.9930771404351512,7078,0.9665503796429304,4873,0.8807247106190237,1987,baseline,3000.0,16500.0,40000.0,0.075,0.11503912377969504,0.23007824755939008,6.902347426781702,1.25,3.67,1.25,3.67,0.009544769346843989,0.15904312808798324,4a4bc5e43ef8,0641409,True,run_layer1,1.0,0.7605092892696261,1179.0011027435662,0.07999999999999996,0.3199769177799071,0.92,0.6363319549501959,0.94,-0.19579958346047688,-0.019999999999999907,0.0,0.0,0.19579958346047688,0.019999999999999907
strong_drift,nominal,adaptive_mission,339,path_budget,146,0.9733333333333334,46.37124896903059,0.015456525458919462,3000.108212694803,5446.0,340,215,122,40.66519983638033,1683.7856379491013,0.5612416348264537,2766.0,0.5078957032684539,0.4325581395348837,73,2528,200,146,54,54,1555,773,0,0.73,0,0,-0.02385311185210233,1,0.5601253581957061,0.4066666666666667,0.946448612624183,0.9733333333333334,0.0,0.0,0.0,0.0,0.0005378135147042808,0.010783178420464706,0.9685183926021622,1.0,463,14244,0.9957424161788185,1.0,24,5613,0.9515986769570011,1.0,439,8631,0.9938487347965889,7153,0.9637695908813352,4913,0.9087466868610374,2641,baseline,3000.0,16500.0,40000.0,0.075,0.11503912377969504,0.23007824755939008,6.902347426781702,1.25,3.67,1.25,3.67,0.009544769346843989,0.15904312808798324,f721ada3a734,0641409,True,run_layer1,1.0,0.8012985687629623,1163.8539597548097,0.026666666666666616,0.24117321056725627,0.9733333333333334,0.5669784832932397,0.9266666666666666,-0.006853125097533663,0.046666666666666745,0.0,0.046666666666666745,0.006853125097533663,0.0
strong_drift,nominal,oracle_current_physics,330,done,150,1.0,53.021930375380165,0.040039712922590745,1324.2335297929858,2238.0,169,167,23,17.368537710712957,92.7548864344569,0.07004420621259835,255.0,0.11394101876675604,0.8622754491017964,0,1988,208,150,58,58,1456,324,0,0.7211538461538461,0,0,-0.06932396172401067,1,0.7383062048910739,0.5,0.9933333333333333,0.9933333333333333,0.0,0.0,0.0,0.0,0.028559390489077532,0.1169227135491737,0.9747634069400631,1.0,176,6798,0.9949612403100775,1.0,13,2567,0.96290395994538,1.0,163,4231,0.9938922820655192,3602,0.9714411247803163,2276,0.9187956204379562,1096,baseline,3000.0,16500.0,40000.0,0.075,0.11503912377969504,0.23007824755939008,6.902347426781702,1.25,3.67,1.25,3.67,0.009544769346843989,0.15904312808798324,6e94dfae67c7,0641409,True,run_layer1,1.0,0.7383062048910739,1324.2335297929858,0.0,0.0,1.0,0.6083621013636986,0.9733333333333334,,,,,,
strong_drift,nominal,oracle_current_physics,331,done,150,1.0,49.63182781101361,0.04254780881288276,1166.4955069551297,2054.0,175,173,30,25.71805876758853,168.2837912987632,0.14426441447513982,381.0,0.18549172346640702,0.8265895953757225,0,2033,214,150,64,64,1498,321,0,0.7009345794392523,0,0,-0.07041294118115135,1,0.7804944116099809,0.7066666666666667,0.9933333333333333,0.9933333333333333,0.0,0.0,0.0,0.0,0.026995304120934066,0.10989999087804463,0.9771511910549344,1.0,188,8040,0.9946218487394958,1.0,16,2959,0.9672568056348753,1.0,172,5081,0.9949786593020337,3983,0.9771183410797283,2797,0.9281767955801105,1448,baseline,3000.0,16500.0,40000.0,0.075,0.11503912377969504,0.23007824755939008,6.902347426781702,1.25,3.67,1.25,3.67,0.009544769346843989,0.15904312808798324,76c6a408df9a,0641409,True,run_layer1,1.0,0.7804944116099809,1166.4955069551297,0.0,0.0,1.0,0.6542410738963599,0.9866666666666667,,,,,,
strong_drift,nominal,oracle_current_physics,332,done,150,1.0,52.252236377329915,0.041596949781802214,1256.1554789815182,2012.0,167,165,22,17.51375555662699,267.1920214572582,0.2127061704765206,409.0,0.20328031809145128,0.8666666666666667,0,2034,207,150,57,57,1449,378,0,0.7246376811594203,0,0,-0.052134076908221486,1,0.7491074934550455,0.54,0.9933333333333333,0.9933333333333333,0.0,0.0,0.0,0.0,0.029380043717642638,0.10739849154542967,0.9760479041916168,1.0,160,6520,0.9968968192397207,1.0,8,2570,0.9629449049244271,1.0,152,3950,0.9936093359266462,3599,0.9701718907987866,1978,0.929283771532185,1103,baseline,3000.0,16500.0,40000.0,0.075,0.11503912377969504,0.23007824755939008,6.902347426781702,1.25,3.67,1.25,3.67,0.009544769346843989,0.15904312808798324,cf073bfb613b,0641409,True,run_layer1,1.0,0.7491074934550455,1256.1554789815182,0.0,0.0,1.0,0.5955782173878167,0.9733333333333334,,,,,,
strong_drift,nominal,oracle_current_physics,333,done,150,1.0,50.606617438084015,0.04734328764498651,1068.9290912276363,1900.0,170,168,25,23.38789373885238,34.62496426693815,0.032392199399468406,168.0,0.08842105263157894,0.8511904761904762,0,1992,200,150,50,50,1403,389,0,0.75,0,0,-0.07117345407383983,1,0.8068518037354826,0.9066666666666666,0.9933333333333333,0.9933333333333333,0.0,0.0,0.0,0.0,0.028415179157917667,0.11652902844664857,0.9800611458194869,1.0,150,7373,0.9967509025270758,1.0,9,2761,0.9703345255628024,1.0,141,4612,0.9951910908630727,3951,0.9796167957602935,2453,0.9276139410187667,1119,baseline,3000.0,16500.0,40000.0,0.075,0.11503912377969504,0.23007824755939008,6.902347426781702,1.25,3.67,1.25,3.67,0.009544769346843989,0.15904312808798324,4c5ae9bede96,0641409,True,run_layer1,1.0,0.8068518037354826,1068.9290912276363,0.0,0.0,1.0,0.6828948322920094,0.9333333333333333,,,,,,
strong_drift,nominal,oracle_current_physics,334,done,150,1.0,56.516764696791505,0.03218474299138838,1756.0110612632077,2656.0,168,164,22,12.528394886176876,122.10084551437683,0.06953307311546325,265.0,0.09977409638554217,0.8658536585365854,0,1868,203,150,53,53,1431,234,0,0.7389162561576355,0,0,-0.07430170880304772,2,0.7433395231486537,0.58,0.9933333333333333,0.9933333333333333,0.0,0.0,0.0,0.0,0.012381634219947568,0.08025237584017489,0.967489114658926,1.0,224,6666,0.9933619679812573,1.0,17,2544,0.9521829521829522,1.0,207,4122,0.9891645280866838,3507,0.9708351745470615,2263,0.8928571428571429,1120,baseline,3000.0,16500.0,40000.0,0.075,0.11503912377969504,0.23007824755939008,6.902347426781702,1.25,3.67,1.25,3.67,0.009544769346843989,0.15904312808798324,b7ab7b188b9a,0641409,True,run_layer1,1.0,0.7433395231486537,1756.0110612632077,0.0,0.0,1.0,0.5587648917696493,0.9533333333333334,,,,,,
strong_drift,nominal,oracle_current_physics,335,done,150,1.0,53.09305767727852,0.05199955361865919,1021.029104723448,1828.0,170,168,23,22.526292241424102,87.55191826562881,0.08574869987603614,236.0,0.12910284463894967,0.8630952380952381,0,1972,197,150,47,47,1379,396,0,0.7614213197969543,0,0,-0.05233248158224925,1,0.8120437425439068,0.9866666666666667,0.9933333333333333,0.9933333333333333,0.0,0.0,0.0,0.0,0.036173161023593595,0.12071046767691335,0.9819848975188781,1.0,167,9103,0.996637114032406,1.0,11,3260,0.9739956659443241,1.0,156,5843,0.9941362201172756,4434,0.9837593984962406,3325,0.9424222369291859,1511,baseline,3000.0,16500.0,40000.0,0.075,0.11503912377969504,0.23007824755939008,6.902347426781702,1.25,3.67,1.25,3.67,0.009544769346843989,0.15904312808798324,5d7f1437663b,0641409,True,run_layer1,1.0,0.8120437425439068,1021.029104723448,0.0,0.0,1.0,0.6220863686331756,0.9866666666666667,,,,,,
strong_drift,nominal,oracle_current_physics,336,done,150,1.0,50.40654971988559,0.04094619854467907,1231.0434548614742,1994.0,172,170,28,22.744932268171443,133.40814720251353,0.108369974005122,303.0,0.15195586760280844,0.8352941176470589,0,2105,204,150,54,54,1429,472,0,0.7352941176470589,0,0,-0.05749790607287125,1,0.7796531780116952,0.7066666666666667,0.9933333333333333,0.9933333333333333,0.0,0.0,0.0,0.0,0.02997614566246689,0.12200709520947896,0.9746079163554892,1.0,170,6525,0.9977835241965275,1.0,6,2701,0.958876629889669,1.0,164,3824,0.9936199722607489,3605,0.9675294117647059,2125,0.9191709844559586,965,baseline,3000.0,16500.0,40000.0,0.075,0.11503912377969504,0.23007824755939008,6.902347426781702,1.25,3.67,1.25,3.67,0.009544769346843989,0.15904312808798324,1e2df4d6e150,0641409,True,run_layer1,1.0,0.7796531780116952,1231.0434548614742,0.0,0.0,1.0,0.6317734571374202,0.96,,,,,,
strong_drift,nominal,oracle_current_physics,337,done,150,1.0,53.46584187260086,0.04315546415765438,1238.912450976796,2065.0,164,162,18,14.528871661438432,57.62271900634903,0.046510727179243004,175.0,0.0847457627118644,0.8888888888888888,0,1729,192,150,42,42,1346,191,0,0.78125,0,0,-0.05525254463649337,1,0.7657662592863458,0.62,0.9933333333333333,0.9933333333333333,0.0,0.0,0.0,0.0,0.02475416081251758,0.10301191498901564,0.9741087162803308,1.0,191,7186,0.9968652037617555,0.9933333333333333,9,2862,0.9596094096759876,1.0,182,4324,0.995507399577167,3784,0.975114854517611,2612,0.8888888888888888,981,baseline,3000.0,16500.0,40000.0,0.075,0.11503912377969504,0.23007824755939008,6.902347426781702,1.25,3.67,1.25,3.67,0.009544769346843989,0.15904312808798324,a208f603e36a,0641409,True,run_layer1,1.0,0.7657662592863458,1238.912450976796,0.0,0.0,1.0,0.45096726144356014,0.8533333333333334,,,,,,
strong_drift,nominal,oracle_current_physics,338,done,150,1.0,49.916064309673544,0.04233758916214545,1179.0011027435662,1994.0,165,163,19,16.11533692020008,76.68664940048095,0.06504374696684262,198.0,0.09929789368104312,0.8834355828220859,0,2108,212,150,62,62,1488,408,0,0.7075471698113207,0,0,-0.05184686228702379,1,0.7605092892696261,0.5466666666666666,0.9933333333333333,0.9933333333333333,0.0,0.0,0.0,0.0,0.029951494412802752,0.1213287726358185,0.9748141404946139,1.0,166,6425,0.9969662495259765,1.0,8,2629,0.9600404653515427,1.0,158,3796,0.996005326231691,3755,0.9691607684529828,1978,0.8951048951048951,858,baseline,3000.0,16500.0,40000.0,0.075,0.11503912377969504,0.23007824755939008,6.902347426781702,1.25,3.67,1.25,3.67,0.009544769346843989,0.15904312808798324,666fdb6e2aea,0641409,True,run_layer1,1.0,0.7605092892696261,1179.0011027435662,0.0,0.0,1.0,0.6363319549501959,0.94,,,,,,
strong_drift,nominal,oracle_current_physics,339,done,150,1.0,48.094904850821365,0.04132383143754013,1163.8539597548097,2017.0,166,163,22,18.902715255301242,101.53522784652517,0.0872405227438636,250.0,0.12394645513138325,0.8650306748466258,0,1893,204,150,54,54,1428,261,0,0.7352941176470589,0,0,-0.06661319240132947,1,0.8012985687629623,0.84,0.9933333333333333,0.9933333333333333,0.0,0.0,0.0,0.0,0.023469808510199728,0.108142623754028,0.9784439685938615,1.0,151,6854,0.996413199426112,1.0,10,2778,0.9665639079914631,1.0,141,4076,0.9946977730646872,3772,0.9747675962815405,2259,0.9240246406570842,974,baseline,3000.0,16500.0,40000.0,0.075,0.11503912377969504,0.23007824755939008,6.902347426781702,1.25,3.67,1.25,3.67,0.009544769346843989,0.15904312808798324,b98797cccb40,0641409,True,run_layer1,1.0,0.8012985687629623,1163.8539597548097,0.0,0.0,1.0,0.5669784832932397,0.9266666666666666,,,,,,
robot_disturbed,nominal,greedy,330,path_budget,33,0.22,12.020933468433334,0.0040069628497312855,3000.011210295968,4405.0,168,167,138,45.99982810943747,2751.3116573429834,0.9171004587918027,4011.0,0.9105561861520999,0.17365269461077845,0,456,38,33,5,5,354,64,0,0.868421052631579,9238,94,-0.023542398264453198,0,0.16122650528526603,0.14,0.21333333333333335,0.22,0.0,0.0,0.0,0.0,0.00654046669360409,0.017535542834047277,0.9534329107568721,0.96,371,7596,0.9935760171306209,0.78,15,2320,0.9367897727272727,0.96,356,5276,0.9875042215467748,2961,0.9507042253521126,3124,0.9043570669500531,1882,baseline,3000.0,16500.0,40000.0,0.075,0.04527692569068708,0.09055385138137416,2.7166155414412247,1.25,3.67,1.25,3.67,0.009544769346843989,0.15904312808798324,d9b35e6be987,0641409,True,run_layer1,1.0,0.7354117904591314,1696.4424554590275,0.78,0.5741852851738654,0.22,0.3289213826269937,0.7933333333333333,-0.1676948773417277,-0.5733333333333334,0.0,0.0,0.1676948773417277,0.5733333333333334
robot_disturbed,nominal,greedy,331,path_budget,23,0.15333333333333332,7.495189964039481,0.0024982124218305124,3000.221237610987,4437.0,170,169,147,48.99638671881844,2816.757964221898,0.9388500850906659,4132.0,0.9312598602659454,0.1301775147928994,0,351,33,23,10,10,305,13,0,0.696969696969697,10999,85,-0.04280220284485504,0,0.12023478039744472,0.13333333333333333,0.14666666666666667,0.15333333333333332,0.0,0.0,0.0,0.0,0.005330397342876137,0.017506392681292973,0.9602599114794237,0.8666666666666667,422,10197,0.9927685950413223,0.7533333333333333,21,2883,0.9480233311730395,0.8666666666666667,401,7314,0.9845400669930431,3881,0.9618675140552432,4091,0.9221760483566301,2647,baseline,3000.0,16500.0,40000.0,0.075,0.04527692569068708,0.09055385138137416,2.7166155414412247,1.25,3.67,1.25,3.67,0.009544769346843989,0.15904312808798324,80e99e4a6c4e,0641409,True,run_layer1,1.0,0.7684372322516585,1377.0899861714158,0.8466666666666667,0.6482024518542138,0.15333333333333332,0.4258264991246303,0.86,-0.30559171872718555,-0.7066666666666667,0.0,0.0,0.30559171872718555,0.7066666666666667
robot_disturbed,nominal,greedy,332,path_budget,28,0.18666666666666668,8.929967901990642,0.0029766133912817886,3000.042910559245,4399.0,174,173,147,48.99929913755713,2719.822771570357,0.9065946230293581,3991.0,0.9072516481018413,0.15028901734104047,0,392,35,28,7,7,326,31,0,0.8,11811,125,-0.00829512536733465,0,0.12470761743607772,0.1,0.18666666666666668,0.18666666666666668,0.0,0.0,0.0,0.0,0.006584672092442406,0.018887380002056295,0.9553213426509337,0.98,390,8339,0.9890772128060263,0.92,29,2626,0.9405663483701021,0.98,361,5713,0.9835021707670043,3455,0.9571971004487401,2897,0.9120740429112326,2377,baseline,3000.0,16500.0,40000.0,0.075,0.04527692569068708,0.09055385138137416,2.7166155414412247,1.25,3.67,1.25,3.67,0.009544769346843989,0.15904312808798324,2c009c896554,0641409,True,run_layer1,1.0,0.714700984512137,1637.9392988574807,0.8133333333333334,0.5899933670760593,0.18666666666666668,0.4677449144521883,0.8866666666666667,-0.3430372970161106,-0.7000000000000001,0.0,0.0,0.3430372970161106,0.7000000000000001
robot_disturbed,nominal,greedy,333,path_budget,18,0.12,6.2995988550288065,0.0020998184794934183,3000.068299498243,4244.0,151,150,133,44.33232404150401,2886.2682994982392,0.9620675302562156,4041.0,0.952167766258247,0.11333333333333333,0,471,34,18,16,16,402,35,0,0.5294117647058824,11825,98,-0.014253712869409345,0,0.08302317167092141,0.08666666666666667,0.12,0.12,0.0,0.0,0.0,0.0,0.006244114757395815,0.0182781766092215,0.9593345656192237,0.9,374,8823,0.9902521008403361,0.8333333333333334,29,2946,0.9445515911282546,0.9,345,5877,0.9873668565766658,4037,0.9587597832630945,3322,0.8988030467899891,1838,baseline,3000.0,16500.0,40000.0,0.075,0.04527692569068708,0.09055385138137416,2.7166155414412247,1.25,3.67,1.25,3.67,0.009544769346843989,0.15904312808798324,badf22eb4d8e,0641409,True,run_layer1,1.0,0.7490896334081871,1335.6972513472606,0.88,0.6660664617372657,0.12,0.3964169353914874,0.68,-0.31339376372056604,-0.56,0.0,0.0,0.31339376372056604,0.56
robot_disturbed,nominal,greedy,334,path_budget,30,0.2,8.868875831055668,0.002956253039247861,3000.039480149546,4485.0,186,185,157,52.33264463312125,2735.009303397098,0.9116577703373301,4092.0,0.9123745819397994,0.15135135135135136,0,458,44,30,14,14,406,8,0,0.6818181818181818,12911,107,-0.015843542726665966,0,0.12042262554306597,0.08,0.2,0.2,0.0,0.0,0.0,0.0,0.007201936194608913,0.019939776817653496,0.9595381628691121,0.9733333333333334,396,9391,0.9916847433116414,0.8466666666666667,23,2743,0.9468736647201254,0.9733333333333334,373,6648,0.9883815185085112,3701,0.9595959595959596,3465,0.918733307897749,2621,baseline,3000.0,16500.0,40000.0,0.075,0.04527692569068708,0.09055385138137416,2.7166155414412247,1.25,3.67,1.25,3.67,0.009544769346843989,0.15904312808798324,c65d2694637d,0641409,True,run_layer1,1.0,0.7425827633679375,1743.6316932938282,0.8,0.6221601378248716,0.2,0.35929314438186105,0.6533333333333333,-0.23887051883879507,-0.4533333333333333,0.0,0.0,0.23887051883879507,0.4533333333333333
robot_disturbed,nominal,greedy,335,path_budget,28,0.18666666666666668,10.994251877080673,0.0036645508299117755,3000.1635636598226,4407.0,174,173,145,48.33069828470226,2830.18632787417,0.9433440103584546,4114.0,0.9335148627184026,0.16184971098265896,0,346,34,28,6,6,306,6,0,0.8235294117647058,11149,109,-0.020344551495534692,0,0.13951643169139671,0.16666666666666666,0.18666666666666668,0.18666666666666668,0.0,0.0,0.0,0.0,0.005288970653077241,0.018826722095486418,0.9759881787957149,1.0,325,13210,0.9970937272947444,0.98,12,4117,0.9667233680629386,1.0,313,9093,0.9919761149468185,5359,0.9801237577348584,5333,0.9380935631375308,2843,baseline,3000.0,16500.0,40000.0,0.075,0.04527692569068708,0.09055385138137416,2.7166155414412247,1.25,3.67,1.25,3.67,0.009544769346843989,0.15904312808798324,fa65335ba8ad,0641409,True,run_layer1,1.0,0.7900634407837969,1247.2359547247613,0.8133333333333334,0.6505470090924002,0.18666666666666668,0.47032843462080925,0.9533333333333334,-0.33081200292941254,-0.7666666666666667,0.0,0.0,0.33081200292941254,0.7666666666666667
robot_disturbed,nominal,greedy,336,path_budget,32,0.21333333333333335,11.137803774790969,0.0037124891223489975,3000.0906151460354,4208.0,146,145,119,39.66546856925768,2603.5827895654675,0.867834716865288,3677.0,0.8738117870722434,0.1793103448275862,0,508,40,32,8,8,402,66,0,0.8,9625,101,-0.01004372089488825,0,0.15369901135122446,0.1,0.21333333333333335,0.21333333333333335,0.0,0.0,0.0,0.0,0.005750205746181726,0.017169697368136814,0.9459204527590002,0.9866666666666667,344,6017,0.9877511024007839,0.8466666666666667,25,2016,0.9261574074074074,0.9866666666666667,319,4001,0.9857295754548698,2803,0.9441052137153593,2129,0.8705388383484954,1429,baseline,3000.0,16500.0,40000.0,0.075,0.04527692569068708,0.09055385138137416,2.7166155414412247,1.25,3.67,1.25,3.67,0.009544769346843989,0.15904312808798324,ba6661237f89,0641409,True,run_layer1,1.0,0.7347246942812934,1587.9507652940629,0.7866666666666666,0.581025682930069,0.21333333333333335,0.3593173762935077,0.88,-0.20561836494228322,-0.6666666666666666,0.0,0.0,0.20561836494228322,0.6666666666666666
robot_disturbed,nominal,greedy,337,path_budget,53,0.35333333333333333,18.21302132207199,0.006070678880250296,3000.162202834399,4775.0,229,228,178,59.33012549515981,2503.383249143738,0.8344159681695443,4020.0,0.8418848167539267,0.21929824561403508,0,884,75,53,22,22,700,109,0,0.7066666666666667,23851,132,-0.0062194518426311116,0,0.24124679116936326,0.2,0.34,0.35333333333333333,0.0,0.0,0.0,0.0,0.007507693685878154,0.029315139711597736,0.9752622717264603,1.0,382,15060,0.9962593516209476,0.9666666666666667,21,5593,0.9632682132682132,1.0,361,9467,0.9940330892324383,7374,0.9773533885414907,5917,0.905160390516039,2151,baseline,3000.0,16500.0,40000.0,0.075,0.04527692569068708,0.09055385138137416,2.7166155414412247,1.25,3.67,1.25,3.67,0.009544769346843989,0.15904312808798324,b342e3378e26,0641409,True,run_layer1,1.0,0.7929394378346653,1275.9216023149304,0.6466666666666667,0.551692646665302,0.35333333333333333,0.302562738906275,0.5466666666666666,-0.061315947736911736,-0.1933333333333333,0.0,0.0,0.061315947736911736,0.1933333333333333
robot_disturbed,nominal,greedy,338,path_budget,35,0.23333333333333334,9.878936156002437,0.003292712858019993,3000.242226388042,4638.0,198,197,167,55.66217238434425,2751.8870498003603,0.9172216248397137,4244.0,0.9150495903406641,0.15228426395939088,0,551,44,35,9,9,461,46,0,0.7954545454545454,13118,136,0.03396522181457452,0,0.14144772714306836,0.07333333333333333,0.23333333333333334,0.23333333333333334,0.0,0.0,0.0,0.0,0.006436377428636129,0.016381518407450956,0.9464430619421152,1.0,396,6998,0.9895758447160317,0.9866666666666667,29,2753,0.9204249783174328,1.0,367,4245,0.98475935828877,3740,0.9462793473935536,2513,0.8212094653812445,1141,baseline,3000.0,16500.0,40000.0,0.075,0.04527692569068708,0.09055385138137416,2.7166155414412247,1.25,3.67,1.25,3.67,0.009544769346843989,0.15904312808798324,431b3fe3ef4c,0641409,True,run_layer1,1.0,0.7214773693753177,1494.881172744126,0.7666666666666666,0.5800296422322493,0.23333333333333334,0.3066292107254224,0.6,-0.16518148358235402,-0.36666666666666664,0.0,0.0,0.16518148358235402,0.36666666666666664
robot_disturbed,nominal,greedy,339,path_budget,15,0.1,3.8425359766755833,0.0012807841441838728,3000.143306055746,4358.0,160,159,144,47.997707212631504,2720.4649216258854,0.9067783249335677,3991.0,0.9157870582836163,0.09433962264150944,0,204,22,15,7,7,182,0,0,0.6818181818181818,6058,42,-0.03405030681604069,0,0.08674366110859169,0.1,0.1,0.1,0.0,0.0,0.0,0.0,0.0071178507829702566,0.01640113094477832,0.9271548436308161,0.5266666666666666,382,4862,0.9852280025690431,0.4666666666666667,23,1534,0.9026308652020613,0.5266666666666666,359,3328,0.9792671166827387,2074,0.9292720702116676,1937,0.8361719383617194,1233,baseline,3000.0,16500.0,40000.0,0.075,0.04527692569068708,0.09055385138137416,2.7166155414412247,1.25,3.67,1.25,3.67,0.009544769346843989,0.15904312808798324,469a6e7b1838,0641409,True,run_layer1,1.0,0.7184906580223107,1640.56272306314,0.9,0.631746996913719,0.1,0.3778738057942471,0.9133333333333333,-0.29113014468565546,-0.8133333333333334,0.0,0.0,0.29113014468565546,0.8133333333333334
robot_disturbed,nominal,confirmed_route,330,path_budget,72,0.48,28.083066987650092,0.009360324623562953,3000.2236158515234,4236.0,172,170,121,40.33032716651615,2230.619254447755,0.7434843331884982,3210.0,0.7577903682719547,0.28823529411764703,119,1589,103,72,31,31,1072,414,0,0.6990291262135923,17419,119,-0.05775996566774631,1,0.14837808706057454,0.04,0.15333333333333332,0.48,0.01098901098901099,0.12962962962962962,0.020260492040520987,0.01023391812865497,0.04580896574066899,0.13373384956763418,0.9759216433138349,0.9066666666666666,354,14348,0.9972257789159198,0.84,13,4673,0.9659544728434505,0.9066666666666666,341,9675,0.9925754060324826,6465,0.9754566210045662,5256,0.9406239516940624,2981,baseline,3000.0,16500.0,40000.0,0.075,0.04527692569068708,0.09055385138137416,2.7166155414412247,1.25,3.67,1.25,3.67,0.009544769346843989,0.15904312808798324,a6a3be12366e,0641409,True,run_layer1,1.0,0.7354117904591314,1696.4424554590275,0.52,0.5870337033985569,0.48,0.3289213826269937,0.7933333333333333,-0.18054329556641918,-0.31333333333333335,0.0,0.0,0.18054329556641918,0.31333333333333335
robot_disturbed,nominal,confirmed_route,331,path_budget,93,0.62,32.947674049567404,0.010982214376436638,3000.0938718023663,4307.0,193,191,131,43.66530035318499,2148.820348155962,0.716251037460043,3180.0,0.7383329463663804,0.31413612565445026,127,2061,123,93,30,30,1256,682,0,0.7560975609756098,24314,144,-0.08614956940481236,1,0.19259882300004244,0.07333333333333333,0.22666666666666666,0.62,0.023991275899672846,0.5641025641025641,0.046025104602510455,0.023554603854389723,0.05628663977965781,0.18243678734667915,0.9790722009068713,1.0,420,19649,0.9963428905792862,0.98,25,6811,0.9701503816217033,1.0,395,12838,0.9940039973351099,9006,0.9793786087434699,7274,0.9429928741092637,3789,baseline,3000.0,16500.0,40000.0,0.075,0.04527692569068708,0.09055385138137416,2.7166155414412247,1.25,3.67,1.25,3.67,0.009544769346843989,0.15904312808798324,3691c6b2232a,0641409,True,run_layer1,1.0,0.7684372322516585,1377.0899861714158,0.38,0.575838409251616,0.62,0.4258264991246303,0.86,-0.23322767612458783,-0.24,0.0,0.0,0.23322767612458783,0.24
robot_disturbed,nominal,confirmed_route,332,path_budget,84,0.56,29.441355337607973,0.009813766925461724,3000.0055596615666,4387.0,201,198,142,47.333245614391174,2025.1579442725235,0.6750513970717386,3157.0,0.719626168224299,0.2828282828282828,140,1251,102,84,18,18,954,195,0,0.8235294117647058,17963,110,-0.086773654494505,1,0.19110747381422394,0.04666666666666667,0.26666666666666666,0.56,0.050505050505050504,0.2702702702702703,0.08510638297872342,0.044444444444444446,0.028967547478921152,0.11419331886233611,0.9799031042526467,1.0,336,16383,0.9965909090909091,0.9,18,5262,0.9722003671649619,1.0,318,11121,0.9944482997918113,7205,0.981456732375543,5986,0.947562358276644,3528,baseline,3000.0,16500.0,40000.0,0.075,0.04527692569068708,0.09055385138137416,2.7166155414412247,1.25,3.67,1.25,3.67,0.009544769346843989,0.15904312808798324,ba9a89406ec5,0641409,True,run_layer1,1.0,0.714700984512137,1637.9392988574807,0.43999999999999995,0.523593510697913,0.56,0.4677449144521883,0.8866666666666667,-0.27663744063796436,-0.32666666666666666,0.0,0.0,0.27663744063796436,0.32666666666666666
robot_disturbed,nominal,confirmed_route,333,path_budget,102,0.68,35.27745249304674,0.011758802361552252,3000.0889043252737,4324.0,201,199,135,44.99866647463962,1958.7650821780583,0.652902345445189,2987.0,0.690795559666975,0.32160804020100503,129,1868,135,102,33,33,1242,491,0,0.7555555555555555,24720,124,-0.06293714491124984,1,0.2640238123496639,0.09333333333333334,0.44,0.68,0.03859649122807018,0.36666666666666664,0.06984126984126984,0.03618421052631579,0.02513700801794735,0.09528862338256958,0.9805679317193623,0.8933333333333333,362,18267,0.9961089494163424,0.8533333333333334,25,6400,0.9723861029170764,0.8933333333333333,337,11867,0.995639701663798,8715,0.9794682422451995,6770,0.9411577608142494,3144,baseline,3000.0,16500.0,40000.0,0.075,0.04527692569068708,0.09055385138137416,2.7166155414412247,1.25,3.67,1.25,3.67,0.009544769346843989,0.15904312808798324,4d4bea499357,0641409,True,run_layer1,1.0,0.7490896334081871,1335.6972513472606,0.31999999999999995,0.48506582105852325,0.68,0.3964169353914874,0.68,-0.13239312304182355,0.0,0.0,0.0,0.13239312304182355,-0.0
robot_disturbed,nominal,confirmed_route,334,path_budget,72,0.48,27.025845542276002,0.009008092963170867,3000.17391614072,4299.0,185,183,143,47.66390349261764,2211.445515271313,0.7371057735599578,3348.0,0.7787857641311933,0.2185792349726776,141,1578,107,72,35,35,1127,344,0,0.6728971962616822,17977,125,-0.08524333116137961,1,0.1261159034784726,0.02666666666666667,0.06666666666666667,0.48,0.0,0.0,0.0,0.0,0.05034720354948453,0.14849478178852157,0.9748388696083292,0.9933333333333333,406,15730,0.9942056074766356,0.9533333333333334,31,5319,0.9652327090673095,0.9933333333333333,375,10411,0.9929706171798116,7113,0.9760081674323634,5877,0.9316592498410681,3146,baseline,3000.0,16500.0,40000.0,0.075,0.04527692569068708,0.09055385138137416,2.7166155414412247,1.25,3.67,1.25,3.67,0.009544769346843989,0.15904312808798324,7dbfb6344587,0641409,True,run_layer1,1.0,0.7425827633679375,1743.6316932938282,0.52,0.6164668598894649,0.48,0.35929314438186105,0.6533333333333333,-0.23317724090338846,-0.17333333333333334,0.0,0.0,0.23317724090338846,0.17333333333333334
robot_disturbed,nominal,confirmed_route,335,path_budget,122,0.8133333333333334,43.65523574002672,0.014551499754698745,3000.0506116855922,4625.0,248,246,160,53.332433585213174,1772.980937948521,0.5909836757561778,3024.0,0.6538378378378379,0.34959349593495936,157,2540,171,122,49,49,1552,817,0,0.7134502923976608,33645,149,-0.06170015085193449,1,0.29653302091820904,0.09333333333333334,0.4866666666666667,0.8133333333333334,0.012857142857142857,0.47368421052631576,0.025034770514603618,0.01267605633802817,0.05383902855752479,0.17709253966992178,0.985467855330869,1.0,401,27193,0.9975697379543533,1.0,23,9441,0.9791505791505791,1.0,378,17752,0.9959183673469387,12740,0.9855494132479876,10311,0.9559762271626678,4543,baseline,3000.0,16500.0,40000.0,0.075,0.04527692569068708,0.09055385138137416,2.7166155414412247,1.25,3.67,1.25,3.67,0.009544769346843989,0.15904312808798324,b5f5d79b5610,0641409,True,run_layer1,1.0,0.7900634407837969,1247.2359547247613,0.18666666666666665,0.4935304198655878,0.8133333333333334,0.47032843462080925,0.9533333333333334,-0.1737954137026002,-0.14,0.0,0.0,0.1737954137026002,0.14
robot_disturbed,nominal,confirmed_route,336,path_budget,82,0.5466666666666666,27.335474033311538,0.009111236583605326,3000.193638095046,4223.0,181,179,126,41.99728924163805,1760.708545097556,0.5868649685609982,2728.0,0.6459862656878996,0.29608938547486036,124,1468,114,82,32,32,1105,249,0,0.7192982456140351,16330,114,-0.08229456644734198,1,0.20180968145919967,0.04,0.31333333333333335,0.5466666666666666,0.0,0.0,0.0,0.0,0.034701756859862765,0.12077773678528245,0.9713930348258707,0.9933333333333333,391,13277,0.9957090753057284,0.9866666666666667,20,4641,0.9588098145886532,0.9933333333333333,371,8636,0.9901195219123506,6275,0.9702928870292887,4780,0.9284347493302717,2613,baseline,3000.0,16500.0,40000.0,0.075,0.04527692569068708,0.09055385138137416,2.7166155414412247,1.25,3.67,1.25,3.67,0.009544769346843989,0.15904312808798324,14fee4a263b9,0641409,True,run_layer1,1.0,0.7347246942812934,1587.9507652940629,0.45333333333333337,0.5329150128220937,0.5466666666666666,0.3593173762935077,0.88,-0.15750769483430802,-0.33333333333333337,0.0,0.0,0.15750769483430802,0.33333333333333337
robot_disturbed,nominal,confirmed_route,337,path_budget,78,0.52,27.207780192915003,0.009068551343257385,3000.2344545520414,4639.0,226,225,172,57.32885299648389,2272.4722062275678,0.7574315409849747,3661.0,0.7891787023065315,0.23555555555555555,170,1411,108,78,30,30,1064,239,0,0.7222222222222222,24537,107,-0.021670338632969244,0,0.12289504346963759,0.04666666666666667,0.12666666666666668,0.52,0.010882708585247884,0.21951219512195122,0.020737327188940093,0.010477299185098952,0.05293437806086946,0.1522923073036216,0.9806433381999717,0.9533333333333334,411,20822,0.9974527416543773,0.88,19,7440,0.9715405837084362,0.9533333333333334,392,13382,0.9949531362653208,9709,0.9825454545454545,8250,0.93341478313989,3274,baseline,3000.0,16500.0,40000.0,0.075,0.04527692569068708,0.09055385138137416,2.7166155414412247,1.25,3.67,1.25,3.67,0.009544769346843989,0.15904312808798324,6cab6483885a,0641409,True,run_layer1,1.0,0.7929394378346653,1275.9216023149304,0.48,0.6700443943650276,0.52,0.302562738906275,0.5466666666666666,-0.1796676954366374,-0.026666666666666616,0.0,0.0,0.1796676954366374,0.026666666666666616
robot_disturbed,nominal,confirmed_route,338,path_budget,90,0.6,30.039129726623685,0.010012224128208671,3000.245434177881,4045.0,156,154,100,33.330606509997644,1853.549254368907,0.6177992084426958,2647.0,0.6543881334981458,0.35064935064935066,97,2121,136,90,46,46,1376,609,0,0.6617647058823529,19654,147,-0.07464294561552112,1,0.18880700160220806,0.04,0.23333333333333334,0.6,0.01527614571092832,0.29545454545454547,0.029050279329608936,0.01473922902494331,0.053520512265923005,0.16915614755463634,0.9777762099619021,1.0,315,13859,0.996360153256705,1.0,19,5201,0.9669421487603306,1.0,296,8658,0.9940298507462687,7035,0.9748819235723486,4658,0.9371221281741233,2481,baseline,3000.0,16500.0,40000.0,0.075,0.04527692569068708,0.09055385138137416,2.7166155414412247,1.25,3.67,1.25,3.67,0.009544769346843989,0.15904312808798324,449e4f5b4b08,0641409,True,run_layer1,1.0,0.7214773693753177,1494.881172744126,0.4,0.5326703677731096,0.6,0.3066292107254224,0.6,-0.11782220912321431,0.0,0.0,0.0,0.11782220912321431,-0.0
robot_disturbed,nominal,confirmed_route,339,path_budget,89,0.5933333333333334,27.328549527160277,0.009109166094412313,3000.115405066989,3995.0,154,153,97,32.33208957101239,2227.1073365823418,0.7423405555735991,2979.0,0.7456821026282854,0.3660130718954248,91,1496,115,89,26,26,1062,319,0,0.7739130434782608,17059,138,-0.06657730646458292,0,0.12982475312616715,0.02,0.08,0.5933333333333334,0.015348288075560802,0.3333333333333333,0.02934537246049661,0.014891179839633447,0.05460932173252656,0.16188200087023175,0.9772451672729867,0.9933333333333333,319,13700,0.9965849738850944,0.9666666666666667,17,4961,0.9665966154186484,0.9933333333333333,302,8739,0.9928548745633534,6298,0.9799259403625025,5131,0.933976833976834,2590,baseline,3000.0,16500.0,40000.0,0.075,0.04527692569068708,0.09055385138137416,2.7166155414412247,1.25,3.67,1.25,3.67,0.009544769346843989,0.15904312808798324,c65d5e07471c,0641409,True,run_layer1,1.0,0.7184906580223107,1640.56272306314,0.4066666666666666,0.5886659048961436,0.5933333333333334,0.3778738057942471,0.9133333333333333,-0.24804905266807997,-0.31999999999999995,0.0,0.0,0.24804905266807997,0.31999999999999995
robot_disturbed,nominal,belief_horizon,330,path_budget,103,0.6866666666666666,37.50707543394571,0.012501576160486472,3000.187732527176,5640.0,258,122,75,24.99843566016602,872.386193049671,0.2907772015702583,1565.0,0.2774822695035461,0.38524590163934425,0,1485,135,103,32,32,1012,338,0,0.762962962962963,20165,129,-0.040110183931782326,1,0.3289213826269937,0.11333333333333333,0.52,0.6866666666666666,0.0,0.0,0.0,0.0,0.008185383562408511,0.0462593813824378,0.9668980588764623,0.94,515,15043,0.9957773512476008,0.8733333333333333,22,5188,0.9523579435639737,0.94,493,9855,0.9923087879219484,7021,0.9621590472531695,5206,0.9207445211648154,3331,baseline,3000.0,16500.0,40000.0,0.075,0.04527692569068708,0.09055385138137416,2.7166155414412247,1.25,3.67,1.25,3.67,0.009544769346843989,0.15904312808798324,76011fd81dc4,0641409,True,run_layer1,1.0,0.7354117904591314,1696.4424554590275,0.31333333333333335,0.4064904078321377,0.6866666666666666,0.3289213826269937,0.7933333333333333,0.0,-0.10666666666666669,0.0,0.0,-0.0,0.10666666666666669
robot_disturbed,nominal,belief_horizon,331,path_budget,104,0.6933333333333334,33.81405454280757,0.01127107411152226,3000.0738357527025,6001.0,315,114,80,26.66601036501771,1315.696286335623,0.43855463510801285,2275.0,0.37910348275287453,0.2982456140350877,0,1243,130,104,26,26,940,173,0,0.8,18087,124,-0.012667546833484554,1,0.41982920453938116,0.19333333333333333,0.6933333333333334,0.6933333333333334,0.0,0.0,0.0,0.0,0.002445638438724035,0.009482484721861788,0.9734121122599705,1.0,504,18452,0.9960822722820764,0.9666666666666667,24,6102,0.9625876851130164,1.0,480,12350,0.9925585171154107,7391,0.9764404954227248,7428,0.9337684312303601,4137,baseline,3000.0,16500.0,40000.0,0.075,0.04527692569068708,0.09055385138137416,2.7166155414412247,1.25,3.67,1.25,3.67,0.009544769346843989,0.15904312808798324,4d3d43962101,0641409,True,run_layer1,1.0,0.7684372322516585,1377.0899861714158,0.30666666666666664,0.34860802771227734,0.6933333333333334,0.4258264991246303,0.86,-0.005997294585249113,-0.16666666666666663,0.0,0.0,0.005997294585249113,0.16666666666666663
robot_disturbed,nominal,belief_horizon,332,path_budget,133,0.8866666666666667,46.99942494938776,0.015665809560317295,3000.127428360991,5387.0,233,124,67,22.33238474027184,1114.4780085425891,0.3714768906170906,1867.0,0.3465750881752367,0.4596774193548387,0,1879,174,133,41,41,1280,425,0,0.764367816091954,19287,148,-0.03899447371438704,1,0.4677449144521883,0.23701516033832357,0.7866666666666666,0.8866666666666667,0.0,0.0,0.0,0.0,0.0040878807908472665,0.03241030137481232,0.9660674319543715,1.0,470,13381,0.9960674157303371,1.0,21,5319,0.9472447420984608,1.0,449,8062,0.9909642806720316,7083,0.9575743601567904,4337,0.9086795557383792,2431,baseline,3000.0,16500.0,40000.0,0.075,0.04527692569068708,0.09055385138137416,2.7166155414412247,1.25,3.67,1.25,3.67,0.009544769346843989,0.15904312808798324,b5f5a7ef0a85,0641409,True,run_layer1,1.0,0.714700984512137,1637.9392988574807,0.11333333333333329,0.24695607005994874,0.8866666666666667,0.4677449144521883,0.8866666666666667,0.0,0.0,0.0,0.0,-0.0,-0.0
robot_disturbed,nominal,belief_horizon,333,path_budget,99,0.66,33.463562295187266,0.011153690894625132,3000.223209638441,5502.0,278,131,91,30.331076603785917,1352.146604675478,0.4506820027028676,2242.0,0.40748818611414034,0.3053435114503817,0,1379,128,99,29,29,964,287,0,0.7734375,21127,119,-0.02582567886381887,1,0.3964169353914874,0.22666666666666666,0.6533333333333333,0.66,0.0,0.0,0.0,0.0,0.003208301074788919,0.012470088102806153,0.9740675347605385,0.8533333333333334,470,17654,0.9966024915062288,0.82,21,6160,0.9624047559239722,0.8533333333333334,449,11494,0.9924383289946697,8067,0.9769355075657411,6807,0.9224615384615384,3250,baseline,3000.0,16500.0,40000.0,0.075,0.04527692569068708,0.09055385138137416,2.7166155414412247,1.25,3.67,1.25,3.67,0.009544769346843989,0.15904312808798324,2a56c8405d24,0641409,True,run_layer1,1.0,0.7490896334081871,1335.6972513472606,0.33999999999999997,0.3526726980166997,0.66,0.3964169353914874,0.68,0.0,-0.020000000000000018,0.0,0.0,-0.0,0.020000000000000018
robot_disturbed,nominal,belief_horizon,334,path_budget,92,0.6133333333333333,36.3877778354745,0.01212913992393988,3000.029520943538,5500.0,272,138,87,28.999714633687226,1328.4934109144658,0.4428267794167045,2202.0,0.40036363636363637,0.3695652173913043,0,1299,125,92,33,33,944,230,0,0.736,17223,130,-0.035649414942594486,1,0.35929314438186105,0.14,0.58,0.6133333333333333,0.0,0.0,0.0,0.0,0.004182347204063623,0.015945190084165888,0.9664134644027406,1.0,451,12977,0.9947067541816642,0.9466666666666667,25,4698,0.951062607696726,1.0,426,8279,0.9918923301443165,6167,0.9670863706648994,4527,0.9078273591806877,2734,baseline,3000.0,16500.0,40000.0,0.075,0.04527692569068708,0.09055385138137416,2.7166155414412247,1.25,3.67,1.25,3.67,0.009544769346843989,0.15904312808798324,650092016507,0641409,True,run_layer1,1.0,0.7425827633679375,1743.6316932938282,0.3866666666666667,0.38328961898607644,0.6133333333333333,0.35929314438186105,0.6533333333333333,0.0,-0.040000000000000036,0.0,0.0,-0.0,0.040000000000000036
robot_disturbed,nominal,belief_horizon,335,path_budget,135,0.9,48.47268136245458,0.016156226876790268,3000.247627872169,5591.0,275,96,45,14.998761962829994,818.541297742027,0.2728245795906359,1212.0,0.21677696297621177,0.53125,0,2060,186,135,51,51,1406,468,0,0.7258064516129032,29558,147,-0.09352721072023618,1,0.47032843462080925,0.28,0.7039968974246728,0.9,0.0,0.0,0.0,0.0,0.006757008502367708,0.042999701213670846,0.9798694928988784,1.0,472,22975,0.9969512195121951,1.0,26,8502,0.9701052349353174,1.0,446,14473,0.9949757602468048,11345,0.97880207049544,8114,0.9390672016048145,3988,baseline,3000.0,16500.0,40000.0,0.075,0.04527692569068708,0.09055385138137416,2.7166155414412247,1.25,3.67,1.25,3.67,0.009544769346843989,0.15904312808798324,7af9d2d188bd,0641409,True,run_layer1,1.0,0.7900634407837969,1247.2359547247613,0.09999999999999998,0.3197350061629876,0.9,0.47032843462080925,0.9533333333333334,0.0,-0.053333333333333344,0.0,0.0,-0.0,0.053333333333333344
robot_disturbed,nominal,belief_horizon,336,path_budget,132,0.88,44.67763937682397,0.01489229628494501,3000.0503966597616,5880.0,313,134,75,24.999580034890265,992.3851268825686,0.33078948539914005,1837.0,0.31241496598639457,0.44029850746268656,0,2493,184,132,52,52,1358,951,0,0.717391304347826,27642,148,0.008419452088940002,1,0.3268139442814603,0.04666666666666667,0.5333333333333333,0.88,0.0,0.0,0.0,0.0,0.00868199058011667,0.0490710168592985,0.9705054382597569,1.0,461,15169,0.9977455716586151,1.0,14,6196,0.9525477707006369,1.0,447,8973,0.9939846005774784,8312,0.968070245459988,5011,0.8912006935413957,2307,baseline,3000.0,16500.0,40000.0,0.075,0.04527692569068708,0.09055385138137416,2.7166155414412247,1.25,3.67,1.25,3.67,0.009544769346843989,0.15904312808798324,282551075653,0641409,True,run_layer1,1.0,0.7347246942812934,1587.9507652940629,0.12,0.40791074999983307,0.88,0.3593173762935077,0.88,-0.03250343201204736,0.0,0.0,0.0,0.03250343201204736,-0.0
robot_disturbed,nominal,belief_horizon,337,path_budget,72,0.48,25.546437000211434,0.008515464122283217,3000.0052414479283,6334.0,352,125,96,31.99994409131978,1387.536891351457,0.46251148904052364,2428.0,0.3833280707293969,0.232,0,860,98,72,26,26,725,37,0,0.7346938775510204,23956,88,0.04011472581545416,0,0.29469099286222605,0.16666666666666666,0.48,0.48,0.0,0.0,0.0,0.0,0.004104969328249066,0.013907430114810477,0.9754652347004907,0.74,530,21072,0.9957492029755579,0.6133333333333333,32,7496,0.964615603240017,0.74,498,13576,0.9942931517821386,9988,0.9781282375964084,8687,0.9033139733515545,2927,baseline,3000.0,16500.0,40000.0,0.075,0.04527692569068708,0.09055385138137416,2.7166155414412247,1.25,3.67,1.25,3.67,0.009544769346843989,0.15904312808798324,4165d1fe6423,0641409,True,run_layer1,1.0,0.7929394378346653,1275.9216023149304,0.52,0.4982484449724392,0.48,0.302562738906275,0.5466666666666666,-0.007871746044048944,-0.06666666666666665,0.0,0.0,0.007871746044048944,0.06666666666666665
robot_disturbed,nominal,belief_horizon,338,path_budget,75,0.5,25.315823145438976,0.008437972153052144,3000.225964988739,5803.0,288,122,84,27.997891152280353,1413.718304156488,0.4712039428542824,2327.0,0.400999483026021,0.3114754098360656,0,1323,116,75,41,41,868,339,0,0.646551724137931,14398,96,0.025646598409207813,0,0.2774090540644294,0.07333333333333333,0.5,0.5,0.0,0.0,0.0,0.0,0.004222915070312642,0.017998925110524925,0.9552998868351565,0.7466666666666667,474,10130,0.9929319371727748,0.6733333333333333,27,3793,0.9341096698113207,0.7466666666666667,447,6337,0.9876777251184834,5275,0.9476635514018692,3210,0.8862671071260029,2119,baseline,3000.0,16500.0,40000.0,0.075,0.04527692569068708,0.09055385138137416,2.7166155414412247,1.25,3.67,1.25,3.67,0.009544769346843989,0.15904312808798324,0cbbd184d01a,0641409,True,run_layer1,1.0,0.7214773693753177,1494.881172744126,0.5,0.4440683153108883,0.5,0.3066292107254224,0.6,-0.02922015666099298,-0.09999999999999998,0.0,0.0,0.02922015666099298,0.09999999999999998
robot_disturbed,nominal,belief_horizon,339,path_budget,137,0.9133333333333333,42.861725608974986,0.014286680433145175,3000.117893694574,5628.0,307,170,104,34.665304393063856,1004.4874021219014,0.3348159764764774,1925.0,0.3420398009950249,0.38823529411764707,0,2090,188,137,51,51,1403,499,0,0.7287234042553191,24368,150,-0.05761300721416489,1,0.3778738057942471,0.10666666666666667,0.5866666666666667,0.9133333333333333,0.0,0.0,0.0,0.0,0.009784147028355835,0.06105717646420324,0.97322146879669,1.0,466,16936,0.995806499925116,1.0,28,6649,0.9591608391608392,1.0,438,10287,0.9943291368946353,8817,0.9708551483420593,5730,0.912784588441331,2855,baseline,3000.0,16500.0,40000.0,0.075,0.04527692569068708,0.09055385138137416,2.7166155414412247,1.25,3.67,1.25,3.67,0.009544769346843989,0.15904312808798324,712261d37a1f,0641409,True,run_layer1,1.0,0.7184906580223107,1640.56272306314,0.08666666666666667,0.3406168522280636,0.9133333333333333,0.3778738057942471,0.9133333333333333,0.0,0.0,0.0,0.0,-0.0,-0.0
robot_disturbed,nominal,belief_orienteering,330,path_budget,110,0.7333333333333333,39.694519905900876,0.013230969537017823,3000.121782069175,5854.0,273,116,67,22.332426770286073,1005.5686885684798,0.33517595671564443,1891.0,0.3230269900922446,0.4224137931034483,0,1499,140,110,30,30,1020,339,0,0.7857142857142857,19820,120,-0.02185008610439565,1,0.31013526048178813,0.06666666666666667,0.5066666666666667,0.7333333333333333,0.0,0.0,0.0,0.0,0.007392710606143454,0.037789476026966556,0.9691854078741978,0.9,533,16764,0.9940637720488467,0.86,35,5861,0.9563196210858697,0.9,498,10903,0.9891085114965712,7437,0.9705416534684828,6314,0.924985899605189,3546,baseline,3000.0,16500.0,40000.0,0.075,0.04527692569068708,0.09055385138137416,2.7166155414412247,1.25,3.67,1.25,3.67,0.009544769346843989,0.15904312808798324,dba5126950fd,0641409,True,run_layer1,1.0,0.7354117904591314,1696.4424554590275,0.2666666666666667,0.4252765299773433,0.7333333333333333,0.3289213826269937,0.7933333333333333,-0.018786122145205586,-0.06000000000000005,0.0,0.0,0.018786122145205586,0.06000000000000005
robot_disturbed,nominal,belief_orienteering,331,path_budget,122,0.8133333333333334,41.99289749978555,0.013997424323293813,3000.0446174874523,5514.0,234,115,59,19.666374178598954,1094.197934564188,0.3647272204506687,1859.0,0.3371418208197316,0.48695652173913045,0,1808,170,122,48,48,1238,400,0,0.7176470588235294,23124,141,-0.0353283273123204,1,0.4258264991246303,0.16,0.6733333333333333,0.8133333333333334,0.0,0.0,0.0,0.0,0.0029729693788110444,0.021048339243174563,0.9771693868759872,1.0,477,20416,0.9958454507685917,0.9933333333333333,30,7191,0.967305441778818,1.0,447,13225,0.992222102192935,9257,0.9786417700473207,7819,0.9376473670421798,3817,baseline,3000.0,16500.0,40000.0,0.075,0.04527692569068708,0.09055385138137416,2.7166155414412247,1.25,3.67,1.25,3.67,0.009544769346843989,0.15904312808798324,521427b55605,0641409,True,run_layer1,1.0,0.7684372322516585,1377.0899861714158,0.18666666666666665,0.3426107331270282,0.8133333333333334,0.4258264991246303,0.86,0.0,-0.046666666666666634,0.0,0.0,-0.0,0.046666666666666634
robot_disturbed,nominal,belief_orienteering,332,path_budget,77,0.5133333333333333,27.21847521777654,0.00907238834127063,3000.1444155513814,5346.0,193,109,76,25.332113882935314,1660.3053308123294,0.5534084700076647,2878.0,0.5383464272353161,0.30275229357798167,0,1215,99,77,22,22,798,318,0,0.7777777777777778,15071,128,0.006254421037151563,1,0.3135959022532206,0.05333333333333334,0.5133333333333333,0.5133333333333333,0.0,0.0,0.0,0.0,0.004367152514480739,0.013349816297132687,0.9647920981360523,1.0,442,12112,0.9957023297896404,0.94,19,4402,0.9479896717078569,1.0,423,7710,0.991829484902309,5630,0.9620253164556962,4266,0.9119638826185101,2658,baseline,3000.0,16500.0,40000.0,0.075,0.04527692569068708,0.09055385138137416,2.7166155414412247,1.25,3.67,1.25,3.67,0.009544769346843989,0.15904312808798324,539c5e7bee40,0641409,True,run_layer1,1.0,0.714700984512137,1637.9392988574807,0.4866666666666667,0.40110508225891645,0.5133333333333333,0.4677449144521883,0.8866666666666667,-0.1541490121989677,-0.3733333333333334,0.0,0.0,0.1541490121989677,0.3733333333333334
robot_disturbed,nominal,belief_orienteering,333,path_budget,86,0.5733333333333334,28.075763589670146,0.00935824390475595,3000.1102637858985,5417.0,245,78,44,14.666127619081417,1060.2371908130522,0.35339940788546814,1502.0,0.27727524460033226,0.4358974358974359,0,1090,111,86,25,25,835,144,0,0.7747747747747747,22779,109,-0.05257685041765755,1,0.37556975757237476,0.28,0.5533333333333333,0.5733333333333334,0.0,0.0,0.0,0.0,0.003938530049364019,0.01631495891127715,0.96946663231126,0.9066666666666666,474,15050,0.9954221770091557,0.8466666666666667,27,5871,0.9535632661541658,0.9066666666666666,447,9179,0.9926546391752578,7760,0.968271954674221,5295,0.8991494532199271,2469,baseline,3000.0,16500.0,40000.0,0.075,0.04527692569068708,0.09055385138137416,2.7166155414412247,1.25,3.67,1.25,3.67,0.009544769346843989,0.15904312808798324,c201f026ed24,0641409,True,run_layer1,1.0,0.7490896334081871,1335.6972513472606,0.42666666666666664,0.37351987583581236,0.5733333333333334,0.3964169353914874,0.68,-0.02084717781911266,-0.10666666666666669,0.0,0.0,0.02084717781911266,0.10666666666666669
robot_disturbed,nominal,belief_orienteering,334,path_budget,57,0.38,20.2227041219618,0.0067403511172827585,3000.2449086234237,5611.0,245,121,93,30.997469484139675,1835.78813685166,0.6118794274344619,3074.0,0.54785243272144,0.23140495867768596,0,907,88,57,31,31,706,113,0,0.6477272727272727,13773,77,-0.02063462301120145,0,0.21933009750883892,0.06666666666666667,0.38,0.38,0.0,0.0,0.0,0.0,0.00497322220072994,0.014741511783557093,0.9622358877325765,0.76,479,12205,0.9911616161616161,0.6,35,3925,0.9491059147180193,0.76,444,8280,0.9868114817688131,5156,0.9620853080568721,4642,0.9185724185724186,2886,baseline,3000.0,16500.0,40000.0,0.075,0.04527692569068708,0.09055385138137416,2.7166155414412247,1.25,3.67,1.25,3.67,0.009544769346843989,0.15904312808798324,91393c357b39,0641409,True,run_layer1,1.0,0.7425827633679375,1743.6316932938282,0.62,0.5232526658590986,0.38,0.35929314438186105,0.6533333333333333,-0.13996304687302213,-0.2733333333333333,0.0,0.0,0.13996304687302213,0.2733333333333333
robot_disturbed,nominal,belief_orienteering,335,path_budget,120,0.8,41.94327591093882,0.013980472271547981,3000.1329780753304,5519.0,240,114,67,22.332343429317717,1393.7010276939304,0.4645464177351328,2363.0,0.42815727486863564,0.41228070175438597,0,1911,159,120,39,39,1249,503,0,0.7547169811320755,26901,149,-0.05544017771146345,1,0.32518010587859997,0.12,0.5133333333333333,0.7940898633186544,0.016260162601626018,0.4,0.03125000000000001,0.015873015873015872,0.029999790530319523,0.09481033313498705,0.9819873083441725,1.0,457,24914,0.9980457523853317,1.0,17,8682,0.9736084452975048,1.0,440,16232,0.9950013632645642,11003,0.9844570468388993,9522,0.9475856376392902,4846,baseline,3000.0,16500.0,40000.0,0.075,0.04527692569068708,0.09055385138137416,2.7166155414412247,1.25,3.67,1.25,3.67,0.009544769346843989,0.15904312808798324,50f498b34360,0641409,True,run_layer1,1.0,0.7900634407837969,1247.2359547247613,0.19999999999999996,0.4648833349051969,0.8,0.47032843462080925,0.9533333333333334,-0.1451483287422093,-0.15333333333333332,0.0,0.0,0.1451483287422093,0.15333333333333332
robot_disturbed,nominal,belief_orienteering,336,path_budget,89,0.5933333333333334,29.372662341705464,0.009790844566634791,3000.013138989207,5336.0,220,99,61,20.333244280574284,1312.1797589021946,0.43739133734071134,2138.0,0.4006746626686657,0.3838383838383838,0,1254,107,89,18,18,829,318,0,0.8317757009345794,20392,121,-0.00393683006848948,1,0.3593173762935077,0.06666666666666667,0.56,0.5933333333333334,0.0,0.0,0.0,0.0,0.004588111362800636,0.019917368908890926,0.9645834987691575,1.0,446,12147,0.9948264712222462,0.96,24,4615,0.9469449333668595,1.0,422,7532,0.9915254237288136,6490,0.9615481912471541,3953,0.8888372093023256,2150,baseline,3000.0,16500.0,40000.0,0.075,0.04527692569068708,0.09055385138137416,2.7166155414412247,1.25,3.67,1.25,3.67,0.009544769346843989,0.15904312808798324,f70c6dad9feb,0641409,True,run_layer1,1.0,0.7347246942812934,1587.9507652940629,0.4066666666666666,0.3754073179877857,0.5933333333333334,0.3593173762935077,0.88,0.0,-0.2866666666666666,0.0,0.0,-0.0,0.2866666666666666
robot_disturbed,nominal,belief_orienteering,337,path_budget,76,0.5066666666666667,26.43906972690399,0.008812624696427816,3000.135673271214,5775.0,236,112,77,25.665505958949733,1399.2329133159822,0.4663898788918173,2496.0,0.4322077922077922,0.3125,0,975,113,76,37,37,818,44,0,0.672566371681416,24002,79,0.03011619484703308,0,0.26935412310750645,0.16666666666666666,0.36666666666666664,0.5066666666666667,0.0,0.0,0.0,0.0,0.004928312049301147,0.017303014568468996,0.975627625280844,0.62,499,19975,0.9955971381397909,0.5666666666666667,32,7236,0.9646372860820839,0.62,467,12739,0.9930280957336108,9610,0.9781277340332458,8001,0.9102340202584701,2863,baseline,3000.0,16500.0,40000.0,0.075,0.04527692569068708,0.09055385138137416,2.7166155414412247,1.25,3.67,1.25,3.67,0.009544769346843989,0.15904312808798324,1b00b88038c2,0641409,True,run_layer1,1.0,0.7929394378346653,1275.9216023149304,0.4933333333333333,0.5235853147271587,0.5066666666666667,0.302562738906275,0.5466666666666666,-0.03320861579876855,-0.039999999999999925,0.0,0.0,0.03320861579876855,0.039999999999999925
robot_disturbed,nominal,belief_orienteering,338,path_budget,85,0.5666666666666667,27.339036035517367,0.00911291157782223,3000.033063203577,5324.0,217,102,63,20.999768560125673,1186.4604905142296,0.3954824715322541,2012.0,0.3779113448534936,0.38235294117647056,0,1453,123,85,38,38,984,346,0,0.6910569105691057,16434,118,0.007206957120022464,1,0.3066292107254224,0.05333333333333334,0.5666666666666667,0.5666666666666667,0.0,0.0,0.0,0.0,0.0046572608817398945,0.025815332086152137,0.9642060014879722,0.9933333333333333,433,11664,0.9929172200088535,0.94,32,4486,0.9470906452038528,0.9933333333333333,401,7178,0.9918780043096304,6033,0.9594123505976095,4016,0.89208984375,2048,baseline,3000.0,16500.0,40000.0,0.075,0.04527692569068708,0.09055385138137416,2.7166155414412247,1.25,3.67,1.25,3.67,0.009544769346843989,0.15904312808798324,d80698495ee3,0641409,True,run_layer1,1.0,0.7214773693753177,1494.881172744126,0.43333333333333335,0.4148481586498953,0.5666666666666667,0.3066292107254224,0.6,0.0,-0.033333333333333326,0.0,0.0,-0.0,0.033333333333333326
robot_disturbed,nominal,belief_orienteering,339,path_budget,134,0.8933333333333333,43.224658202008634,0.014407647176092482,3000.1191501783883,5916.0,301,118,65,21.66580617177657,741.5213802322821,0.24716397686678243,1461.0,0.24695740365111563,0.4491525423728814,0,1948,176,134,42,42,1278,494,0,0.7613636363636364,23180,147,-0.09230389412856896,1,0.350158724731726,0.09333333333333334,0.5466666666666666,0.8933333333333333,0.0,0.0,0.0,0.0,0.02291810113140062,0.08730014033934785,0.9743642224837538,1.0,501,19042,0.9956564382793891,1.0,31,7106,0.9621151055940674,1.0,470,11936,0.9932259855635758,9005,0.9746200383650583,6777,0.9287423557564477,3761,baseline,3000.0,16500.0,40000.0,0.075,0.04527692569068708,0.09055385138137416,2.7166155414412247,1.25,3.67,1.25,3.67,0.009544769346843989,0.15904312808798324,bb6dfb602420,0641409,True,run_layer1,1.0,0.7184906580223107,1640.56272306314,0.10666666666666669,0.3683319332905847,0.8933333333333333,0.3778738057942471,0.9133333333333333,-0.02771508106252113,-0.020000000000000018,0.0,0.0,0.02771508106252113,0.020000000000000018
robot_disturbed,nominal,belief_orienteering_depth1,330,path_budget,119,0.7933333333333333,42.83971702676226,0.014279364105274887,3000.1137803424313,5521.0,219,106,63,20.99920356780909,965.0016705611446,0.32165502418078284,1809.0,0.3276580329650426,0.4056603773584906,0,1756,161,119,42,42,1186,409,0,0.7391304347826086,22729,140,-0.07016386038894225,1,0.3156382118049766,0.04,0.47333333333333333,0.7933333333333333,0.0,0.0,0.0,0.0,0.016039344020412124,0.07874126970100344,0.975037577839811,0.9933333333333333,465,18163,0.9959652389819987,0.9666666666666667,26,6418,0.9639691398555482,0.9933333333333333,439,11745,0.9936974789915967,8568,0.9760533494998485,6598,0.9269208549971115,3462,baseline,3000.0,16500.0,40000.0,0.075,0.04527692569068708,0.09055385138137416,2.7166155414412247,1.25,3.67,1.25,3.67,0.009544769346843989,0.15904312808798324,9db158814c13,0641409,True,run_layer1,1.0,0.7354117904591314,1696.4424554590275,0.20666666666666667,0.4197735786541548,0.7933333333333333,0.3289213826269937,0.7933333333333333,-0.013283170822017132,0.0,0.0,0.0,0.013283170822017132,-0.0
robot_disturbed,nominal,belief_orienteering_depth1,331,path_budget,129,0.86,43.53671621070718,0.014512006756742676,3000.04795618489,5567.0,219,112,65,21.666320321978915,1088.4579588457173,0.36281351989782545,1995.0,0.3583617747440273,0.41964285714285715,0,1894,178,129,49,49,1281,435,0,0.7247191011235955,27186,143,-0.02073621094590747,1,0.37816710595378467,0.06666666666666667,0.52,0.86,0.0,0.0,0.0,0.0,0.0032335972979376784,0.0268815081455425,0.9790868665521948,1.0,475,22238,0.9960678299336446,0.9866666666666667,32,8106,0.9696054888507719,1.0,443,14132,0.9940969246881843,10503,0.9801665034280117,8168,0.937902028698664,4042,baseline,3000.0,16500.0,40000.0,0.075,0.04527692569068708,0.09055385138137416,2.7166155414412247,1.25,3.67,1.25,3.67,0.009544769346843989,0.15904312808798324,e681d924ba3e,0641409,True,run_layer1,1.0,0.7684372322516585,1377.0899861714158,0.14,0.39027012629787383,0.86,0.4258264991246303,0.86,-0.04765939317084561,0.0,0.0,0.0,0.04765939317084561,-0.0
robot_disturbed,nominal,belief_orienteering_depth1,332,path_budget,78,0.52,27.363411286356822,0.009120763162148342,3000.122994084141,5217.0,169,101,66,21.999098080359893,1609.7694726033296,0.5365678259783313,2703.0,0.5181138585393904,0.3465346534653465,0,1330,111,78,33,33,896,323,0,0.7027027027027027,16649,122,0.031230315118262228,1,0.28716339861737267,0.04666666666666667,0.52,0.52,0.0,0.0,0.0,0.0,0.00460814583124079,0.014219504974630566,0.9613482015594869,0.9666666666666667,461,11466,0.9963743485157489,0.9,16,4397,0.9407772158637211,0.9666666666666667,445,7069,0.9911504424778761,5650,0.9592508225765629,3951,0.8925193465176269,2326,baseline,3000.0,16500.0,40000.0,0.075,0.04527692569068708,0.09055385138137416,2.7166155414412247,1.25,3.67,1.25,3.67,0.009544769346843989,0.15904312808798324,f9bb97155a04,0641409,True,run_layer1,1.0,0.714700984512137,1637.9392988574807,0.48,0.42753758589476437,0.52,0.4677449144521883,0.8866666666666667,-0.18058151583481563,-0.3666666666666667,0.0,0.0,0.18058151583481563,0.3666666666666667
robot_disturbed,nominal,belief_orienteering_depth1,333,path_budget,92,0.6133333333333333,30.584384334764625,0.010194590854002846,3000.0600095447526,5079.0,175,99,56,18.666293281412656,1461.044989336065,0.48700525479081097,2302.0,0.4532388265406576,0.43434343434343436,0,1781,130,92,38,38,1100,551,0,0.7076923076923077,22570,142,-0.012992885781759528,1,0.3547872961326575,0.11333333333333333,0.5666666666666667,0.6133333333333333,0.0,0.0,0.0,0.0,0.004715483393078979,0.023985637073214414,0.9734786557674842,1.0,438,16077,0.9955592105263158,0.9933333333333333,27,6053,0.9606133205558217,1.0,411,10024,0.9928938985542759,8162,0.9741288278775079,5682,0.9127667540247099,2671,baseline,3000.0,16500.0,40000.0,0.075,0.04527692569068708,0.09055385138137416,2.7166155414412247,1.25,3.67,1.25,3.67,0.009544769346843989,0.15904312808798324,55d01cfbdf3e,0641409,True,run_layer1,1.0,0.7490896334081871,1335.6972513472606,0.3866666666666667,0.3943023372755296,0.6133333333333333,0.3964169353914874,0.68,-0.0416296392588299,-0.06666666666666676,0.0,0.0,0.0416296392588299,0.06666666666666676
robot_disturbed,nominal,belief_orienteering_depth1,334,path_budget,98,0.6533333333333333,37.079129305547575,0.012359104558029204,3000.1469063920804,5287.0,196,103,56,18.66575262720869,840.9962654806607,0.28031836164050605,1508.0,0.2852279175335729,0.4563106796116505,0,1356,130,98,32,32,1021,205,0,0.7538461538461538,18323,127,-0.08223808440564136,1,0.3014870305324873,0.07333333333333333,0.5,0.6533333333333333,0.0,0.0,0.0,0.0,0.012472466532780144,0.057643483385206716,0.9725397614314115,0.9866666666666667,442,15654,0.9948377581120944,0.9333333333333333,28,5396,0.9612068965517241,0.9866666666666667,414,10258,0.9919274890242176,7061,0.9734701096568801,5654,0.9304939367051168,3381,baseline,3000.0,16500.0,40000.0,0.075,0.04527692569068708,0.09055385138137416,2.7166155414412247,1.25,3.67,1.25,3.67,0.009544769346843989,0.15904312808798324,40a7990bb047,0641409,True,run_layer1,1.0,0.7425827633679375,1743.6316932938282,0.3466666666666667,0.44109573283545017,0.6533333333333333,0.35929314438186105,0.6533333333333333,-0.05780611384937373,0.0,0.0,0.0,0.05780611384937373,-0.0
robot_disturbed,nominal,belief_orienteering_depth1,335,path_budget,143,0.9533333333333334,50.68117983634796,0.0168929677965736,3000.1347570571716,5620.0,258,114,57,18.999146576972837,1154.4212322662747,0.3847897930420449,1954.0,0.3476868327402135,0.5,0,2029,193,143,50,50,1393,443,0,0.7409326424870466,28345,148,-0.05296076385970959,1,0.4444430465272909,0.10666666666666667,0.64,0.9533333333333334,0.0,0.0,0.0,0.0,0.0015095308519709227,0.019202227163279312,0.9809954014568836,1.0,467,24106,0.997158081705151,1.0,24,8421,0.9725322420634921,1.0,443,15685,0.9953386344941048,10941,0.9819184123484013,9070,0.9447610697062692,4562,baseline,3000.0,16500.0,40000.0,0.075,0.04527692569068708,0.09055385138137416,2.7166155414412247,1.25,3.67,1.25,3.67,0.009544769346843989,0.15904312808798324,c29b165d1871,0641409,True,run_layer1,1.0,0.7900634407837969,1247.2359547247613,0.046666666666666634,0.345620394256506,0.9533333333333334,0.47032843462080925,0.9533333333333334,-0.02588538809351837,0.0,0.0,0.0,0.02588538809351837,-0.0
robot_disturbed,nominal,belief_orienteering_depth1,336,path_budget,78,0.52,27.072410707931088,0.009023863839979879,3000.0907801808603,5255.0,169,108,71,23.665950533576776,1723.5487941144047,0.574498880334048,2988.0,0.5686013320647003,0.3425925925925926,0,1401,97,78,19,19,804,500,0,0.8041237113402062,18878,136,0.02612692355699813,1,0.27933561028439907,0.05333333333333334,0.52,0.52,0.0,0.0,0.0,0.0,0.005010141519528231,0.01780967067201542,0.9658991547653746,1.0,468,13256,0.9945525291828794,0.98,28,5112,0.9487418452935694,1.0,440,8144,0.9889048991354467,6940,0.9632451815329449,4462,0.9022394487510766,2322,baseline,3000.0,16500.0,40000.0,0.075,0.04527692569068708,0.09055385138137416,2.7166155414412247,1.25,3.67,1.25,3.67,0.009544769346843989,0.15904312808798324,2d810db554e5,0641409,True,run_layer1,1.0,0.7347246942812934,1587.9507652940629,0.48,0.4553890839968943,0.52,0.3593173762935077,0.88,-0.07998176600910861,-0.36,0.0,0.0,0.07998176600910861,0.36
robot_disturbed,nominal,belief_orienteering_depth1,337,path_budget,82,0.5466666666666666,27.088602704320294,0.009029317312867456,3000.072072527233,5543.0,195,110,73,24.332748759100802,1539.6458115330825,0.5132029412333747,2806.0,0.5062240663900415,0.33636363636363636,0,1271,108,82,26,26,897,266,0,0.7592592592592593,19196,137,0.03136535426029902,1,0.302562738906275,0.2,0.5066666666666667,0.5466666666666666,0.0,0.0,0.0,0.0,0.0048451322034514235,0.014754720787206776,0.9738223017292785,1.0,439,16331,0.9957751056223595,1.0,26,6128,0.9610964581763376,1.0,413,10203,0.9923911687663715,8017,0.9779194526512206,6431,0.8983634797588286,2322,baseline,3000.0,16500.0,40000.0,0.075,0.04527692569068708,0.09055385138137416,2.7166155414412247,1.25,3.67,1.25,3.67,0.009544769346843989,0.15904312808798324,34c64e23a6b0,0641409,True,run_layer1,1.0,0.7929394378346653,1275.9216023149304,0.45333333333333337,0.49037669892839025,0.5466666666666666,0.302562738906275,0.5466666666666666,0.0,0.0,0.0,0.0,-0.0,-0.0
robot_disturbed,nominal,belief_orienteering_depth1,338,path_budget,82,0.5466666666666666,27.544521670391592,0.0091814426330679,3000.02110465595,5382.0,184,104,65,21.66651424522374,1318.1342543274304,0.4393749938231176,2351.0,0.436826458565589,0.375,0,1224,114,82,32,32,877,233,0,0.7192982456140351,14458,104,0.03424627584475617,1,0.25203620935533905,0.07333333333333333,0.4533333333333333,0.5466666666666666,0.0,0.0,0.0,0.0,0.004378500876381097,0.022824987732674686,0.9590876819311324,0.92,461,10807,0.9914592484138605,0.76,35,4063,0.9405857740585774,0.92,426,6744,0.9877300613496932,5379,0.9584332533972821,3753,0.8881086142322098,2136,baseline,3000.0,16500.0,40000.0,0.075,0.04527692569068708,0.09055385138137416,2.7166155414412247,1.25,3.67,1.25,3.67,0.009544769346843989,0.15904312808798324,29e59667701b,0641409,True,run_layer1,1.0,0.7214773693753177,1494.881172744126,0.45333333333333337,0.46944116001997865,0.5466666666666666,0.3066292107254224,0.6,-0.05459300137008333,-0.053333333333333344,0.0,0.0,0.05459300137008333,0.053333333333333344
robot_disturbed,nominal,belief_orienteering_depth1,339,path_budget,57,0.38,19.50879920851866,0.006502753221175195,3000.082971777449,5521.0,193,104,72,23.999336244138075,1753.3535592483781,0.5844350225452514,2985.0,0.540662923383445,0.3076923076923077,0,782,79,57,22,22,618,85,0,0.7215189873417721,14961,117,0.00029665467945610285,0,0.19302824514182013,0.03333333333333333,0.38,0.38,0.0,0.0,0.0,0.0,0.00556998993347996,0.01841145697020114,0.9678925035360679,1.0,454,13686,0.9930600737367166,0.9733333333333334,32,4579,0.9557141357959912,1.0,422,9107,0.9910123791758522,5897,0.9642926076047095,5181,0.9294578706727629,3062,baseline,3000.0,16500.0,40000.0,0.075,0.04527692569068708,0.09055385138137416,2.7166155414412247,1.25,3.67,1.25,3.67,0.009544769346843989,0.15904312808798324,eb9bfdee64fe,0641409,True,run_layer1,1.0,0.7184906580223107,1640.56272306314,0.62,0.5254624128804906,0.38,0.3778738057942471,0.9133333333333333,-0.184845560652427,-0.5333333333333333,0.0,0.0,0.184845560652427,0.5333333333333333
robot_disturbed,nominal,adaptive_mission,330,path_budget,102,0.68,36.503750784016894,0.012167908094080207,3000.0021780059537,4973.0,246,194,127,42.33330259927163,1568.711680467212,0.5229035138600819,2624.0,0.5276493062537704,0.34536082474226804,96,1843,135,102,33,33,1160,548,0,0.7555555555555555,23556,125,-0.022583167227389747,1,0.24206103587882627,0.07333333333333333,0.3933333333333333,0.68,0.005291005291005291,0.029411764705882353,0.008968609865470852,0.0045045045045045045,0.028947662226868346,0.10127767841709842,0.9757603739828014,0.8933333333333333,420,16907,0.9966232513265798,0.86,21,6198,0.9640799423838675,0.8933333333333333,399,10709,0.9952560515752341,8221,0.9775994650618522,5982,0.9209346991037132,3124,baseline,3000.0,16500.0,40000.0,0.075,0.04527692569068708,0.09055385138137416,2.7166155414412247,1.25,3.67,1.25,3.67,0.009544769346843989,0.15904312808798324,027dce33cb56,0641409,True,run_layer1,1.0,0.7354117904591314,1696.4424554590275,0.31999999999999995,0.49335075458030514,0.68,0.3289213826269937,0.7933333333333333,-0.08686034674816745,-0.11333333333333329,0.0,0.0,0.08686034674816745,0.11333333333333329
robot_disturbed,nominal,adaptive_mission,331,path_budget,133,0.8866666666666667,43.45326597143716,0.014483427296795118,3000.206034178973,5137.0,291,245,174,57.99601694608827,1582.739398572766,0.5275435688555615,2991.0,0.5822464473428071,0.2897959183673469,154,2088,177,133,44,44,1429,482,0,0.751412429378531,31359,144,-0.06328060257926037,1,0.3074988967359025,0.08,0.56,0.8866666666666667,0.0,0.0,0.0,0.0,0.03938561590898338,0.1345333493110392,0.983779864132509,1.0,425,25777,0.9977216013887382,1.0,21,9196,0.9762143067412423,1.0,404,16581,0.9952787211132279,12073,0.9846043313147901,9743,0.950296397628819,4386,baseline,3000.0,16500.0,40000.0,0.075,0.04527692569068708,0.09055385138137416,2.7166155414412247,1.25,3.67,1.25,3.67,0.009544769346843989,0.15904312808798324,21d9b39ea5c3,0641409,True,run_layer1,1.0,0.7684372322516585,1377.0899861714158,0.11333333333333329,0.46093833551575597,0.8866666666666667,0.4258264991246303,0.86,-0.11832760238872775,0.026666666666666727,0.0,0.026666666666666727,0.11832760238872775,0.0
robot_disturbed,nominal,adaptive_mission,332,path_budget,130,0.8666666666666667,45.87196621769317,0.015290560337087445,3000.0186524512214,5184.0,245,164,103,34.3331198677188,1171.5739612898137,0.3905222256976827,2087.0,0.4025848765432099,0.3719512195121951,65,1904,178,130,48,48,1406,320,0,0.7303370786516854,21745,146,-0.08412665377988651,1,0.3336222806600986,0.05333333333333334,0.5066666666666667,0.8666666666666667,0.03271028037383177,0.5,0.06140350877192982,0.03167420814479638,0.02738378679443183,0.11407954123953368,0.9752700049091801,1.0,403,15893,0.995987963891675,1.0,24,5958,0.9632538297459764,1.0,379,9935,0.9936094383679489,8137,0.9734921244717634,5206,0.927869962749746,2953,baseline,3000.0,16500.0,40000.0,0.075,0.04527692569068708,0.09055385138137416,2.7166155414412247,1.25,3.67,1.25,3.67,0.009544769346843989,0.15904312808798324,7094de0f27c5,0641409,True,run_layer1,1.0,0.714700984512137,1637.9392988574807,0.1333333333333333,0.38107870385203846,0.8666666666666667,0.4677449144521883,0.8866666666666667,-0.13412263379208972,-0.020000000000000018,0.0,0.0,0.13412263379208972,0.020000000000000018
robot_disturbed,nominal,adaptive_mission,333,path_budget,110,0.7333333333333333,37.61591423764291,0.012538390944948383,3000.0591306173988,4988.0,248,184,125,41.66584542427854,1612.9987479185872,0.5376556520026454,2619.0,0.5250601443464314,0.32065217391304346,96,1800,152,110,42,42,1254,394,0,0.7236842105263158,23431,122,-0.03023737036165325,1,0.3538086161909856,0.08666666666666667,0.54,0.7333333333333333,0.0,0.0,0.0,0.0,0.004893103362889383,0.02983195086316677,0.975260718424102,0.9066666666666666,427,16833,0.9954853273137697,0.8333333333333334,28,6174,0.9639175257731959,0.9066666666666666,399,10659,0.9935368043087971,8355,0.9753086419753086,6075,0.9212014134275618,2830,baseline,3000.0,16500.0,40000.0,0.075,0.04527692569068708,0.09055385138137416,2.7166155414412247,1.25,3.67,1.25,3.67,0.009544769346843989,0.15904312808798324,7e700bf1c149,0641409,True,run_layer1,1.0,0.7490896334081871,1335.6972513472606,0.2666666666666667,0.39528101721720155,0.7333333333333333,0.3964169353914874,0.68,-0.04260831920050184,0.05333333333333323,0.0,0.05333333333333323,0.04260831920050184,0.0
robot_disturbed,nominal,adaptive_mission,334,path_budget,104,0.6933333333333334,40.36740116324039,0.013454871123801936,3000.2071957292587,4806.0,230,195,131,43.663651025994525,1727.205220184681,0.5756953128581674,2776.0,0.5776113191843529,0.3282051282051282,107,1695,136,104,32,32,1251,308,0,0.7647058823529411,21543,147,-0.09584856906322918,1,0.1961698533038966,0.05333333333333334,0.22666666666666666,0.6933333333333334,0.016245487364620937,0.2727272727272727,0.03066439522998296,0.015570934256055362,0.04048935261636661,0.13789481102181297,0.9767144163364828,1.0,382,16023,0.9966555183946488,0.9933333333333333,19,5662,0.9661506900410295,1.0,363,10361,0.9941690962099126,7546,0.9742770977470285,5637,0.9400993171942893,3222,baseline,3000.0,16500.0,40000.0,0.075,0.04527692569068708,0.09055385138137416,2.7166155414412247,1.25,3.67,1.25,3.67,0.009544769346843989,0.15904312808798324,767774e44d95,0641409,True,run_layer1,1.0,0.7425827633679375,1743.6316932938282,0.30666666666666664,0.5464129100640409,0.6933333333333334,0.35929314438186105,0.6533333333333333,-0.16312329107796444,0.040000000000000036,0.0,0.040000000000000036,0.16312329107796444,0.0
robot_disturbed,nominal,adaptive_mission,335,path_budget,141,0.94,50.34936527931983,0.016782113916414078,3000.1801638394695,4885.0,267,225,144,47.99711755167281,1591.3957870195227,0.5304334073667561,2714.0,0.5555783009211873,0.36,130,1933,171,141,30,30,1378,384,0,0.8245614035087719,27491,148,-0.0664320355611529,1,0.3643666883589699,0.08,0.5,0.94,0.0,0.0,0.0,0.0,0.0362290604185347,0.12072502683903821,0.9828071919794514,1.0,415,23723,0.9977294455066922,1.0,19,8349,0.9748890298034242,1.0,396,15374,0.9952521723551017,11163,0.9833564493758669,8652,0.9495720564422855,4323,baseline,3000.0,16500.0,40000.0,0.075,0.04527692569068708,0.09055385138137416,2.7166155414412247,1.25,3.67,1.25,3.67,0.009544769346843989,0.15904312808798324,e7cf7e63785f,0641409,True,run_layer1,1.0,0.7900634407837969,1247.2359547247613,0.06000000000000005,0.42569675242482696,0.94,0.47032843462080925,0.9533333333333334,-0.10596174626183935,-0.01333333333333342,0.0,0.0,0.10596174626183935,0.01333333333333342
robot_disturbed,nominal,adaptive_mission,336,path_budget,102,0.68,34.41530059236179,0.011471301871520794,3000.121605883537,5058.0,224,170,115,38.33177954336036,1673.2013930711423,0.5577111907030128,2957.0,0.5846184262554369,0.3235294117647059,46,1795,133,102,31,31,1143,519,0,0.7669172932330827,20085,145,0.0003063563983057363,1,0.34034994185793405,0.04,0.5533333333333333,0.68,0.0,0.0,0.0,0.0,0.004988324098607044,0.029647822217162622,0.9702743356493088,1.0,415,13546,0.9951474430757745,1.0,26,5332,0.9547832151575032,1.0,389,8214,0.9925145550318825,7214,0.9724710509067075,4577,0.8917050691244239,2170,baseline,3000.0,16500.0,40000.0,0.075,0.04527692569068708,0.09055385138137416,2.7166155414412247,1.25,3.67,1.25,3.67,0.009544769346843989,0.15904312808798324,ab98fc48f891,0641409,True,run_layer1,1.0,0.7347246942812934,1587.9507652940629,0.31999999999999995,0.39437475242335934,0.68,0.3593173762935077,0.88,-0.018967434435573638,-0.19999999999999996,0.0,0.0,0.018967434435573638,0.19999999999999996
robot_disturbed,nominal,adaptive_mission,337,path_budget,73,0.4866666666666667,26.82045896194402,0.008939827719756654,3000.109152290698,5108.0,277,246,191,63.66435029677643,2277.3716786436376,0.7590962738488288,3841.0,0.7519577133907596,0.22357723577235772,173,1076,98,73,25,25,834,144,0,0.7448979591836735,26353,95,0.02324072517217024,0,0.21880112587687933,0.17333333333333334,0.23333333333333334,0.4866666666666667,0.0,0.0,0.0,0.0,0.012682312058002146,0.05744034194810842,0.97962981098815,0.9333333333333333,416,20006,0.9968574941931958,0.82,23,7296,0.9700068686560329,0.9333333333333333,393,12710,0.995602822374476,9779,0.9815950920245399,7824,0.9187655196878326,2819,baseline,3000.0,16500.0,40000.0,0.075,0.04527692569068708,0.09055385138137416,2.7166155414412247,1.25,3.67,1.25,3.67,0.009544769346843989,0.15904312808798324,34839cf845ec,0641409,True,run_layer1,1.0,0.7929394378346653,1275.9216023149304,0.5133333333333333,0.5741383119577859,0.4866666666666667,0.302562738906275,0.5466666666666666,-0.08376161302939567,-0.05999999999999994,0.0,0.0,0.08376161302939567,0.05999999999999994
robot_disturbed,nominal,adaptive_mission,338,path_budget,119,0.7933333333333333,39.39734211069398,0.013131806398200581,3000.14643195566,5024.0,259,183,109,36.33155996620733,1342.3611411903573,0.4474318742886602,2279.0,0.45362261146496813,0.40437158469945356,71,2270,168,119,49,49,1484,618,0,0.7083333333333334,22800,141,-0.03849419646758327,1,0.28354340177952336,0.06,0.5066666666666667,0.7933333333333333,0.041666666666666664,0.48,0.07667731629392971,0.03986710963455149,0.034669610456660956,0.14294258413289035,0.9722167616800996,1.0,424,14837,0.9955372468245794,1.0,26,5800,0.9578166401695813,1.0,398,9037,0.9915955845459107,7972,0.9693649827551227,4929,0.9127118644067796,2360,baseline,3000.0,16500.0,40000.0,0.075,0.04527692569068708,0.09055385138137416,2.7166155414412247,1.25,3.67,1.25,3.67,0.009544769346843989,0.15904312808798324,fa29c0c3dc9d,0641409,True,run_layer1,1.0,0.7214773693753177,1494.881172744126,0.20666666666666667,0.43793396759579434,0.7933333333333333,0.3066292107254224,0.6,-0.02308580894589901,0.19333333333333336,0.0,0.19333333333333336,0.02308580894589901,0.0
robot_disturbed,nominal,adaptive_mission,339,path_budget,127,0.8466666666666667,37.956863673135324,0.012651449848070281,3000.1987225934317,5237.0,271,195,114,37.9974830138772,1140.304122704019,0.3800761976587728,2174.0,0.4151231621157151,0.4153846153846154,62,1926,170,127,43,43,1354,402,0,0.7470588235294118,18850,137,-0.07377526170603409,1,0.3520891009110965,0.06666666666666667,0.5866666666666667,0.8466666666666667,0.0,0.0,0.0,0.0,0.015379186134539879,0.08059484937152095,0.9734331150608045,0.9933333333333333,426,15609,0.9948306595365419,0.98,29,5581,0.9619184652278178,0.9933333333333333,397,10028,0.9916300768386389,7288,0.9725412778176598,5572,0.933228346456693,3175,baseline,3000.0,16500.0,40000.0,0.075,0.04527692569068708,0.09055385138137416,2.7166155414412247,1.25,3.67,1.25,3.67,0.009544769346843989,0.15904312808798324,968e18247e1e,0641409,True,run_layer1,1.0,0.7184906580223107,1640.56272306314,0.15333333333333332,0.3664015571112142,0.8466666666666667,0.3778738057942471,0.9133333333333333,-0.0257847048831506,-0.06666666666666665,0.0,0.0,0.0257847048831506,0.06666666666666665
robot_disturbed,nominal,oracle_current_physics,330,done,150,1.0,53.021930375380165,0.0312547768447786,1696.4424554590275,2591.0,152,150,7,4.126282018865133,45.25494177877859,0.02667637893236608,108.0,0.041682747973755305,0.9533333333333334,0,1674,197,150,47,47,1379,98,0,0.7614213197969543,5896,150,-0.0764982377762923,1,0.7354117904591314,0.56,0.9933333333333333,0.9933333333333333,0.0,0.0,0.0,0.0,0.011865130515786115,0.07099510276568229,0.9593305740507468,1.0,226,5331,0.9936984973339796,1.0,13,2050,0.9390383514596451,1.0,213,3281,0.9932909604519774,2832,0.9468024900962083,1767,0.8820459290187892,958,baseline,3000.0,16500.0,40000.0,0.075,0.04527692569068708,0.09055385138137416,2.7166155414412247,1.25,3.67,1.25,3.67,0.009544769346843989,0.15904312808798324,8dfb3b3cdfbb,0641409,True,run_layer1,1.0,0.7354117904591314,1696.4424554590275,0.0,0.0,1.0,0.3289213826269937,0.7933333333333333,,,,,,
robot_disturbed,nominal,oracle_current_physics,331,done,150,1.0,49.63182781101361,0.036041092673253665,1377.0899861714158,2264.0,156,154,9,6.535520619841112,59.223191724285996,0.043006043409652736,128.0,0.05653710247349823,0.9415584415584416,0,1879,209,150,59,59,1463,207,0,0.7177033492822966,6910,150,-0.04320864284463376,1,0.7684372322516585,0.6133333333333333,0.9933333333333333,0.9933333333333333,0.0,0.0,0.0,0.0,0.013048417819542434,0.05834176164574111,0.9749258160237388,1.0,169,6571,0.9974533106960951,1.0,6,2350,0.9628193430656934,1.0,163,4221,0.9952471482889734,3156,0.9727805695142379,2388,0.9255852842809364,1196,baseline,3000.0,16500.0,40000.0,0.075,0.04527692569068708,0.09055385138137416,2.7166155414412247,1.25,3.67,1.25,3.67,0.009544769346843989,0.15904312808798324,c766a29435b5,0641409,True,run_layer1,1.0,0.7684372322516585,1377.0899861714158,0.0,0.0,1.0,0.4258264991246303,0.86,,,,,,
robot_disturbed,nominal,oracle_current_physics,332,done,150,1.0,52.252236377329915,0.03190120440591276,1637.9392988574807,2497.0,152,150,6,3.6631394119337677,61.542566640100404,0.03757316689515202,113.0,0.04525430516619944,0.96,0,1755,187,150,37,37,1309,259,0,0.8021390374331551,7611,150,-0.04763414025333691,1,0.714700984512137,0.5066666666666667,0.9933333333333333,0.9933333333333333,0.0,0.0,0.0,0.0,0.018433398338738954,0.07300408598268004,0.965129924559933,1.0,208,5757,0.9960767218831735,1.0,9,2285,0.9457913375102152,1.0,199,3472,0.9941502463054187,3248,0.9553226696083839,1813,0.8805309734513275,904,baseline,3000.0,16500.0,40000.0,0.075,0.04527692569068708,0.09055385138137416,2.7166155414412247,1.25,3.67,1.25,3.67,0.009544769346843989,0.15904312808798324,25d733dff0bb,0641409,True,run_layer1,1.0,0.714700984512137,1637.9392988574807,0.0,0.0,1.0,0.4677449144521883,0.8866666666666667,,,,,,
robot_disturbed,nominal,oracle_current_physics,333,done,150,1.0,50.606617438084015,0.037887790355965234,1335.6972513472606,2043.0,154,151,5,3.7433632471405582,18.8977703290484,0.014148243780532622,51.0,0.024963289280469897,0.9668874172185431,0,1714,187,150,37,37,1309,218,0,0.8021390374331551,6552,150,-0.04148391760989947,1,0.7490896334081871,0.5533333333333333,0.9933333333333333,0.9933333333333333,0.0,0.0,0.0,0.0,0.018712035500616953,0.07071257135513567,0.9743906201789572,1.0,166,6316,0.9917855598789451,1.0,19,2294,0.9647397457423843,1.0,147,4022,0.9942020140372292,3277,0.9692011549566891,2078,0.9263531499556344,1127,baseline,3000.0,16500.0,40000.0,0.075,0.04527692569068708,0.09055385138137416,2.7166155414412247,1.25,3.67,1.25,3.67,0.009544769346843989,0.15904312808798324,9c36e0e19b3c,0641409,True,run_layer1,1.0,0.7490896334081871,1335.6972513472606,0.0,0.0,1.0,0.3964169353914874,0.68,,,,,,
robot_disturbed,nominal,oracle_current_physics,334,done,150,1.0,56.516764696791505,0.03241324696847408,1743.6316932938282,2661.0,156,153,7,4.014609293305839,61.555948696487775,0.035303297670739614,117.0,0.043968432919954906,0.954248366013072,0,1646,191,150,41,41,1345,110,0,0.7853403141361257,6270,150,-0.070399220077613,2,0.7425827633679375,0.5866666666666667,0.9933333333333333,0.9933333333333333,0.0,0.0,0.0,0.0,0.011293215970793634,0.05830804658856054,0.960787761561456,1.0,223,5464,0.9929859719438878,1.0,14,1982,0.9433757789217014,1.0,209,3482,0.9912739965095986,2865,0.9520661157024793,1815,0.8897715988083416,1007,baseline,3000.0,16500.0,40000.0,0.075,0.04527692569068708,0.09055385138137416,2.7166155414412247,1.25,3.67,1.25,3.67,0.009544769346843989,0.15904312808798324,c06a8214ae1c,0641409,True,run_layer1,1.0,0.7425827633679375,1743.6316932938282,0.0,0.0,1.0,0.35929314438186105,0.6533333333333333,,,,,,
robot_disturbed,nominal,oracle_current_physics,335,done,150,1.0,53.09305767727852,0.04256857531740659,1247.2359547247613,2176.0,156,154,8,6.41418327437925,52.18631576512564,0.041841574216517886,110.0,0.050551470588235295,0.948051948051948,0,1896,209,150,59,59,1463,224,0,0.7177033492822966,7371,150,-0.04904648303910683,1,0.7900634407837969,0.6866666666666666,0.9933333333333333,0.9933333333333333,0.0,0.0,0.0,0.0,0.017844095924083207,0.06670449620354472,0.9732620320855615,1.0,205,7462,0.9961612284069098,1.0,10,2595,0.9614776768075859,1.0,195,4867,0.9931818181818182,3520,0.9743879472693032,2655,0.9242627345844504,1492,baseline,3000.0,16500.0,40000.0,0.075,0.04527692569068708,0.09055385138137416,2.7166155414412247,1.25,3.67,1.25,3.67,0.009544769346843989,0.15904312808798324,5836351b9d6f,0641409,True,run_layer1,1.0,0.7900634407837969,1247.2359547247613,0.0,0.0,1.0,0.47032843462080925,0.9533333333333334,,,,,,
robot_disturbed,nominal,oracle_current_physics,336,done,150,1.0,50.40654971988559,0.03174314394473755,1587.9507652940629,2446.0,156,153,8,5.037939572716241,66.36831714701816,0.041794946416193086,121.0,0.04946852003270646,0.9477124183006536,0,1783,195,150,45,45,1369,219,0,0.7692307692307693,6669,150,-0.07046707600794923,1,0.7347246942812934,0.5533333333333333,0.9933333333333333,0.9933333333333333,0.0,0.0,0.0,0.0,0.016036727468095285,0.07143926070882206,0.9611903933170901,1.0,223,5523,0.9933237958989032,1.0,14,2083,0.9427240339819128,1.0,209,3440,0.9904824417459797,3047,0.9574347332576617,1762,0.8729989327641409,937,baseline,3000.0,16500.0,40000.0,0.075,0.04527692569068708,0.09055385138137416,2.7166155414412247,1.25,3.67,1.25,3.67,0.009544769346843989,0.15904312808798324,0227bad3cc41,0641409,True,run_layer1,1.0,0.7347246942812934,1587.9507652940629,0.0,0.0,1.0,0.3593173762935077,0.88,,,,,,
robot_disturbed,nominal,oracle_current_physics,337,done,150,1.0,53.46584187260086,0.04190370456585789,1275.9216023149304,2139.0,153,151,9,7.053724918263879,54.23701180953638,0.04250810685478878,123.0,0.05750350631136045,0.9403973509933775,0,1726,195,150,45,45,1365,166,0,0.7692307692307693,7356,150,-0.04719201066733686,1,0.7929394378346653,0.72,0.9933333333333333,0.9933333333333333,0.0,0.0,0.0,0.0,0.01904901641050907,0.07548768134732921,0.96875,1.0,196,6076,0.9946035699460357,1.0,13,2396,0.9526274915868496,1.0,183,3680,0.9923909862452444,3417,0.9625468164794008,2136,0.874826147426982,719,baseline,3000.0,16500.0,40000.0,0.075,0.04527692569068708,0.09055385138137416,2.7166155414412247,1.25,3.67,1.25,3.67,0.009544769346843989,0.15904312808798324,ab109aafc0ac,0641409,True,run_layer1,1.0,0.7929394378346653,1275.9216023149304,0.0,0.0,1.0,0.302562738906275,0.5466666666666666,,,,,,
robot_disturbed,nominal,oracle_current_physics,338,done,150,1.0,49.916064309673544,0.03339132582561297,1494.881172744126,2382.0,159,157,14,9.365292877627494,33.846014622504995,0.022641274262873008,110.0,0.04617968094038623,0.910828025477707,0,1944,195,150,45,45,1365,384,0,0.7692307692307693,8215,150,-0.0632263967644814,1,0.7214773693753177,0.5533333333333333,0.9933333333333333,0.9933333333333333,0.0,0.0,0.0,0.0,0.017418134833158697,0.08532444862158219,0.9676153091265947,1.0,198,5916,0.9948936170212765,1.0,12,2338,0.9505844845908608,1.0,186,3578,0.9937740883486511,3373,0.9608482871125612,1839,0.8835920177383592,902,baseline,3000.0,16500.0,40000.0,0.075,0.04527692569068708,0.09055385138137416,2.7166155414412247,1.25,3.67,1.25,3.67,0.009544769346843989,0.15904312808798324,7e7af989c549,0641409,True,run_layer1,1.0,0.7214773693753177,1494.881172744126,0.0,0.0,1.0,0.3066292107254224,0.6,,,,,,
robot_disturbed,nominal,oracle_current_physics,339,done,150,1.0,48.094904850821365,0.02931610244137575,1640.56272306314,2586.0,153,151,6,3.657281684907014,27.907786622419337,0.017011106146744538,80.0,0.030935808197989172,0.9602649006622517,0,1733,201,150,51,51,1409,123,0,0.746268656716418,6858,150,-0.06100783783562387,1,0.7184906580223107,0.56,0.9933333333333333,0.9933333333333333,0.0,0.0,0.0,0.0,0.014537209716875608,0.061826466618363336,0.9697206180739816,1.0,194,6213,0.9963652885052249,1.0,8,2193,0.9557774607703281,1.0,186,4020,0.9916559691912709,3116,0.9698002922552362,2053,0.9143780290791599,1238,baseline,3000.0,16500.0,40000.0,0.075,0.04527692569068708,0.09055385138137416,2.7166155414412247,1.25,3.67,1.25,3.67,0.009544769346843989,0.15904312808798324,0b047bf6f479,0641409,True,run_layer1,1.0,0.7184906580223107,1640.56272306314,0.0,0.0,1.0,0.3778738057942471,0.9133333333333333,,,,,,
