scenario,profile,mode,seed,stop_reason,collected,collected_ratio,collected_mass_kg,collected_mass_per_meter,path_length_m,sim_time_s,goal_count,evaluated_goal_count,empty_goal_arrivals,empty_goal_arrivals_per_km,wasted_path_to_empty_goals,wasted_path_ratio,wasted_time_to_empty_goals,wasted_time_ratio,goal_success_rate,route_false_visits,capture_contacts,terminal_capture_attempts,successful_captures,missed_capture_count,missed_captures,partial_contact_events,throughput_limit_events,bin_full_events,collection_precision,pushed_away_events,pushed_away_debris_count,info_gain_total,unload_events,auc_collected_by_path,collected_ratio_at_1km,collected_ratio_at_2km,collected_ratio_at_3km,map_precision,map_recall,map_f1,map_iou,map_brier,count_mae,detection_precision,detection_recall,false_detection_count,true_detection_count,camera_detection_precision,camera_detection_recall,camera_false_detection_count,camera_true_detection_count,radar_detection_precision,radar_detection_recall,radar_false_detection_count,radar_true_detection_count,near_range_detection_precision,near_range_detection_count,mid_range_detection_precision,mid_range_detection_count,far_range_detection_precision,far_range_detection_count,phase,path_budget_m,safety_tmax_s,world_area_m2,collection_coverage_ratio,drift_speed_mps,drift_per_update_width,drift_per_60s_width,camera_sigma_eff_m,radar_sigma_eff_m,camera_capture_uncertainty_ratio,radar_capture_uncertainty_ratio,expected_camera_clutter_per_scan,expected_radar_clutter_per_scan,config_hash,git_commit,git_dirty,runner,oracle_current_collected_ratio,oracle_current_auc_collected_by_path,oracle_current_path_length_m,oracle_gap_collected_ratio,oracle_gap_auc_collected_by_path,collected_ratio_vs_oracle,best_fixed_auc_collected_by_path,best_fixed_collected_ratio,delta_vs_best_fixed_auc,delta_vs_best_fixed_collected_ratio,gain_vs_best_fixed_auc,gain_vs_best_fixed_collected_ratio,regret_to_best_fixed_auc,regret_to_best_fixed_collected_ratio
static_calm,nominal,lawnmower_collect,300,path_budget,13,0.08666666666666667,5.108936857645487,0.0017029789525478778,3000.0000000010887,5068.0,30,29,22,7.333333333330673,1472.7000000004537,0.4908999999999731,2503.0,0.49388318863456987,0.2413793103448276,0,181,18,13,5,5,161,2,0,0.7222222222222222,0,0,-0.18259518102017971,0,0.04720866666665931,0.04,0.06666666666666667,0.08666666666666667,0.23728813559322035,0.21212121212121213,0.224,0.12612612612612611,0.01667828354487719,0.04440625407205071,0.9691258175680427,0.76,439,13780,0.9892131979695431,0.3933333333333333,34,3118,0.9634047167253998,0.76,405,10662,0.9845687517222376,3629,0.9730127576054955,6114,0.951295799821269,4476,baseline,3000.0,16500.0,40000.0,0.075,0.0,0.0,0.0,1.25,3.67,1.25,3.67,0.009544769346843989,0.15904312808798324,afe526b84a9f,0641409,False,run_layer1,1.0,0.7757148999182651,1374.8532015575256,0.9133333333333333,0.7285062332516058,0.08666666666666667,0.33401365225129376,0.6266666666666667,-0.28680498558463446,-0.54,0.0,0.0,0.28680498558463446,0.54
static_calm,nominal,lawnmower_collect,301,path_budget,12,0.08,4.268351589418462,0.0014227838631389708,3000.0000000010887,5068.0,30,29,21,6.999999999997461,1274.2500000004836,0.42475000000000707,2170.0,0.4281767955801105,0.27586206896551724,0,134,15,12,3,3,119,0,0,0.8,0,0,-0.1838897443480067,0,0.03500433333332242,0.02666666666666667,0.04666666666666667,0.08,0.21568627450980393,0.08270676691729323,0.11956521739130434,0.06358381502890173,0.0152897104934732,0.03446396777607209,0.9519625073227885,0.5333333333333333,410,8125,0.9836990595611286,0.2866666666666667,26,1569,0.9446685878962536,0.5333333333333333,384,6556,0.9789140748550342,1897,0.9553964757709251,3632,0.9308050565535595,3006,baseline,3000.0,16500.0,40000.0,0.075,0.0,0.0,0.0,1.25,3.67,1.25,3.67,0.009544769346843989,0.15904312808798324,96e030191c90,0641409,False,run_layer1,1.0,0.755011869790818,1953.6439376950505,0.92,0.7200075364574956,0.08,0.2425531428817202,0.41333333333333333,-0.20754880954839777,-0.3333333333333333,0.0,0.0,0.20754880954839777,0.3333333333333333
static_calm,nominal,lawnmower_collect,302,path_budget,6,0.04,2.9499042189689413,0.0009833014063226236,3000.0000000010887,5068.0,30,29,23,7.666666666663885,1670.5500000005832,0.5568499999999923,2836.0,0.5595895816890292,0.20689655172413793,0,63,7,6,1,1,56,0,0,0.8571428571428571,0,0,-0.11018765575698286,0,0.019422999999996544,0.013333333333333334,0.02666666666666667,0.04,0.30303030303030304,0.07407407407407407,0.11904761904761904,0.06329113924050633,0.014341295326695775,0.027260951099374438,0.9274593064401981,0.4,410,5242,0.9775862068965517,0.18,26,1134,0.9145146927871772,0.4,384,4108,0.9705128205128205,1560,0.9416091954022988,2175,0.8763693270735524,1917,baseline,3000.0,16500.0,40000.0,0.075,0.0,0.0,0.0,1.25,3.67,1.25,3.67,0.009544769346843989,0.15904312808798324,5b84aeb36420,0641409,False,run_layer1,1.0,0.7234002493824865,1695.2592621665262,0.96,0.70397724938249,0.04,0.2459403947629634,0.46,-0.22651739476296684,-0.42000000000000004,0.0,0.0,0.22651739476296684,0.42000000000000004
static_calm,nominal,lawnmower_collect,303,path_budget,10,0.06666666666666667,3.3358579701668645,0.0011119526567218846,3000.0000000010887,5068.0,30,29,21,6.999999999997461,1274.250000000458,0.4247499999999985,2169.0,0.42797947908445144,0.27586206896551724,0,125,13,10,3,3,112,0,0,0.7692307692307693,0,0,-0.16231477057757238,0,0.035681666666661234,0.03333333333333333,0.04666666666666667,0.06666666666666667,0.29411764705882354,0.07246376811594203,0.11627906976744186,0.06172839506172839,0.014613437360493043,0.03141496667829793,0.9503128450496872,0.4866666666666667,405,7746,0.9894795127353266,0.25333333333333335,19,1787,0.9391646966115051,0.4866666666666667,386,5959,0.976374156219865,2074,0.9604989604989606,3367,0.9177121771217712,2710,baseline,3000.0,16500.0,40000.0,0.075,0.0,0.0,0.0,1.25,3.67,1.25,3.67,0.009544769346843989,0.15904312808798324,6a1d1a4bd23d,0641409,False,run_layer1,1.0,0.7351353898376333,1642.5367911620135,0.9333333333333333,0.699453723170972,0.06666666666666667,0.3182898429498257,0.5133333333333333,-0.2826081762831645,-0.44666666666666666,0.0,0.0,0.2826081762831645,0.44666666666666666
static_calm,nominal,lawnmower_collect,304,path_budget,3,0.02,0.8811391938936727,0.00029371306463111765,3000.0000000010887,5068.0,30,29,26,8.666666666663522,2265.7500000006553,0.7552499999999444,3835.0,0.7567087608524072,0.10344827586206896,0,24,3,3,0,0,21,0,0,1.0,0,0,-0.08896244557696738,0,0.009323666666665061,0.0,0.013333333333333334,0.02,0.3333333333333333,0.013888888888888888,0.026666666666666665,0.013513513513513514,0.01449849168621206,0.021959322669416293,0.8708175734652313,0.22666666666666666,444,2993,0.9441441441441442,0.06666666666666667,31,524,0.8566967383761277,0.22666666666666666,413,2469,0.9324324324324325,666,0.8724681170292573,1333,0.8407510431154381,1438,baseline,3000.0,16500.0,40000.0,0.075,0.0,0.0,0.0,1.25,3.67,1.25,3.67,0.009544769346843989,0.15904312808798324,fc27b525f2d2,0641409,False,run_layer1,1.0,0.7351289215341628,1572.2137775294832,0.98,0.7258052548674977,0.02,0.24518813536254674,0.5933333333333334,-0.23586446869588168,-0.5733333333333334,0.0,0.0,0.23586446869588168,0.5733333333333334
static_calm,nominal,greedy,300,path_budget,66,0.44,20.927250460457618,0.0069756848764051275,3000.028073407229,4909.0,241,240,177,58.99944789482432,2271.739349866834,0.7572393638592675,3826.0,0.7793848034222856,0.2625,0,1028,93,66,27,27,928,7,0,0.7096774193548387,0,0,-0.1925444366733578,0,0.2514748165219142,0.22666666666666666,0.3333333333333333,0.44,0.23140495867768596,0.3373493975903614,0.2745098039215686,0.1590909090909091,0.012628665086650606,0.042875047515785615,0.9754335260115607,1.0,408,16200,0.9962361331220285,1.0,19,5029,0.9663494809688581,1.0,389,11171,0.9908962486265892,6371,0.9768386223492255,6649,0.9453734671125975,3588,baseline,3000.0,16500.0,40000.0,0.075,0.0,0.0,0.0,1.25,3.67,1.25,3.67,0.009544769346843989,0.15904312808798324,f9ce41c07946,0641409,False,run_layer1,1.0,0.7757148999182651,1374.8532015575256,0.56,0.524240083396351,0.44,0.33401365225129376,0.6266666666666667,-0.08253883572937953,-0.1866666666666667,0.0,0.0,0.08253883572937953,0.1866666666666667
static_calm,nominal,greedy,301,path_budget,41,0.2733333333333333,14.940798505617378,0.004980137929550924,3000.0772502629543,4957.0,238,237,196,65.33165103759269,2491.107595898868,0.8303478171038844,4224.0,0.8521283034093201,0.1729957805907173,0,557,51,41,10,10,506,0,0,0.803921568627451,0,0,-0.1712506505061948,0,0.17518755421205162,0.13333333333333333,0.23333333333333334,0.2733333333333333,0.2692307692307692,0.20192307692307693,0.23076923076923078,0.13043478260869565,0.012823027588461074,0.03481407084960861,0.9531365704009309,0.7333333333333333,443,9010,0.9878095238095238,0.58,32,2593,0.9398066783831283,0.7333333333333333,411,6417,0.9825048597611774,3601,0.9587798845836768,3639,0.8960686850429281,2213,baseline,3000.0,16500.0,40000.0,0.075,0.0,0.0,0.0,1.25,3.67,1.25,3.67,0.009544769346843989,0.15904312808798324,8eebb8a376b1,0641409,False,run_layer1,1.0,0.755011869790818,1953.6439376950505,0.7266666666666667,0.5798243155787663,0.2733333333333333,0.2425531428817202,0.41333333333333333,-0.06736558866966857,-0.14,0.0,0.0,0.06736558866966857,0.14
static_calm,nominal,greedy,302,path_budget,40,0.26666666666666666,13.561453318650422,0.004520441953430691,3000.0281959949184,4621.0,197,196,157,52.33284147448924,2608.124566511514,0.8693666846176307,4024.0,0.8708071845920796,0.1989795918367347,0,638,52,40,12,12,579,7,0,0.7692307692307693,0,0,-0.1156083771990179,0,0.14946096649882326,0.14,0.18,0.26666666666666666,0.13756613756613756,0.24761904761904763,0.17687074829931973,0.09701492537313433,0.02012649410052274,0.06347152124107439,0.9605141388174807,0.8466666666666667,384,9341,0.995049504950495,0.6533333333333333,15,3015,0.9448842419716206,0.8466666666666667,369,6326,0.9881212121212121,4125,0.9646360351058337,3874,0.8852838933951332,1726,baseline,3000.0,16500.0,40000.0,0.075,0.0,0.0,0.0,1.25,3.67,1.25,3.67,0.009544769346843989,0.15904312808798324,ca255317bb89,0641409,False,run_layer1,1.0,0.7234002493824865,1695.2592621665262,0.7333333333333334,0.5739392828836632,0.26666666666666666,0.2459403947629634,0.46,-0.09647942826414013,-0.19333333333333336,0.0,0.0,0.09647942826414013,0.19333333333333336
static_calm,nominal,greedy,303,path_budget,50,0.3333333333333333,18.805255535419082,0.006268287191749192,3000.062849732224,4892.0,235,234,185,61.665374782569145,2505.7033297389025,0.8352169455258424,4139.0,0.8460752248569092,0.2094017094017094,0,673,65,50,15,15,608,0,0,0.7692307692307693,0,0,-0.1758052048008743,0,0.16976360907626398,0.16666666666666666,0.19333333333333333,0.3333333333333333,0.17674418604651163,0.3877551020408163,0.24281150159744408,0.13818181818181818,0.01880186724185362,0.064792373649744,0.9630646841556966,0.96,390,10169,0.994475138121547,0.8266666666666667,18,3240,0.9490480756060814,0.96,372,6929,0.9872739450770261,4479,0.9678764100049043,4078,0.8991008991008991,2002,baseline,3000.0,16500.0,40000.0,0.075,0.0,0.0,0.0,1.25,3.67,1.25,3.67,0.009544769346843989,0.15904312808798324,debb60afd1bf,0641409,False,run_layer1,1.0,0.7351353898376333,1642.5367911620135,0.6666666666666667,0.5653717807613693,0.3333333333333333,0.3182898429498257,0.5133333333333333,-0.14852623387356173,-0.18,0.0,0.0,0.14852623387356173,0.18
static_calm,nominal,greedy,304,path_budget,68,0.4533333333333333,22.170523379904946,0.007390010512525862,3000.066555024046,4986.0,247,246,182,60.66532080603833,2331.513200760664,0.7771538257563677,3964.0,0.7950260730044123,0.2601626016260163,0,1027,89,68,21,21,910,28,0,0.7640449438202247,0,0,-0.15064930966995396,0,0.2440484648736614,0.23333333333333334,0.28,0.4533333333333333,0.18487394957983194,0.2682926829268293,0.21890547263681595,0.12290502793296089,0.012890102739987927,0.046012594315918094,0.9700161505512254,0.9866666666666667,427,13814,0.9933970856102003,0.96,29,4363,0.9595898060716824,0.9866666666666667,398,9451,0.9911158493248046,5628,0.972564017292983,6014,0.9184301654482493,2599,baseline,3000.0,16500.0,40000.0,0.075,0.0,0.0,0.0,1.25,3.67,1.25,3.67,0.009544769346843989,0.15904312808798324,7ecf13e4eada,0641409,False,run_layer1,1.0,0.7351289215341628,1572.2137775294832,0.5466666666666666,0.4910804566605014,0.4533333333333333,0.24518813536254674,0.5933333333333334,-0.0011396704888853304,-0.14000000000000007,0.0,0.0,0.0011396704888853304,0.14000000000000007
static_calm,nominal,confirmed_route,300,path_budget,64,0.4266666666666667,20.322269342012344,0.006773774116772848,3000.139802667977,4123.0,161,160,98,32.66514444188572,2253.6540683912535,0.7511830170004459,3040.0,0.7373271889400922,0.3875,92,925,91,64,27,27,808,26,0,0.7032967032967034,0,0,-0.15109213010113312,0,0.25707960487736614,0.2,0.3466666666666667,0.4266666666666667,0.16901408450704225,0.1411764705882353,0.15384615384615383,0.08333333333333333,0.01153100346768861,0.03501457176657038,0.9763999141815061,0.9733333333333334,330,13653,0.9953816237238697,0.8,19,4095,0.9684871820853177,0.9733333333333334,311,9558,0.9913194444444444,5184,0.9776037873270211,5492,0.9510130027214998,3307,baseline,3000.0,16500.0,40000.0,0.075,0.0,0.0,0.0,1.25,3.67,1.25,3.67,0.009544769346843989,0.15904312808798324,230db0c6106d,0641409,False,run_layer1,1.0,0.7757148999182651,1374.8532015575256,0.5733333333333333,0.518635295040899,0.4266666666666667,0.33401365225129376,0.6266666666666667,-0.07693404737392762,-0.2,0.0,0.0,0.07693404737392762,0.2
static_calm,nominal,confirmed_route,301,path_budget,41,0.2733333333333333,15.973158619997513,0.005324035045660552,3000.1978730430624,3975.0,141,140,101,33.66444623785997,2321.511390689669,0.773786093093583,3080.0,0.7748427672955975,0.2785714285714286,93,632,60,41,19,19,566,6,0,0.6833333333333333,0,0,-0.14829430828481538,0,0.14729280030156547,0.09333333333333334,0.19333333333333333,0.2733333333333333,0.15178571428571427,0.1588785046728972,0.1552511415525114,0.08415841584158416,0.01625953542455214,0.045057557559497106,0.9588059701492537,0.8133333333333334,345,8030,0.992741935483871,0.6,18,2462,0.944529262086514,0.8133333333333334,327,5568,0.987869822485207,3380,0.9590982286634461,3105,0.9063492063492063,1890,baseline,3000.0,16500.0,40000.0,0.075,0.0,0.0,0.0,1.25,3.67,1.25,3.67,0.009544769346843989,0.15904312808798324,583bd4c49058,0641409,False,run_layer1,1.0,0.755011869790818,1953.6439376950505,0.7266666666666667,0.6077190694892526,0.2733333333333333,0.2425531428817202,0.41333333333333333,-0.09526034258015473,-0.14,0.0,0.0,0.09526034258015473,0.14
static_calm,nominal,confirmed_route,302,path_budget,55,0.36666666666666664,19.11571934296481,0.006371863325707166,3000.0203026707727,4027.0,147,146,92,30.666459129658843,2202.889215193273,0.7342914357053342,2927.0,0.7268438043208344,0.3698630136986301,84,854,77,55,22,22,740,37,0,0.7142857142857143,0,0,-0.14305180106086307,0,0.17932875328390693,0.14,0.23333333333333334,0.36666666666666664,0.14124293785310735,0.2717391304347826,0.18587360594795535,0.10245901639344263,0.016966609665170877,0.0583023951617752,0.9637363756748497,0.9066666666666666,356,9461,0.9917554105118516,0.8533333333333334,24,2887,0.9519258615696495,0.9066666666666666,332,6574,0.9886755292959133,4062,0.9671374253123303,3682,0.9088277858176556,2073,baseline,3000.0,16500.0,40000.0,0.075,0.0,0.0,0.0,1.25,3.67,1.25,3.67,0.009544769346843989,0.15904312808798324,aa2f7650ec6e,0641409,False,run_layer1,1.0,0.7234002493824865,1695.2592621665262,0.6333333333333333,0.5440714960985795,0.36666666666666664,0.2459403947629634,0.46,-0.06661164147905646,-0.09333333333333338,0.0,0.0,0.06661164147905646,0.09333333333333338
static_calm,nominal,confirmed_route,303,path_budget,49,0.32666666666666666,17.866006843354995,0.005955169701407554,3000.083581015704,3989.0,142,141,93,30.999136353565873,2117.9168391900425,0.7059526116512406,2844.0,0.7129606417648533,0.3404255319148936,86,648,63,49,14,14,585,0,0,0.7777777777777778,0,0,-0.16625116495641207,0,0.1561453278152909,0.1,0.22,0.32666666666666666,0.19186046511627908,0.32673267326732675,0.24175824175824182,0.1375,0.017947499337789306,0.061513883274314375,0.968149646107179,0.88,315,9575,0.9952445652173914,0.82,14,2930,0.9566657068816585,0.88,301,6645,0.990691823899371,3975,0.9703287890938251,3741,0.9231830726770929,2174,baseline,3000.0,16500.0,40000.0,0.075,0.0,0.0,0.0,1.25,3.67,1.25,3.67,0.009544769346843989,0.15904312808798324,c2e8591a8282,0641409,False,run_layer1,1.0,0.7351353898376333,1642.5367911620135,0.6733333333333333,0.5789900620223424,0.32666666666666666,0.3182898429498257,0.5133333333333333,-0.16214451513453482,-0.18666666666666665,0.0,0.0,0.16214451513453482,0.18666666666666665
static_calm,nominal,confirmed_route,304,path_budget,27,0.18,7.903112961296939,0.0026342096059434952,3000.1837907907407,3554.0,81,80,55,18.33221023619489,2126.3996867092674,0.7087564745987861,2530.0,0.7118739448508723,0.3125,44,355,39,27,12,12,316,0,0,0.6923076923076923,0,0,-0.08240601594403016,0,0.11320625861352632,0.09333333333333334,0.17333333333333334,0.18,0.29411764705882354,0.041666666666666664,0.072992700729927,0.03787878787878788,0.01230333800102023,0.02318698614028813,0.9431927594839207,0.6866666666666666,295,4898,0.9872909698996656,0.35333333333333333,19,1476,0.9253650621957815,0.6866666666666666,276,3422,0.9766949152542372,1888,0.9469153515064562,2091,0.8846787479406919,1214,baseline,3000.0,16500.0,40000.0,0.075,0.0,0.0,0.0,1.25,3.67,1.25,3.67,0.009544769346843989,0.15904312808798324,bde3762a8a90,0641409,False,run_layer1,1.0,0.7351289215341628,1572.2137775294832,0.8200000000000001,0.6219226629206365,0.18,0.24518813536254674,0.5933333333333334,-0.13198187674902043,-0.4133333333333334,0.0,0.0,0.13198187674902043,0.4133333333333334
static_calm,nominal,belief_horizon,300,path_budget,94,0.6266666666666667,31.09920932693827,0.010365980207806758,3000.122391080492,6093.0,301,202,129,42.998245799412445,1422.1561008857448,0.4740326945040253,2968.0,0.4871163630395536,0.3613861386138614,0,1157,135,94,41,41,996,26,0,0.6962962962962963,0,0,-0.18035336998477544,1,0.33401365225129376,0.22,0.49333333333333335,0.6266666666666667,0.13274336283185842,0.26785714285714285,0.17751479289940827,0.09740259740259741,0.011424775920288887,0.04109066865894133,0.9736448997012377,1.0,494,18250,0.995930644019816,0.98,23,5629,0.9640238313473877,1.0,471,12621,0.9909959828231057,7219,0.9791297230937116,7331,0.9341917024320457,4194,baseline,3000.0,16500.0,40000.0,0.075,0.0,0.0,0.0,1.25,3.67,1.25,3.67,0.009544769346843989,0.15904312808798324,2a2ffc1ed243,0641409,False,run_layer1,1.0,0.7757148999182651,1374.8532015575256,0.3733333333333333,0.4417012476669714,0.6266666666666667,0.33401365225129376,0.6266666666666667,0.0,0.0,0.0,0.0,-0.0,-0.0
static_calm,nominal,belief_horizon,301,path_budget,62,0.41333333333333333,22.313547832156424,0.007437787481081807,3000.0249252767003,5824.0,240,158,104,34.66637864364004,1539.2928549459643,0.51309335531737,3000.0,0.5151098901098901,0.34177215189873417,0,706,85,62,23,23,621,0,0,0.7294117647058823,0,0,-0.1274030577658184,0,0.2425531428817202,0.16666666666666666,0.32666666666666666,0.41333333333333333,0.0975609756097561,0.04819277108433735,0.06451612903225806,0.03333333333333333,0.010896537405005414,0.02177701295161612,0.9420648675414707,0.6533333333333333,468,7610,0.9886075949367089,0.5666666666666667,27,2343,0.9227400140154169,0.6533333333333333,441,5267,0.9786432160804021,3184,0.9491525423728814,2950,0.8713991769547325,1944,baseline,3000.0,16500.0,40000.0,0.075,0.0,0.0,0.0,1.25,3.67,1.25,3.67,0.009544769346843989,0.15904312808798324,2a4955799edf,0641409,False,run_layer1,1.0,0.755011869790818,1953.6439376950505,0.5866666666666667,0.5124587269090979,0.41333333333333333,0.2425531428817202,0.41333333333333333,0.0,0.0,0.0,0.0,-0.0,-0.0
static_calm,nominal,belief_horizon,302,path_budget,69,0.46,24.45543796708791,0.008151547654048104,3000.097528098631,5812.0,222,173,115,38.33208718147355,1762.2169173521518,0.5873865435531326,3384.0,0.5822436338609773,0.3352601156069364,0,770,89,69,20,20,653,28,0,0.7752808988764045,0,0,-0.12307421356666032,0,0.2459403947629634,0.22666666666666666,0.2733333333333333,0.46,0.13157894736842105,0.1282051282051282,0.12987012987012986,0.06944444444444445,0.012521703097694292,0.03803462189115274,0.9463687150837988,0.84,528,9317,0.9876046901172529,0.7133333333333334,37,2948,0.9284256559766764,0.84,491,6369,0.9820118343195267,4225,0.9454845814977973,3632,0.8722334004024145,1988,baseline,3000.0,16500.0,40000.0,0.075,0.0,0.0,0.0,1.25,3.67,1.25,3.67,0.009544769346843989,0.15904312808798324,c2bd64d1d8b0,0641409,False,run_layer1,1.0,0.7234002493824865,1695.2592621665262,0.54,0.4774598546195231,0.46,0.2459403947629634,0.46,0.0,0.0,0.0,0.0,-0.0,-0.0
static_calm,nominal,belief_horizon,303,path_budget,77,0.5133333333333333,27.34544059226017,0.009114900304748806,3000.0811504228263,5968.0,256,172,110,36.6656748549941,1572.146945442596,0.5240348065988216,3101.0,0.5196045576407506,0.36046511627906974,0,920,108,77,31,31,807,5,0,0.7129629629629629,0,0,-0.1440389255954963,0,0.3182898429498257,0.24666666666666667,0.44,0.5133333333333333,0.11538461538461539,0.041666666666666664,0.06122448979591837,0.031578947368421054,0.008338776737645267,0.01697325277201491,0.9607192030452741,0.8733333333333333,485,11862,0.9945694336695112,0.8,21,3846,0.9452830188679245,0.8733333333333333,464,8016,0.9878141660319878,5252,0.9699103713188221,4686,0.883769198837692,2409,baseline,3000.0,16500.0,40000.0,0.075,0.0,0.0,0.0,1.25,3.67,1.25,3.67,0.009544769346843989,0.15904312808798324,76480f7a54c6,0641409,False,run_layer1,1.0,0.7351353898376333,1642.5367911620135,0.4866666666666667,0.41684554688780756,0.5133333333333333,0.3182898429498257,0.5133333333333333,0.0,0.0,0.0,0.0,-0.0,-0.0
static_calm,nominal,belief_horizon,304,path_budget,89,0.5933333333333334,31.761677257527687,0.010587224444274372,3000.0003707019337,5844.0,254,174,99,32.99999592227923,1393.0321440124737,0.4643439906264195,2656.0,0.4544832306639288,0.43103448275862066,0,1149,131,89,42,42,1002,16,0,0.6793893129770993,0,0,-0.1412874270751834,1,0.24518813536254674,0.16666666666666666,0.28,0.5933333333333334,0.11818181818181818,0.21311475409836064,0.15204678362573099,0.08227848101265822,0.011575848633913133,0.036796271477733164,0.9639481204660365,0.9866666666666667,492,13155,0.9921633816195679,0.9466666666666667,33,4178,0.9513565069944891,0.9866666666666667,459,8977,0.9874932999821333,5597,0.9699908508691675,5465,0.900193423597679,2585,baseline,3000.0,16500.0,40000.0,0.075,0.0,0.0,0.0,1.25,3.67,1.25,3.67,0.009544769346843989,0.15904312808798324,9de9dac4c5f4,0641409,False,run_layer1,1.0,0.7351289215341628,1572.2137775294832,0.4066666666666666,0.489940786171616,0.5933333333333334,0.24518813536254674,0.5933333333333334,0.0,0.0,0.0,0.0,-0.0,-0.0
static_calm,nominal,belief_orienteering,300,path_budget,77,0.5133333333333333,26.56805283289854,0.008856001789419123,3000.005359601579,5579.0,168,134,71,23.66662438544086,1355.4781177034852,0.45182523203341934,2518.0,0.4513353647607098,0.4701492537313433,0,918,104,77,27,27,796,18,0,0.7403846153846154,0,0,-0.1961242499195311,0,0.2520546074051508,0.12666666666666668,0.36,0.5133333333333333,0.13793103448275862,0.11267605633802817,0.12403100775193797,0.06611570247933884,0.009283955431407679,0.03027623465310399,0.9742427592305991,1.0,466,17626,0.9966273187183811,0.98,18,5319,0.9648765190121521,1.0,448,12307,0.9907044299201162,6885,0.977876721858912,7187,0.9395522388059702,4020,baseline,3000.0,16500.0,40000.0,0.075,0.0,0.0,0.0,1.25,3.67,1.25,3.67,0.009544769346843989,0.15904312808798324,ea7f959585c9,0641409,False,run_layer1,1.0,0.7757148999182651,1374.8532015575256,0.4866666666666667,0.5236602925131144,0.5133333333333333,0.33401365225129376,0.6266666666666667,-0.08195904484614297,-0.1133333333333334,0.0,0.0,0.08195904484614297,0.1133333333333334
static_calm,nominal,belief_orienteering,301,path_budget,40,0.26666666666666666,13.954512592375767,0.004651338403689536,3000.106932943594,5598.0,173,133,97,32.332180874908744,1930.4957164056564,0.64347563588726,3607.0,0.6443372633083244,0.2706766917293233,0,481,56,40,16,16,425,0,0,0.7142857142857143,0,0,-0.1502030962897997,0,0.15999204858255406,0.14,0.2,0.26666666666666666,0.17142857142857143,0.11428571428571428,0.13714285714285715,0.0736196319018405,0.014069183977776865,0.03535357204846094,0.956453664742147,0.66,445,9774,0.991965182457315,0.5666666666666667,24,2963,0.9417865044247787,0.66,421,6811,0.9884998722208025,3913,0.9605923694779116,3984,0.8953488372093024,2322,baseline,3000.0,16500.0,40000.0,0.075,0.0,0.0,0.0,1.25,3.67,1.25,3.67,0.009544769346843989,0.15904312808798324,7c07d12c8997,0641409,False,run_layer1,1.0,0.755011869790818,1953.6439376950505,0.7333333333333334,0.595019821208264,0.26666666666666666,0.2425531428817202,0.41333333333333333,-0.08256109429916614,-0.14666666666666667,0.0,0.0,0.08256109429916614,0.14666666666666667
static_calm,nominal,belief_orienteering,302,path_budget,45,0.3,15.470248947222856,0.005156623454353869,3000.0734170653727,5452.0,150,115,78,25.999363734337688,1890.0848021877828,0.6300128494977418,3360.0,0.6162876008804109,0.3217391304347826,0,453,54,45,9,9,387,12,0,0.8333333333333334,0,0,-0.08237900378325061,0,0.2053415422381002,0.20666666666666667,0.24666666666666667,0.3,0.1875,0.03,0.05172413793103448,0.02654867256637168,0.010282825597323847,0.017981282235944064,0.937836772243396,0.5266666666666666,473,7136,0.9910130718954249,0.4533333333333333,22,2426,0.9126138345281922,0.5266666666666666,451,4710,0.9811794228356336,3188,0.9475083056478405,3010,0.8192771084337349,1411,baseline,3000.0,16500.0,40000.0,0.075,0.0,0.0,0.0,1.25,3.67,1.25,3.67,0.009544769346843989,0.15904312808798324,aede9628b225,0641409,False,run_layer1,1.0,0.7234002493824865,1695.2592621665262,0.7,0.5180587071443863,0.3,0.2459403947629634,0.46,-0.0405988525248632,-0.16000000000000003,0.0,0.0,0.0405988525248632,0.16000000000000003
static_calm,nominal,belief_orienteering,303,path_budget,51,0.34,19.03134723233618,0.006343767041707938,3000.007268112474,5358.0,144,119,83,27.666599638680687,1959.7780459214523,0.6532577659901783,3455.0,0.6448301605076521,0.3025210084033613,0,578,68,51,17,17,510,0,0,0.75,0,0,-0.1254804006989162,0,0.16742727846128758,0.13333333333333333,0.20666666666666667,0.34,0.1276595744680851,0.061855670103092786,0.08333333333333334,0.043478260869565216,0.012045860371374959,0.026733927701676208,0.9503702884934232,0.6333333333333333,449,8598,0.9905163329820864,0.5666666666666667,27,2820,0.9319354838709677,0.6333333333333333,422,5778,0.9814963797264682,3729,0.9548236665695132,3431,0.8807631160572337,1887,baseline,3000.0,16500.0,40000.0,0.075,0.0,0.0,0.0,1.25,3.67,1.25,3.67,0.009544769346843989,0.15904312808798324,5a7c8e384c42,0641409,False,run_layer1,1.0,0.7351353898376333,1642.5367911620135,0.6599999999999999,0.5677081113763457,0.34,0.3182898429498257,0.5133333333333333,-0.15086256448853813,-0.17333333333333328,0.0,0.0,0.15086256448853813,0.17333333333333328
static_calm,nominal,belief_orienteering,304,path_budget,43,0.2866666666666667,13.77025050204356,0.0045899663710702475,3000.076555862159,5479.0,164,125,87,28.999259978883448,1785.5406007524773,0.5951650124606073,3225.0,0.588611060412484,0.304,0,567,67,43,24,24,500,0,0,0.6417910447761194,0,0,-0.11806978892252895,0,0.1422748498958814,0.08666666666666667,0.2,0.2866666666666667,0.09803921568627451,0.04807692307692308,0.06451612903225806,0.03333333333333333,0.01293241165570596,0.026086991257961847,0.9517437145174371,0.5133333333333333,476,9388,0.9927892494264176,0.46,22,3029,0.9333626889769558,0.5133333333333333,454,6359,0.9861727106704931,3833,0.9536573146292585,3992,0.8832761157430112,2039,baseline,3000.0,16500.0,40000.0,0.075,0.0,0.0,0.0,1.25,3.67,1.25,3.67,0.009544769346843989,0.15904312808798324,04758ca64094,0641409,False,run_layer1,1.0,0.7351289215341628,1572.2137775294832,0.7133333333333334,0.5928540716382813,0.2866666666666667,0.24518813536254674,0.5933333333333334,-0.10291328546666534,-0.3066666666666667,0.0,0.0,0.10291328546666534,0.3066666666666667
static_calm,nominal,belief_orienteering_depth1,300,path_budget,71,0.47333333333333333,22.84698440800214,0.007615305067303941,3000.1404022663396,5492.0,133,107,52,17.332522158202533,1267.618531678122,0.42251973631652334,2340.0,0.42607428987618357,0.514018691588785,0,687,82,71,11,11,601,4,0,0.8658536585365854,0,0,-0.16888630260525983,0,0.2616016202289794,0.18666666666666668,0.36666666666666664,0.47333333333333333,0.23529411764705882,0.05128205128205128,0.08421052631578947,0.04395604395604396,0.008302787352989954,0.019931825638393918,0.9721056932715881,0.9866666666666667,512,17843,0.9945205479452055,0.8866666666666667,30,5445,0.9625776397515527,0.9866666666666667,482,12398,0.9923751978132643,6951,0.9760195095515513,7381,0.9299030574198359,4023,baseline,3000.0,16500.0,40000.0,0.075,0.0,0.0,0.0,1.25,3.67,1.25,3.67,0.009544769346843989,0.15904312808798324,29e046265375,0641409,False,run_layer1,1.0,0.7757148999182651,1374.8532015575256,0.5266666666666666,0.5141132796892858,0.47333333333333333,0.33401365225129376,0.6266666666666667,-0.07241203202231433,-0.15333333333333338,0.0,0.0,0.07241203202231433,0.15333333333333338
static_calm,nominal,belief_orienteering_depth1,301,path_budget,54,0.36,18.12930956865838,0.006042902149378666,3000.0998064352975,5518.0,131,101,57,18.999367913605212,1436.3951038712162,0.4787824394342177,2693.0,0.48803914461761505,0.43564356435643564,0,586,71,54,17,17,515,0,0,0.7605633802816901,0,0,-0.14940139934357372,0,0.18964644120974106,0.12666666666666668,0.26666666666666666,0.36,0.16666666666666666,0.054945054945054944,0.08264462809917354,0.04310344827586207,0.010731716354105608,0.025558408700890902,0.9529423619508263,0.6533333333333333,467,9457,0.9908006814310051,0.56,27,2908,0.9370439261696952,0.6533333333333333,440,6549,0.9815526518063028,3903,0.9569166882948352,3853,0.8943726937269373,2168,baseline,3000.0,16500.0,40000.0,0.075,0.0,0.0,0.0,1.25,3.67,1.25,3.67,0.009544769346843989,0.15904312808798324,188a46a8e06d,0641409,False,run_layer1,1.0,0.755011869790818,1953.6439376950505,0.64,0.565365428581077,0.36,0.2425531428817202,0.41333333333333333,-0.05290670167197914,-0.053333333333333344,0.0,0.0,0.05290670167197914,0.053333333333333344
static_calm,nominal,belief_orienteering_depth1,302,path_budget,59,0.3933333333333333,21.76937153171441,0.007256111928448217,3000.142741233869,5584.0,129,102,55,18.3324610672958,1343.917142530437,0.4479510671474665,2546.0,0.455945558739255,0.46078431372549017,0,772,86,59,27,27,671,15,0,0.686046511627907,0,0,-0.15371753863716783,0,0.20932380504759748,0.16666666666666666,0.2622049626758479,0.3933333333333333,0.1724137931034483,0.1724137931034483,0.1724137931034483,0.09433962264150944,0.01265114218784348,0.03995675910563036,0.9700684708183893,0.9,459,14876,0.9950361944157187,0.88,24,4811,0.9585714285714285,0.9,435,10065,0.9888544891640867,6460,0.9730882835575977,6094,0.9198130169003955,2781,baseline,3000.0,16500.0,40000.0,0.075,0.0,0.0,0.0,1.25,3.67,1.25,3.67,0.009544769346843989,0.15904312808798324,6dc31433abd3,0641409,False,run_layer1,1.0,0.7234002493824865,1695.2592621665262,0.6066666666666667,0.514076444334889,0.3933333333333333,0.2459403947629634,0.46,-0.03661658971536591,-0.06666666666666671,0.0,0.0,0.03661658971536591,0.06666666666666671
static_calm,nominal,belief_orienteering_depth1,303,path_budget,59,0.3933333333333333,20.610844983056268,0.00687010076642897,3000.078992112024,5578.0,150,105,62,20.66612251311178,1383.1919303218826,0.4610518369545097,2598.0,0.4657583363212621,0.4095238095238095,0,712,83,59,24,24,627,2,0,0.7108433734939759,0,0,-0.15323491702662903,0,0.20179792142224073,0.15333333333333332,0.26,0.3933333333333333,0.23636363636363636,0.14444444444444443,0.1793103448275862,0.09848484848484848,0.011257448895442454,0.02975854718533908,0.9681734966906069,0.8666666666666667,452,13750,0.994330786295292,0.74,23,4034,0.9577131591917201,0.8666666666666667,429,9716,0.9897843359818388,5286,0.970904602362899,5671,0.9281972265023113,3245,baseline,3000.0,16500.0,40000.0,0.075,0.0,0.0,0.0,1.25,3.67,1.25,3.67,0.009544769346843989,0.15904312808798324,2146f8b842a0,0641409,False,run_layer1,1.0,0.7351353898376333,1642.5367911620135,0.6066666666666667,0.5333374684153925,0.3933333333333333,0.3182898429498257,0.5133333333333333,-0.11649192152758497,-0.12,0.0,0.0,0.11649192152758497,0.12
static_calm,nominal,belief_orienteering_depth1,304,path_budget,45,0.3,14.652313497237484,0.004883969876062298,3000.08269278084,5335.0,117,92,55,18.332828002490604,1680.414582533155,0.5601227548083161,2968.0,0.5563261480787254,0.40217391304347827,0,521,61,45,16,16,458,2,0,0.7377049180327869,0,0,-0.11681400635705667,0,0.1327804652729871,0.06666666666666667,0.18,0.3,0.2222222222222222,0.09803921568627451,0.13605442176870747,0.072992700729927,0.012355835774416303,0.02555672366597292,0.9547891914625171,0.49333333333333335,430,9081,0.9936886395511921,0.4533333333333333,18,2834,0.9381288481754018,0.49333333333333335,412,6247,0.986911723753829,3591,0.9566701680672269,3808,0.896780303030303,2112,baseline,3000.0,16500.0,40000.0,0.075,0.0,0.0,0.0,1.25,3.67,1.25,3.67,0.009544769346843989,0.15904312808798324,8eff2ec8288b,0641409,False,run_layer1,1.0,0.7351289215341628,1572.2137775294832,0.7,0.6023484562611756,0.3,0.24518813536254674,0.5933333333333334,-0.11240767008955965,-0.2933333333333334,0.0,0.0,0.11240767008955965,0.2933333333333334
static_calm,nominal,adaptive_mission,300,path_budget,94,0.6266666666666667,30.417690041305065,0.010139168933884536,3000.018072452747,5874.0,275,193,120,39.999759035414975,1455.5467576002693,0.48517932973991956,2870.0,0.4885938032005448,0.37823834196891193,5,1073,127,94,33,33,935,11,0,0.7401574803149606,0,0,-0.1796560048002825,1,0.3390594440628384,0.22,0.48,0.6266666666666667,0.13725490196078433,0.2545454545454545,0.17834394904458598,0.0979020979020979,0.010977022858958844,0.038548245134269986,0.9697747362418021,1.0,530,17005,0.9935546875,0.96,33,5087,0.9599677809101893,1.0,497,11918,0.9906456065020702,6521,0.9752361866590323,6986,0.9265143992055611,4028,baseline,3000.0,16500.0,40000.0,0.075,0.0,0.0,0.0,1.25,3.67,1.25,3.67,0.009544769346843989,0.15904312808798324,026b5e38d103,0641409,False,run_layer1,1.0,0.7757148999182651,1374.8532015575256,0.3733333333333333,0.43665545585542676,0.6266666666666667,0.33401365225129376,0.6266666666666667,0.005045791811544631,0.0,0.005045791811544631,0.0,0.0,-0.0
static_calm,nominal,adaptive_mission,301,path_budget,65,0.43333333333333335,21.31310345787758,0.007104025741211206,3000.144458125765,5789.0,221,172,117,38.99812213478935,1814.7658613560068,0.6048928265573312,3531.0,0.6099499049922267,0.31976744186046513,0,720,84,65,19,19,636,0,0,0.7738095238095238,0,0,-0.1784411236705198,0,0.2423678200223671,0.16666666666666666,0.30666666666666664,0.43333333333333335,0.16853932584269662,0.1875,0.1775147928994083,0.09740259740259741,0.011912355445342734,0.03777634471579629,0.9457572502685284,0.8533333333333334,505,8805,0.9885355029585798,0.76,31,2673,0.9282470481380564,0.8533333333333334,474,6132,0.980996970531534,3631,0.9568324757004002,3498,0.8693259972489684,2181,baseline,3000.0,16500.0,40000.0,0.075,0.0,0.0,0.0,1.25,3.67,1.25,3.67,0.009544769346843989,0.15904312808798324,d37bdf40129f,0641409,False,run_layer1,1.0,0.755011869790818,1953.6439376950505,0.5666666666666667,0.5126440497684509,0.43333333333333335,0.2425531428817202,0.41333333333333333,-0.00018532285935310422,0.020000000000000018,0.0,0.020000000000000018,0.00018532285935310422,0.0
static_calm,nominal,adaptive_mission,302,path_budget,72,0.48,24.452441149475863,0.008150408550793273,3000.1491332720893,5641.0,206,156,97,32.3317260879654,1752.0887676229079,0.5840005579029353,3202.0,0.5676298528629675,0.3782051282051282,0,800,91,72,19,19,686,23,0,0.7912087912087912,0,0,-0.13364417817432173,0,0.24479535164365612,0.19333333333333333,0.28,0.48,0.1308411214953271,0.18421052631578946,0.1530054644808743,0.08284023668639054,0.013441679774489597,0.03945497757546751,0.9556135770234987,0.9533333333333334,459,9882,0.990625,0.76,30,3170,0.9399243803388881,0.9533333333333334,429,6712,0.9870789109367789,4334,0.9607792207792207,3850,0.8831710709318498,2157,baseline,3000.0,16500.0,40000.0,0.075,0.0,0.0,0.0,1.25,3.67,1.25,3.67,0.009544769346843989,0.15904312808798324,15606a39bd2a,0641409,False,run_layer1,1.0,0.7234002493824865,1695.2592621665262,0.52,0.47860489773883036,0.48,0.2459403947629634,0.46,-0.0011450431193072708,0.019999999999999962,0.0,0.019999999999999962,0.0011450431193072708,0.0
static_calm,nominal,adaptive_mission,303,path_budget,67,0.44666666666666666,23.034279656962077,0.007677778738871509,3000.1228793352398,5657.0,241,167,115,38.331763272803485,1659.9470213650695,0.5532930110292271,3032.0,0.5359731306346119,0.31137724550898205,7,803,90,67,23,23,713,0,0,0.7444444444444445,0,0,-0.1415359470470221,0,0.2038590461143437,0.12666666666666668,0.24,0.44666666666666666,0.1875,0.1111111111111111,0.13953488372093023,0.075,0.010291527542314126,0.02420459631580582,0.9581005586592178,0.9733333333333334,480,10976,0.9933719966859983,0.7733333333333333,24,3597,0.9417996171027441,0.9733333333333334,456,7379,0.9863540265231597,5203,0.9644351464435147,4302,0.8687852383393132,1951,baseline,3000.0,16500.0,40000.0,0.075,0.0,0.0,0.0,1.25,3.67,1.25,3.67,0.009544769346843989,0.15904312808798324,e4fefd39803c,0641409,False,run_layer1,1.0,0.7351353898376333,1642.5367911620135,0.5533333333333333,0.5312763437232896,0.44666666666666666,0.3182898429498257,0.5133333333333333,-0.11443079683548202,-0.06666666666666665,0.0,0.0,0.11443079683548202,0.06666666666666665
static_calm,nominal,adaptive_mission,304,path_budget,51,0.34,16.970166155037326,0.0056564838947781625,3000.1263100392625,5511.0,170,130,85,28.332140455408894,1633.8545189013653,0.5445952436849177,3029.0,0.549628016693885,0.34615384615384615,0,525,63,51,12,12,462,0,0,0.8095238095238095,0,0,-0.09679142068944388,0,0.19265113977121814,0.16,0.26,0.34,0.14285714285714285,0.020833333333333332,0.03636363636363636,0.018518518518518517,0.010361196064686865,0.016774571197745034,0.9387122844827587,0.49333333333333335,455,6969,0.9847122302158273,0.4666666666666667,34,2190,0.9190384615384616,0.49333333333333335,421,4779,0.9763525618058043,2791,0.9471867449085261,2897,0.8640552995391705,1736,baseline,3000.0,16500.0,40000.0,0.075,0.0,0.0,0.0,1.25,3.67,1.25,3.67,0.009544769346843989,0.15904312808798324,fbbf511df508,0641409,False,run_layer1,1.0,0.7351289215341628,1572.2137775294832,0.6599999999999999,0.5424777817629446,0.34,0.24518813536254674,0.5933333333333334,-0.0525369955913286,-0.25333333333333335,0.0,0.0,0.0525369955913286,0.25333333333333335
static_calm,nominal,oracle_current_physics,300,done,150,1.0,49.78158694731661,0.036208656233931526,1374.8532015575256,2096.0,156,154,6,4.364102286122474,25.14627049849527,0.01829014942832289,65.0,0.03101145038167939,0.961038961038961,0,1628,202,150,52,52,1418,8,0,0.7425742574257426,0,0,-0.10461788564231381,1,0.7757148999182651,0.7524664015748704,0.9933333333333333,0.9933333333333333,0.0,0.0,0.0,0.0,0.01399690347181264,0.053284537255654574,0.9724339224906762,1.0,170,5997,0.9946183953033269,1.0,11,2033,0.9614358476837255,1.0,159,3964,0.9927431059506531,2756,0.9759637188208616,2205,0.9195688225538972,1206,baseline,3000.0,16500.0,40000.0,0.075,0.0,0.0,0.0,1.25,3.67,1.25,3.67,0.009544769346843989,0.15904312808798324,6a2ec15b8cb3,0641409,False,run_layer1,1.0,0.7757148999182651,1374.8532015575256,0.0,0.0,1.0,0.33401365225129376,0.6266666666666667,,,,,,
static_calm,nominal,oracle_current_physics,301,done,150,1.0,56.08789484611198,0.02870937419245681,1953.6439376950505,2730.0,159,155,8,4.0949119978528765,49.85358629768709,0.02551825608329908,106.0,0.03882783882783883,0.9483870967741935,0,1649,203,150,53,53,1421,25,0,0.7389162561576355,0,0,-0.13420453480606737,2,0.755011869790818,0.6733333333333333,0.9933333333333333,0.9933333333333333,0.0,0.0,0.0,0.0,0.010497948187227412,0.04247015195144947,0.9502727654217373,1.0,237,4529,0.9868263473053892,1.0,22,1648,0.9305555555555556,1.0,215,2881,0.9882747068676717,2388,0.9427844882390337,1573,0.8521739130434782,805,baseline,3000.0,16500.0,40000.0,0.075,0.0,0.0,0.0,1.25,3.67,1.25,3.67,0.009544769346843989,0.15904312808798324,5d6ef08fdf55,0641409,False,run_layer1,1.0,0.755011869790818,1953.6439376950505,0.0,0.0,1.0,0.2425531428817202,0.41333333333333333,,,,,,
static_calm,nominal,oracle_current_physics,302,done,150,1.0,54.49105034109934,0.03214319576786164,1695.2592621665262,2456.0,159,157,9,5.30892247625775,75.24364920929312,0.04438474449809666,139.0,0.056596091205211724,0.9426751592356688,0,1728,211,150,61,61,1477,40,0,0.7109004739336493,0,0,-0.11617487983003523,1,0.7234002493824865,0.5133333333333333,0.9933333333333333,0.9933333333333333,0.0,0.0,0.0,0.0,0.016238726198308497,0.06038218341664833,0.9581285630037351,1.0,213,4874,0.9948246118458884,1.0,9,1730,0.9390681003584229,1.0,204,3144,0.9883907125700561,2498,0.9589619794809897,1657,0.8755364806866953,932,baseline,3000.0,16500.0,40000.0,0.075,0.0,0.0,0.0,1.25,3.67,1.25,3.67,0.009544769346843989,0.15904312808798324,b3f5b93e38e4,0641409,False,run_layer1,1.0,0.7234002493824865,1695.2592621665262,0.0,0.0,1.0,0.2459403947629634,0.46,,,,,,
static_calm,nominal,oracle_current_physics,303,done,150,1.0,52.49296246441448,0.03195846981745737,1642.5367911620135,2383.0,153,151,3,1.8264431068710787,20.801423872000356,0.012664205748039517,41.0,0.017205203524968526,0.9801324503311258,0,1513,188,150,38,38,1316,9,0,0.7978723404255319,0,0,-0.10984571858217682,1,0.7351353898376333,0.5333333333333333,0.9933333333333333,0.9933333333333333,0.0,0.0,0.0,0.0,0.014706042347384079,0.05509028531287428,0.9646556977452773,1.0,174,4749,0.9931701764371087,1.0,12,1745,0.948831332912192,0.9933333333333333,162,3004,0.9929372663066057,2407,0.9655377302436126,1683,0.8811524609843937,833,baseline,3000.0,16500.0,40000.0,0.075,0.0,0.0,0.0,1.25,3.67,1.25,3.67,0.009544769346843989,0.15904312808798324,4ae5978f43f2,0641409,False,run_layer1,1.0,0.7351353898376333,1642.5367911620135,0.0,0.0,1.0,0.3182898429498257,0.5133333333333333,,,,,,
static_calm,nominal,oracle_current_physics,304,done,150,1.0,52.068355215085596,0.033117859644318744,1572.2137775294832,2342.0,159,156,8,5.088366553161044,122.00621333927302,0.07760154190417344,181.0,0.07728437233134074,0.9487179487179487,0,1660,205,150,55,55,1435,20,0,0.7317073170731707,0,0,-0.09747906219639813,1,0.7351289215341628,0.52,0.9933333333333333,0.9933333333333333,0.0,0.0,0.0,0.0,0.01320719079780813,0.050148489647652436,0.9699658703071672,1.0,176,5684,0.9964682139253279,1.0,7,1975,0.9564208354822074,1.0,169,3709,0.9927838966957843,2633,0.973406694176983,2181,0.9053537284894837,1046,baseline,3000.0,16500.0,40000.0,0.075,0.0,0.0,0.0,1.25,3.67,1.25,3.67,0.009544769346843989,0.15904312808798324,0315f9bc9f4b,0641409,False,run_layer1,1.0,0.7351289215341628,1572.2137775294832,0.0,0.0,1.0,0.24518813536254674,0.5933333333333334,,,,,,
weak_drift,nominal,lawnmower_collect,300,path_budget,21,0.14,7.314377723813911,0.0024381259079370855,3000.0000000010887,5068.0,30,29,16,5.333333333331399,1241.5500000004406,0.41384999999999666,2104.0,0.4151539068666141,0.4482758620689655,0,270,23,21,2,2,197,50,0,0.9130434782608695,0,0,-0.059026843250458094,0,0.06901899999998591,0.03333333333333333,0.1,0.14,0.0,0.0,0.0,0.0,0.007560214001374258,0.0263688056302465,0.9585215976866076,0.8466666666666667,459,10607,0.9929992630803243,0.6133333333333333,19,2695,0.9473180076628352,0.8466666666666667,440,7912,0.9790962188748847,3253,0.9679237104464673,4614,0.9240387621131604,3199,baseline,3000.0,16500.0,40000.0,0.075,0.03405877273185281,0.06811754546370562,2.0435263639111687,1.25,3.67,1.25,3.67,0.009544769346843989,0.15904312808798324,b856f2e89ae0,0641409,False,run_layer1,1.0,0.7773310501616576,1484.3540062098127,0.86,0.7083120501616716,0.14,0.4102214176398283,0.9666666666666667,-0.3412024176398424,-0.8266666666666667,0.0,0.0,0.3412024176398424,0.8266666666666667
weak_drift,nominal,lawnmower_collect,301,path_budget,17,0.11333333333333333,6.344239884010749,0.002114746628002816,3000.0000000010887,5068.0,30,29,17,5.666666666664611,1245.9000000003189,0.4152999999999556,2115.0,0.4173243883188635,0.41379310344827586,0,218,22,17,5,5,173,23,0,0.7727272727272727,0,0,-0.05526434124956486,0,0.042453999999983213,0.013333333333333334,0.05333333333333334,0.11333333333333333,0.0,0.0,0.0,0.0,0.008925932258192881,0.025638150369277947,0.9506454929738375,0.62,432,8321,0.9890267175572519,0.4266666666666667,23,2073,0.9385609133243202,0.62,409,6248,0.9819855884707767,2498,0.9530146659424226,3682,0.9168286047415468,2573,baseline,3000.0,16500.0,40000.0,0.075,0.03405877273185281,0.06811754546370562,2.0435263639111687,1.25,3.67,1.25,3.67,0.009544769346843989,0.15904312808798324,c56a0331a7f7,0641409,False,run_layer1,1.0,0.7326118920171624,1950.1725799647684,0.8866666666666667,0.6901578920171791,0.11333333333333333,0.25620375665454753,0.84,-0.2137497566545643,-0.7266666666666667,0.0,0.0,0.2137497566545643,0.7266666666666667
weak_drift,nominal,lawnmower_collect,302,path_budget,10,0.06666666666666667,4.020497360494612,0.001340165786831051,3000.0000000010887,5068.0,30,29,21,6.999999999997461,2239.8000000007723,0.7465999999999865,3781.0,0.7460536700868192,0.27586206896551724,0,245,21,10,11,11,177,47,0,0.47619047619047616,0,0,-0.03900971609327894,0,0.03334133333332725,0.013333333333333334,0.04666666666666667,0.06666666666666667,0.0,0.0,0.0,0.0,0.008738857394042975,0.022952203273838963,0.9121941188566728,0.5,427,4436,0.9774696707105719,0.25333333333333335,26,1128,0.8918846050148288,0.5,401,3308,0.9655396618985695,1538,0.9184018007878447,1777,0.8520671834625323,1548,baseline,3000.0,16500.0,40000.0,0.075,0.03405877273185281,0.06811754546370562,2.0435263639111687,1.25,3.67,1.25,3.67,0.009544769346843989,0.15904312808798324,ed24ef80b5e3,0641409,False,run_layer1,1.0,0.7247906414655181,1509.5381569713975,0.9333333333333333,0.6914493081321909,0.06666666666666667,0.42835285131655404,0.8266666666666667,-0.3950115179832268,-0.76,0.0,0.0,0.3950115179832268,0.76
weak_drift,nominal,lawnmower_collect,303,path_budget,16,0.10666666666666667,6.113096090516732,0.0020376986968381715,3000.0000000010887,5068.0,30,29,17,5.666666666664611,1444.650000000577,0.4815500000000176,2445.0,0.4824388318863457,0.41379310344827586,0,188,20,16,4,4,158,10,0,0.8,0,0,-0.04926299991498051,0,0.056427999999991034,0.03333333333333333,0.06666666666666667,0.10666666666666667,0.0,0.0,0.0,0.0,0.007222714052701609,0.020227976877587702,0.930807818716485,0.58,400,5381,0.9809104258443465,0.26,26,1336,0.9153654673002942,0.58,374,4045,0.9690781796966161,1714,0.9389067524115756,2177,0.8867724867724868,1890,baseline,3000.0,16500.0,40000.0,0.075,0.03405877273185281,0.06811754546370562,2.0435263639111687,1.25,3.67,1.25,3.67,0.009544769346843989,0.15904312808798324,8465fb49502d,0641409,False,run_layer1,1.0,0.7554607550348031,1454.543615737238,0.8933333333333333,0.6990327550348121,0.10666666666666667,0.40342476072613304,0.8866666666666667,-0.346996760726142,-0.78,0.0,0.0,0.346996760726142,0.78
weak_drift,nominal,lawnmower_collect,304,path_budget,11,0.07333333333333333,2.614648340132717,0.0008715494467105894,3000.0000000010887,5068.0,30,29,19,6.333333333331035,1256.1000000002969,0.418699999999947,2135.0,0.4212707182320442,0.3448275862068966,0,96,12,11,1,1,84,0,0,0.9166666666666666,0,0,-0.03715499403522042,0,0.02932533333332283,0.013333333333333334,0.04,0.07333333333333333,0.0,0.0,0.0,0.0,0.006311228896897463,0.01946705727644162,0.886094674556213,0.32666666666666666,462,3594,0.9724137931034482,0.21333333333333335,24,846,0.8625235404896422,0.32666666666666666,438,2748,0.9384469696969697,1056,0.9089798411728772,1637,0.818048422597212,1363,baseline,3000.0,16500.0,40000.0,0.075,0.03405877273185281,0.06811754546370562,2.0435263639111687,1.25,3.67,1.25,3.67,0.009544769346843989,0.15904312808798324,9d95cc488c9b,0641409,False,run_layer1,1.0,0.7195099253917862,1675.5827185566297,0.9266666666666666,0.6901845920584633,0.07333333333333333,0.23773335077467925,0.7733333333333333,-0.20840801744135642,-0.7,0.0,0.0,0.20840801744135642,0.7
weak_drift,nominal,greedy,300,path_budget,44,0.29333333333333333,12.931407001177726,0.004310300327513631,3000.117397535759,4348.0,170,169,125,41.665036209140574,2450.3777720203216,0.8167606287783993,3560.0,0.8187672493100276,0.2603550295857988,0,826,63,44,19,19,723,40,0,0.6984126984126984,0,0,-0.0636336719807433,0,0.20798890944008383,0.22666666666666666,0.2733333333333333,0.29333333333333333,0.2236842105263158,0.3090909090909091,0.2595419847328244,0.14912280701754385,0.008475674589975104,0.037852582169026365,0.972353239968072,1.0,381,13400,0.9921577946768061,0.9533333333333334,33,4175,0.9636477593230962,1.0,348,9225,0.9880348078317621,5516,0.9745270649934444,5339,0.9388243335611757,2926,baseline,3000.0,16500.0,40000.0,0.075,0.03405877273185281,0.06811754546370562,2.0435263639111687,1.25,3.67,1.25,3.67,0.009544769346843989,0.15904312808798324,edd5dd24967e,0641409,False,run_layer1,1.0,0.7773310501616576,1484.3540062098127,0.7066666666666667,0.5693421407215737,0.29333333333333333,0.4102214176398283,0.9666666666666667,-0.20223250819974445,-0.6733333333333333,0.0,0.0,0.20223250819974445,0.6733333333333333
weak_drift,nominal,greedy,301,path_budget,50,0.3333333333333333,17.506026617902005,0.005835340700528839,3000.000773959177,4714.0,217,216,166,55.33331905808998,2382.468342224131,0.7941559091932924,3846.0,0.8158676283411116,0.23148148148148148,0,648,69,50,19,19,565,14,0,0.7246376811594203,0,0,-0.0625504653963328,0,0.18899290857730133,0.13333333333333333,0.2733333333333333,0.3333333333333333,0.23076923076923078,0.15254237288135594,0.18367346938775514,0.10112359550561797,0.009285561481530268,0.03523768990094382,0.9516674722087965,0.96,400,7876,0.9901731399157697,0.5866666666666667,21,2116,0.9382635608405278,0.96,379,5760,0.9812017455521987,2979,0.9505956552207429,2854,0.9169054441260746,2443,baseline,3000.0,16500.0,40000.0,0.075,0.03405877273185281,0.06811754546370562,2.0435263639111687,1.25,3.67,1.25,3.67,0.009544769346843989,0.15904312808798324,0743bebc5e28,0641409,False,run_layer1,1.0,0.7326118920171624,1950.1725799647684,0.6666666666666667,0.543618983439861,0.3333333333333333,0.25620375665454753,0.84,-0.0672108480772462,-0.5066666666666666,0.0,0.0,0.0672108480772462,0.5066666666666666
weak_drift,nominal,greedy,302,path_budget,46,0.30666666666666664,14.901207752195084,0.004966840160454406,3000.1383718440024,4576.0,201,200,156,51.99760166532462,2612.0751797927064,0.8706515687098868,3976.0,0.8688811188811189,0.22,0,690,60,46,14,14,574,56,0,0.7666666666666667,0,0,-0.015003013836132666,0,0.1647210234780354,0.13333333333333333,0.2,0.30666666666666664,0.0,0.0,0.0,0.0,0.010662800454252355,0.039944392559630566,0.9632459618918657,1.0,380,9959,0.99341585462207,0.94,25,3772,0.9457352491592785,1.0,355,6187,0.9884009942004971,4828,0.9665560377840183,3917,0.8789209535759097,1594,baseline,3000.0,16500.0,40000.0,0.075,0.03405877273185281,0.06811754546370562,2.0435263639111687,1.25,3.67,1.25,3.67,0.009544769346843989,0.15904312808798324,8d62ec87ddd2,0641409,False,run_layer1,1.0,0.7247906414655181,1509.5381569713975,0.6933333333333334,0.5600696179874827,0.30666666666666664,0.42835285131655404,0.8266666666666667,-0.26363182783851863,-0.52,0.0,0.0,0.26363182783851863,0.52
weak_drift,nominal,greedy,303,path_budget,53,0.35333333333333333,17.411613453623637,0.005803692865252908,3000.0921581960542,4748.0,213,212,166,55.331633578821545,2567.3070930516965,0.8557427431147349,4097.0,0.8628896377422073,0.2169811320754717,0,693,65,53,12,12,574,54,0,0.8153846153846154,0,0,-0.05344275874074146,0,0.21168594639675906,0.15333333333333332,0.2866666666666667,0.35333333333333333,0.29508196721311475,0.2727272727272727,0.28346456692913385,0.1651376146788991,0.008379018854877365,0.031346893734540866,0.9560114309042662,0.94,431,9367,0.9929552659387109,0.86,20,2819,0.9409397901997414,0.94,411,6548,0.9823513440130328,3683,0.9594397432156405,3427,0.9155505952380952,2688,baseline,3000.0,16500.0,40000.0,0.075,0.03405877273185281,0.06811754546370562,2.0435263639111687,1.25,3.67,1.25,3.67,0.009544769346843989,0.15904312808798324,4bd87cf1a583,0641409,False,run_layer1,1.0,0.7554607550348031,1454.543615737238,0.6466666666666667,0.5437748086380441,0.35333333333333333,0.40342476072613304,0.8866666666666667,-0.19173881432937398,-0.5333333333333334,0.0,0.0,0.19173881432937398,0.5333333333333334
weak_drift,nominal,greedy,304,path_budget,55,0.36666666666666664,16.96297247196062,0.005654217674118638,3000.0564975781117,4481.0,187,186,134,44.66582549634503,2354.781442453093,0.7849123656018022,3563.0,0.7951350145056907,0.27956989247311825,0,670,67,55,12,12,579,24,0,0.8208955223880597,0,0,-0.05691436384154029,0,0.23773335077467925,0.18,0.32666666666666666,0.36666666666666664,0.0,0.0,0.0,0.0,0.006483892682456418,0.01975215650842065,0.9694839307787392,0.9733333333333334,395,12549,0.9921279212792128,0.88,32,4033,0.9591170176821714,0.9733333333333334,363,8516,0.991320406278855,5415,0.9727704678362573,5472,0.9032571706368497,2057,baseline,3000.0,16500.0,40000.0,0.075,0.03405877273185281,0.06811754546370562,2.0435263639111687,1.25,3.67,1.25,3.67,0.009544769346843989,0.15904312808798324,e165a727dfbf,0641409,False,run_layer1,1.0,0.7195099253917862,1675.5827185566297,0.6333333333333333,0.4817765746171069,0.36666666666666664,0.23773335077467925,0.7733333333333333,0.0,-0.4066666666666667,0.0,0.0,-0.0,0.4066666666666667
weak_drift,nominal,confirmed_route,300,path_budget,92,0.6133333333333333,29.950233648926815,0.009983146791013775,3000.0794615066866,4509.0,214,212,155,51.66529819918723,2206.275923840742,0.7354058291285112,3445.0,0.7640275005544467,0.2688679245283019,153,1826,129,92,37,37,1243,454,0,0.7131782945736435,0,0,-0.07268795482385558,1,0.22120080905124279,0.07333333333333333,0.24,0.6133333333333333,0.01179245283018868,0.1111111111111111,0.021321961620469086,0.010775862068965518,0.029858020132341595,0.09595213875008583,0.9836005664428303,1.0,359,21532,0.9968517458500287,0.9933333333333333,22,6966,0.9773871032677984,1.0,337,14566,0.9952142701762019,9194,0.9842278719397364,8496,0.9569150202332778,4201,baseline,3000.0,16500.0,40000.0,0.075,0.03405877273185281,0.06811754546370562,2.0435263639111687,1.25,3.67,1.25,3.67,0.009544769346843989,0.15904312808798324,04b4d2ba0741,0641409,False,run_layer1,1.0,0.7773310501616576,1484.3540062098127,0.3866666666666667,0.5561302411104148,0.6133333333333333,0.4102214176398283,0.9666666666666667,-0.1890206085885855,-0.3533333333333334,0.0,0.0,0.1890206085885855,0.3533333333333334
weak_drift,nominal,confirmed_route,301,path_budget,44,0.29333333333333333,17.257184635608354,0.0057522984284529705,3000.0503016755897,4162.0,161,160,121,40.33265706658952,2567.049061974623,0.8556686734688659,3519.0,0.8455069678039404,0.24375,115,791,61,44,17,17,614,116,0,0.7213114754098361,0,0,-0.06769890838304886,0,0.15655970385640655,0.08,0.23333333333333334,0.29333333333333333,0.12582781456953643,0.2289156626506024,0.1623931623931624,0.08837209302325581,0.01589796084731664,0.056254987400020676,0.9673955870764381,0.84,331,9821,0.9941879237972231,0.7333333333333333,18,3079,0.9556343019135365,0.84,313,6742,0.9898297067171239,4228,0.9727297518407417,3667,0.9167035888347363,2257,baseline,3000.0,16500.0,40000.0,0.075,0.03405877273185281,0.06811754546370562,2.0435263639111687,1.25,3.67,1.25,3.67,0.009544769346843989,0.15904312808798324,4631d26a5353,0641409,False,run_layer1,1.0,0.7326118920171624,1950.1725799647684,0.7066666666666667,0.5760521881607559,0.29333333333333333,0.25620375665454753,0.84,-0.09964405279814098,-0.5466666666666666,0.0,0.0,0.09964405279814098,0.5466666666666666
weak_drift,nominal,confirmed_route,302,path_budget,76,0.5066666666666667,27.19936994376576,0.009066012328515062,3000.1470280617623,3848.0,132,130,83,27.665310807657967,2027.796546843171,0.6758990569049624,2652.0,0.6891891891891891,0.36153846153846153,74,1304,109,76,33,33,1042,153,0,0.6972477064220184,0,0,-0.0763626438733714,1,0.25332305184739423,0.06666666666666667,0.4266666666666667,0.5066666666666667,0.1095890410958904,0.11940298507462686,0.11428571428571428,0.06060606060606061,0.01625369546801025,0.06481274987936612,0.9726746773475745,0.94,307,10928,0.9953155818540433,0.7866666666666666,19,4037,0.9598829920601755,0.94,288,6891,0.9921789741724263,5498,0.9723420451662015,3941,0.9136971046770601,1796,baseline,3000.0,16500.0,40000.0,0.075,0.03405877273185281,0.06811754546370562,2.0435263639111687,1.25,3.67,1.25,3.67,0.009544769346843989,0.15904312808798324,c0344fb4de05,0641409,False,run_layer1,1.0,0.7247906414655181,1509.5381569713975,0.4933333333333333,0.47146758961812385,0.5066666666666667,0.42835285131655404,0.8266666666666667,-0.1750297994691598,-0.31999999999999995,0.0,0.0,0.1750297994691598,0.31999999999999995
weak_drift,nominal,confirmed_route,303,path_budget,79,0.5266666666666666,27.333641774283272,0.009111183074994693,3000.0101577696805,4207.0,175,173,114,37.99987133535303,2148.768859447817,0.7162538613020203,3056.0,0.7264083670073687,0.34104046242774566,110,1325,105,79,26,26,1078,142,0,0.7523809523809524,0,0,-0.0736982234258229,1,0.2653150417618569,0.14666666666666667,0.36666666666666664,0.5266666666666666,0.008733624454148471,0.03571428571428571,0.014035087719298244,0.007067137809187279,0.020141775052344442,0.06966513477728786,0.9717607973421927,0.8933333333333333,357,12285,0.9956521739130435,0.8333333333333334,18,4122,0.9601270289343684,0.8933333333333333,339,8163,0.9898828541001065,5634,0.9749615638040853,4553,0.9242362525458249,2455,baseline,3000.0,16500.0,40000.0,0.075,0.03405877273185281,0.06811754546370562,2.0435263639111687,1.25,3.67,1.25,3.67,0.009544769346843989,0.15904312808798324,cb13454e9900,0641409,False,run_layer1,1.0,0.7554607550348031,1454.543615737238,0.4733333333333334,0.49014571327294626,0.5266666666666666,0.40342476072613304,0.8866666666666667,-0.13810971896427615,-0.3600000000000001,0.0,0.0,0.13810971896427615,0.3600000000000001
weak_drift,nominal,confirmed_route,304,path_budget,34,0.22666666666666666,10.984810703857221,0.0036614290590375512,3000.1429842654675,4179.0,153,152,124,41.33136342178678,2466.0229151816484,0.8219684622082807,3481.0,0.8329743957884661,0.18421052631578946,119,678,50,34,16,16,571,57,0,0.68,0,0,-0.020270719978694285,0,0.09148981943415248,0.03333333333333333,0.1,0.22666666666666666,0.16,0.05063291139240506,0.07692307692307693,0.04,0.014261688232981939,0.04642480284065441,0.9627408993576018,0.48,348,8992,0.991240364400841,0.4666666666666667,25,2829,0.9502004316990441,0.48,323,6163,0.9889123548046462,3788,0.9593314763231198,3590,0.9184505606523955,1962,baseline,3000.0,16500.0,40000.0,0.075,0.03405877273185281,0.06811754546370562,2.0435263639111687,1.25,3.67,1.25,3.67,0.009544769346843989,0.15904312808798324,3de6e114f035,0641409,False,run_layer1,1.0,0.7195099253917862,1675.5827185566297,0.7733333333333333,0.6280201059576337,0.22666666666666666,0.23773335077467925,0.7733333333333333,-0.14624353134052676,-0.5466666666666666,0.0,0.0,0.14624353134052676,0.5466666666666666
weak_drift,nominal,belief_horizon,300,path_budget,145,0.9666666666666667,48.08007981215222,0.016026248644787796,3000.0832308182908,5324.0,250,117,69,22.999361914762556,913.7782809715193,0.30458431005671827,1530.0,0.2873779113448535,0.41025641025641024,0,1729,186,145,41,41,1326,217,0,0.7795698924731183,0,0,-0.10823298805831608,1,0.4102214176398283,0.14,0.5733333333333334,0.9666666666666667,0.0,0.0,0.0,0.0,0.013094724996572113,0.05965098636493908,0.9699924466112751,1.0,437,14126,0.9933920704845814,1.0,36,5412,0.956006582556226,1.0,401,8714,0.991586032814472,7131,0.9683419074000792,5054,0.9087468460891506,2378,baseline,3000.0,16500.0,40000.0,0.075,0.03405877273185281,0.06811754546370562,2.0435263639111687,1.25,3.67,1.25,3.67,0.009544769346843989,0.15904312808798324,4d0a9537e247,0641409,False,run_layer1,1.0,0.7773310501616576,1484.3540062098127,0.033333333333333326,0.3671096325218293,0.9666666666666667,0.4102214176398283,0.9666666666666667,0.0,0.0,0.0,0.0,-0.0,-0.0
weak_drift,nominal,belief_horizon,301,path_budget,126,0.84,48.24194021652798,0.016079953577529168,3000.129321513924,5953.0,324,170,98,32.665258559770116,891.0205486916323,0.2969940469906163,1887.0,0.3169830337644885,0.4235294117647059,0,1743,173,126,47,47,1256,314,0,0.7283236994219653,0,0,-0.08572516964162293,1,0.25620375665454753,0.13333333333333333,0.30666666666666664,0.84,0.012919896640826873,0.22727272727272727,0.024449877750611245,0.012376237623762377,0.029774544611054977,0.09930306191191478,0.9638033495407887,1.0,536,14272,0.9929106744986834,1.0,35,4902,0.9492452639043664,1.0,501,9370,0.9914110429447853,6520,0.9646253328261697,5258,0.902970297029703,3030,baseline,3000.0,16500.0,40000.0,0.075,0.03405877273185281,0.06811754546370562,2.0435263639111687,1.25,3.67,1.25,3.67,0.009544769346843989,0.15904312808798324,7a2e535fefc7,0641409,False,run_layer1,1.0,0.7326118920171624,1950.1725799647684,0.16000000000000003,0.47640813536261484,0.84,0.25620375665454753,0.84,0.0,0.0,0.0,0.0,-0.0,-0.0
weak_drift,nominal,belief_horizon,302,path_budget,119,0.7933333333333333,42.182952542983585,0.014060366718082803,3000.1317454069526,5776.0,288,133,72,23.998946083027285,1006.1675229418679,0.3353744462996529,1793.0,0.3104224376731302,0.45864661654135336,0,1727,160,119,41,41,1179,388,0,0.74375,0,0,0.0033963769335089364,1,0.42835285131655404,0.20666666666666667,0.54,0.7933333333333333,0.0,0.0,0.0,0.0,0.0035224128756943833,0.020119048025612388,0.9654081417422484,0.9666666666666667,492,13731,0.9954212454212454,0.9133333333333333,25,5435,0.9467077484879608,0.9666666666666667,467,8296,0.992130490771212,6989,0.9672878667724029,5044,0.8757990867579909,2190,baseline,3000.0,16500.0,40000.0,0.075,0.03405877273185281,0.06811754546370562,2.0435263639111687,1.25,3.67,1.25,3.67,0.009544769346843989,0.15904312808798324,09cbc923edcb,0641409,False,run_layer1,1.0,0.7247906414655181,1509.5381569713975,0.20666666666666667,0.29643779014896404,0.7933333333333333,0.42835285131655404,0.8266666666666667,0.0,-0.033333333333333326,0.0,0.0,-0.0,0.033333333333333326
weak_drift,nominal,belief_horizon,303,path_budget,133,0.8866666666666667,46.27785450833429,0.015424840145779715,3000.216149468237,5951.0,314,133,81,26.99805479493755,808.8123914045506,0.2695847069378337,1571.0,0.26398924550495717,0.39097744360902253,0,1945,195,133,62,62,1408,342,0,0.6820512820512821,0,0,-0.06843536055806484,1,0.40342476072613304,0.18,0.5333333333333333,0.8866666666666667,0.0,0.0,0.0,0.0,0.019374065040159948,0.07125788200187246,0.9731711381436428,1.0,483,17520,0.9958677685950413,1.0,27,6507,0.9602406487052053,1.0,456,11013,0.9937360178970918,8940,0.9733447979363714,5815,0.916256157635468,3248,baseline,3000.0,16500.0,40000.0,0.075,0.03405877273185281,0.06811754546370562,2.0435263639111687,1.25,3.67,1.25,3.67,0.009544769346843989,0.15904312808798324,323b0287edbc,0641409,False,run_layer1,1.0,0.7554607550348031,1454.543615737238,0.11333333333333329,0.3520359943086701,0.8866666666666667,0.40342476072613304,0.8866666666666667,0.0,0.0,0.0,0.0,-0.0,-0.0
weak_drift,nominal,belief_horizon,304,path_budget,46,0.30666666666666664,16.26384230715749,0.005421058070026607,3000.123241084865,5068.0,203,128,92,30.665406920661088,1754.2025897403919,0.5847101764746372,2805.0,0.5534727703235991,0.28125,0,522,58,46,12,12,438,26,0,0.7931034482758621,0,0,-0.00035291748951269547,0,0.19616544370431538,0.15333333333333332,0.28,0.30666666666666664,0.0,0.0,0.0,0.0,0.005343414209781507,0.014134674103238183,0.9383642247719918,0.4666666666666667,419,6379,0.9888942539835828,0.4666666666666667,23,2048,0.9162259361116988,0.4666666666666667,396,4331,0.9806763285024155,2691,0.9413396749900912,2523,0.8617424242424242,1584,baseline,3000.0,16500.0,40000.0,0.075,0.03405877273185281,0.06811754546370562,2.0435263639111687,1.25,3.67,1.25,3.67,0.009544769346843989,0.15904312808798324,31e8bc191b12,0641409,False,run_layer1,1.0,0.7195099253917862,1675.5827185566297,0.6933333333333334,0.5233444816874708,0.30666666666666664,0.23773335077467925,0.7733333333333333,-0.04156790707036387,-0.4666666666666667,0.0,0.0,0.04156790707036387,0.4666666666666667
weak_drift,nominal,belief_orienteering,300,path_budget,142,0.9466666666666667,47.249899400445145,0.015748878586859624,3000.2072299845527,5447.0,273,131,61,20.33192887156467,906.8767224368264,0.30227136091579104,1492.0,0.27391224527262714,0.5343511450381679,0,1781,185,142,43,43,1337,259,0,0.7675675675675676,0,0,-0.12020127304427748,1,0.3475101674765826,0.14,0.56,0.9466666666666667,0.003355704697986577,0.125,0.006535947712418301,0.003278688524590164,0.024805440670331844,0.08915675321986151,0.9739027949264788,1.0,465,17353,0.9952123552123552,1.0,31,6444,0.9617385171471392,1.0,434,10909,0.9925491081508241,8858,0.9734904270986745,6111,0.9168129168129168,2849,baseline,3000.0,16500.0,40000.0,0.075,0.03405877273185281,0.06811754546370562,2.0435263639111687,1.25,3.67,1.25,3.67,0.009544769346843989,0.15904312808798324,ebb27a74722a,0641409,False,run_layer1,1.0,0.7773310501616576,1484.3540062098127,0.053333333333333344,0.429820882685075,0.9466666666666667,0.4102214176398283,0.9666666666666667,-0.06271125016324569,-0.020000000000000018,0.0,0.0,0.06271125016324569,0.020000000000000018
weak_drift,nominal,belief_orienteering,301,path_budget,92,0.6133333333333333,35.20263528648387,0.011734122583568134,3000.022799811197,5839.0,248,123,79,26.33313320317825,1042.8815443766773,0.3476245395342695,2072.0,0.354855283438945,0.35772357723577236,0,1166,118,92,26,26,894,154,0,0.7796610169491526,0,0,-0.09401303320144118,1,0.2039541128776471,0.11333333333333333,0.18666666666666668,0.6133333333333333,0.06545454545454546,0.5,0.11575562700964631,0.06143344709897611,0.021304485190898843,0.09110608957585588,0.9602593440122045,0.9866666666666667,521,12589,0.992577128276502,0.94,32,4279,0.9444255028980566,0.9866666666666667,489,8310,0.9868823000898472,5565,0.9622000424718624,4709,0.9047954866008463,2836,baseline,3000.0,16500.0,40000.0,0.075,0.03405877273185281,0.06811754546370562,2.0435263639111687,1.25,3.67,1.25,3.67,0.009544769346843989,0.15904312808798324,92052194ad73,0641409,False,run_layer1,1.0,0.7326118920171624,1950.1725799647684,0.3866666666666667,0.5286577791395153,0.6133333333333333,0.25620375665454753,0.84,-0.052249643776900445,-0.22666666666666668,0.0,0.0,0.052249643776900445,0.22666666666666668
weak_drift,nominal,belief_orienteering,302,path_budget,124,0.8266666666666667,44.59206177478634,0.014863435740899182,3000.118044853113,5628.0,236,126,67,22.33245458955944,1172.560825423205,0.3908382296605979,2180.0,0.38734896943852165,0.46825396825396826,0,1753,162,124,38,38,1183,408,0,0.7654320987654321,0,0,-0.043606932962249684,1,0.25992265708966167,0.14,0.24,0.8253550571876326,0.027559055118110236,0.30434782608695654,0.05054151624548736,0.025925925925925925,0.02367012352346003,0.09227662900533165,0.9641050184602762,1.0,525,14101,0.9939128780673387,1.0,32,5225,0.9473796563133738,1.0,493,8876,0.9908443540183113,6881,0.9650067294751009,5201,0.889937106918239,2544,baseline,3000.0,16500.0,40000.0,0.075,0.03405877273185281,0.06811754546370562,2.0435263639111687,1.25,3.67,1.25,3.67,0.009544769346843989,0.15904312808798324,443f5dfdcbfd,0641409,False,run_layer1,1.0,0.7247906414655181,1509.5381569713975,0.17333333333333334,0.4648679843758564,0.8266666666666667,0.42835285131655404,0.8266666666666667,-0.16843019422689237,0.0,0.0,0.0,0.16843019422689237,-0.0
weak_drift,nominal,belief_orienteering,303,path_budget,124,0.8266666666666667,43.6154985914117,0.014537785810467975,3000.147282401577,5628.0,231,125,57,18.99906725724888,902.7861742726787,0.3009139516477374,1647.0,0.2926439232409382,0.544,0,1899,177,124,53,53,1314,408,0,0.7005649717514124,0,0,-0.08015740345515399,1,0.26202723019329105,0.14666666666666667,0.28,0.8266666666666667,0.029649595687331536,0.6111111111111112,0.056555269922879174,0.0291005291005291,0.02631091795931158,0.10513175960912279,0.9712225665675795,1.0,455,15356,0.9963383376052728,1.0,20,5442,0.9579669533288241,1.0,435,9914,0.9939301972685888,7249,0.9722325064790818,5402,0.9174050632911392,3160,baseline,3000.0,16500.0,40000.0,0.075,0.03405877273185281,0.06811754546370562,2.0435263639111687,1.25,3.67,1.25,3.67,0.009544769346843989,0.15904312808798324,327ed2736503,0641409,False,run_layer1,1.0,0.7554607550348031,1454.543615737238,0.17333333333333334,0.4934335248415121,0.8266666666666667,0.40342476072613304,0.8866666666666667,-0.141397530532842,-0.06000000000000005,0.0,0.0,0.141397530532842,0.06000000000000005
weak_drift,nominal,belief_orienteering,304,path_budget,116,0.7733333333333333,39.233637528654924,0.01307736843327996,3000.1171664484996,5559.0,214,103,57,18.99925797480632,988.6881053760994,0.32954983106426333,1817.0,0.32685734844396475,0.44660194174757284,0,2094,170,116,54,54,1260,664,0,0.6823529411764706,0,0,-0.04457263379835635,1,0.21519942816318507,0.08666666666666667,0.24666666666666667,0.7733333333333333,0.016666666666666666,0.23333333333333334,0.03111111111111111,0.01580135440180587,0.033463823186197325,0.11330766671479926,0.9700159489633173,1.0,470,15205,0.9959378311550688,0.9933333333333333,23,5639,0.9553580345550784,1.0,447,9566,0.9894271948608137,7472,0.9708227618702429,5518,0.9143389199255121,2685,baseline,3000.0,16500.0,40000.0,0.075,0.03405877273185281,0.06811754546370562,2.0435263639111687,1.25,3.67,1.25,3.67,0.009544769346843989,0.15904312808798324,6b90837a3fd4,0641409,False,run_layer1,1.0,0.7195099253917862,1675.5827185566297,0.22666666666666668,0.5043104972286011,0.7733333333333333,0.23773335077467925,0.7733333333333333,-0.022533922611494173,0.0,0.0,0.0,0.022533922611494173,-0.0
weak_drift,nominal,belief_orienteering_depth1,300,path_budget,110,0.7333333333333333,35.53448315954444,0.011844630864552399,3000.049859374598,5078.0,186,116,71,23.666273338137433,1514.835759388754,0.5049368611842147,2405.0,0.4736116581331233,0.3879310344827586,0,1357,135,110,25,25,961,261,0,0.8148148148148148,0,0,-0.050829185067919114,1,0.34559674658728207,0.10666666666666667,0.56,0.7333333333333333,0.0,0.0,0.0,0.0,0.0032034290957542256,0.016551632300307803,0.9692943808039043,0.9733333333333334,453,14300,0.99481658692185,0.9066666666666666,26,4990,0.9561466570812365,0.9733333333333334,427,9310,0.9907876554583142,6513,0.9739948358539284,5422,0.9105748757984387,2818,baseline,3000.0,16500.0,40000.0,0.075,0.03405877273185281,0.06811754546370562,2.0435263639111687,1.25,3.67,1.25,3.67,0.009544769346843989,0.15904312808798324,f09f5bf81e2f,0641409,False,run_layer1,1.0,0.7773310501616576,1484.3540062098127,0.2666666666666667,0.43173430357437553,0.7333333333333333,0.4102214176398283,0.9666666666666667,-0.06462467105254621,-0.2333333333333334,0.0,0.0,0.06462467105254621,0.2333333333333334
weak_drift,nominal,belief_orienteering_depth1,301,path_budget,72,0.48,27.281863606573673,0.009093925492972717,3000.0095808631363,5407.0,168,97,63,20.99993293417223,1427.7011228289302,0.47589885443571306,2560.0,0.47346032920288517,0.35051546391752575,0,1005,103,72,31,31,766,136,0,0.6990291262135923,0,0,-0.009279290638445063,1,0.2323740067064031,0.09333333333333334,0.46,0.48,0.0,0.0,0.0,0.0,0.005427091049868296,0.01519515684326048,0.9630829567738085,0.8933333333333333,433,11296,0.9935682326621924,0.76,23,3553,0.9497117625413958,0.8933333333333333,410,7743,0.9902691511387164,4830,0.9617281051890115,4259,0.915530303030303,2640,baseline,3000.0,16500.0,40000.0,0.075,0.03405877273185281,0.06811754546370562,2.0435263639111687,1.25,3.67,1.25,3.67,0.009544769346843989,0.15904312808798324,bb0d380edd10,0641409,False,run_layer1,1.0,0.7326118920171624,1950.1725799647684,0.52,0.5002378853107593,0.48,0.25620375665454753,0.84,-0.023829749948144435,-0.36,0.0,0.0,0.023829749948144435,0.36
weak_drift,nominal,belief_orienteering_depth1,302,path_budget,88,0.5866666666666667,31.230989324392567,0.010410315843789217,3000.004014577996,5314.0,178,98,54,17.99997591256426,1156.1730544746922,0.3853905024314871,1927.0,0.3626270229582236,0.4489795918367347,0,1198,114,88,26,26,866,218,0,0.7719298245614035,0,0,-0.03668225273598803,1,0.3270286790151665,0.14,0.49333333333333335,0.5866666666666667,0.0,0.0,0.0,0.0,0.005140025912183289,0.023062340775709816,0.9623763968164644,1.0,468,11971,0.9939309056956116,0.9666666666666667,26,4258,0.9458001226241569,1.0,442,7713,0.9899677534933715,5582,0.9622433208213734,4529,0.8964776632302406,2328,baseline,3000.0,16500.0,40000.0,0.075,0.03405877273185281,0.06811754546370562,2.0435263639111687,1.25,3.67,1.25,3.67,0.009544769346843989,0.15904312808798324,a459c2120e62,0641409,False,run_layer1,1.0,0.7247906414655181,1509.5381569713975,0.41333333333333333,0.39776196245035156,0.5866666666666667,0.42835285131655404,0.8266666666666667,-0.10132417230138752,-0.24,0.0,0.0,0.10132417230138752,0.24
weak_drift,nominal,belief_orienteering_depth1,303,path_budget,83,0.5533333333333333,27.31761820785712,0.009105305685958388,3000.1868306282763,5254.0,165,112,74,24.665130599384533,1666.5420243197716,0.5554794145839168,2917.0,0.5551960411115341,0.3392857142857143,0,1116,116,83,33,33,883,117,0,0.7155172413793104,0,0,-0.010233606052895194,1,0.3183023414432134,0.09333333333333334,0.5533333333333333,0.5533333333333333,0.0,0.0,0.0,0.0,0.0046766584420827656,0.013908882744961005,0.9649069036855413,1.0,458,12593,0.9932963476652797,0.96,29,4297,0.9508309455587393,1.0,429,8296,0.9892321270962048,5665,0.9623360135421075,4726,0.9176691729323309,2660,baseline,3000.0,16500.0,40000.0,0.075,0.03405877273185281,0.06811754546370562,2.0435263639111687,1.25,3.67,1.25,3.67,0.009544769346843989,0.15904312808798324,bbe02cf3f8d3,0641409,False,run_layer1,1.0,0.7554607550348031,1454.543615737238,0.44666666666666666,0.43715841359158975,0.5533333333333333,0.40342476072613304,0.8866666666666667,-0.08512241928291964,-0.33333333333333337,0.0,0.0,0.08512241928291964,0.33333333333333337
weak_drift,nominal,belief_orienteering_depth1,304,path_budget,26,0.17333333333333334,8.711057009878617,0.0029036539011172663,3000.0328229637776,4988.0,130,91,77,25.666385851048968,2033.0606326635173,0.6776794630716827,3295.0,0.6605854049719326,0.15384615384615385,0,308,32,26,6,6,263,13,0,0.8125,0,0,-0.03345947603077366,0,0.10284902999414769,0.06666666666666667,0.17333333333333334,0.17333333333333334,0.0,0.0,0.0,0.0,0.006415857216683642,0.017228511034793767,0.9376167888457668,0.48,434,6523,0.9893730074388948,0.3933333333333333,20,1862,0.918423645320197,0.48,414,4661,0.9848546868604175,2443,0.9425981873111783,2648,0.8687031082529475,1866,baseline,3000.0,16500.0,40000.0,0.075,0.03405877273185281,0.06811754546370562,2.0435263639111687,1.25,3.67,1.25,3.67,0.009544769346843989,0.15904312808798324,c96242e49507,0641409,False,run_layer1,1.0,0.7195099253917862,1675.5827185566297,0.8266666666666667,0.6166608953976385,0.17333333333333334,0.23773335077467925,0.7733333333333333,-0.13488432078053156,-0.6,0.0,0.0,0.13488432078053156,0.6
weak_drift,nominal,adaptive_mission,300,path_budget,144,0.96,47.46842584900941,0.01582203577774395,3000.14653713404,5665.0,314,146,80,26.665364177985076,1010.0999286910463,0.3366835306837938,1754.0,0.30962047661076786,0.4520547945205479,0,1778,194,144,50,50,1394,190,0,0.7422680412371134,0,0,-0.11050000011968711,1,0.3972884809128844,0.14,0.58,0.96,0.0,0.0,0.0,0.0,0.01949442170316619,0.07357722207495326,0.9708840327787435,1.0,469,15639,0.9954003407155025,1.0,27,5843,0.956827505372143,1.0,442,9796,0.9910362623930463,7363,0.9729952247653548,6073,0.9105538922155688,2672,baseline,3000.0,16500.0,40000.0,0.075,0.03405877273185281,0.06811754546370562,2.0435263639111687,1.25,3.67,1.25,3.67,0.009544769346843989,0.15904312808798324,44a60f0a8a5f,0641409,False,run_layer1,1.0,0.7773310501616576,1484.3540062098127,0.040000000000000036,0.3800425692487732,0.96,0.4102214176398283,0.9666666666666667,-0.0129329367269439,-0.00666666666666671,0.0,0.0,0.0129329367269439,0.00666666666666671
weak_drift,nominal,adaptive_mission,301,path_budget,103,0.6866666666666666,38.39713028106518,0.012799034406316006,3000.0021143874064,5890.0,324,141,86,28.666646462534576,1149.4740680168122,0.38315775262429513,2005.0,0.3404074702886248,0.3900709219858156,6,1191,136,103,33,33,988,67,0,0.7573529411764706,0,0,-0.1022629084106083,1,0.34387237535661425,0.14666666666666667,0.49333333333333335,0.6866666666666666,0.0,0.0,0.0,0.0,0.005848006696843492,0.03145354273984809,0.9631921307313978,0.9933333333333333,464,12142,0.9942743340801593,0.9133333333333333,23,3994,0.9486552567237164,0.9933333333333333,441,8148,0.9903004944845949,5258,0.9623412954594361,4647,0.911884487226953,2701,baseline,3000.0,16500.0,40000.0,0.075,0.03405877273185281,0.06811754546370562,2.0435263639111687,1.25,3.67,1.25,3.67,0.009544769346843989,0.15904312808798324,f8c839c21df5,0641409,False,run_layer1,1.0,0.7326118920171624,1950.1725799647684,0.31333333333333335,0.3887395166605481,0.6866666666666666,0.25620375665454753,0.84,0.08766861870206671,-0.15333333333333332,0.08766861870206671,0.0,0.0,0.15333333333333332
weak_drift,nominal,adaptive_mission,302,path_budget,102,0.68,35.76129573793374,0.011920422198056854,3000.00244485998,5842.0,291,128,73,24.333313502818545,832.6565945736857,0.27755197199932563,1654.0,0.2831222184183499,0.4296875,0,1297,126,102,24,24,936,235,0,0.8095238095238095,0,0,-0.046015412633652095,1,0.3298308090900382,0.20666666666666667,0.5133333333333333,0.68,0.0,0.0,0.0,0.0,0.013715542510968359,0.05547223116540031,0.9601088646967341,0.9866666666666667,513,12347,0.9935801412368928,0.9133333333333333,30,4643,0.9410040307805057,0.9866666666666667,483,7704,0.9871409485637943,5988,0.9657155025553663,4696,0.8736213235294118,2176,baseline,3000.0,16500.0,40000.0,0.075,0.03405877273185281,0.06811754546370562,2.0435263639111687,1.25,3.67,1.25,3.67,0.009544769346843989,0.15904312808798324,27461eadac82,0641409,False,run_layer1,1.0,0.7247906414655181,1509.5381569713975,0.31999999999999995,0.3949598323754799,0.68,0.42835285131655404,0.8266666666666667,-0.09852204222651584,-0.1466666666666666,0.0,0.0,0.09852204222651584,0.1466666666666666
weak_drift,nominal,adaptive_mission,303,path_budget,114,0.76,39.15395081400321,0.01305118425784131,3000.0304984184895,5567.0,286,149,83,27.666385406333262,1107.6186836446973,0.3692024745177074,2026.0,0.36393030357463624,0.4429530201342282,0,1522,150,114,36,36,1116,256,0,0.76,0,0,-0.0241683463379014,1,0.4083575517116534,0.18,0.5466666666666666,0.76,0.0,0.0,0.0,0.0,0.004482966128499142,0.024965907779312624,0.966732589348778,1.0,471,13687,0.9953488372093023,1.0,23,4922,0.9513730598067948,0.9933333333333333,448,8765,0.9909515910119138,6631,0.9684254258412962,4814,0.9045337265020272,2713,baseline,3000.0,16500.0,40000.0,0.075,0.03405877273185281,0.06811754546370562,2.0435263639111687,1.25,3.67,1.25,3.67,0.009544769346843989,0.15904312808798324,032d701ba2e1,0641409,False,run_layer1,1.0,0.7554607550348031,1454.543615737238,0.24,0.34710320332314976,0.76,0.40342476072613304,0.8866666666666667,0.004932790985520352,-0.1266666666666667,0.004932790985520352,0.0,0.0,0.1266666666666667
weak_drift,nominal,adaptive_mission,304,path_budget,53,0.35333333333333333,18.222651184177195,0.006074133831938224,3000.041106825999,5288.0,214,135,92,30.666246469314114,1671.2688416946944,0.5570819806075501,2722.0,0.514750378214826,0.31851851851851853,0,612,72,53,19,19,534,6,0,0.7361111111111112,0,0,0.0022913310756514475,0,0.22168131811382744,0.15333333333333332,0.35333333333333333,0.35333333333333333,0.0,0.0,0.0,0.0,0.004423861060361625,0.012486028144260882,0.9351851851851852,0.5066666666666667,455,6565,0.9914853358561968,0.4666666666666667,18,2096,0.9109253974724827,0.5066666666666667,437,4469,0.9778584392014519,2755,0.9402069758528172,2609,0.856280193236715,1656,baseline,3000.0,16500.0,40000.0,0.075,0.03405877273185281,0.06811754546370562,2.0435263639111687,1.25,3.67,1.25,3.67,0.009544769346843989,0.15904312808798324,80182930eaf2,0641409,False,run_layer1,1.0,0.7195099253917862,1675.5827185566297,0.6466666666666667,0.49782860727795875,0.35333333333333333,0.23773335077467925,0.7733333333333333,-0.01605203266085181,-0.42,0.0,0.0,0.01605203266085181,0.42
weak_drift,nominal,oracle_current_physics,300,done,150,1.0,49.78158694731661,0.03353754342903024,1484.3540062098127,2433.0,179,176,30,20.210812161044228,309.19317774768257,0.20830150789782573,516.0,0.2120838471023428,0.8295454545454546,0,1565,191,150,41,41,1341,33,0,0.7853403141361257,0,0,-0.0681149974053977,1,0.7773310501616576,0.6866666666666666,0.9933333333333333,0.9933333333333333,0.0,0.0,0.0,0.0,0.00998675681538215,0.05063520430547058,0.9704903804426442,1.0,204,6709,0.9948696023941855,1.0,12,2327,0.9580236117184084,1.0,192,4382,0.9899699097291875,2991,0.9773251345119139,2602,0.9128787878787878,1320,baseline,3000.0,16500.0,40000.0,0.075,0.03405877273185281,0.06811754546370562,2.0435263639111687,1.25,3.67,1.25,3.67,0.009544769346843989,0.15904312808798324,45a05847d4db,0641409,False,run_layer1,1.0,0.7773310501616576,1484.3540062098127,0.0,0.0,1.0,0.4102214176398283,0.9666666666666667,,,,,,
weak_drift,nominal,oracle_current_physics,301,done,150,1.0,56.08789484611198,0.028760477622511365,1950.1725799647684,2859.0,181,177,32,16.408804189308267,305.98623437754975,0.1569021313914062,528.0,0.18467995802728226,0.8192090395480226,0,1836,214,150,64,64,1498,124,0,0.7009345794392523,0,0,-0.0788006522575633,2,0.7326118920171624,0.58,0.9933333333333333,0.9933333333333333,0.0,0.0,0.0,0.0,0.0070093629080984965,0.04600763035672573,0.9556962025316456,1.0,231,4983,0.9953100573215217,1.0,9,1910,0.9326251896813353,1.0,222,3073,0.9867452135493373,2716,0.9517409896151496,1637,0.8652729384436701,861,baseline,3000.0,16500.0,40000.0,0.075,0.03405877273185281,0.06811754546370562,2.0435263639111687,1.25,3.67,1.25,3.67,0.009544769346843989,0.15904312808798324,639cbfb7cdb7,0641409,False,run_layer1,1.0,0.7326118920171624,1950.1725799647684,0.0,0.0,1.0,0.25620375665454753,0.84,,,,,,
weak_drift,nominal,oracle_current_physics,302,done,150,1.0,54.49105034109934,0.036097829054169334,1509.5381569713975,2368.0,180,178,31,20.536082414899422,233.20847223187855,0.15448994856795617,460.0,0.19425675675675674,0.8258426966292135,0,1805,202,150,52,52,1417,186,0,0.7425742574257426,0,0,-0.07992221543852573,1,0.7247906414655181,0.5266666666666666,0.9933333333333333,0.9933333333333333,0.0,0.0,0.0,0.0,0.01847010993199978,0.07836259642959836,0.9660637105810789,1.0,212,6035,0.996526270082501,1.0,8,2295,0.9482758620689655,1.0,204,3740,0.9906344410876133,3310,0.9606060606060606,1980,0.8923719958202717,957,baseline,3000.0,16500.0,40000.0,0.075,0.03405877273185281,0.06811754546370562,2.0435263639111687,1.25,3.67,1.25,3.67,0.009544769346843989,0.15904312808798324,939f3cc45f2d,0641409,False,run_layer1,1.0,0.7247906414655181,1509.5381569713975,0.0,0.0,1.0,0.42835285131655404,0.8266666666666667,,,,,,
weak_drift,nominal,oracle_current_physics,303,done,150,1.0,52.49296246441448,0.036088957317246435,1454.543615737238,2317.0,173,171,27,18.56252346638296,272.9059529784176,0.18762307986212892,465.0,0.20069054812257228,0.8421052631578947,0,1825,198,150,48,48,1386,241,0,0.7575757575757576,0,0,-0.055425810224079886,1,0.7554607550348031,0.52,0.9933333333333333,0.9933333333333333,0.0,0.0,0.0,0.0,0.019456317746057775,0.07480043721614081,0.9672566371681416,1.0,185,5465,0.9955416852429781,1.0,10,2233,0.9486351628999119,1.0,175,3232,0.9916371823737536,3109,0.9678313921242374,1803,0.8631436314363143,738,baseline,3000.0,16500.0,40000.0,0.075,0.03405877273185281,0.06811754546370562,2.0435263639111687,1.25,3.67,1.25,3.67,0.009544769346843989,0.15904312808798324,8c5b6b8bf553,0641409,False,run_layer1,1.0,0.7554607550348031,1454.543615737238,0.0,0.0,1.0,0.40342476072613304,0.8866666666666667,,,,,,
weak_drift,nominal,oracle_current_physics,304,done,150,1.0,52.068355215085596,0.031074774547649908,1675.5827185566297,2652.0,179,177,30,17.90421903243453,255.13357749756614,0.15226558180150113,479.0,0.1806184012066365,0.8305084745762712,0,1552,191,150,41,41,1337,24,0,0.7853403141361257,0,0,-0.0720302815361801,1,0.7195099253917862,0.5066666666666667,0.9933333333333333,0.9933333333333333,0.0,0.0,0.0,0.0,0.008931745472298431,0.04604667155226714,0.9625262477790341,1.0,232,5959,0.9965208747514911,1.0,7,2005,0.9461593682699211,1.0,225,3954,0.9895758447160317,2782,0.9634831460674157,2136,0.9018067556952082,1273,baseline,3000.0,16500.0,40000.0,0.075,0.03405877273185281,0.06811754546370562,2.0435263639111687,1.25,3.67,1.25,3.67,0.009544769346843989,0.15904312808798324,d46ef84aa042,0641409,False,run_layer1,1.0,0.7195099253917862,1675.5827185566297,0.0,0.0,1.0,0.23773335077467925,0.7733333333333333,,,,,,
strong_drift,nominal,lawnmower_collect,300,path_budget,22,0.14666666666666667,6.3642138905942405,0.0021214046301973105,3000.0000000010887,5068.0,30,29,18,5.999999999997823,1443.9000000005628,0.48130000000001294,2445.0,0.4824388318863457,0.3793103448275862,0,653,28,22,6,6,300,325,0,0.7857142857142857,0,0,0.03384068908979991,0,0.0711353333333156,0.04,0.09333333333333334,0.14666666666666667,0.0,0.0,0.0,0.0,0.007654417394811091,0.026835725106525484,0.9528094590352622,0.84,451,9106,0.9895483389324374,0.6933333333333334,28,2651,0.9384995638266939,0.84,423,6455,0.9788622940627915,3217,0.9627687467226009,3814,0.9045922406967538,2526,baseline,3000.0,16500.0,40000.0,0.075,0.11503912377969504,0.23007824755939008,6.902347426781702,1.25,3.67,1.25,3.67,0.009544769346843989,0.15904312808798324,1159704db141,0641409,False,run_layer1,1.0,0.7793055006173827,1163.0638074881176,0.8533333333333333,0.7081701672840671,0.14666666666666667,0.6138722032387856,0.9933333333333333,-0.54273686990547,-0.8466666666666667,0.0,0.0,0.54273686990547,0.8466666666666667
strong_drift,nominal,lawnmower_collect,301,path_budget,16,0.10666666666666667,6.836274366965193,0.002278758122320904,3000.0000000010887,5068.0,30,29,20,6.666666666664248,2034.600000000656,0.6781999999999726,3437.0,0.6781767955801105,0.3103448275862069,0,359,25,16,9,9,204,130,0,0.64,0,0,0.024132581206855908,0,0.03097999999997923,0.006666666666666667,0.04,0.10666666666666667,0.0,0.0,0.0,0.0,0.00767000543614859,0.022910277684319753,0.9437772925764192,0.66,412,6916,0.9874795862819815,0.4666666666666667,23,1814,0.9291568020397013,0.66,389,5102,0.9764397905759162,2292,0.9443513241702983,2983,0.9064783244033122,2053,baseline,3000.0,16500.0,40000.0,0.075,0.11503912377969504,0.23007824755939008,6.902347426781702,1.25,3.67,1.25,3.67,0.009544769346843989,0.15904312808798324,1ccfedc3195c,0641409,False,run_layer1,1.0,0.7578307700555608,1633.539689760718,0.8933333333333333,0.7268507700555815,0.10666666666666667,0.47905975651497096,0.84,-0.4480797565149917,-0.7333333333333333,0.0,0.0,0.4480797565149917,0.7333333333333333
strong_drift,nominal,lawnmower_collect,302,path_budget,13,0.08666666666666667,4.082116898818076,0.001360705632938865,3000.0000000010887,5068.0,30,29,21,6.999999999997461,2431.2000000007465,0.8103999999999547,4102.0,0.8093922651933702,0.27586206896551724,0,178,15,13,2,2,127,36,0,0.8666666666666667,0,0,0.02996353875085324,0,0.03207933333331995,0.006666666666666667,0.04666666666666667,0.08666666666666667,0.0,0.0,0.0,0.0,0.007546857961242247,0.02160954375713858,0.9141566265060241,0.62,399,4249,0.981335952848723,0.37333333333333335,19,999,0.8953168044077136,0.62,380,3250,0.9633757961783439,1256,0.9201520912547528,1841,0.8671824629271437,1551,baseline,3000.0,16500.0,40000.0,0.075,0.11503912377969504,0.23007824755939008,6.902347426781702,1.25,3.67,1.25,3.67,0.009544769346843989,0.15904312808798324,955654b3e696,0641409,False,run_layer1,1.0,0.7747007979899342,1194.5526505037942,0.9133333333333333,0.7426214646566143,0.08666666666666667,0.5729789429275924,0.9466666666666667,-0.5408996095942725,-0.86,0.0,0.0,0.5408996095942725,0.86
strong_drift,nominal,lawnmower_collect,303,path_budget,14,0.09333333333333334,4.627152071571756,0.0015423840238566924,3000.0000000010887,5068.0,30,29,18,5.999999999997823,1639.8000000006928,0.5466000000000326,2773.0,0.5471586424625099,0.3793103448275862,0,208,20,14,6,6,161,27,0,0.7,0,0,0.013861558249520949,0,0.04195499999998874,0.02,0.05333333333333334,0.09333333333333334,0.0,0.0,0.0,0.0,0.006764965290307974,0.021076250406202878,0.9158749010292954,0.6266666666666667,425,4627,0.9842845326716294,0.3466666666666667,19,1190,0.8943533697632058,0.6266666666666667,406,3437,0.965359477124183,1530,0.9206349206349206,1890,0.8639705882352942,1632,baseline,3000.0,16500.0,40000.0,0.075,0.11503912377969504,0.23007824755939008,6.902347426781702,1.25,3.67,1.25,3.67,0.009544769346843989,0.15904312808798324,0b6bcdc1536f,0641409,False,run_layer1,1.0,0.7889563930545744,1170.6556459089393,0.9066666666666666,0.7470013930545857,0.09333333333333334,0.634318331605053,0.9466666666666667,-0.5923633316050643,-0.8533333333333333,0.0,0.0,0.5923633316050643,0.8533333333333333
strong_drift,nominal,lawnmower_collect,304,path_budget,10,0.06666666666666667,2.8108835710751996,0.0009369611903580599,3000.0000000010887,5068.0,30,29,23,7.666666666663885,2244.150000000645,0.7480499999999435,3793.0,0.7484214680347278,0.20689655172413793,0,163,14,10,4,4,128,21,0,0.7142857142857143,0,0,0.006579060752451262,0,0.019700999999987694,0.0,0.02,0.06666666666666667,0.0,0.0,0.0,0.0,0.006803820042896091,0.01914435044610926,0.8613403763618356,0.38666666666666666,420,2609,0.9666160849772383,0.21333333333333335,22,637,0.8320675105485232,0.38666666666666666,398,1972,0.9403341288782816,838,0.8572752548656163,1079,0.8057553956834532,1112,baseline,3000.0,16500.0,40000.0,0.075,0.11503912377969504,0.23007824755939008,6.902347426781702,1.25,3.67,1.25,3.67,0.009544769346843989,0.15904312808798324,65e2f562dfcf,0641409,False,run_layer1,1.0,0.7480540010465131,1342.1244160928545,0.9333333333333333,0.7283530010465255,0.06666666666666667,0.333741713019594,0.5066666666666667,-0.3140407130196063,-0.44000000000000006,0.0,0.0,0.3140407130196063,0.44000000000000006
strong_drift,nominal,greedy,300,path_budget,35,0.23333333333333334,11.676965781167423,0.0038923100497964113,3000.0091544038714,4174.0,148,147,120,39.99987794165417,2820.205059304336,0.9400654845217417,3873.0,0.9278869190225204,0.1836734693877551,0,534,45,35,10,10,446,43,0,0.7777777777777778,0,0,0.026723642064752726,0,0.17228169315456732,0.14666666666666667,0.22,0.23333333333333334,0.0,0.0,0.0,0.0,0.0055897231921202845,0.015339362447471212,0.9596584581116199,0.9733333333333334,326,7755,0.9934715821812596,0.8933333333333333,17,2587,0.9435822530582436,0.9733333333333334,309,5168,0.9884692995099452,3469,0.9652801650051565,2909,0.8913681738109219,1703,baseline,3000.0,16500.0,40000.0,0.075,0.11503912377969504,0.23007824755939008,6.902347426781702,1.25,3.67,1.25,3.67,0.009544769346843989,0.15904312808798324,cb88d3aaddf6,0641409,False,run_layer1,1.0,0.7793055006173827,1163.0638074881176,0.7666666666666666,0.6070238074628154,0.23333333333333334,0.6138722032387856,0.9933333333333333,-0.44159051008421824,-0.76,0.0,0.0,0.44159051008421824,0.76
strong_drift,nominal,greedy,301,path_budget,29,0.19333333333333333,11.050423337462414,0.003683301759331497,3000.1406508349774,4763.0,218,217,193,64.33031729571933,2871.1963789249894,0.9570205910599221,4522.0,0.9494016376233466,0.11059907834101383,0,484,36,29,7,7,388,60,0,0.8055555555555556,0,0,0.03913196822639403,0,0.1619881562557104,0.19333333333333333,0.19333333333333333,0.19333333333333333,0.0,0.0,0.0,0.0,0.006349186160303547,0.016120866159503568,0.9301102629346905,0.8,412,5483,0.985947161326588,0.6733333333333333,25,1754,0.9059766763848397,0.7933333333333333,387,3729,0.9769926047658176,2434,0.9333333333333333,2190,0.8347757671125098,1271,baseline,3000.0,16500.0,40000.0,0.075,0.11503912377969504,0.23007824755939008,6.902347426781702,1.25,3.67,1.25,3.67,0.009544769346843989,0.15904312808798324,8f39c0585ed5,0641409,False,run_layer1,1.0,0.7578307700555608,1633.539689760718,0.8066666666666666,0.5958426137998504,0.19333333333333333,0.47905975651497096,0.84,-0.31707160025926057,-0.6466666666666666,0.0,0.0,0.31707160025926057,0.6466666666666666
strong_drift,nominal,greedy,302,path_budget,32,0.21333333333333335,10.969696259159349,0.003656361174842987,3000.1675804443507,4372.0,172,171,145,48.33063357698314,2789.728679425709,0.9298576178243103,4043.0,0.9247483989021043,0.15204678362573099,0,596,42,32,10,10,473,81,0,0.7619047619047619,0,0,0.05193782579596086,0,0.16234125189612736,0.16666666666666666,0.21333333333333335,0.21333333333333335,0.0,0.0,0.0,0.0,0.007218896025817915,0.017398128010247677,0.9428784489187174,1.0,383,6322,0.9907834101382489,0.94,22,2365,0.9163964798517832,1.0,361,3957,0.9815394242803505,3196,0.9411510168758114,2311,0.8430717863105175,1198,baseline,3000.0,16500.0,40000.0,0.075,0.11503912377969504,0.23007824755939008,6.902347426781702,1.25,3.67,1.25,3.67,0.009544769346843989,0.15904312808798324,a4eabf1d9a69,0641409,False,run_layer1,1.0,0.7747007979899342,1194.5526505037942,0.7866666666666666,0.6123595460938068,0.21333333333333335,0.5729789429275924,0.9466666666666667,-0.4106376910314651,-0.7333333333333333,0.0,0.0,0.4106376910314651,0.7333333333333333
strong_drift,nominal,greedy,303,path_budget,37,0.24666666666666667,10.900414900529924,0.003633205129345113,3000.2200570752602,4172.0,159,158,124,41.33030165823249,2698.6700570752264,0.8994907059270855,3732.0,0.8945349952061361,0.21518987341772153,0,796,49,37,12,12,575,172,0,0.7551020408163265,0,0,0.07086986929398144,0,0.17124315131214352,0.14,0.24666666666666667,0.24666666666666667,0.0,0.0,0.0,0.0,0.0059931636775832995,0.021531156735601197,0.9518587857715967,1.0,360,7118,0.9887345099511828,1.0,30,2633,0.9314641744548287,1.0,330,4485,0.9876252209781968,3394,0.9452054794520548,2555,0.8835840418574231,1529,baseline,3000.0,16500.0,40000.0,0.075,0.11503912377969504,0.23007824755939008,6.902347426781702,1.25,3.67,1.25,3.67,0.009544769346843989,0.15904312808798324,329c0d5afed8,0641409,False,run_layer1,1.0,0.7889563930545744,1170.6556459089393,0.7533333333333333,0.6177132417424309,0.24666666666666667,0.634318331605053,0.9466666666666667,-0.4630751802929095,-0.7,0.0,0.0,0.4630751802929095,0.7
strong_drift,nominal,greedy,304,path_budget,40,0.26666666666666666,14.784676168502578,0.004928013855713321,3000.1287742650884,4016.0,139,138,105,34.99849769805991,2811.363528114013,0.9370809520676942,3677.0,0.9155876494023905,0.2391304347826087,0,718,50,40,10,10,583,85,0,0.8,0,0,0.028040906523457795,0,0.15199105285992948,0.12666666666666668,0.13333333333333333,0.26666666666666666,0.0,0.0,0.0,0.0,0.005712394736452087,0.023499906051772153,0.9579028925619835,1.0,326,7418,0.990692479523455,1.0,25,2661,0.9404903123764333,1.0,301,4757,0.9856032248776274,3473,0.956989247311828,2883,0.8904899135446686,1388,baseline,3000.0,16500.0,40000.0,0.075,0.11503912377969504,0.23007824755939008,6.902347426781702,1.25,3.67,1.25,3.67,0.009544769346843989,0.15904312808798324,2bb88baabecb,0641409,False,run_layer1,1.0,0.7480540010465131,1342.1244160928545,0.7333333333333334,0.5960629481865836,0.26666666666666666,0.333741713019594,0.5066666666666667,-0.1817506601596645,-0.24000000000000005,0.0,0.0,0.1817506601596645,0.24000000000000005
strong_drift,nominal,confirmed_route,300,path_budget,149,0.9933333333333333,49.550390525125394,0.016515860096896928,3000.170153683679,3845.0,152,150,70,23.332009990850807,1641.739736181264,0.547215541813686,2132.0,0.5544863459037711,0.5333333333333333,61,2864,187,149,38,38,1584,1093,0,0.7967914438502673,0,0,-0.04662516278388518,1,0.5548193069473485,0.5466666666666666,0.7133333333333334,0.9933333333333333,0.0,0.0,0.0,0.0,0.006018239360826257,0.054205194847450136,0.9764737696051919,1.0,348,14444,0.9963853244171336,1.0,20,5513,0.9645750081002268,1.0,328,8931,0.9935563476830271,7294,0.9767166535122336,5068,0.9246913580246914,2430,baseline,3000.0,16500.0,40000.0,0.075,0.11503912377969504,0.23007824755939008,6.902347426781702,1.25,3.67,1.25,3.67,0.009544769346843989,0.15904312808798324,65d4dcf91726,0641409,False,run_layer1,1.0,0.7793055006173827,1163.0638074881176,0.00666666666666671,0.2244861936700342,0.9933333333333333,0.6138722032387856,0.9933333333333333,-0.05905289629143706,0.0,0.0,0.0,0.05905289629143706,-0.0
strong_drift,nominal,confirmed_route,301,path_budget,126,0.84,47.108204944060475,0.015701843377880158,3000.170350089198,3961.0,163,161,93,30.998239815694134,1817.329082512344,0.6057419647715381,2498.0,0.6306488260540267,0.422360248447205,86,2534,174,126,48,48,1631,729,0,0.7241379310344828,0,0,-0.05640547252482013,1,0.3663019582755232,0.02666666666666667,0.6333333333333333,0.84,0.0,0.0,0.0,0.0,0.01718414660551147,0.08368948579452228,0.975998870535084,1.0,340,13826,0.9968265820421878,1.0,17,5340,0.9633329549324554,1.0,323,8486,0.9928377023349091,6981,0.976926246394726,4854,0.9236379236379236,2331,baseline,3000.0,16500.0,40000.0,0.075,0.11503912377969504,0.23007824755939008,6.902347426781702,1.25,3.67,1.25,3.67,0.009544769346843989,0.15904312808798324,b67f22a105de,0641409,False,run_layer1,1.0,0.7578307700555608,1633.539689760718,0.16000000000000003,0.39152881178003757,0.84,0.47905975651497096,0.84,-0.11275779823944776,0.0,0.0,0.0,0.11275779823944776,-0.0
strong_drift,nominal,confirmed_route,302,path_budget,133,0.8866666666666667,47.40697199816026,0.015802278757234074,3000.0085890433984,3761.0,141,139,54,17.999948465887154,1563.0777649153356,0.521024429937965,1922.0,0.5110342993884606,0.6115107913669064,44,2490,183,133,50,50,1661,646,0,0.726775956284153,0,0,-0.05388835230076744,1,0.5325369476020935,0.5,0.8,0.8866666666666667,0.1125,0.6,0.18947368421052632,0.10465116279069768,0.008799690091013418,0.059581802592890025,0.970391061452514,1.0,318,10422,0.9953585518681829,1.0,20,4289,0.9536619499300264,1.0,298,6133,0.9933299127757824,5847,0.9674134419551935,3437,0.8853021978021978,1456,baseline,3000.0,16500.0,40000.0,0.075,0.11503912377969504,0.23007824755939008,6.902347426781702,1.25,3.67,1.25,3.67,0.009544769346843989,0.15904312808798324,393c9af85213,0641409,False,run_layer1,1.0,0.7747007979899342,1194.5526505037942,0.11333333333333329,0.24216385038784072,0.8866666666666667,0.5729789429275924,0.9466666666666667,-0.04044199532549897,-0.05999999999999994,0.0,0.0,0.04044199532549897,0.05999999999999994
strong_drift,nominal,confirmed_route,303,path_budget,141,0.94,48.739355181303665,0.016245422989201456,3000.189974351628,3801.0,149,147,61,20.332045810926598,1595.0532425480203,0.5316507475139897,2034.0,0.5351223362273086,0.5850340136054422,56,2323,183,141,42,42,1665,475,0,0.7704918032786885,0,0,-0.0783085579724369,1,0.5199561570323676,0.38666666666666666,0.7133333333333334,0.94,0.0,0.0,0.0,0.0,0.010329910351146738,0.07223433535780224,0.9726441146013117,1.0,317,11271,0.9967355821545157,1.0,15,4580,0.9568139568139569,1.0,302,6691,0.9950609153770168,6074,0.9703159041394336,3672,0.9033659066232356,1842,baseline,3000.0,16500.0,40000.0,0.075,0.11503912377969504,0.23007824755939008,6.902347426781702,1.25,3.67,1.25,3.67,0.009544769346843989,0.15904312808798324,880a78cc14e0,0641409,False,run_layer1,1.0,0.7889563930545744,1170.6556459089393,0.06000000000000005,0.2690002360222068,0.94,0.634318331605053,0.9466666666666667,-0.11436217457268538,-0.00666666666666671,0.0,0.0,0.11436217457268538,0.00666666666666671
strong_drift,nominal,confirmed_route,304,path_budget,65,0.43333333333333335,23.202630066975598,0.007734100523644975,3000.042473722661,3766.0,123,122,81,26.99961774190803,2133.4108880731656,0.7111268946222222,2713.0,0.7203929899097186,0.3360655737704918,71,1094,88,65,23,23,779,227,0,0.7386363636363636,0,0,-0.004975686483318545,0,0.22569627051678692,0.16666666666666666,0.3,0.43333333333333335,0.0,0.0,0.0,0.0,0.0047700759040806276,0.03414134974870208,0.9605562240941302,0.7066666666666667,295,7184,0.9923413566739606,0.5266666666666666,21,2721,0.9421574836394342,0.7066666666666667,274,4463,0.9890449438202247,3560,0.9615975422427036,2604,0.8813688212927757,1315,baseline,3000.0,16500.0,40000.0,0.075,0.11503912377969504,0.23007824755939008,6.902347426781702,1.25,3.67,1.25,3.67,0.009544769346843989,0.15904312808798324,caf590b18f0e,0641409,False,run_layer1,1.0,0.7480540010465131,1342.1244160928545,0.5666666666666667,0.5223577305297262,0.43333333333333335,0.333741713019594,0.5066666666666667,-0.10804544250280707,-0.07333333333333336,0.0,0.0,0.10804544250280707,0.07333333333333336
strong_drift,nominal,belief_horizon,300,path_budget,138,0.92,45.90100289800161,0.015299179815667946,3000.2263814818507,5198.0,247,144,90,29.997736355997187,1819.260812884983,0.6063745136413428,2873.0,0.5527125817622163,0.375,0,2222,173,138,35,35,1234,815,0,0.7976878612716763,0,0,0.02244833439929359,1,0.5640890592284596,0.5533333333333333,0.7066666666666667,0.92,0.0,0.0,0.0,0.0,0.0016908698085003383,0.01828581582281039,0.9623025039268225,1.0,408,10415,0.9946392673665401,0.9933333333333333,24,4453,0.939489442168295,1.0,384,5962,0.9907031778228533,5916,0.9608079589990955,3317,0.859748427672956,1590,baseline,3000.0,16500.0,40000.0,0.075,0.11503912377969504,0.23007824755939008,6.902347426781702,1.25,3.67,1.25,3.67,0.009544769346843989,0.15904312808798324,8e8944d2be63,0641409,False,run_layer1,1.0,0.7793055006173827,1163.0638074881176,0.07999999999999996,0.21521644138892304,0.92,0.6138722032387856,0.9933333333333333,-0.04978314401032591,-0.07333333333333325,0.0,0.0,0.04978314401032591,0.07333333333333325
strong_drift,nominal,belief_horizon,301,path_budget,115,0.7666666666666667,43.35168362496396,0.014450490154184143,3000.0147512236094,5784.0,321,106,66,21.999891824892103,1414.867368048729,0.4716201370248764,2199.0,0.3801867219917012,0.37735849056603776,0,1536,148,115,33,33,1098,290,0,0.777027027027027,0,0,0.011073775369415513,1,0.47905975651497096,0.47333333333333333,0.64,0.7666666666666667,0.0,0.0,0.0,0.0,0.0030265055687554725,0.01555312297055988,0.960772104607721,0.9933333333333333,504,12344,0.9949227840067696,0.9466666666666667,24,4703,0.9408939785740672,0.9933333333333333,480,7641,0.988582612950579,6131,0.9591695501730104,4335,0.8921074727120067,2382,baseline,3000.0,16500.0,40000.0,0.075,0.11503912377969504,0.23007824755939008,6.902347426781702,1.25,3.67,1.25,3.67,0.009544769346843989,0.15904312808798324,6b8cfc7fe64e,0641409,False,run_layer1,1.0,0.7578307700555608,1633.539689760718,0.23333333333333328,0.2787710135405898,0.7666666666666667,0.47905975651497096,0.84,0.0,-0.07333333333333325,0.0,0.0,-0.0,0.07333333333333325
strong_drift,nominal,belief_horizon,302,path_budget,136,0.9066666666666666,49.712160948779285,0.01656962963146977,3000.1974729938293,5311.0,274,111,67,22.33186335336194,1156.3688605106045,0.3854309161045623,1854.0,0.3490868009791,0.3963963963963964,0,2057,187,136,51,51,1391,479,0,0.7272727272727273,0,0,-0.02297496617692628,1,0.5075640850068448,0.49333333333333335,0.74,0.9066666666666666,0.0,0.0,0.0,0.0,0.009326382831494154,0.045322129069388845,0.963195759182128,1.0,486,12719,0.9926236044657097,1.0,37,4979,0.9451703504701429,1.0,449,7740,0.990033731984054,6522,0.9622437971952535,4635,0.8798828125,2048,baseline,3000.0,16500.0,40000.0,0.075,0.11503912377969504,0.23007824755939008,6.902347426781702,1.25,3.67,1.25,3.67,0.009544769346843989,0.15904312808798324,bf784ed3031e,0641409,False,run_layer1,1.0,0.7747007979899342,1194.5526505037942,0.09333333333333338,0.2671367129830894,0.9066666666666666,0.5729789429275924,0.9466666666666667,-0.06541485792074764,-0.040000000000000036,0.0,0.0,0.06541485792074764,0.040000000000000036
strong_drift,nominal,belief_horizon,303,path_budget,104,0.6933333333333334,36.60598741830584,0.01220167933523353,3000.077809994769,5525.0,304,112,75,24.999351600194256,1385.545222278229,0.46183642892937,2058.0,0.3724886877828054,0.33035714285714285,0,1434,133,104,29,29,1007,294,0,0.7819548872180451,0,0,-0.05445440936813319,1,0.5201775210700035,0.52,0.68,0.6933333333333334,0.0,0.0,0.0,0.0,0.002885097495146249,0.01302633049737126,0.9630088221637517,1.0,478,12444,0.9943355119825708,0.98,26,4564,0.9457513202112338,1.0,452,7880,0.9893617021276596,5734,0.9642781652927499,4731,0.899063899063899,2457,baseline,3000.0,16500.0,40000.0,0.075,0.11503912377969504,0.23007824755939008,6.902347426781702,1.25,3.67,1.25,3.67,0.009544769346843989,0.15904312808798324,66e856e62787,0641409,False,run_layer1,1.0,0.7889563930545744,1170.6556459089393,0.30666666666666664,0.26877887198457096,0.6933333333333334,0.634318331605053,0.9466666666666667,-0.11414081053504954,-0.2533333333333333,0.0,0.0,0.11414081053504954,0.2533333333333333
strong_drift,nominal,belief_horizon,304,path_budget,65,0.43333333333333335,22.657337216667987,0.007552058990998322,3000.1536327608674,5631.0,290,84,63,20.998924625744834,1730.90098034136,0.5769374479494612,2389.0,0.42425856863789735,0.25,0,785,84,65,19,19,600,101,0,0.7738095238095238,0,0,-0.009429435870734297,0,0.31547902622270724,0.3933333333333333,0.43333333333333335,0.43333333333333335,0.0,0.0,0.0,0.0,0.0029116756327780013,0.011315253587641665,0.9354175236528177,0.5066666666666667,471,6822,0.9916699722332408,0.4666666666666667,21,2500,0.9056999161777033,0.5066666666666667,450,4322,0.9785467128027682,2890,0.9473324213406292,2924,0.8275862068965517,1479,baseline,3000.0,16500.0,40000.0,0.075,0.11503912377969504,0.23007824755939008,6.902347426781702,1.25,3.67,1.25,3.67,0.009544769346843989,0.15904312808798324,4200b7f8013f,0641409,False,run_layer1,1.0,0.7480540010465131,1342.1244160928545,0.5666666666666667,0.43257497482380586,0.43333333333333335,0.333741713019594,0.5066666666666667,-0.01826268679688675,-0.07333333333333336,0.0,0.0,0.01826268679688675,0.07333333333333336
strong_drift,nominal,belief_orienteering,300,path_budget,141,0.94,46.799841625056345,0.01559911861394808,3000.1593540810622,5035.0,205,117,66,21.998831465475792,1747.17949645507,0.5823622315522718,2687.0,0.5336643495531281,0.4358974358974359,0,2289,183,141,42,42,1307,799,0,0.7704918032786885,0,0,0.0349199913118568,1,0.5887214320992206,0.5533333333333333,0.8466666666666667,0.94,0.0,0.0,0.0,0.0,0.0007672242664209526,0.011681222512945141,0.9625354950993863,1.0,409,10508,0.9956998494947323,1.0,20,4631,0.9379189275454836,1.0,389,5877,0.9927857025741925,6099,0.9581564584596726,3298,0.8506578947368421,1520,baseline,3000.0,16500.0,40000.0,0.075,0.11503912377969504,0.23007824755939008,6.902347426781702,1.25,3.67,1.25,3.67,0.009544769346843989,0.15904312808798324,b7579803e0b1,0641409,False,run_layer1,1.0,0.7793055006173827,1163.0638074881176,0.06000000000000005,0.19058406851816212,0.94,0.6138722032387856,0.9933333333333333,-0.025150771139564987,-0.053333333333333344,0.0,0.0,0.025150771139564987,0.053333333333333344
strong_drift,nominal,belief_orienteering,301,path_budget,91,0.6066666666666667,33.95601146395758,0.011317832648970688,3000.222084662627,5068.0,207,93,58,19.331902227005326,1361.1097207271887,0.4536696558849058,2055.0,0.40548539857932125,0.3763440860215054,0,1528,124,91,33,33,983,421,0,0.7338709677419355,0,0,0.0006899155813497523,1,0.42045486582454,0.4866666666666667,0.6066666666666667,0.6066666666666667,0.0,0.0,0.0,0.0,0.0038451752268027035,0.014180039280425757,0.9601530421799179,0.96,427,10289,0.9906361883778574,0.8933333333333333,34,3597,0.9445306986591391,0.96,393,6692,0.9874784110535406,4632,0.9600313479623824,3828,0.9042553191489362,2256,baseline,3000.0,16500.0,40000.0,0.075,0.11503912377969504,0.23007824755939008,6.902347426781702,1.25,3.67,1.25,3.67,0.009544769346843989,0.15904312808798324,e071175f12ff,0641409,False,run_layer1,1.0,0.7578307700555608,1633.539689760718,0.3933333333333333,0.33737590423102076,0.6066666666666667,0.47905975651497096,0.84,-0.058604890690430955,-0.23333333333333328,0.0,0.0,0.058604890690430955,0.23333333333333328
strong_drift,nominal,belief_orienteering,302,path_budget,89,0.5933333333333334,33.15249362898662,0.011050022467055047,3000.2195676822116,4922.0,187,113,85,28.331259790317905,1867.3821062142365,0.6224151479876064,2836.0,0.576188541243397,0.24778761061946902,0,1411,120,89,31,31,934,357,0,0.7416666666666667,0,0,0.007899262179114443,1,0.42845159525366666,0.47333333333333333,0.5933333333333334,0.5933333333333334,0.0,0.0,0.0,0.0,0.0038399033838345956,0.012304620394086417,0.9627270134068651,1.0,392,10125,0.9946264073694985,0.9933333333333333,21,3887,0.9438644272961113,1.0,371,6238,0.9908740620563781,4931,0.9620187304890739,3844,0.8846153846153846,1742,baseline,3000.0,16500.0,40000.0,0.075,0.11503912377969504,0.23007824755939008,6.902347426781702,1.25,3.67,1.25,3.67,0.009544769346843989,0.15904312808798324,b8689180c6b0,0641409,False,run_layer1,1.0,0.7747007979899342,1194.5526505037942,0.4066666666666666,0.3462492027362675,0.5933333333333334,0.5729789429275924,0.9466666666666667,-0.14452734767392578,-0.3533333333333333,0.0,0.0,0.14452734767392578,0.3533333333333333
strong_drift,nominal,belief_orienteering,303,path_budget,141,0.94,49.31654769276267,0.01643860735177655,3000.0441422693234,5893.0,314,97,47,15.66643614931872,1209.5054394267834,0.4031625476390081,2021.0,0.3429492618360767,0.5154639175257731,0,2482,207,141,66,66,1493,782,0,0.6811594202898551,0,0,-0.012270800818016923,1,0.5788862551804596,0.4066666666666667,0.94,0.94,0.0,0.0,0.0,0.0,0.0009009316596821008,0.009059015044064313,0.9619923260696446,1.0,525,13288,0.9946081263238975,1.0,28,5165,0.9423433874709977,1.0,497,8123,0.9914049070167213,6399,0.9648575587440216,4809,0.8844529750479846,2605,baseline,3000.0,16500.0,40000.0,0.075,0.11503912377969504,0.23007824755939008,6.902347426781702,1.25,3.67,1.25,3.67,0.009544769346843989,0.15904312808798324,7a3fb23ce7c9,0641409,False,run_layer1,1.0,0.7889563930545744,1170.6556459089393,0.06000000000000005,0.21007013787411488,0.94,0.634318331605053,0.9466666666666667,-0.05543207642459347,-0.00666666666666671,0.0,0.0,0.05543207642459347,0.00666666666666671
strong_drift,nominal,belief_orienteering,304,path_budget,68,0.4533333333333333,24.03522419040803,0.008011468415053494,3000.1022216159536,5186.0,213,107,84,27.99904596409213,2033.8962343148057,0.6779423113187398,3012.0,0.5807944465869649,0.21495327102803738,0,859,91,68,23,23,653,115,0,0.7472527472527473,0,0,0.022136894165120505,0,0.3312392613597173,0.44,0.4533333333333333,0.4533333333333333,0.0,0.0,0.0,0.0,0.002828483594592525,0.011624340478197116,0.9385879403982732,0.54,441,6740,0.9903420523138833,0.48,24,2461,0.9112010221465077,0.54,417,4279,0.9803486529318542,3155,0.9465648854961832,2620,0.8300142247510669,1406,baseline,3000.0,16500.0,40000.0,0.075,0.11503912377969504,0.23007824755939008,6.902347426781702,1.25,3.67,1.25,3.67,0.009544769346843989,0.15904312808798324,b9bb73e21da4,0641409,False,run_layer1,1.0,0.7480540010465131,1342.1244160928545,0.5466666666666666,0.4168147396867958,0.4533333333333333,0.333741713019594,0.5066666666666667,-0.00250245165987667,-0.0533333333333334,0.0,0.0,0.00250245165987667,0.0533333333333334
strong_drift,nominal,belief_orienteering_depth1,300,path_budget,144,0.96,47.79429939204398,0.01593028650400343,3000.2159333438744,4949.0,203,130,82,27.33136608224307,1863.1607977070003,0.6210089003928542,2900.0,0.5859769650434431,0.36923076923076925,0,2578,194,144,50,50,1420,964,0,0.7422680412371134,0,0,0.018484246382068123,1,0.6138722032387856,0.5466666666666666,0.9266666666666666,0.96,0.0,0.0,0.0,0.0,0.001418280254831215,0.014087135583028106,0.9684021236513102,1.0,369,11309,0.9948402460805715,1.0,26,5013,0.9483355927097454,1.0,343,6296,0.9917394014962594,6416,0.963421052631579,3800,0.8789329685362517,1462,baseline,3000.0,16500.0,40000.0,0.075,0.11503912377969504,0.23007824755939008,6.902347426781702,1.25,3.67,1.25,3.67,0.009544769346843989,0.15904312808798324,3878df1fa41e,0641409,False,run_layer1,1.0,0.7793055006173827,1163.0638074881176,0.040000000000000036,0.16543329737859713,0.96,0.6138722032387856,0.9933333333333333,0.0,-0.033333333333333326,0.0,0.0,-0.0,0.033333333333333326
strong_drift,nominal,belief_orienteering_depth1,301,path_budget,87,0.58,33.02971693560032,0.011009552138544508,3000.0963272577715,5271.0,193,79,50,16.666131532417275,1568.2706852381698,0.5227401103722702,2441.0,0.4630999810282679,0.3670886075949367,0,1316,113,87,26,26,863,340,0,0.7699115044247787,0,0,0.0017206040857892582,1,0.4038340704107574,0.4666666666666667,0.52,0.58,0.0,0.0,0.0,0.0,0.004062494108767615,0.01477801661746534,0.9543521406294301,0.9666666666666667,483,10098,0.9901933314653965,0.8666666666666667,35,3534,0.9361095265259555,0.9666666666666667,448,6564,0.9868530884808013,4792,0.9503605102606767,3606,0.8896014658726523,2183,baseline,3000.0,16500.0,40000.0,0.075,0.11503912377969504,0.23007824755939008,6.902347426781702,1.25,3.67,1.25,3.67,0.009544769346843989,0.15904312808798324,c380c54afcd9,0641409,False,run_layer1,1.0,0.7578307700555608,1633.539689760718,0.42000000000000004,0.35399669964480335,0.58,0.47905975651497096,0.84,-0.07522568610421354,-0.26,0.0,0.0,0.07522568610421354,0.26
strong_drift,nominal,belief_orienteering_depth1,302,path_budget,142,0.9466666666666667,49.80854405625368,0.016601815796852944,3000.186525723014,5284.0,242,114,67,22.33194483928085,1506.57309298013,0.5021598090862239,2371.0,0.4487130961392884,0.41228070175438597,0,1977,180,142,38,38,1281,516,0,0.7888888888888889,0,0,-0.026857043426452773,1,0.5729789429275924,0.46,0.9466666666666667,0.9466666666666667,0.0,0.0,0.0,0.0,0.0008636328271307867,0.012953225175796225,0.9634401405504894,1.0,437,11516,0.9937954642704322,1.0,29,4645,0.9439483445528232,1.0,408,6871,0.991044776119403,6030,0.9580019880715706,4024,0.8873091100579252,1899,baseline,3000.0,16500.0,40000.0,0.075,0.11503912377969504,0.23007824755939008,6.902347426781702,1.25,3.67,1.25,3.67,0.009544769346843989,0.15904312808798324,2cb81f8597bf,0641409,False,run_layer1,1.0,0.7747007979899342,1194.5526505037942,0.053333333333333344,0.20172185506234175,0.9466666666666667,0.5729789429275924,0.9466666666666667,0.0,0.0,0.0,0.0,-0.0,-0.0
strong_drift,nominal,belief_orienteering_depth1,303,path_budget,142,0.9466666666666667,49.26889345223614,0.016422731574558813,3000.0425464275863,5797.0,297,97,43,14.333130058839956,1233.3634086927234,0.4111153057350461,2020.0,0.3484560979817147,0.5567010309278351,0,2087,185,142,43,43,1342,560,0,0.7675675675675676,0,0,-0.0608942982308249,1,0.634318331605053,0.5666666666666667,0.9466666666666667,0.9466666666666667,0.0,0.0,0.0,0.0,0.0008156788894724882,0.011358632946623325,0.9628631762906866,1.0,510,13223,0.9946524064171123,1.0,29,5394,0.9421179302045728,1.0,481,7829,0.9893787283573403,6873,0.9625184249315646,4749,0.877309332070109,2111,baseline,3000.0,16500.0,40000.0,0.075,0.11503912377969504,0.23007824755939008,6.902347426781702,1.25,3.67,1.25,3.67,0.009544769346843989,0.15904312808798324,6aac32d8d37f,0641409,False,run_layer1,1.0,0.7889563930545744,1170.6556459089393,0.053333333333333344,0.1546380614495214,0.9466666666666667,0.634318331605053,0.9466666666666667,0.0,0.0,0.0,0.0,-0.0,-0.0
strong_drift,nominal,belief_orienteering_depth1,304,path_budget,76,0.5066666666666667,27.005492999229375,0.009001315564722303,3000.1717865629025,5266.0,220,99,76,25.33188277430878,1839.548220099062,0.6131476298583923,2738.0,0.5199392328142803,0.23232323232323232,0,1120,98,76,22,22,756,266,0,0.7755102040816326,0,0,-0.013790073057305535,0,0.333741713019594,0.42,0.44666666666666666,0.5066666666666667,0.2602739726027397,0.76,0.38775510204081637,0.24050632911392406,0.00596890925977989,0.02863463240373344,0.947094945677846,1.0,448,8020,0.991199478487614,0.9666666666666667,27,3041,0.922037037037037,1.0,421,4979,0.9802007808142778,3586,0.9512195121951219,3280,0.8645443196004994,1602,baseline,3000.0,16500.0,40000.0,0.075,0.11503912377969504,0.23007824755939008,6.902347426781702,1.25,3.67,1.25,3.67,0.009544769346843989,0.15904312808798324,dee3ce0893f5,0641409,False,run_layer1,1.0,0.7480540010465131,1342.1244160928545,0.4933333333333333,0.4143122880269191,0.5066666666666667,0.333741713019594,0.5066666666666667,0.0,0.0,0.0,0.0,-0.0,-0.0
strong_drift,nominal,adaptive_mission,300,path_budget,138,0.92,45.90100289800161,0.015299179815667946,3000.2263814818507,5198.0,247,144,90,29.997736355997187,1819.260812884983,0.6063745136413428,2873.0,0.5527125817622163,0.375,0,2222,173,138,35,35,1234,815,0,0.7976878612716763,0,0,0.02244833439929359,1,0.5640890592284596,0.5533333333333333,0.7066666666666667,0.92,0.0,0.0,0.0,0.0,0.0016908698085003383,0.01828581582281039,0.9623025039268225,1.0,408,10415,0.9946392673665401,0.9933333333333333,24,4453,0.939489442168295,1.0,384,5962,0.9907031778228533,5916,0.9608079589990955,3317,0.859748427672956,1590,baseline,3000.0,16500.0,40000.0,0.075,0.11503912377969504,0.23007824755939008,6.902347426781702,1.25,3.67,1.25,3.67,0.009544769346843989,0.15904312808798324,4b4ee4f17d4f,0641409,False,run_layer1,1.0,0.7793055006173827,1163.0638074881176,0.07999999999999996,0.21521644138892304,0.92,0.6138722032387856,0.9933333333333333,-0.04978314401032591,-0.07333333333333325,0.0,0.0,0.04978314401032591,0.07333333333333325
strong_drift,nominal,adaptive_mission,301,path_budget,115,0.7666666666666667,43.35168362496396,0.014450490154184143,3000.0147512236094,5784.0,321,106,66,21.999891824892103,1414.867368048729,0.4716201370248764,2199.0,0.3801867219917012,0.37735849056603776,0,1536,148,115,33,33,1098,290,0,0.777027027027027,0,0,0.011073775369415513,1,0.47905975651497096,0.47333333333333333,0.64,0.7666666666666667,0.0,0.0,0.0,0.0,0.0030265055687554725,0.01555312297055988,0.960772104607721,0.9933333333333333,504,12344,0.9949227840067696,0.9466666666666667,24,4703,0.9408939785740672,0.9933333333333333,480,7641,0.988582612950579,6131,0.9591695501730104,4335,0.8921074727120067,2382,baseline,3000.0,16500.0,40000.0,0.075,0.11503912377969504,0.23007824755939008,6.902347426781702,1.25,3.67,1.25,3.67,0.009544769346843989,0.15904312808798324,f3e5989a35ae,0641409,False,run_layer1,1.0,0.7578307700555608,1633.539689760718,0.23333333333333328,0.2787710135405898,0.7666666666666667,0.47905975651497096,0.84,0.0,-0.07333333333333325,0.0,0.0,-0.0,0.07333333333333325
strong_drift,nominal,adaptive_mission,302,path_budget,136,0.9066666666666666,49.712160948779285,0.01656962963146977,3000.1974729938293,5311.0,274,111,67,22.33186335336194,1156.3688605106045,0.3854309161045623,1854.0,0.3490868009791,0.3963963963963964,0,2057,187,136,51,51,1391,479,0,0.7272727272727273,0,0,-0.02297496617692628,1,0.5075640850068448,0.49333333333333335,0.74,0.9066666666666666,0.0,0.0,0.0,0.0,0.009326382831494154,0.045322129069388845,0.963195759182128,1.0,486,12719,0.9926236044657097,1.0,37,4979,0.9451703504701429,1.0,449,7740,0.990033731984054,6522,0.9622437971952535,4635,0.8798828125,2048,baseline,3000.0,16500.0,40000.0,0.075,0.11503912377969504,0.23007824755939008,6.902347426781702,1.25,3.67,1.25,3.67,0.009544769346843989,0.15904312808798324,753ad96cf813,0641409,False,run_layer1,1.0,0.7747007979899342,1194.5526505037942,0.09333333333333338,0.2671367129830894,0.9066666666666666,0.5729789429275924,0.9466666666666667,-0.06541485792074764,-0.040000000000000036,0.0,0.0,0.06541485792074764,0.040000000000000036
strong_drift,nominal,adaptive_mission,303,path_budget,104,0.6933333333333334,36.60598741830584,0.01220167933523353,3000.077809994769,5525.0,304,112,75,24.999351600194256,1385.545222278229,0.46183642892937,2058.0,0.3724886877828054,0.33035714285714285,0,1434,133,104,29,29,1007,294,0,0.7819548872180451,0,0,-0.05445440936813319,1,0.5201775210700035,0.52,0.68,0.6933333333333334,0.0,0.0,0.0,0.0,0.002885097495146249,0.01302633049737126,0.9630088221637517,1.0,478,12444,0.9943355119825708,0.98,26,4564,0.9457513202112338,1.0,452,7880,0.9893617021276596,5734,0.9642781652927499,4731,0.899063899063899,2457,baseline,3000.0,16500.0,40000.0,0.075,0.11503912377969504,0.23007824755939008,6.902347426781702,1.25,3.67,1.25,3.67,0.009544769346843989,0.15904312808798324,aa8756f09bb2,0641409,False,run_layer1,1.0,0.7889563930545744,1170.6556459089393,0.30666666666666664,0.26877887198457096,0.6933333333333334,0.634318331605053,0.9466666666666667,-0.11414081053504954,-0.2533333333333333,0.0,0.0,0.11414081053504954,0.2533333333333333
strong_drift,nominal,adaptive_mission,304,path_budget,133,0.8866666666666667,44.74713305446568,0.014915686381467588,3000.0049551901952,4997.0,236,88,43,14.333309658574839,1482.3487520237102,0.4941154345292512,1941.0,0.38843305983590154,0.5113636363636364,8,2204,165,133,32,32,1232,807,0,0.806060606060606,0,0,-0.013708779667510579,1,0.4122615650457993,0.41333333333333333,0.47333333333333333,0.8866666666666667,0.0,0.0,0.0,0.0,0.014986112948238034,0.06430524805412816,0.9662150719729043,1.0,399,11411,0.9947067541816642,1.0,25,4698,0.9472273176238183,0.9933333333333333,374,6713,0.9897151898734177,6320,0.9633423180592992,3710,0.8887640449438202,1780,baseline,3000.0,16500.0,40000.0,0.075,0.11503912377969504,0.23007824755939008,6.902347426781702,1.25,3.67,1.25,3.67,0.009544769346843989,0.15904312808798324,721ea798925e,0641409,False,run_layer1,1.0,0.7480540010465131,1342.1244160928545,0.11333333333333329,0.3357924360007138,0.8866666666666667,0.333741713019594,0.5066666666666667,0.07851985202620532,0.38,0.07851985202620532,0.38,0.0,0.0
strong_drift,nominal,oracle_current_physics,300,done,150,1.0,49.78158694731661,0.04280211165269641,1163.0638074881176,2044.0,172,170,27,23.214547496162066,68.50038544257606,0.058896498198595944,243.0,0.11888454011741682,0.8411764705882353,0,1971,203,150,53,53,1421,347,0,0.7389162561576355,0,0,-0.08116327820599788,1,0.7793055006173827,0.66,0.9933333333333333,0.9933333333333333,0.0,0.0,0.0,0.0,0.024403067181270048,0.10053503035535359,0.978493302199828,1.0,175,7962,0.9946409431939979,1.0,15,2784,0.9700262270513301,1.0,160,5178,0.9931488801054018,3795,0.979901269393512,2836,0.9389110225763613,1506,baseline,3000.0,16500.0,40000.0,0.075,0.11503912377969504,0.23007824755939008,6.902347426781702,1.25,3.67,1.25,3.67,0.009544769346843989,0.15904312808798324,ca536b5fff65,0641409,False,run_layer1,1.0,0.7793055006173827,1163.0638074881176,0.0,0.0,1.0,0.6138722032387856,0.9933333333333333,,,,,,
strong_drift,nominal,oracle_current_physics,301,done,150,1.0,56.08789484611198,0.034335189525959896,1633.539689760718,2522.0,169,164,25,15.304188907501855,109.97767187687374,0.06732476264043719,282.0,0.11181601903251388,0.8475609756097561,0,2108,196,150,46,46,1375,537,0,0.7653061224489796,0,0,-0.059330956877383545,2,0.7578307700555608,0.7039660749797271,0.9933333333333333,0.9933333333333333,0.0,0.0,0.0,0.0,0.015166916554744014,0.08446005495886959,0.9680964738207907,1.0,209,6342,0.9961815867628341,1.0,9,2348,0.9523128278493085,1.0,200,3994,0.9934021801491681,3486,0.9552763819095478,1990,0.9097674418604651,1075,baseline,3000.0,16500.0,40000.0,0.075,0.11503912377969504,0.23007824755939008,6.902347426781702,1.25,3.67,1.25,3.67,0.009544769346843989,0.15904312808798324,4e0bbc78647b,0641409,False,run_layer1,1.0,0.7578307700555608,1633.539689760718,0.0,0.0,1.0,0.47905975651497096,0.84,,,,,,
strong_drift,nominal,oracle_current_physics,302,done,150,1.0,54.49105034109934,0.04561628180902543,1194.5526505037942,2020.0,162,160,17,14.231268912952785,69.88428786947335,0.05850247608592233,177.0,0.08762376237623762,0.89375,0,1930,200,150,50,50,1400,330,0,0.75,0,0,-0.05576991487405314,1,0.7747007979899342,0.8797903245719435,0.9933333333333333,0.9933333333333333,0.0,0.0,0.0,0.0,0.034933969877465686,0.12552468040497644,0.9749789148158561,1.0,178,6936,0.9992984917572781,1.0,2,2849,0.958714520290875,1.0,176,4087,0.9959100204498977,3912,0.9715429079590929,2249,0.8971668415529905,953,baseline,3000.0,16500.0,40000.0,0.075,0.11503912377969504,0.23007824755939008,6.902347426781702,1.25,3.67,1.25,3.67,0.009544769346843989,0.15904312808798324,a259c521dcbe,0641409,False,run_layer1,1.0,0.7747007979899342,1194.5526505037942,0.0,0.0,1.0,0.5729789429275924,0.9466666666666667,,,,,,
strong_drift,nominal,oracle_current_physics,303,done,150,1.0,52.49296246441448,0.04484065202936518,1170.6556459089393,1984.0,172,170,27,23.06399844767009,213.57537624346907,0.18244082022740465,375.0,0.18901209677419356,0.8411764705882353,0,2199,215,150,65,65,1505,479,0,0.6976744186046512,0,0,-0.06946543366249644,1,0.7889563930545744,0.9666666666666667,0.9933333333333333,0.9933333333333333,0.0,0.0,0.0,0.0,0.03200516058010538,0.12694542705384598,0.9704340227206525,1.0,203,6663,0.9969336910693752,1.0,8,2601,0.9541930937279774,1.0,195,4062,0.9934782608695653,3680,0.9668688754083061,2143,0.8964525407478428,1043,baseline,3000.0,16500.0,40000.0,0.075,0.11503912377969504,0.23007824755939008,6.902347426781702,1.25,3.67,1.25,3.67,0.009544769346843989,0.15904312808798324,3b823e0a6d7a,0641409,False,run_layer1,1.0,0.7889563930545744,1170.6556459089393,0.0,0.0,1.0,0.634318331605053,0.9466666666666667,,,,,,
strong_drift,nominal,oracle_current_physics,304,done,150,1.0,52.068355215085596,0.0387954757329169,1342.1244160928545,2194.0,166,163,21,15.64683553044543,288.70910694529664,0.21511351964356365,444.0,0.2023701002734731,0.8711656441717791,0,2407,210,150,60,60,1472,725,0,0.7142857142857143,0,0,-0.058022268860651094,1,0.7480540010465131,0.52,0.9933333333333333,0.9933333333333333,0.0,0.0,0.0,0.0,0.040204623041185904,0.14666612759427927,0.9727463312368972,1.0,195,6960,0.9968409968409968,1.0,9,2840,0.9568044588945657,1.0,186,4120,0.9936064409187781,4223,0.9655688622754491,2004,0.8933189655172413,928,baseline,3000.0,16500.0,40000.0,0.075,0.11503912377969504,0.23007824755939008,6.902347426781702,1.25,3.67,1.25,3.67,0.009544769346843989,0.15904312808798324,8a51b6dbf41d,0641409,False,run_layer1,1.0,0.7480540010465131,1342.1244160928545,0.0,0.0,1.0,0.333741713019594,0.5066666666666667,,,,,,
robot_disturbed,nominal,lawnmower_collect,300,path_budget,18,0.12,4.709884492192544,0.001569961497396945,3000.0000000010887,5068.0,30,29,19,6.333333333331035,1641.3000000004267,0.5470999999999437,2779.0,0.5483425414364641,0.3448275862068966,0,508,24,18,6,6,281,203,0,0.75,8199,70,-0.041002423417197224,0,0.04873516666665111,0.013333333333333334,0.06666666666666667,0.12,0.0,0.0,0.0,0.0,0.008869664652604886,0.02914138244761174,0.9624678663239075,0.8666666666666667,438,11232,0.9936728883264789,0.6866666666666666,20,3141,0.9508755435421319,0.8666666666666667,418,8091,0.9878959567344836,3883,0.9691383595691798,4828,0.9182156133828996,2959,baseline,3000.0,16500.0,40000.0,0.075,0.04527692569068708,0.09055385138137416,2.7166155414412247,1.25,3.67,1.25,3.67,0.009544769346843989,0.15904312808798324,f6ebb5b10ab6,0641409,False,run_layer1,1.0,0.7731979251957638,1370.376999251005,0.88,0.7244627585291127,0.12,0.5083667286784742,0.9533333333333334,-0.4596315620118231,-0.8333333333333334,0.0,0.0,0.4596315620118231,0.8333333333333334
robot_disturbed,nominal,lawnmower_collect,301,path_budget,15,0.1,5.158999651130747,0.0017196665503762918,3000.0000000010887,5068.0,30,29,16,5.333333333331399,1243.8000000005932,0.41460000000004726,2107.0,0.4157458563535912,0.4482758620689655,0,295,22,15,7,7,213,60,0,0.6818181818181818,5914,48,-0.04313583957146731,0,0.05091699999998971,0.03333333333333333,0.06666666666666667,0.1,0.0,0.0,0.0,0.0,0.008740999815450916,0.02782749896792844,0.9491387337057728,0.68,437,8155,0.9901960784313726,0.48,21,2121,0.9355038759689922,0.68,416,6034,0.9775849602313811,2766,0.9547038327526133,3444,0.9080604534005038,2382,baseline,3000.0,16500.0,40000.0,0.075,0.04527692569068708,0.09055385138137416,2.7166155414412247,1.25,3.67,1.25,3.67,0.009544769346843989,0.15904312808798324,205fdc558c0e,0641409,False,run_layer1,1.0,0.7124589905306834,1980.314746423218,0.9,0.6615419905306937,0.1,0.34667741146738124,0.82,-0.2957604114673915,-0.72,0.0,0.0,0.2957604114673915,0.72
robot_disturbed,nominal,lawnmower_collect,302,path_budget,11,0.07333333333333333,3.432951665272419,0.0011443172217570578,3000.0000000010887,5068.0,30,29,23,7.666666666663885,2629.800000001017,0.8766000000000209,4436.0,0.8752959747434885,0.20689655172413793,0,202,14,11,3,3,135,53,0,0.7857142857142857,3020,34,-0.023446637636785957,0,0.029646333333323956,0.006666666666666667,0.04666666666666667,0.07333333333333333,0.0,0.0,0.0,0.0,0.008615500803129592,0.023859314255502816,0.9232949178159834,0.5533333333333333,406,4887,0.9770642201834863,0.3466666666666667,30,1278,0.90564617314931,0.5533333333333333,376,3609,0.968187274909964,1666,0.9273849074513526,2107,0.868421052631579,1520,baseline,3000.0,16500.0,40000.0,0.075,0.04527692569068708,0.09055385138137416,2.7166155414412247,1.25,3.67,1.25,3.67,0.009544769346843989,0.15904312808798324,308be1ddafda,0641409,False,run_layer1,1.0,0.6975259231236746,1557.0119491970258,0.9266666666666666,0.6678795897903506,0.07333333333333333,0.3906788181393673,0.8866666666666667,-0.36103248480604333,-0.8133333333333334,0.0,0.0,0.36103248480604333,0.8133333333333334
robot_disturbed,nominal,lawnmower_collect,303,path_budget,8,0.05333333333333334,2.754731191742981,0.0009182437305806604,3000.0000000010887,5068.0,30,29,24,7.999999999997097,2443.2000000008807,0.814399999999998,4125.0,0.813930544593528,0.1724137931034483,0,128,10,8,2,2,100,18,0,0.8,2771,26,-0.03681412175774801,0,0.022655999999992977,0.006666666666666667,0.02,0.05333333333333334,0.0,0.0,0.0,0.0,0.006427536206469875,0.021002061586316692,0.9165256627185561,0.5533333333333333,444,4875,0.9874266554903605,0.3,15,1178,0.896025206010664,0.5533333333333333,429,3697,0.9672016748080949,1433,0.9302656546489564,2108,0.859392575928009,1778,baseline,3000.0,16500.0,40000.0,0.075,0.04527692569068708,0.09055385138137416,2.7166155414412247,1.25,3.67,1.25,3.67,0.009544769346843989,0.15904312808798324,75918464df9d,0641409,False,run_layer1,1.0,0.7154645430022321,1468.1105921768333,0.9466666666666667,0.692808543002239,0.05333333333333334,0.39178697857755673,0.8333333333333334,-0.3691309785775638,-0.78,0.0,0.0,0.3691309785775638,0.78
robot_disturbed,nominal,lawnmower_collect,304,path_budget,11,0.07333333333333333,2.9458741952904526,0.0009819580650964612,3000.0000000010887,5068.0,30,29,23,7.666666666663885,2241.3000000007905,0.7470999999999924,3788.0,0.7474348855564326,0.20689655172413793,0,168,12,11,1,1,121,35,0,0.9166666666666666,2951,28,-0.02604842717585519,0,0.02674199999998899,0.006666666666666667,0.04,0.07333333333333333,0.0,0.0,0.0,0.0,0.005464803384659638,0.022261658099548144,0.9066165080770082,0.3933333333333333,422,4097,0.9728070175438597,0.29333333333333333,31,1109,0.8842852915063628,0.3933333333333333,391,2988,0.9510985116938342,1411,0.9213608477412158,1793,0.8387832699619772,1315,baseline,3000.0,16500.0,40000.0,0.075,0.04527692569068708,0.09055385138137416,2.7166155414412247,1.25,3.67,1.25,3.67,0.009544769346843989,0.15904312808798324,6bef2aece0e2,0641409,False,run_layer1,1.0,0.7151668763699179,1751.5764121719358,0.9266666666666666,0.688424876369929,0.07333333333333333,0.21941934358636278,0.44,-0.19267734358637378,-0.3666666666666667,0.0,0.0,0.19267734358637378,0.3666666666666667
robot_disturbed,nominal,greedy,300,path_budget,16,0.10666666666666667,4.856147316143154,0.0016186916383343095,3000.044728185722,4583.0,187,186,170,56.66582181353262,2706.2565055385326,0.9020720524974113,4203.0,0.9170848789002837,0.08602150537634409,0,287,25,16,9,9,261,1,0,0.64,9482,72,-0.024752377201362388,0,0.08128640358104902,0.07333333333333333,0.10666666666666667,0.10666666666666667,0.0,0.0,0.0,0.0,0.006016707336417333,0.016638487606604208,0.9598351125673819,0.9066666666666666,380,9081,0.9931895573212258,0.7066666666666667,18,2625,0.9469052508066882,0.9,362,6456,0.9885222381635581,3485,0.9628546358584381,3419,0.9166992569417286,2557,baseline,3000.0,16500.0,40000.0,0.075,0.04527692569068708,0.09055385138137416,2.7166155414412247,1.25,3.67,1.25,3.67,0.009544769346843989,0.15904312808798324,6a9a4af79c26,0641409,False,run_layer1,1.0,0.7731979251957638,1370.376999251005,0.8933333333333333,0.6919115216147148,0.10666666666666667,0.5083667286784742,0.9533333333333334,-0.4270803250974252,-0.8466666666666667,0.0,0.0,0.4270803250974252,0.8466666666666667
robot_disturbed,nominal,greedy,301,path_budget,19,0.12666666666666668,6.708173330958608,0.0022359881597549276,3000.0934046510547,4746.0,205,204,185,61.6647467419494,2772.7364921895755,0.9242167220163856,4406.0,0.9283607248209018,0.09313725490196079,0,313,28,19,9,9,274,11,0,0.6785714285714286,10036,83,-0.03358058265731552,0,0.08934012285866906,0.06,0.12666666666666668,0.12666666666666668,0.0,0.0,0.0,0.0,0.007110739808181645,0.01715803455047191,0.9418439716312057,0.8733333333333333,410,6640,0.9878875968992248,0.7066666666666667,25,2039,0.9227837946249499,0.8733333333333333,385,4601,0.9841045566937477,2831,0.9397979797979797,2475,0.8761467889908257,1744,baseline,3000.0,16500.0,40000.0,0.075,0.04527692569068708,0.09055385138137416,2.7166155414412247,1.25,3.67,1.25,3.67,0.009544769346843989,0.15904312808798324,8a710185ce2d,0641409,False,run_layer1,1.0,0.7124589905306834,1980.314746423218,0.8733333333333333,0.6231188676720143,0.12666666666666668,0.34667741146738124,0.82,-0.2573372886087122,-0.6933333333333332,0.0,0.0,0.2573372886087122,0.6933333333333332
robot_disturbed,nominal,greedy,302,path_budget,23,0.15333333333333332,7.9489625807854525,0.0026494974088529977,3000.177525829951,4754.0,201,200,177,58.99650886526649,2817.946186810117,0.9392598146439943,4448.0,0.935633151030711,0.115,0,311,29,23,6,6,278,4,0,0.7931034482758621,9748,47,-0.0006564470717654002,0,0.11193904933110972,0.1,0.15333333333333332,0.15333333333333332,0.0,0.0,0.0,0.0,0.0068466548175206005,0.01659848105168257,0.9513324158638808,0.42,389,7604,0.9903117101937658,0.36666666666666664,23,2351,0.9348638547784304,0.42,366,5253,0.9864779874213836,3180,0.9522173641474079,3202,0.8801986343885785,1611,baseline,3000.0,16500.0,40000.0,0.075,0.04527692569068708,0.09055385138137416,2.7166155414412247,1.25,3.67,1.25,3.67,0.009544769346843989,0.15904312808798324,76bb20b4bee8,0641409,False,run_layer1,1.0,0.6975259231236746,1557.0119491970258,0.8466666666666667,0.5855868737925648,0.15333333333333332,0.3906788181393673,0.8866666666666667,-0.27873976880825757,-0.7333333333333334,0.0,0.0,0.27873976880825757,0.7333333333333334
robot_disturbed,nominal,greedy,303,path_budget,26,0.17333333333333334,9.732139504432407,0.003243777057745919,3000.2491944360727,4131.0,140,139,114,37.996843799312295,2684.218394892319,0.8946651497716159,3689.0,0.8930041152263375,0.17985611510791366,0,414,38,26,12,12,345,31,0,0.6842105263157895,9450,80,-0.02862736043008185,0,0.13712756285262595,0.16,0.17333333333333334,0.17333333333333334,0.0,0.0,0.0,0.0,0.006453872533998198,0.01989791819300269,0.9559569466782135,0.8333333333333334,356,7727,0.9942457870941225,0.7133333333333334,14,2419,0.9394690265486726,0.8333333333333334,342,5308,0.9849323493234933,3252,0.9571845604930262,3083,0.8998855835240275,1748,baseline,3000.0,16500.0,40000.0,0.075,0.04527692569068708,0.09055385138137416,2.7166155414412247,1.25,3.67,1.25,3.67,0.009544769346843989,0.15904312808798324,f8fb0b823932,0641409,False,run_layer1,1.0,0.7154645430022321,1468.1105921768333,0.8266666666666667,0.5783369801496061,0.17333333333333334,0.39178697857755673,0.8333333333333334,-0.2546594157249308,-0.66,0.0,0.0,0.2546594157249308,0.66
robot_disturbed,nominal,greedy,304,path_budget,25,0.16666666666666666,8.051780809994698,0.0026838993281782333,3000.030860121737,3979.0,125,124,100,33.332990446618986,2491.85022546837,0.8306081975994254,3343.0,0.8401608444332747,0.1935483870967742,0,403,34,25,9,9,351,18,0,0.7352941176470589,13378,90,-0.04485046682371126,0,0.1274603232501289,0.12,0.16666666666666666,0.16666666666666666,0.0,0.0,0.0,0.0,0.006107527723060406,0.022794720657578607,0.9693341373072616,0.9866666666666667,356,11253,0.9935327405012127,0.9266666666666666,24,3687,0.9579640415295011,0.9866666666666667,332,7566,0.9906560636182903,5030,0.9723815593796473,4707,0.9043803418803419,1872,baseline,3000.0,16500.0,40000.0,0.075,0.04527692569068708,0.09055385138137416,2.7166155414412247,1.25,3.67,1.25,3.67,0.009544769346843989,0.15904312808798324,fbeb82034d4c,0641409,False,run_layer1,1.0,0.7151668763699179,1751.5764121719358,0.8333333333333334,0.587706553119789,0.16666666666666666,0.21941934358636278,0.44,-0.09195902033623388,-0.2733333333333333,0.0,0.0,0.09195902033623388,0.2733333333333333
robot_disturbed,nominal,confirmed_route,300,path_budget,124,0.8266666666666667,41.23045601071001,0.013743432047338687,3000.0116323705315,4437.0,216,214,135,44.99982551511858,1564.9495329727777,0.521647821657343,2603.0,0.5866576515663737,0.3691588785046729,133,2177,166,124,42,42,1469,542,0,0.7469879518072289,26086,140,-0.09911816354317315,1,0.3428546711511858,0.1,0.5666666666666667,0.8266666666666667,0.061946902654867256,0.3888888888888889,0.10687022900763359,0.056451612903225805,0.02513851245848688,0.10824064181942163,0.983754512635379,1.0,360,21800,0.9970552804176148,0.9933333333333333,22,7449,0.9769895840424808,1.0,338,14351,0.9945305378304466,9873,0.9852333136444182,8465,0.9526425954997384,3822,baseline,3000.0,16500.0,40000.0,0.075,0.04527692569068708,0.09055385138137416,2.7166155414412247,1.25,3.67,1.25,3.67,0.009544769346843989,0.15904312808798324,0df17059c0ff,0641409,False,run_layer1,1.0,0.7731979251957638,1370.376999251005,0.17333333333333334,0.430343254044578,0.8266666666666667,0.5083667286784742,0.9533333333333334,-0.16551205752728843,-0.1266666666666667,0.0,0.0,0.16551205752728843,0.1266666666666667
robot_disturbed,nominal,confirmed_route,301,path_budget,73,0.4866666666666667,27.125860376726077,0.00904190810566366,3000.015047679484,4394.0,195,194,150,49.99974920659989,2332.73190838133,0.7775734025686644,3516.0,0.8001820664542558,0.2268041237113402,147,1367,92,73,19,19,946,329,0,0.7934782608695652,17783,103,-0.056756231621751446,0,0.12161662533221548,0.02666666666666667,0.14,0.4866666666666667,0.010243277848911651,0.17777777777777778,0.01937046004842615,0.009779951100244499,0.052135875751482194,0.15447462938161632,0.979336766737847,0.9933333333333333,329,15593,0.9970232188926375,0.8266666666666667,15,5024,0.9711476614903979,0.9933333333333333,314,10569,0.9936926605504587,6976,0.9825581395348837,5848,0.9409296320206585,3098,baseline,3000.0,16500.0,40000.0,0.075,0.04527692569068708,0.09055385138137416,2.7166155414412247,1.25,3.67,1.25,3.67,0.009544769346843989,0.15904312808798324,975ad0fbf9af,0641409,False,run_layer1,1.0,0.7124589905306834,1980.314746423218,0.5133333333333333,0.5908423651984679,0.4866666666666667,0.34667741146738124,0.82,-0.22506078613516575,-0.33333333333333326,0.0,0.0,0.22506078613516575,0.33333333333333326
robot_disturbed,nominal,confirmed_route,302,path_budget,79,0.5266666666666666,29.36781415506067,0.00978887649975691,3000.1210206084397,3787.0,129,126,78,25.99895119703578,1819.8583631928022,0.6065949842329112,2383.0,0.629257987853182,0.38095238095238093,69,1183,98,79,19,19,898,187,0,0.8061224489795918,12474,89,-0.032398098017098184,1,0.3304912650469989,0.14,0.52,0.5266666666666666,0.0,0.0,0.0,0.0,0.006188749739613209,0.03226233105381286,0.9677918860328275,0.7933333333333333,312,9375,0.9951966376463525,0.6466666666666666,16,3315,0.9534298300818125,0.7933333333333333,296,6060,0.9913156752062527,4606,0.9688418577307466,3402,0.901131625967838,1679,baseline,3000.0,16500.0,40000.0,0.075,0.04527692569068708,0.09055385138137416,2.7166155414412247,1.25,3.67,1.25,3.67,0.009544769346843989,0.15904312808798324,9cb149619a61,0641409,False,run_layer1,1.0,0.6975259231236746,1557.0119491970258,0.4733333333333334,0.3670346580766757,0.5266666666666666,0.3906788181393673,0.8866666666666667,-0.060187553092368395,-0.3600000000000001,0.0,0.0,0.060187553092368395,0.3600000000000001
robot_disturbed,nominal,confirmed_route,303,path_budget,116,0.7733333333333333,39.90890107838867,0.01330209556613258,3000.196538957184,4015.0,157,155,88,29.331411744974304,1719.668258649774,0.5731852018093123,2418.0,0.602241594022416,0.432258064516129,86,1763,137,116,21,21,1279,347,0,0.8467153284671532,16453,128,-0.10024927258206355,1,0.3193475668520324,0.10298402982858686,0.5066666666666667,0.7733333333333333,0.01015228426395939,0.16,0.019093078758949878,0.00963855421686747,0.027325674327964716,0.10019760313297431,0.9734760353652862,0.9933333333333333,342,12552,0.9970414201183432,0.9066666666666666,14,4718,0.9598137711345258,0.9933333333333333,328,7834,0.991429931756864,6301,0.9736303705387588,4399,0.9216043755697356,2194,baseline,3000.0,16500.0,40000.0,0.075,0.04527692569068708,0.09055385138137416,2.7166155414412247,1.25,3.67,1.25,3.67,0.009544769346843989,0.15904312808798324,8f7dfd403168,0641409,False,run_layer1,1.0,0.7154645430022321,1468.1105921768333,0.22666666666666668,0.39611697615019964,0.7733333333333333,0.39178697857755673,0.8333333333333334,-0.07243941172552432,-0.06000000000000005,0.0,0.0,0.07243941172552432,0.06000000000000005
robot_disturbed,nominal,confirmed_route,304,path_budget,66,0.44,23.243100047632886,0.007747440188598057,3000.1006115335827,4424.0,192,191,147,48.99835673339534,2263.90923812605,0.7546111051818329,3454.0,0.780741410488246,0.23036649214659685,144,1121,90,66,24,24,858,173,0,0.7333333333333333,16769,70,-0.022400618572615563,0,0.1060816289719462,0.013333333333333334,0.1,0.44,0.002457002457002457,0.04,0.004629629629629629,0.002320185614849188,0.030795272425909122,0.10542587040522299,0.9722838986295077,0.5666666666666667,362,12699,0.9953876564902262,0.47333333333333333,21,4532,0.9599200752233192,0.5666666666666667,341,8167,0.992106561420819,6081,0.9727445594760195,4733,0.9176680017801513,2247,baseline,3000.0,16500.0,40000.0,0.075,0.04527692569068708,0.09055385138137416,2.7166155414412247,1.25,3.67,1.25,3.67,0.009544769346843989,0.15904312808798324,5447619e4f1f,0641409,False,run_layer1,1.0,0.7151668763699179,1751.5764121719358,0.56,0.6090852473979718,0.44,0.21941934358636278,0.44,-0.11333771461441658,0.0,0.0,0.0,0.11333771461441658,-0.0
robot_disturbed,nominal,belief_horizon,300,path_budget,126,0.84,41.575983564758516,0.013858580637049716,3000.017437111036,5314.0,251,124,71,23.666529108034702,1249.2039519717387,0.41639889705931177,1980.0,0.3726006774557772,0.4274193548387097,0,1730,167,126,41,41,1226,337,0,0.7544910179640718,23022,146,-0.01994570905937744,1,0.5083667286784742,0.36666666666666664,0.84,0.84,0.0,0.0,0.0,0.0,0.0022532967441319437,0.014363238569444567,0.9747959408780057,1.0,457,17675,0.996415770609319,1.0,23,6394,0.9629534784464362,1.0,434,11281,0.9928469241773963,8388,0.9752365930599369,6340,0.9294947121034077,3404,baseline,3000.0,16500.0,40000.0,0.075,0.04527692569068708,0.09055385138137416,2.7166155414412247,1.25,3.67,1.25,3.67,0.009544769346843989,0.15904312808798324,b4152daf5328,0641409,False,run_layer1,1.0,0.7731979251957638,1370.376999251005,0.16000000000000003,0.2648311965172896,0.84,0.5083667286784742,0.9533333333333334,0.0,-0.1133333333333334,0.0,0.0,-0.0,0.1133333333333334
robot_disturbed,nominal,belief_horizon,301,path_budget,72,0.48,27.16238338158788,0.009053373950090354,3000.249799834767,5527.0,273,129,95,31.664030110170142,1450.3479043068292,0.4834090496020379,2372.0,0.4291659127917496,0.26356589147286824,0,1140,108,72,36,36,814,218,0,0.6666666666666666,13960,97,0.016718288516783537,1,0.3085436543940512,0.1,0.48,0.48,0.0,0.0,0.0,0.0,0.004825093898086817,0.011332127299455331,0.9575194884820881,0.86,485,10932,0.9912596401028277,0.7133333333333334,34,3856,0.9400823701341836,0.86,451,7076,0.9875407322215833,5217,0.96,3925,0.8843956043956044,2275,baseline,3000.0,16500.0,40000.0,0.075,0.04527692569068708,0.09055385138137416,2.7166155414412247,1.25,3.67,1.25,3.67,0.009544769346843989,0.15904312808798324,410a2132824a,0641409,False,run_layer1,1.0,0.7124589905306834,1980.314746423218,0.52,0.4039153361366322,0.48,0.34667741146738124,0.82,-0.038133757073330055,-0.33999999999999997,0.0,0.0,0.038133757073330055,0.33999999999999997
robot_disturbed,nominal,belief_horizon,302,path_budget,133,0.8866666666666667,47.237493326774384,0.015745168247178747,3000.1262981256805,5652.0,302,147,80,26.66554406392149,993.2763765525715,0.3310781873326859,1762.0,0.31174805378627035,0.4557823129251701,0,1846,181,133,48,48,1337,328,0,0.7348066298342542,24531,149,-0.04607744100980979,1,0.3906788181393673,0.09333333333333334,0.5133333333333333,0.8866666666666667,0.0,0.0,0.0,0.0,0.0069187346207214475,0.051587207201773184,0.9739421192205696,1.0,452,16894,0.9965768715582676,1.0,23,6696,0.9596311282582102,1.0,429,10198,0.9939154929577465,8875,0.9725589225589225,5940,0.9071513235875148,2531,baseline,3000.0,16500.0,40000.0,0.075,0.04527692569068708,0.09055385138137416,2.7166155414412247,1.25,3.67,1.25,3.67,0.009544769346843989,0.15904312808798324,00e80838c32e,0641409,False,run_layer1,1.0,0.6975259231236746,1557.0119491970258,0.11333333333333329,0.3068471049843073,0.8866666666666667,0.3906788181393673,0.8866666666666667,0.0,0.0,0.0,0.0,-0.0,-0.0
robot_disturbed,nominal,belief_horizon,303,path_budget,125,0.8333333333333334,44.05132829063583,0.014683700028633465,3000.015541364574,5831.0,307,153,99,32.99982904587531,1206.9259981294276,0.40230658191205587,2231.0,0.3826101869319156,0.35294117647058826,0,2002,171,125,46,46,1291,540,0,0.7309941520467836,27171,149,-0.02385672876439722,1,0.39178697857755673,0.08,0.54,0.8333333333333334,0.0,0.0,0.0,0.0,0.00516092406234267,0.0295425814994726,0.9743728746735005,1.0,520,19771,0.9966353567923735,1.0,24,7109,0.9623043015655874,1.0,496,12662,0.9920366532126105,9167,0.9751758378154737,7251,0.9310611928737413,3873,baseline,3000.0,16500.0,40000.0,0.075,0.04527692569068708,0.09055385138137416,2.7166155414412247,1.25,3.67,1.25,3.67,0.009544769346843989,0.15904312808798324,9ca07abef0e0,0641409,False,run_layer1,1.0,0.7154645430022321,1468.1105921768333,0.16666666666666663,0.3236775644246753,0.8333333333333334,0.39178697857755673,0.8333333333333334,0.0,0.0,0.0,0.0,-0.0,-0.0
robot_disturbed,nominal,belief_horizon,304,path_budget,61,0.4066666666666667,21.68453623330695,0.007228101171120481,3000.0321965534235,5387.0,246,109,80,26.66638047815211,1553.411689302769,0.5177983393269581,2391.0,0.4438462966400594,0.26605504587155965,0,736,80,61,19,19,579,77,0,0.7625,12295,68,0.02554014698464109,0,0.21941934358636278,0.10666666666666667,0.32,0.4066666666666667,0.0,0.0,0.0,0.0,0.0024492068645749726,0.013096803872480103,0.955031652477625,0.48,412,8750,0.9906512932377688,0.4666666666666667,30,3179,0.9358306736099445,0.48,382,5571,0.9854323308270677,4256,0.9570628500311139,3214,0.8747044917257684,1692,baseline,3000.0,16500.0,40000.0,0.075,0.04527692569068708,0.09055385138137416,2.7166155414412247,1.25,3.67,1.25,3.67,0.009544769346843989,0.15904312808798324,aec5934dff84,0641409,False,run_layer1,1.0,0.7151668763699179,1751.5764121719358,0.5933333333333333,0.49574753278355516,0.4066666666666667,0.21941934358636278,0.44,0.0,-0.033333333333333326,0.0,0.0,-0.0,0.033333333333333326
robot_disturbed,nominal,belief_orienteering,300,path_budget,143,0.9533333333333334,47.56097488466028,0.015852532233120397,3000.2131006737227,5541.0,266,135,72,23.99829531570001,1282.7577409950238,0.42755554287359454,2247.0,0.4055224688684353,0.4666666666666667,0,2179,194,143,51,51,1421,564,0,0.7371134020618557,25969,148,-0.007692649159101644,1,0.49391312150134037,0.16,0.7933333333333333,0.9533333333333334,0.0,0.0,0.0,0.0,0.0010405901923381618,0.015606417242220328,0.9775561097256857,1.0,477,20776,0.9963636363636363,1.0,28,7672,0.9668708035121375,1.0,449,13104,0.9944383752110438,10069,0.9791414345310187,7431,0.9291233679722888,3753,baseline,3000.0,16500.0,40000.0,0.075,0.04527692569068708,0.09055385138137416,2.7166155414412247,1.25,3.67,1.25,3.67,0.009544769346843989,0.15904312808798324,bd4fc3f82a2e,0641409,False,run_layer1,1.0,0.7731979251957638,1370.376999251005,0.046666666666666634,0.27928480369442343,0.9533333333333334,0.5083667286784742,0.9533333333333334,-0.014453607177133843,0.0,0.0,0.0,0.014453607177133843,-0.0
robot_disturbed,nominal,belief_orienteering,301,path_budget,123,0.82,45.57132792798496,0.01519024434165206,3000.039163493055,5653.0,253,131,76,25.333002623709227,1089.3746985828861,0.3631201591763513,2040.0,0.36087033433575094,0.4198473282442748,0,1857,167,123,44,44,1253,437,0,0.7365269461077845,24779,145,-0.024093094464091608,1,0.34667741146738124,0.08,0.49333333333333335,0.82,0.0,0.0,0.0,0.0,0.008804524257974192,0.050215800712132684,0.9751669806473712,1.0,435,17082,0.9968060836501901,0.9933333333333333,21,6554,0.9621641381831475,1.0,414,10528,0.9926622334326989,8722,0.9733377770371605,6001,0.9244810307802434,2794,baseline,3000.0,16500.0,40000.0,0.075,0.04527692569068708,0.09055385138137416,2.7166155414412247,1.25,3.67,1.25,3.67,0.009544769346843989,0.15904312808798324,ec047102456a,0641409,False,run_layer1,1.0,0.7124589905306834,1980.314746423218,0.18000000000000005,0.36578157906330216,0.82,0.34667741146738124,0.82,0.0,0.0,0.0,0.0,-0.0,-0.0
robot_disturbed,nominal,belief_orienteering,302,path_budget,107,0.7133333333333334,38.40330793415705,0.0128005370573385,3000.132553980661,5444.0,228,131,80,26.665488461119402,1322.5399162532995,0.4408271609527772,2354.0,0.4324026451138869,0.3893129770992366,0,1590,131,107,24,24,1038,421,0,0.816793893129771,22165,138,-0.019836142521310204,1,0.30202704840386463,0.09333333333333334,0.5066666666666667,0.7133333333333334,0.0,0.0,0.0,0.0,0.005481955008752709,0.036752875799042586,0.9730183475236839,1.0,450,16228,0.9957673616554319,0.9866666666666667,27,6352,0.9589280512671133,1.0,423,9876,0.9933845245126993,8465,0.9701674808094906,5732,0.9101168883514712,2481,baseline,3000.0,16500.0,40000.0,0.075,0.04527692569068708,0.09055385138137416,2.7166155414412247,1.25,3.67,1.25,3.67,0.009544769346843989,0.15904312808798324,17d9cc9b2b46,0641409,False,run_layer1,1.0,0.6975259231236746,1557.0119491970258,0.2866666666666666,0.39549887471980993,0.7133333333333334,0.3906788181393673,0.8866666666666667,-0.08865176973550265,-0.17333333333333334,0.0,0.0,0.08865176973550265,0.17333333333333334
robot_disturbed,nominal,belief_orienteering,303,path_budget,45,0.3,15.215043923942254,0.0050714452753255436,3000.139624491083,5338.0,195,98,77,25.66547215717055,1773.7765322098883,0.5912313272789016,2806.0,0.5256650430872987,0.21428571428571427,0,638,56,45,11,11,461,121,0,0.8035714285714286,9818,80,-0.016759529789922033,0,0.19834997783915972,0.10666666666666667,0.3,0.3,0.0,0.0,0.0,0.0,0.004424417277253587,0.014444507464893334,0.9575485228033273,1.0,444,10015,0.9932988120621383,0.7933333333333333,22,3261,0.9411928651059086,1.0,422,6754,0.987419945105215,4372,0.9574123989218328,3710,0.9028186790071518,2377,baseline,3000.0,16500.0,40000.0,0.075,0.04527692569068708,0.09055385138137416,2.7166155414412247,1.25,3.67,1.25,3.67,0.009544769346843989,0.15904312808798324,568bdb5ef067,0641409,False,run_layer1,1.0,0.7154645430022321,1468.1105921768333,0.7,0.5171145651630723,0.3,0.39178697857755673,0.8333333333333334,-0.193437000738397,-0.5333333333333334,0.0,0.0,0.193437000738397,0.5333333333333334
robot_disturbed,nominal,belief_orienteering,304,path_budget,64,0.4266666666666667,19.377513807185395,0.00645876958742749,3000.186574994914,5321.0,203,123,87,28.99819655387515,1801.4215044495556,0.6004364926713298,3001.0,0.5639917308776545,0.2926829268292683,0,1114,80,64,16,16,682,352,0,0.8,18519,125,-0.02527756116493595,0,0.20878360156804684,0.06666666666666667,0.41333333333333333,0.4266666666666667,0.0,0.0,0.0,0.0,0.005689598343539519,0.02480665482524385,0.9579375848032564,0.9866666666666667,496,11296,0.9963933637893725,0.92,15,4144,0.936984147779379,0.9866666666666667,481,7152,0.9916906901814482,5897,0.9547631718999467,3758,0.8703790360318203,2137,baseline,3000.0,16500.0,40000.0,0.075,0.04527692569068708,0.09055385138137416,2.7166155414412247,1.25,3.67,1.25,3.67,0.009544769346843989,0.15904312808798324,ab7b3703555e,0641409,False,run_layer1,1.0,0.7151668763699179,1751.5764121719358,0.5733333333333333,0.5063832748018711,0.4266666666666667,0.21941934358636278,0.44,-0.010635742018315936,-0.013333333333333308,0.0,0.0,0.010635742018315936,0.013333333333333308
robot_disturbed,nominal,belief_orienteering_depth1,300,path_budget,129,0.86,42.517841846242185,0.014172545868142608,3000.0144110886117,5501.0,229,115,71,23.666552979735958,1362.3022462336298,0.4540985673929789,2333.0,0.4241047082348664,0.3826086956521739,0,1722,166,129,37,37,1189,367,0,0.7771084337349398,20439,137,-0.027328638553189163,1,0.4722096217241963,0.16,0.7666666666666667,0.86,0.0,0.0,0.0,0.0,0.0015557097725929483,0.01169285394975021,0.9750041939271934,1.0,447,17436,0.9954240889034156,0.98,28,6091,0.9643828629717783,1.0,419,11345,0.9925570833858963,7927,0.9728167473832213,6401,0.939803094233474,3555,baseline,3000.0,16500.0,40000.0,0.075,0.04527692569068708,0.09055385138137416,2.7166155414412247,1.25,3.67,1.25,3.67,0.009544769346843989,0.15904312808798324,0b08b9f7ba58,0641409,False,run_layer1,1.0,0.7731979251957638,1370.376999251005,0.14,0.3009883034715675,0.86,0.5083667286784742,0.9533333333333334,-0.03615710695427793,-0.09333333333333338,0.0,0.0,0.03615710695427793,0.09333333333333338
robot_disturbed,nominal,belief_orienteering_depth1,301,path_budget,74,0.49333333333333335,27.464971058579728,0.009154789516066016,3000.065813679345,5439.0,189,105,66,21.999517376939203,1377.6910216520141,0.4592202662255547,2504.0,0.4603787460930318,0.37142857142857144,0,1104,98,74,24,24,778,228,0,0.7551020408163265,16840,100,0.01167337275290739,1,0.233272139865166,0.06,0.49333333333333335,0.49333333333333335,0.0,0.0,0.0,0.0,0.004832619589093184,0.020208382621817064,0.9649785280616022,0.86,473,13033,0.9939117199391172,0.7733333333333333,28,4571,0.9500392949365667,0.86,445,8462,0.9903590425531915,6016,0.9681325685149776,4707,0.9047790154509522,2783,baseline,3000.0,16500.0,40000.0,0.075,0.04527692569068708,0.09055385138137416,2.7166155414412247,1.25,3.67,1.25,3.67,0.009544769346843989,0.15904312808798324,df40ab3231b0,0641409,False,run_layer1,1.0,0.7124589905306834,1980.314746423218,0.5066666666666666,0.47918685066551736,0.49333333333333335,0.34667741146738124,0.82,-0.11340527160221522,-0.3266666666666666,0.0,0.0,0.11340527160221522,0.3266666666666666
robot_disturbed,nominal,belief_orienteering_depth1,302,path_budget,102,0.68,37.083071611749276,0.012360473394899277,3000.133605485703,5311.0,194,112,60,19.99910933642783,1110.3544931388972,0.37010168184131176,1901.0,0.35793635850122385,0.4642857142857143,0,1543,148,102,46,46,1117,278,0,0.6891891891891891,18420,125,-0.046449038092245376,1,0.2923069691116817,0.08666666666666667,0.5133333333333333,0.68,0.6,0.0967741935483871,0.16666666666666666,0.09090909090909091,0.010193419339062228,0.05994251783686955,0.9721797810033104,1.0,437,15271,0.9957798487779146,0.9733333333333334,24,5663,0.9587865482486778,1.0,413,9608,0.9934183463595229,7293,0.9734482152277123,5687,0.9127565982404692,2728,baseline,3000.0,16500.0,40000.0,0.075,0.04527692569068708,0.09055385138137416,2.7166155414412247,1.25,3.67,1.25,3.67,0.009544769346843989,0.15904312808798324,82656aac164b,0641409,False,run_layer1,1.0,0.6975259231236746,1557.0119491970258,0.31999999999999995,0.40521895401199287,0.68,0.3906788181393673,0.8866666666666667,-0.09837184902768559,-0.20666666666666667,0.0,0.0,0.09837184902768559,0.20666666666666667
robot_disturbed,nominal,belief_orienteering_depth1,303,path_budget,122,0.8133333333333334,42.28806195363146,0.014095963404251436,3000.012183692042,5442.0,224,105,52,17.33326293895409,1387.817703479724,0.46260402241825915,2323.0,0.42686512311650127,0.5047619047619047,0,1653,162,122,40,40,1173,318,0,0.7530864197530864,17911,138,-0.028318040488119527,1,0.3679171670667751,0.25333333333333335,0.5466666666666666,0.8133333333333334,0.01858736059479554,0.21739130434782608,0.03424657534246575,0.017421602787456445,0.02077925778854829,0.06554242977898027,0.9698864018283256,1.0,448,14429,0.9953218562874252,0.9933333333333333,25,5319,0.9556278191545159,1.0,423,9110,0.9921477388396103,6877,0.9693410312562214,5023,0.9193819281155525,2977,baseline,3000.0,16500.0,40000.0,0.075,0.04527692569068708,0.09055385138137416,2.7166155414412247,1.25,3.67,1.25,3.67,0.009544769346843989,0.15904312808798324,fdb28d1ca496,0641409,False,run_layer1,1.0,0.7154645430022321,1468.1105921768333,0.18666666666666665,0.347547375935457,0.8133333333333334,0.39178697857755673,0.8333333333333334,-0.023869811510781658,-0.020000000000000018,0.0,0.0,0.023869811510781658,0.020000000000000018
robot_disturbed,nominal,belief_orienteering_depth1,304,path_budget,62,0.41333333333333333,21.858776866245385,0.00728616038221841,3000.040586478288,5574.0,225,89,68,22.666360017423763,1626.6552467134366,0.5422110800917357,2716.0,0.4872622891998565,0.23595505617977527,0,729,76,62,14,14,568,85,0,0.8157894736842105,12224,66,0.004650173391610904,0,0.19906159428671538,0.06,0.4,0.41333333333333333,0.0,0.0,0.0,0.0,0.002360515340586142,0.014013225981368069,0.9527058172766664,0.5466666666666666,513,10334,0.9923943661971831,0.46,27,3523,0.933397286556119,0.5466666666666666,486,6811,0.9864141622066694,4858,0.9557243908828923,3817,0.8720073664825047,2172,baseline,3000.0,16500.0,40000.0,0.075,0.04527692569068708,0.09055385138137416,2.7166155414412247,1.25,3.67,1.25,3.67,0.009544769346843989,0.15904312808798324,8380db31f98c,0641409,False,run_layer1,1.0,0.7151668763699179,1751.5764121719358,0.5866666666666667,0.5161052820832026,0.41333333333333333,0.21941934358636278,0.44,-0.0203577492996474,-0.026666666666666672,0.0,0.0,0.0203577492996474,0.026666666666666672
robot_disturbed,nominal,adaptive_mission,300,path_budget,126,0.84,41.575983564758516,0.013858270811462542,3000.0845076840264,5271.0,252,125,72,23.99932395757138,1178.5210225447304,0.3928292751508232,1867.0,0.35420223866439005,0.424,0,1730,167,126,41,41,1226,337,0,0.7544910179640718,23022,146,-0.021773345117460333,1,0.5083667286784742,0.36666666666666664,0.84,0.84,0.0,0.0,0.0,0.0,0.002238494944978394,0.015585798942169823,0.9751724137931035,1.0,450,17675,0.996571072319202,1.0,22,6394,0.9634469211717482,1.0,428,11281,0.992965303445809,8387,0.9756982799431908,6337,0.930314613349015,3401,baseline,3000.0,16500.0,40000.0,0.075,0.04527692569068708,0.09055385138137416,2.7166155414412247,1.25,3.67,1.25,3.67,0.009544769346843989,0.15904312808798324,c357e80f22cf,0641409,False,run_layer1,1.0,0.7731979251957638,1370.376999251005,0.16000000000000003,0.2648311965172896,0.84,0.5083667286784742,0.9533333333333334,0.0,-0.1133333333333334,0.0,0.0,-0.0,0.1133333333333334
robot_disturbed,nominal,adaptive_mission,301,path_budget,70,0.4666666666666667,27.072056004653085,0.009023534394948119,3000.1610034100986,5648.0,267,118,84,27.998497382147946,1091.640586916901,0.3638606680361821,1941.0,0.3436614730878187,0.288135593220339,0,1042,93,70,23,23,748,201,0,0.7526881720430108,14735,104,-0.01588950375894676,1,0.2870474723116291,0.13333333333333333,0.4666666666666667,0.4666666666666667,0.0,0.0,0.0,0.0,0.005804981458827027,0.01946458570750074,0.9606786110670683,0.9133333333333333,496,12118,0.9922752808988764,0.8,33,4239,0.9444977223687365,0.9133333333333333,463,7879,0.9920085242408098,5631,0.95679964734406,4537,0.8957481602616517,2446,baseline,3000.0,16500.0,40000.0,0.075,0.04527692569068708,0.09055385138137416,2.7166155414412247,1.25,3.67,1.25,3.67,0.009544769346843989,0.15904312808798324,8fdef44bb01b,0641409,False,run_layer1,1.0,0.7124589905306834,1980.314746423218,0.5333333333333333,0.4254115182190543,0.4666666666666667,0.34667741146738124,0.82,-0.059629939155752154,-0.3533333333333333,0.0,0.0,0.059629939155752154,0.3533333333333333
robot_disturbed,nominal,adaptive_mission,302,path_budget,124,0.8266666666666667,45.30582756353014,0.015101876361095846,3000.013142753778,5963.0,323,139,77,25.666554223599167,872.5806681542481,0.2908589484889013,1578.0,0.26463189669629383,0.4460431654676259,0,1958,188,124,64,64,1345,425,0,0.6595744680851063,24916,146,-0.06700536704176456,1,0.35884962436005907,0.09333333333333334,0.5,0.8266666666666667,0.01639344262295082,0.1111111111111111,0.028571428571428574,0.014492753623188406,0.01418651929274495,0.06937623451943736,0.9723341391351061,1.0,515,18100,0.9974259974259975,1.0,18,6975,0.9572362760282224,1.0,497,11125,0.9946294307196563,9310,0.9731216598553913,6362,0.9001019367991845,2943,baseline,3000.0,16500.0,40000.0,0.075,0.04527692569068708,0.09055385138137416,2.7166155414412247,1.25,3.67,1.25,3.67,0.009544769346843989,0.15904312808798324,796f03100d12,0641409,False,run_layer1,1.0,0.6975259231236746,1557.0119491970258,0.17333333333333334,0.3386762987636155,0.8266666666666667,0.3906788181393673,0.8866666666666667,-0.03182919377930821,-0.06000000000000005,0.0,0.0,0.03182919377930821,0.06000000000000005
robot_disturbed,nominal,adaptive_mission,303,path_budget,133,0.8866666666666667,45.84830576504018,0.015282158283828055,3000.119807262954,6051.0,323,144,80,26.665601755746206,855.9055136216776,0.2852904445847883,1641.0,0.27119484382746656,0.4444444444444444,0,2118,193,133,60,60,1397,528,0,0.689119170984456,29464,150,-0.06723984830813957,1,0.3636964355578943,0.06666666666666667,0.5133333333333333,0.8866666666666667,0.0,0.0,0.0,0.0,0.019842770005817315,0.07870060455899082,0.974361409172918,1.0,540,20522,0.9963104325699745,1.0,29,7831,0.9612937433722163,1.0,511,12691,0.9932070417145044,10452,0.9713251267197683,6905,0.9268556005398111,3705,baseline,3000.0,16500.0,40000.0,0.075,0.04527692569068708,0.09055385138137416,2.7166155414412247,1.25,3.67,1.25,3.67,0.009544769346843989,0.15904312808798324,99ea1c7b5751,0641409,False,run_layer1,1.0,0.7154645430022321,1468.1105921768333,0.11333333333333329,0.35176810744433773,0.8866666666666667,0.39178697857755673,0.8333333333333334,-0.028090543019662406,0.053333333333333344,0.0,0.053333333333333344,0.028090543019662406,0.0
robot_disturbed,nominal,adaptive_mission,304,path_budget,66,0.44,23.489188433043367,0.007829628188731143,3000.038809869717,5734.0,289,126,90,29.99961190632345,1552.3523350126611,0.5174440843583871,2541.0,0.44314614579700035,0.2857142857142857,0,845,91,66,25,25,643,111,0,0.7252747252747253,12601,68,0.018411078678583995,0,0.2367637691932595,0.10666666666666667,0.44,0.44,0.0,0.0,0.0,0.0,0.002443415186929349,0.012620519158760916,0.9508549196273165,0.5,480,9287,0.989648033126294,0.4666666666666667,35,3346,0.9303163169433135,0.5,445,5941,0.9844215349369989,4365,0.9545983701979045,3436,0.8697863682604272,1966,baseline,3000.0,16500.0,40000.0,0.075,0.04527692569068708,0.09055385138137416,2.7166155414412247,1.25,3.67,1.25,3.67,0.009544769346843989,0.15904312808798324,1c3e39331477,0641409,False,run_layer1,1.0,0.7151668763699179,1751.5764121719358,0.56,0.47840310717665846,0.44,0.21941934358636278,0.44,0.017344425606896724,0.0,0.017344425606896724,0.0,0.0,-0.0
robot_disturbed,nominal,oracle_current_physics,300,done,150,1.0,49.78158694731661,0.03632692826464929,1370.376999251005,2249.0,157,155,10,7.29726199831551,34.13327822457174,0.024907947406609766,101.0,0.04490884837705647,0.9354838709677419,0,1655,198,150,48,48,1386,71,0,0.7575757575757576,6966,150,-0.05143571543069614,1,0.7731979251957638,0.6666666666666666,0.9933333333333333,0.9933333333333333,0.0,0.0,0.0,0.0,0.014277110881679352,0.05614833865086839,0.9763628911053422,1.0,173,7146,0.9976350019708317,1.0,6,2531,0.965077373483898,1.0,167,4615,0.9933641084824004,3466,0.976799056232796,2543,0.9305343511450381,1310,baseline,3000.0,16500.0,40000.0,0.075,0.04527692569068708,0.09055385138137416,2.7166155414412247,1.25,3.67,1.25,3.67,0.009544769346843989,0.15904312808798324,8a0e16b09e1a,0641409,False,run_layer1,1.0,0.7731979251957638,1370.376999251005,0.0,0.0,1.0,0.5083667286784742,0.9533333333333334,,,,,,
robot_disturbed,nominal,oracle_current_physics,301,done,150,1.0,56.08789484611198,0.02832271735966021,1980.314746423218,2898.0,156,152,10,5.049702335480602,44.19478299938285,0.0223170498928042,118.0,0.04071773636991028,0.9342105263157895,0,1670,196,150,46,46,1372,102,0,0.7653061224489796,5890,150,-0.06657798522816988,2,0.7124589905306834,0.5066666666666667,0.9933333333333333,0.9933333333333333,0.0,0.0,0.0,0.0,0.008774305418472812,0.04519696976891737,0.9573138060367923,1.0,239,5360,0.9933605720122574,1.0,13,1945,0.9379291403460588,1.0,226,3415,0.9918061987887424,2807,0.9485680888369374,1711,0.8815911193339501,1081,baseline,3000.0,16500.0,40000.0,0.075,0.04527692569068708,0.09055385138137416,2.7166155414412247,1.25,3.67,1.25,3.67,0.009544769346843989,0.15904312808798324,51f53d2c21ef,0641409,False,run_layer1,1.0,0.7124589905306834,1980.314746423218,0.0,0.0,1.0,0.34667741146738124,0.82,,,,,,
robot_disturbed,nominal,oracle_current_physics,302,done,150,1.0,54.49105034109934,0.034997194703098575,1557.0119491970258,2358.0,159,157,12,7.7070699465014245,45.54703865343765,0.02925285106317067,127.0,0.05385920271416455,0.9235668789808917,0,1981,211,150,61,61,1477,293,0,0.7109004739336493,7991,150,-0.0514269434347847,1,0.6975259231236746,0.5066666666666667,0.9933333333333333,0.9933333333333333,0.0,0.0,0.0,0.0,0.027945299126095596,0.09265938066113735,0.9676193371845546,1.0,213,6365,0.9964243146603099,1.0,9,2508,0.9497660674710663,1.0,204,3857,0.9911357340720222,3610,0.9649474211316975,1997,0.8856848609680742,971,baseline,3000.0,16500.0,40000.0,0.075,0.04527692569068708,0.09055385138137416,2.7166155414412247,1.25,3.67,1.25,3.67,0.009544769346843989,0.15904312808798324,7df32777c8e7,0641409,False,run_layer1,1.0,0.6975259231236746,1557.0119491970258,0.0,0.0,1.0,0.3906788181393673,0.8866666666666667,,,,,,
robot_disturbed,nominal,oracle_current_physics,303,done,150,1.0,52.49296246441448,0.03575545517084024,1468.1105921768333,2311.0,159,157,10,6.811475956434966,159.32730633995442,0.10852541163381478,241.0,0.10428385980095196,0.9363057324840764,0,1915,195,150,45,45,1368,352,0,0.7692307692307693,7821,150,-0.048842314303398235,1,0.7154645430022321,0.5333333333333333,0.9933333333333333,0.9933333333333333,0.0,0.0,0.0,0.0,0.023108591156027074,0.08845067171722,0.9703772996570003,1.0,190,6224,0.9962901896125309,0.9933333333333333,9,2417,0.9546138415245737,1.0,181,3807,0.9912739965095986,3438,0.9714987714987715,2035,0.8916046758767269,941,baseline,3000.0,16500.0,40000.0,0.075,0.04527692569068708,0.09055385138137416,2.7166155414412247,1.25,3.67,1.25,3.67,0.009544769346843989,0.15904312808798324,e14a395257b3,0641409,False,run_layer1,1.0,0.7154645430022321,1468.1105921768333,0.0,0.0,1.0,0.39178697857755673,0.8333333333333334,,,,,,
robot_disturbed,nominal,oracle_current_physics,304,done,150,1.0,52.068355215085596,0.02972656793803326,1751.5764121719358,2781.0,160,158,11,6.28005716653841,81.34391315713043,0.04644040225242863,168.0,0.06040992448759439,0.930379746835443,0,1682,206,150,56,56,1448,28,0,0.7281553398058253,6680,150,-0.061768851496779104,1,0.7151668763699179,0.54,0.9933333333333333,0.9933333333333333,0.0,0.0,0.0,0.0,0.007127816047497141,0.038756585706729275,0.9645744524474497,1.0,241,6562,0.9929390997352162,1.0,16,2250,0.950407758430681,1.0,225,4312,0.9899935442220787,3098,0.9686872741870735,2491,0.8912685337726524,1214,baseline,3000.0,16500.0,40000.0,0.075,0.04527692569068708,0.09055385138137416,2.7166155414412247,1.25,3.67,1.25,3.67,0.009544769346843989,0.15904312808798324,f7c067ed97a2,0641409,False,run_layer1,1.0,0.7151668763699179,1751.5764121719358,0.0,0.0,1.0,0.21941934358636278,0.44,,,,,,
